#VRML V2.0 utf8
# 3D model generated by kicad-lcsc-manager
# Based on easyeda2kicad.py v1.0.1

Shape{
    appearance Appearance {
        material  Material {
            diffuseColor 0.2235294117647059 0.2235294117647059 0.2235294117647059
            specularColor 0.11372549019607843 0.11372549019607843 0.11372549019607843
            ambientIntensity 0.2235
            transparency 0.0
            shininess 0.5
        }
    }
    geometry IndexedFaceSet {
        ccw TRUE
        solid FALSE
        coord DEF co Coordinate {
            point [
                0.403 -0.1246 0.9843, 0.3935 -0.1207 0.9843, 0.2557 -0.5 0.9843, 0.6258 -0.0866 0.9843, 0.9998 -0.2441 0.9843, 0.6258 0.0866 0.9843, 0.9998 0.2441 0.9843, 0.6244 0.0968 0.9843, 0.6244 -0.0968 0.9843, 0.6205 -0.1063 0.9843, 0.7439 -0.5 0.9843, 0.6143 -0.1145 0.9843, 0.6061 -0.1207 0.9843, -0.0002 -0.2441 0.9843, 0.3853 -0.1145 0.9843, 0.3791 -0.1063 0.9843, 0.3752 -0.0968 0.9843, 0.3738 -0.0866 0.9843, -0.0002 0.2441 0.9843, 0.3738 0.0866 0.9843, 0.3752 0.0968 0.9843, 0.3791 0.1063 0.9843, 0.3853 0.1145 0.9843, 0.2557 0.5 0.9843, 0.3935 0.1207 0.9843, 0.5966 0.1246 0.9843, 0.6061 0.1207 0.9843, 0.7439 0.5 0.9843, 0.6143 0.1145 0.9843, 0.6205 0.1063 0.9843, 0.5966 -0.1246 0.9843, 0.5864 -0.126 0.9843, 0.4132 -0.126 0.9843, 0.403 0.1246 0.9843, 0.4132 0.126 0.9843, 0.5864 0.126 0.9843, 0.3853 -0.1145 0.1969, 0.3935 -0.1207 0.1969, 0.0589 -0.3031 0.1969, 0.0589 0.3031 0.1969, 0.403 0.1246 0.1969, 0.3935 0.1207 0.1969, 0.5966 -0.1246 0.1969, 0.6061 -0.1207 0.1969, 0.9407 -0.3031 0.1969, 0.3853 0.1145 0.1969, 0.3791 0.1063 0.1969, -0.0002 0.2441 0.1969, 0.9407 0.3031 0.1969, 0.6143 0.1145 0.1969, 0.6061 0.1207 0.1969, -0.0002 -0.2441 0.1969, 0.3752 -0.0968 0.1969, 0.3791 -0.1063 0.1969, 0.9998 0.2441 0.1969, 0.6244 0.0968 0.1969, 0.6205 0.1063 0.1969, 0.3752 0.0968 0.1969, 0.3738 0.0866 0.1969, 0.3738 -0.0866 0.1969, 0.6143 -0.1145 0.1969, 0.6205 -0.1063 0.1969, 0.9998 -0.2441 0.1969, 0.5966 0.1246 0.1969, 0.5864 0.126 0.1969, 0.4132 0.126 0.1969, 0.6244 -0.0968 0.1969, 0.6258 -0.0866 0.1969, 0.6258 0.0866 0.1969, 0.403 -0.1246 0.1969, 0.4132 -0.126 0.1969, 0.5864 -0.126 0.1969, 0.0589 0.3031 0.0, 0.2557 0.5 0.0, 0.9407 0.3031 0.0, 0.7439 0.5 0.0, 0.2557 -0.5 0.0, 0.7439 -0.5 0.0, 0.9407 -0.3031 0.0, 0.0589 -0.3031 0.0
            ]
        }
        coordIndex [
            0,1,2,-1,3,4,5,-1,5,4,6,-1,5,6,7,-1,3,8,4,-1,4,8,9,-1,4,9,10,-1,10,9,11,-1,10,11,12,-1,2,1,13,-1,13,1,14,-1,13,14,15,-1,15,16,13,-1,13,16,17,-1,13,17,18,-1,18,17,19,-1,18,19,20,-1,20,21,18,-1,18,21,22,-1,18,22,23,-1,23,22,24,-1,25,26,27,-1,27,26,28,-1,27,28,6,-1,6,28,29,-1,6,29,7,-1,12,30,10,-1,10,30,31,-1,10,31,2,-1,2,31,32,-1,2,32,0,-1,24,33,23,-1,23,33,34,-1,23,34,27,-1,27,34,35,-1,27,35,25,-1,36,37,38,-1,39,40,41,-1,42,43,44,-1,41,45,39,-1,39,45,46,-1,39,46,47,-1,48,49,50,-1,51,52,38,-1,38,52,53,-1,38,53,36,-1,54,55,48,-1,48,55,56,-1,48,56,49,-1,46,57,47,-1,47,57,58,-1,47,58,51,-1,51,58,59,-1,51,59,52,-1,43,60,44,-1,44,60,61,-1,44,61,62,-1,50,63,48,-1,48,63,64,-1,48,64,39,-1,39,64,65,-1,39,65,40,-1,61,66,62,-1,62,66,67,-1,62,67,54,-1,54,67,68,-1,54,68,55,-1,37,69,38,-1,38,69,70,-1,38,70,44,-1,44,70,71,-1,44,71,42,-1,72,73,74,-1,74,73,75,-1,54,6,62,-1,62,6,4,-1,23,27,73,-1,73,27,75,-1,51,13,47,-1,47,13,18,-1,76,77,2,-1,2,77,10,-1,78,77,79,-1,79,77,76,-1,79,76,38,-1,38,76,2,-1,38,2,51,-1,51,2,13,-1,62,4,44,-1,44,4,10,-1,44,10,78,-1,78,10,77,-1,47,18,39,-1,39,18,23,-1,39,23,72,-1,72,23,73,-1,74,75,48,-1,48,75,27,-1,48,27,54,-1,54,27,6,-1,74,48,72,-1,72,48,39,-1,44,78,38,-1,38,78,79,-1,
        ]
    }
}
Shape{
    appearance Appearance {
        material  Material {
            diffuseColor 0.9686274509803922 0.8784313725490196 0.6
            specularColor 0.6784313725490196 0.615686274509804 0.4196078431372549
            ambientIntensity 0.8737
            transparency 0.0
            shininess 0.5
        }
    }
    geometry IndexedFaceSet {
        ccw TRUE
        solid FALSE
        coord DEF co Coordinate {
            point [
                0.4329 -0.0669 -1.1811, 0.4329 0.0669 -1.1811, 0.5667 -0.0669 -1.1811, 0.5667 0.0669 -1.1811, 0.3738 0.0866 -0.9607, 0.3738 -0.0866 -0.9607, 0.3738 0.0866 0.1969, 0.3738 -0.0866 0.1969, 0.6258 0.0866 0.1969, 0.6258 -0.0866 0.1969, 0.6258 0.0866 -0.9607, 0.6258 -0.0866 -0.9607, 0.4132 -0.126 -0.9607, 0.5864 -0.126 -0.9607, 0.4132 -0.126 0.1969, 0.5864 -0.126 0.1969, 0.4132 0.126 0.1969, 0.5864 0.126 0.1969, 0.4132 0.126 -0.9607, 0.5864 0.126 -0.9607, 0.5864 0.126 0.9843, 0.4132 0.126 0.9843, 0.5864 0.126 3.1261, 0.4132 0.126 3.1261, 0.4329 0.0669 3.3465, 0.4329 -0.0669 3.3465, 0.5667 0.0669 3.3465, 0.5667 -0.0669 3.3465, 0.4132 -0.126 0.9843, 0.5864 -0.126 0.9843, 0.4132 -0.126 3.1261, 0.5864 -0.126 3.1261, 0.6258 0.0866 3.1261, 0.6258 -0.0866 3.1261, 0.6258 0.0866 0.9843, 0.6258 -0.0866 0.9843, 0.3738 -0.0866 3.1261, 0.3738 0.0866 3.1261, 0.3738 -0.0866 0.9843, 0.3738 0.0866 0.9843, 0.6061 0.1207 -0.9804, 0.6143 0.1145 -1.0037, 0.5916 0.1256 -0.962, 0.5941 0.1252 -0.9635, 0.589 0.1259 -0.961, 0.3853 0.1145 -1.0037, 0.3935 0.1207 -0.9804, 0.3981 0.123 -0.9719, 0.5966 0.1246 -0.9657, 0.6015 0.123 -0.9719, 0.403 0.1246 -0.9657, 0.4055 0.1252 -0.9635, 0.408 0.1256 -0.962, 0.4106 0.1259 -0.961, 0.6205 -0.1063 -0.9804, 0.6143 -0.1145 -1.0037, 0.6205 0.1063 -0.9804, 0.6228 0.1017 -0.9719, 0.6255 -0.0918 -0.962, 0.625 -0.0943 -0.9635, 0.6244 0.0968 -0.9657, 0.625 0.0943 -0.9635, 0.6255 0.0918 -0.962, 0.6257 -0.0892 -0.961, 0.6257 0.0892 -0.961, 0.6244 -0.0968 -0.9657, 0.6228 -0.1017 -0.9719, 0.3791 0.1063 -0.9804, 0.3853 -0.1145 -1.0037, 0.3791 -0.1063 -0.9804, 0.3768 -0.1017 -0.9719, 0.3742 0.0918 -0.962, 0.3746 0.0943 -0.9635, 0.3752 -0.0968 -0.9657, 0.3746 -0.0943 -0.9635, 0.3742 -0.0918 -0.962, 0.3739 0.0892 -0.961, 0.3739 -0.0892 -0.961, 0.3752 0.0968 -0.9657, 0.3768 0.1017 -0.9719, 0.3935 -0.1207 -0.9804, 0.6061 -0.1207 -0.9804, 0.6015 -0.123 -0.9719, 0.408 -0.1256 -0.962, 0.4055 -0.1252 -0.9635, 0.5966 -0.1246 -0.9657, 0.5941 -0.1252 -0.9635, 0.5916 -0.1256 -0.962, 0.4106 -0.1259 -0.961, 0.589 -0.1259 -0.961, 0.403 -0.1246 -0.9657, 0.3981 -0.123 -0.9719, 0.6061 -0.1207 3.1457, 0.6143 -0.1145 3.1691, 0.5916 -0.1256 3.1273, 0.5941 -0.1252 3.1289, 0.589 -0.1259 3.1264, 0.3853 -0.1145 3.1691, 0.3935 -0.1207 3.1457, 0.3981 -0.123 3.1372, 0.5966 -0.1246 3.1311, 0.6015 -0.123 3.1372, 0.403 -0.1246 3.1311, 0.4055 -0.1252 3.1289, 0.408 -0.1256 3.1273, 0.4106 -0.1259 3.1264, 0.6205 0.1063 3.1457, 0.6143 0.1145 3.1691, 0.6255 0.0918 3.1273, 0.625 0.0943 3.1289, 0.6257 0.0892 3.1264, 0.6205 -0.1063 3.1457, 0.6228 -0.1017 3.1372, 0.6244 0.0968 3.1311, 0.6228 0.1017 3.1372, 0.6244 -0.0968 3.1311, 0.625 -0.0943 3.1289, 0.6255 -0.0918 3.1273, 0.6257 -0.0892 3.1264, 0.3791 -0.1063 3.1457, 0.3853 0.1145 3.1691, 0.3791 0.1063 3.1457, 0.3768 0.1017 3.1372, 0.3742 -0.0918 3.1273, 0.3746 -0.0943 3.1289, 0.3752 0.0968 3.1311, 0.3746 0.0943 3.1289, 0.3742 0.0918 3.1273, 0.3739 -0.0892 3.1264, 0.3739 0.0892 3.1264, 0.3752 -0.0968 3.1311, 0.3768 -0.1017 3.1372, 0.3935 0.1207 3.1457, 0.6061 0.1207 3.1457, 0.6015 0.123 3.1372, 0.408 0.1256 3.1273, 0.4055 0.1252 3.1289, 0.5966 0.1246 3.1311, 0.5941 0.1252 3.1289, 0.5916 0.1256 3.1273, 0.4106 0.1259 3.1264, 0.589 0.1259 3.1264, 0.403 0.1246 3.1311, 0.3981 0.123 3.1372, 0.3752 0.0968 0.1969, 0.3791 0.1063 0.1969, 0.3853 0.1145 0.1969, 0.3935 0.1207 0.1969, 0.403 0.1246 0.1969, 0.403 -0.1246 0.1969, 0.3935 -0.1207 0.1969, 0.3853 -0.1145 0.1969, 0.3791 -0.1063 0.1969, 0.3752 -0.0968 0.1969, 0.403 -0.1246 0.9843, 0.3935 -0.1207 0.9843, 0.3752 -0.0968 0.9843, 0.3853 -0.1145 0.9843, 0.3791 -0.1063 0.9843, 0.5966 0.1246 0.1969, 0.6061 0.1207 0.1969, 0.6143 0.1145 0.1969, 0.6205 0.1063 0.1969, 0.6244 0.0968 0.1969, 0.5966 0.1246 0.9843, 0.6061 0.1207 0.9843, 0.6244 0.0968 0.9843, 0.6143 0.1145 0.9843, 0.6205 0.1063 0.9843, 0.6244 -0.0968 0.1969, 0.6205 -0.1063 0.1969, 0.6143 -0.1145 0.1969, 0.6061 -0.1207 0.1969, 0.5966 -0.1246 0.1969, 0.6244 -0.0968 0.9843, 0.6205 -0.1063 0.9843, 0.5966 -0.1246 0.9843, 0.6143 -0.1145 0.9843, 0.6061 -0.1207 0.9843, 0.3752 0.0968 0.9843, 0.3791 0.1063 0.9843, 0.403 0.1246 0.9843, 0.3853 0.1145 0.9843, 0.3935 0.1207 0.9843
            ]
        }
        coordIndex [
            0,1,2,-1,2,1,3,-1,4,5,6,-1,6,5,7,-1,8,9,10,-1,10,9,11,-1,12,13,14,-1,14,13,15,-1,16,17,18,-1,18,17,19,-1,20,21,22,-1,22,21,23,-1,24,25,26,-1,26,25,27,-1,28,29,30,-1,30,29,31,-1,32,33,34,-1,34,33,35,-1,36,37,38,-1,38,37,39,-1,40,41,3,-1,42,43,3,-1,42,3,44,-1,45,46,1,-1,1,46,47,-1,43,48,3,-1,3,48,49,-1,3,49,40,-1,47,50,1,-1,1,50,51,-1,1,51,52,-1,52,53,1,-1,1,53,18,-1,1,18,3,-1,3,18,19,-1,3,19,44,-1,54,55,2,-1,41,56,3,-1,3,56,57,-1,58,59,2,-1,57,60,3,-1,3,60,61,-1,3,61,62,-1,58,2,63,-1,62,64,3,-1,3,64,10,-1,3,10,2,-1,2,10,11,-1,2,11,63,-1,59,65,2,-1,2,65,66,-1,2,66,54,-1,67,45,1,-1,68,69,0,-1,0,69,70,-1,71,72,1,-1,70,73,0,-1,0,73,74,-1,0,74,75,-1,71,1,76,-1,75,77,0,-1,0,77,5,-1,0,5,1,-1,1,5,4,-1,1,4,76,-1,72,78,1,-1,1,78,79,-1,1,79,67,-1,80,68,0,-1,55,81,2,-1,2,81,82,-1,83,84,0,-1,82,85,2,-1,2,85,86,-1,2,86,87,-1,83,0,88,-1,87,89,2,-1,2,89,13,-1,2,13,0,-1,0,13,12,-1,0,12,88,-1,84,90,0,-1,0,90,91,-1,0,91,80,-1,92,93,27,-1,94,95,27,-1,94,27,96,-1,97,98,25,-1,25,98,99,-1,95,100,27,-1,27,100,101,-1,27,101,92,-1,99,102,25,-1,25,102,103,-1,25,103,104,-1,104,105,25,-1,25,105,30,-1,25,30,27,-1,27,30,31,-1,27,31,96,-1,106,107,26,-1,108,109,26,-1,108,26,110,-1,93,111,27,-1,27,111,112,-1,109,113,26,-1,26,113,114,-1,26,114,106,-1,112,115,27,-1,27,115,116,-1,27,116,117,-1,117,118,27,-1,27,118,33,-1,27,33,26,-1,26,33,32,-1,26,32,110,-1,119,97,25,-1,120,121,24,-1,24,121,122,-1,123,124,25,-1,122,125,24,-1,24,125,126,-1,24,126,127,-1,123,25,128,-1,127,129,24,-1,24,129,37,-1,24,37,25,-1,25,37,36,-1,25,36,128,-1,124,130,25,-1,25,130,131,-1,25,131,119,-1,132,120,24,-1,107,133,26,-1,26,133,134,-1,135,136,24,-1,134,137,26,-1,26,137,138,-1,26,138,139,-1,135,24,140,-1,139,141,26,-1,26,141,22,-1,26,22,24,-1,24,22,23,-1,24,23,140,-1,136,142,24,-1,24,142,143,-1,24,143,132,-1,4,6,76,-1,76,6,144,-1,76,144,71,-1,71,144,72,-1,67,79,144,-1,144,79,78,-1,144,78,72,-1,144,145,67,-1,67,145,146,-1,67,146,45,-1,45,146,147,-1,45,147,46,-1,16,18,148,-1,148,18,53,-1,148,53,52,-1,52,51,148,-1,148,51,50,-1,148,50,147,-1,147,50,47,-1,147,47,46,-1,12,14,88,-1,88,14,149,-1,88,149,83,-1,83,149,84,-1,80,91,149,-1,149,91,90,-1,149,90,84,-1,149,150,80,-1,80,150,151,-1,80,151,68,-1,68,151,152,-1,68,152,69,-1,7,5,153,-1,153,5,77,-1,153,77,75,-1,75,74,153,-1,153,74,73,-1,153,73,152,-1,152,73,70,-1,152,70,69,-1,28,30,154,-1,154,30,105,-1,154,105,104,-1,99,155,102,-1,102,155,154,-1,102,154,103,-1,103,154,104,-1,128,36,38,-1,128,38,123,-1,119,131,156,-1,156,131,130,-1,156,130,38,-1,38,130,124,-1,38,124,123,-1,99,98,155,-1,155,98,97,-1,155,97,157,-1,157,97,119,-1,157,119,158,-1,158,119,156,-1,19,17,44,-1,44,17,159,-1,44,159,42,-1,42,159,43,-1,40,49,159,-1,159,49,48,-1,159,48,43,-1,159,160,40,-1,40,160,161,-1,40,161,41,-1,41,161,162,-1,41,162,56,-1,8,10,163,-1,163,10,64,-1,163,64,62,-1,62,61,163,-1,163,61,60,-1,163,60,162,-1,162,60,57,-1,162,57,56,-1,20,22,164,-1,164,22,141,-1,164,141,139,-1,134,165,137,-1,137,165,164,-1,137,164,138,-1,138,164,139,-1,110,32,34,-1,110,34,108,-1,106,114,166,-1,166,114,113,-1,166,113,34,-1,34,113,109,-1,34,109,108,-1,134,133,165,-1,165,133,107,-1,165,107,167,-1,167,107,106,-1,167,106,168,-1,168,106,166,-1,11,9,63,-1,63,9,169,-1,63,169,58,-1,58,169,59,-1,54,66,169,-1,169,66,65,-1,169,65,59,-1,169,170,54,-1,54,170,171,-1,54,171,55,-1,55,171,172,-1,55,172,81,-1,15,13,173,-1,173,13,89,-1,173,89,87,-1,87,86,173,-1,173,86,85,-1,173,85,172,-1,172,85,82,-1,172,82,81,-1,35,33,174,-1,174,33,118,-1,174,118,117,-1,112,175,115,-1,115,175,174,-1,115,174,116,-1,116,174,117,-1,96,31,29,-1,96,29,94,-1,92,101,176,-1,176,101,100,-1,176,100,29,-1,29,100,95,-1,29,95,94,-1,112,111,175,-1,175,111,93,-1,175,93,177,-1,177,93,92,-1,177,92,178,-1,178,92,176,-1,39,37,179,-1,179,37,129,-1,179,129,127,-1,122,180,125,-1,125,180,179,-1,125,179,126,-1,126,179,127,-1,140,23,21,-1,140,21,135,-1,132,143,181,-1,181,143,142,-1,181,142,21,-1,21,142,136,-1,21,136,135,-1,122,121,180,-1,180,121,120,-1,180,120,182,-1,182,120,132,-1,182,132,183,-1,183,132,181,-1,
        ]
    }
}
Shape{
    appearance Appearance {
        material  Material {
            diffuseColor 0.2235294117647059 0.2235294117647059 0.2235294117647059
            specularColor 0.11372549019607843 0.11372549019607843 0.11372549019607843
            ambientIntensity 0.2235
            transparency 0.0
            shininess 0.5
        }
    }
    geometry IndexedFaceSet {
        ccw TRUE
        solid FALSE
        coord DEF co Coordinate {
            point [
                1.9998 -0.0155 0.58, 1.9998 -0.0155 0.5642, 1.9998 0.0227 0.5642, 1.9998 -0.0155 0.643, 1.9998 -0.0155 0.6313, 1.9998 0.0227 0.6313, 1.9998 0.0379 0.683, 1.9998 0.0409 0.6834, 1.9998 0.0251 0.6834, 1.9998 0.0661 0.6785, 1.9998 0.0661 0.6658, 1.9998 0.0769 0.6658, 1.9998 0.1545 0.6433, 1.9998 0.1504 0.6542, 1.9998 0.1359 0.6542, 1.9998 0.0682 0.5801, 1.9998 0.0673 0.58, 1.9998 0.0769 0.58, 1.9998 0.06 0.5801, 1.9998 0.0587 0.5805, 1.9998 0.0587 0.58, 1.9998 0.1159 0.6155, 1.9998 0.1159 0.6027, 1.9998 0.1233 0.6027, 1.9998 -0.05 0.6521, 1.9998 -0.0424 0.6456, 1.9998 -0.0155 0.6834, 1.9998 -0.0815 0.6834, 1.9998 -0.075 0.679, 1.9998 -0.0657 0.6682, 1.9998 -0.0598 0.6567, 1.9998 -0.0584 0.6563, 1.9998 -0.1018 0.6925, 1.9998 -0.0876 0.6875, 1.9998 -0.0155 0.9843, 1.9998 -0.1404 0.687, 1.9998 -0.1274 0.692, 1.9998 -0.228 0.9843, 1.9998 -0.1134 0.6937, 1.9998 -0.228 0.6834, 1.9998 -0.1774 0.6694, 1.9998 -0.1662 0.6708, 1.9998 -0.228 0.643, 1.9998 -0.208 0.643, 1.9998 -0.2055 0.6485, 1.9998 -0.1987 0.6573, 1.9998 -0.1462 0.6834, 1.9998 -0.1473 0.6827, 1.9998 -0.154 0.677, 1.9998 -0.163 0.6706, 1.9998 -0.1597 0.6703, 1.9998 -0.1968 0.6591, 1.9998 -0.1879 0.6654, 1.9998 -0.1775 0.5807, 1.9998 -0.1811 0.5818, 1.9998 -0.228 0.58, 1.9998 -0.1913 0.5868, 1.9998 -0.2001 0.5943, 1.9998 -0.2066 0.6034, 1.9998 -0.2106 0.614, 1.9998 -0.228 0.6313, 1.9998 -0.212 0.6251, 1.9998 -0.2119 0.6277, 1.9998 -0.2113 0.6313, 1.9998 -0.21 0.6383, 1.9998 -0.228 0.5642, 1.9998 -0.1624 0.5642, 1.9998 -0.1655 0.5656, 1.9998 -0.171 0.5699, 1.9998 -0.175 0.5752, 1.9998 -0.1772 0.58, 1.9998 -0.1591 0.5628, 1.9998 -0.228 0.1969, 1.9998 -0.1525 0.5616, 1.9998 -0.1388 0.5642, 1.9998 -0.1446 0.5622, 1.9998 -0.0155 0.1969, 1.9998 -0.1507 0.5615, 1.9998 -0.1243 0.58, 1.9998 -0.1243 0.5796, 1.9998 -0.1277 0.5734, 1.9998 -0.1325 0.5682, 1.9998 -0.1382 0.5644, 1.9998 -0.0331 0.629, 1.9998 -0.0318 0.6197, 1.9998 -0.0882 0.5966, 1.9998 -0.0862 0.5974, 1.9998 -0.0829 0.6135, 1.9998 -0.1295 0.6087, 1.9998 -0.0917 0.6285, 1.9998 -0.134 0.6128, 1.9998 -0.1399 0.6162, 1.9998 -0.0899 0.5954, 1.9998 -0.0422 0.5929, 1.9998 -0.0499 0.5864, 1.9998 -0.0494 0.6218, 1.9998 -0.0508 0.6273, 1.9998 -0.0529 0.6313, 1.9998 -0.1936 0.6313, 1.9998 -0.0366 0.6007, 1.9998 -0.0841 0.5977, 1.9998 -0.0838 0.5977, 1.9998 -0.0829 0.5975, 1.9998 -0.0331 0.6097, 1.9998 -0.1938 0.6209, 1.9998 -0.1737 0.6063, 1.9998 -0.1942 0.6256, 1.9998 -0.1689 0.6115, 1.9998 -0.163 0.6154, 1.9998 -0.0928 0.5889, 1.9998 -0.0927 0.59, 1.9998 -0.1225 0.5926, 1.9998 -0.0922 0.5922, 1.9998 -0.0911 0.5941, 1.9998 -0.1917 0.614, 1.9998 -0.1879 0.6079, 1.9998 -0.1769 0.6005, 1.9998 -0.1827 0.6029, 1.9998 -0.1773 0.5996, 1.9998 -0.0862 0.5804, 1.9998 -0.0881 0.5812, 1.9998 -0.0899 0.5825, 1.9998 -0.0906 0.5831, 1.9998 -0.0918 0.5849, 1.9998 -0.0925 0.5868, 1.9998 -0.1226 0.5866, 1.9998 -0.1225 0.5898, 1.9998 -0.1568 0.6176, 1.9998 -0.1507 0.6183, 1.9998 -0.1466 0.618, 1.9998 -0.055 0.6045, 1.9998 -0.0519 0.609, 1.9998 -0.05 0.614, 1.9998 -0.0493 0.6194, 1.9998 -0.0585 0.5822, 1.9998 -0.068 0.5802, 1.9998 -0.0846 0.5802, 1.9998 -0.0824 0.5974, 1.9998 -0.0696 0.5974, 1.9998 -0.0648 0.5983, 1.9998 -0.0598 0.6006, 1.9998 -0.0556 0.6039, 1.9998 -0.1913 0.6381, 1.9998 -0.1935 0.6317, 1.9998 -0.0736 0.6414, 1.9998 -0.0713 0.6414, 1.9998 -0.0534 0.6321, 1.9998 -0.0567 0.6358, 1.9998 -0.0611 0.6389, 1.9998 -0.066 0.6408, 1.9998 -0.0798 0.6585, 1.9998 -0.0862 0.6661, 1.9998 -0.151 0.6496, 1.9998 -0.0867 0.6666, 1.9998 -0.0947 0.6722, 1.9998 -0.1467 0.6586, 1.9998 -0.1881 0.643, 1.9998 -0.1537 0.6511, 1.9998 -0.0739 0.643, 1.9998 -0.0754 0.6495, 1.9998 -0.1601 0.6532, 1.9998 -0.166 0.6539, 1.9998 -0.1691 0.6537, 1.9998 -0.1403 0.6662, 1.9998 -0.1035 0.6756, 1.9998 -0.1328 0.6717, 1.9998 -0.1131 0.6768, 1.9998 -0.1236 0.6754, 1.9998 -0.1761 0.652, 1.9998 -0.1823 0.6486, 1.9998 -0.1875 0.6438, 1.9998 -0.0404 0.643, 1.9998 -0.0366 0.6376, 1.9998 -0.0341 0.6313, 1.9998 0.1321 0.5848, 1.9998 0.1321 0.5803, 1.9998 0.1359 0.58, 1.9998 0.1233 0.58, 1.9998 0.1359 0.6313, 1.9998 0.1312 0.6155, 1.9998 0.1312 0.62, 1.9998 0.1301 0.5982, 1.9998 0.1233 0.5982, 1.9998 0.1233 0.5848, 1.9998 0.1159 0.5982, 1.9998 0.1159 0.5848, 1.9998 0.1301 0.6027, 1.9998 0.1233 0.6155, 1.9998 0.1233 0.5803, 1.9998 0.1107 0.5803, 1.9998 0.1081 0.58, 1.9998 0.1107 0.62, 1.9998 0.0289 0.5939, 1.9998 0.0296 0.6018, 1.9998 0.0279 0.5924, 1.9998 0.0272 0.5907, 1.9998 0.0564 0.5864, 1.9998 0.0497 0.5986, 1.9998 0.0564 0.5813, 1.9998 0.0497 0.5803, 1.9998 0.0422 0.5818, 1.9998 0.0404 0.5806, 1.9998 0.0447 0.5803, 1.9998 0.0386 0.58, 1.9998 0.0251 0.58, 1.9998 0.0277 0.584, 1.9998 0.0271 0.5856, 1.9998 0.0251 0.5642, 1.9998 0.033 0.58, 1.9998 0.0329 0.58, 1.9998 0.031 0.5807, 1.9998 0.0347 0.6088, 1.9998 0.0251 0.6313, 1.9998 0.031 0.6074, 1.9998 0.0296 0.6067, 1.9998 0.0305 0.5952, 1.9998 0.0326 0.5963, 1.9998 0.0328 0.6039, 1.9998 0.0363 0.5972, 1.9998 0.0406 0.6051, 1.9998 0.0389 0.6053, 1.9998 0.0359 0.605, 1.9998 0.0293 0.5819, 1.9998 0.0287 0.5824, 1.9998 0.0583 0.5852, 1.9998 0.0587 0.5851, 1.9998 0.0587 0.5956, 1.9998 0.0572 0.6044, 1.9998 0.0462 0.6075, 1.9998 0.0475 0.6062, 1.9998 0.0447 0.5847, 1.9998 0.0445 0.5847, 1.9998 0.0438 0.5835, 1.9998 0.0493 0.6023, 1.9998 0.0566 0.5991, 1.9998 0.0566 0.6028, 1.9998 0.0394 0.6093, 1.9998 0.0424 0.609, 1.9998 0.0445 0.6084, 1.9998 0.0269 0.5879, 1.9998 0.0269 0.5886, 1.9998 0.0485 0.6046, 1.9998 0.0564 0.601, 1.9998 0.0447 0.5983, 1.9998 0.0445 0.6005, 1.9998 0.044 0.6023, 1.9998 0.0434 0.6033, 1.9998 0.0587 0.5957, 1.9998 0.0578 0.5965, 1.9998 0.0572 0.5976, 1.9998 0.0427 0.6041, 1.9998 0.0418 0.6047, 1.9998 0.0608 0.58, 1.9998 0.0587 0.5642, 1.9998 0.0641 0.5796, 1.9998 0.0769 0.5642, 1.9998 0.0742 0.6081, 1.9998 0.0742 0.6032, 1.9998 0.0753 0.586, 1.9998 0.0747 0.5844, 1.9998 0.0738 0.5831, 1.9998 0.0581 0.6057, 1.9998 0.0587 0.6062, 1.9998 0.0587 0.6313, 1.9998 0.0596 0.6071, 1.9998 0.0611 0.6079, 1.9998 0.0638 0.6089, 1.9998 0.0675 0.6093, 1.9998 0.0769 0.6313, 1.9998 0.0702 0.6091, 1.9998 0.0739 0.5927, 1.9998 0.0748 0.5913, 1.9998 0.0754 0.5899, 1.9998 0.0756 0.588, 1.9998 0.0724 0.5819, 1.9998 0.0709 0.581, 1.9998 0.067 0.6053, 1.9998 0.0655 0.6052, 1.9998 0.0616 0.6015, 1.9998 0.0642 0.6048, 1.9998 0.0631 0.6042, 1.9998 0.0616 0.6008, 1.9998 0.0618 0.6, 1.9998 0.0622 0.5994, 1.9998 0.0626 0.5988, 1.9998 0.0644 0.5977, 1.9998 0.0703 0.6049, 1.9998 0.0675 0.5964, 1.9998 0.0731 0.6039, 1.9998 0.0694 0.5956, 1.9998 0.0727 0.5938, 1.9998 0.0623 0.6036, 1.9998 0.0619 0.6029, 1.9998 0.0616 0.6023, 1.9998 0.0615 0.5841, 1.9998 0.064 0.5928, 1.9998 0.061 0.5941, 1.9998 0.0646 0.5837, 1.9998 0.0648 0.5837, 1.9998 0.0672 0.5914, 1.9998 0.0674 0.584, 1.9998 0.0705 0.5875, 1.9998 0.0704 0.5881, 1.9998 0.0686 0.5844, 1.9998 0.0691 0.5847, 1.9998 0.0697 0.5852, 1.9998 0.0701 0.5859, 1.9998 0.0704 0.5866, 1.9998 0.0702 0.5889, 1.9998 0.0698 0.5896, 1.9998 0.0692 0.5902, 1.9998 0.1602 0.6433, 1.9998 0.1359 0.643, 1.9998 0.2441 0.643, 1.9998 0.2441 0.6834, 1.9998 0.145 0.683, 1.9998 0.1359 0.6834, 1.9998 0.1301 0.6433, 1.9998 0.1244 0.6433, 1.9998 0.1233 0.643, 1.9998 0.1339 0.6542, 1.9998 0.1233 0.6834, 1.9998 0.1359 0.6734, 1.9998 0.1395 0.683, 1.9998 0.1081 0.643, 1.9998 0.1071 0.644, 1.9998 0.1008 0.6433, 1.9998 0.1012 0.683, 1.9998 0.1081 0.6834, 1.9998 0.0861 0.6834, 1.9998 0.0861 0.643, 1.9998 0.0899 0.6433, 1.9998 0.0899 0.683, 1.9998 0.107 0.6824, 1.9998 0.1081 0.6821, 1.9998 0.1118 0.6807, 1.9998 0.121 0.6563, 1.9998 0.119 0.6522, 1.9998 0.1162 0.6778, 1.9998 0.1176 0.6765, 1.9998 0.12 0.673, 1.9998 0.1117 0.6457, 1.9998 0.1081 0.6444, 1.9998 0.1162 0.6489, 1.9998 0.1156 0.6483, 1.9998 0.1215 0.6693, 1.9998 0.1222 0.6637, 1.9998 0.1221 0.6609, 1.9998 0.0769 0.6834, 1.9998 0.0815 0.683, 1.9998 0.0769 0.683, 1.9998 0.0661 0.6478, 1.9998 0.0769 0.6478, 1.9998 0.0661 0.6612, 1.9998 0.0769 0.6612, 1.9998 0.0803 0.6612, 1.9998 0.0824 0.6478, 1.9998 0.0803 0.6658, 1.9998 0.0815 0.6785, 1.9998 0.0769 0.6785, 1.9998 0.061 0.6433, 1.9998 0.0587 0.643, 1.9998 0.0769 0.643, 1.9998 0.0824 0.6433, 1.9998 0.0769 0.6433, 1.9998 0.061 0.683, 1.9998 0.0587 0.6834, 1.9998 0.0477 0.6834, 1.9998 0.0491 0.6832, 1.9998 0.053 0.6821, 1.9998 0.053 0.6767, 1.9998 0.053 0.6499, 1.9998 0.053 0.645, 1.9998 0.0487 0.6434, 1.9998 0.0452 0.643, 1.9998 0.0445 0.6473, 1.9998 0.049 0.6481, 1.9998 0.0287 0.6624, 1.9998 0.0287 0.6627, 1.9998 0.0324 0.6741, 1.9998 0.0305 0.6713, 1.9998 0.0292 0.6678, 1.9998 0.0484 0.6785, 1.9998 0.0437 0.6791, 1.9998 0.0419 0.679, 1.9998 0.0385 0.6783, 1.9998 0.0293 0.6575, 1.9998 0.0306 0.6542, 1.9998 0.0326 0.6514, 1.9998 0.0362 0.6487, 1.9998 0.0391 0.6476, 1.9998 0.0428 0.6472, 1.9998 0.0524 0.6771, 1.9998 0.0354 0.6768, 1.9998 0.0329 0.6747, 1.9998 0.0336 0.6505, 1.9998 0.0436 0.6837, 1.9998 0.0251 0.9843, 1.9998 0.0587 0.9843, 1.9998 0.044 0.6837, 1.9998 0.0338 0.6814, 1.9998 0.0263 0.6743, 1.9998 0.029 0.6779, 1.9998 0.0299 0.6787, 1.9998 0.0251 0.6534, 1.9998 0.024 0.6563, 1.9998 0.0227 0.643, 1.9998 0.0233 0.6624, 1.9998 0.0234 0.6648, 1.9998 0.0227 0.6834, 1.9998 0.0244 0.6699, 1.9998 0.0251 0.6716, 1.9998 0.0314 0.6455, 1.9998 0.0284 0.6481, 1.9998 0.0251 0.643, 1.9998 0.0279 0.6486, 1.9998 0.0256 0.6521, 1.9998 0.0421 0.6426, 1.9998 0.0394 0.6428, 1.9998 0.0385 0.643, 1.9998 0.0351 0.6437, 1.9998 0.0384 0.5799, 1.9998 0.0359 0.5796, 1.9998 0.1002 0.6087, 1.9998 0.1054 0.6087, 1.9998 0.1081 0.6313, 1.9998 0.1233 0.62, 1.9998 0.1233 0.6313, 1.9998 0.0941 0.58, 1.9998 0.0911 0.5873, 1.9998 0.0917 0.585, 1.9998 0.0919 0.585, 1.9998 0.0861 0.6313, 1.9998 0.0861 0.6018, 1.9998 0.0925 0.5873, 1.9998 0.0921 0.586, 1.9998 0.0861 0.5884, 1.9998 0.0782 0.6087, 1.9998 0.0837 0.6087, 1.9998 0.0891 0.58, 1.9998 0.0893 0.5804, 1.9998 0.0861 0.5734, 1.9998 0.0861 0.5734, 1.9998 0.0861 0.58, 1.9998 0.0871 0.5752, 1.9998 0.0792 0.5718, 1.9998 0.0792 0.5673, 1.9998 0.0802 0.5714, 1.9998 0.082 0.5712, 1.9998 0.0832 0.5713, 1.9998 0.0861 0.5678, 1.9998 0.0844 0.5672, 1.9998 0.0861 0.5642, 1.9998 0.0824 0.5669, 1.9998 0.0813 0.567, 1.9998 0.0843 0.5717, 1.9998 0.0852 0.5724, 1.9998 0.0925 0.576, 1.9998 0.0903 0.5716, 1.9998 0.1081 0.5642, 1.9998 0.0884 0.5694, 1.9998 0.0881 0.5691, 1.9998 0.0864 0.5679, 1.9998 -0.2441 0.1969, 1.9998 -0.2441 0.5642, 1.9998 -0.2441 0.58, 1.9998 -0.2441 0.6313, 1.9998 -0.2441 0.643, 1.9998 -0.2441 0.6834, 1.9998 -0.2441 0.9843, 1.9998 0.0217 0.6478, 1.9998 0.0217 0.6433, 1.9998 0.0007 0.6433, 1.9998 0.0059 0.683, 1.9998 0.0059 0.6478, 1.9998 0.0007 0.683, 1.9998 0.0227 0.58, 1.9998 0.0221 0.5803, 1.9998 0.0007 0.5803, 1.9998 0.0221 0.5848, 1.9998 0.0212 0.6155, 1.9998 0.0059 0.5982, 1.9998 0.0059 0.5848, 1.9998 0.0201 0.5982, 1.9998 0.0201 0.6027, 1.9998 0.0059 0.6027, 1.9998 0.0059 0.6155, 1.9998 0.0007 0.62, 1.9998 0.0212 0.62, 1.9998 0.0227 0.9843, 1.9998 0.0769 0.9843, 1.9998 0.0861 0.9843, 1.9998 0.1081 0.9843, 1.9998 0.1233 0.9843, 1.9998 0.1359 0.9843, 1.9998 0.2441 0.9843, 1.9998 0.2441 0.6313, 1.9998 0.2002 0.5912, 1.9998 0.1836 0.5912, 1.9998 0.2042 0.5803, 1.9998 0.1798 0.5803, 1.9998 0.2441 0.58, 1.9998 0.1742 0.5803, 1.9998 0.1718 0.5978, 1.9998 0.1708 0.5932, 1.9998 0.1948 0.62, 1.9998 0.2099 0.5803, 1.9998 0.1893 0.62, 1.9998 0.1688 0.5892, 1.9998 0.166 0.5859, 1.9998 0.1653 0.5853, 1.9998 0.1509 0.62, 1.9998 0.1568 0.6194, 1.9998 0.172 0.6007, 1.9998 0.1713 0.6063, 1.9998 0.1614 0.5827, 1.9998 0.1568 0.581, 1.9998 0.1505 0.5803, 1.9998 0.1616 0.6177, 1.9998 0.166 0.6148, 1.9998 0.1396 0.5803, 1.9998 0.1396 0.62, 1.9998 0.1673 0.6135, 1.9998 0.1698 0.61, 1.9998 0.1233 0.5642, 1.9998 0.1359 0.5642, 1.9998 0.2441 0.5642, 1.9998 0.0227 0.1969, 1.9998 0.0251 0.1969, 1.9998 0.0587 0.1969, 1.9998 0.0769 0.1969, 1.9998 0.0861 0.1969, 1.9998 0.1081 0.1969, 1.9998 0.1233 0.1969, 1.9998 0.1359 0.1969, 1.9998 0.2441 0.1969, 1.6258 -0.0866 0.9843, 1.6258 0.0866 0.9843, 1.6244 0.0968 0.9843, 0.9998 -0.2441 0.9843, 1.3853 -0.1145 0.9843, 1.3791 -0.1063 0.9843, 1.6244 -0.0968 0.9843, 1.6205 -0.1063 0.9843, 1.7439 -0.5 0.9843, 1.6143 -0.1145 0.9843, 1.6061 -0.1207 0.9843, 1.3752 -0.0968 0.9843, 1.3738 -0.0866 0.9843, 0.9998 0.2441 0.9843, 1.3738 0.0866 0.9843, 1.3752 0.0968 0.9843, 1.3935 0.1207 0.9843, 1.2557 0.5 0.9843, 1.3853 0.1145 0.9843, 1.3791 0.1063 0.9843, 1.5966 0.1246 0.9843, 1.6061 0.1207 0.9843, 1.7439 0.5 0.9843, 1.6143 0.1145 0.9843, 1.6205 0.1063 0.9843, 1.3935 -0.1207 0.9843, 1.2557 -0.5 0.9843, 1.403 -0.1246 0.9843, 1.5966 -0.1246 0.9843, 1.5864 -0.126 0.9843, 1.4132 -0.126 0.9843, 1.403 0.1246 0.9843, 1.4132 0.126 0.9843, 1.5864 0.126 0.9843, 1.9407 -0.3031 0.1969, 1.6205 -0.1063 0.1969, 0.9998 -0.2441 0.1969, 0.9998 0.2441 0.1969, 1.3738 0.0866 0.1969, 1.3738 -0.0866 0.1969, 1.3752 -0.0968 0.1969, 1.0589 -0.3031 0.1969, 1.9407 0.3031 0.1969, 1.6244 0.0968 0.1969, 1.6205 0.1063 0.1969, 1.6143 0.1145 0.1969, 1.6061 0.1207 0.1969, 1.0589 0.3031 0.1969, 1.403 0.1246 0.1969, 1.3935 0.1207 0.1969, 1.3853 0.1145 0.1969, 1.3791 0.1063 0.1969, 1.3752 0.0968 0.1969, 1.5966 -0.1246 0.1969, 1.6061 -0.1207 0.1969, 1.6143 -0.1145 0.1969, 1.6244 -0.0968 0.1969, 1.6258 -0.0866 0.1969, 1.6258 0.0866 0.1969, 1.5966 0.1246 0.1969, 1.5864 0.126 0.1969, 1.4132 0.126 0.1969, 1.3791 -0.1063 0.1969, 1.3853 -0.1145 0.1969, 1.3935 -0.1207 0.1969, 1.403 -0.1246 0.1969, 1.4132 -0.126 0.1969, 1.5864 -0.126 0.1969, 1.0589 0.3031 0.0, 1.2557 0.5 0.0, 1.9407 0.3031 0.0, 1.7439 0.5 0.0, 1.2557 -0.5 0.0, 1.7439 -0.5 0.0, 1.9407 -0.3031 0.0, 1.0589 -0.3031 0.0
            ]
        }
        coordIndex [
            0,1,2,-1,3,4,5,-1,6,7,8,-1,9,10,11,-1,12,13,14,-1,15,16,17,-1,18,19,20,-1,21,22,23,-1,24,25,26,-1,26,25,3,-1,27,28,26,-1,26,28,29,-1,29,30,26,-1,26,30,31,-1,26,31,24,-1,32,33,34,-1,35,36,37,-1,37,36,34,-1,34,36,38,-1,34,38,32,-1,39,40,41,-1,42,43,39,-1,39,43,44,-1,39,44,45,-1,35,37,46,-1,46,37,39,-1,46,39,47,-1,47,39,41,-1,47,41,48,-1,48,41,49,-1,48,49,50,-1,45,51,39,-1,39,51,52,-1,39,52,40,-1,53,54,55,-1,55,54,56,-1,55,56,57,-1,57,58,55,-1,55,58,59,-1,55,59,60,-1,60,59,61,-1,61,62,60,-1,60,62,63,-1,60,63,42,-1,42,63,64,-1,42,64,43,-1,65,66,67,-1,67,68,65,-1,65,68,69,-1,65,69,55,-1,55,69,70,-1,55,70,53,-1,66,65,71,-1,71,65,72,-1,71,72,73,-1,74,75,76,-1,76,75,72,-1,72,75,77,-1,72,77,73,-1,0,78,1,-1,1,78,79,-1,1,79,80,-1,80,81,1,-1,1,81,82,-1,1,82,74,-1,83,84,4,-1,85,86,87,-1,88,89,90,-1,90,89,91,-1,85,87,92,-1,93,94,0,-1,95,96,89,-1,89,96,97,-1,89,97,98,-1,93,0,99,-1,86,100,87,-1,87,100,101,-1,87,101,102,-1,4,84,0,-1,0,84,103,-1,0,103,99,-1,104,105,106,-1,106,105,107,-1,106,107,98,-1,98,107,108,-1,109,110,111,-1,111,110,112,-1,111,112,87,-1,87,112,113,-1,87,113,92,-1,104,114,105,-1,105,114,115,-1,105,115,116,-1,116,115,117,-1,116,117,118,-1,119,120,78,-1,78,120,121,-1,78,121,122,-1,122,123,78,-1,78,123,124,-1,78,124,125,-1,125,124,109,-1,125,109,126,-1,126,109,111,-1,108,127,98,-1,98,127,128,-1,98,128,89,-1,89,128,129,-1,89,129,91,-1,130,131,87,-1,87,131,132,-1,87,132,89,-1,89,132,133,-1,89,133,95,-1,94,134,0,-1,0,134,135,-1,0,135,78,-1,78,135,136,-1,78,136,119,-1,102,137,87,-1,87,137,138,-1,87,138,139,-1,139,140,87,-1,87,140,141,-1,87,141,130,-1,142,143,144,-1,143,98,144,-1,144,98,97,-1,144,97,145,-1,145,97,146,-1,146,147,145,-1,145,147,148,-1,145,148,149,-1,150,151,152,-1,151,153,152,-1,152,153,154,-1,152,154,155,-1,156,152,157,-1,142,144,156,-1,156,144,158,-1,156,158,152,-1,152,158,159,-1,152,159,150,-1,157,160,156,-1,156,160,161,-1,156,161,162,-1,155,154,163,-1,163,154,164,-1,163,164,165,-1,165,164,166,-1,165,166,167,-1,168,169,162,-1,162,169,170,-1,162,170,156,-1,25,171,3,-1,3,171,172,-1,3,172,4,-1,4,172,173,-1,4,173,83,-1,174,175,176,-1,176,175,177,-1,176,178,179,-1,179,178,180,-1,181,182,183,-1,183,182,184,-1,183,184,185,-1,183,174,181,-1,181,174,176,-1,181,176,186,-1,186,176,179,-1,186,179,23,-1,23,179,187,-1,23,187,21,-1,175,188,177,-1,177,188,189,-1,177,189,190,-1,190,189,191,-1,192,193,194,-1,194,193,195,-1,196,197,198,-1,198,197,199,-1,198,199,19,-1,200,201,202,-1,202,201,203,-1,202,203,199,-1,204,205,206,-1,207,208,204,-1,204,208,209,-1,204,209,210,-1,211,212,213,-1,213,212,214,-1,192,215,193,-1,193,215,216,-1,193,216,217,-1,217,216,218,-1,219,220,218,-1,218,220,221,-1,218,221,217,-1,210,222,204,-1,204,222,223,-1,204,223,205,-1,224,225,226,-1,227,228,229,-1,230,231,202,-1,202,231,232,-1,202,232,200,-1,233,197,234,-1,227,229,235,-1,211,236,212,-1,212,236,237,-1,212,237,238,-1,206,239,204,-1,204,239,240,-1,204,240,212,-1,212,240,195,-1,212,195,214,-1,214,195,193,-1,224,226,196,-1,229,241,235,-1,235,241,233,-1,235,233,242,-1,242,233,234,-1,243,244,218,-1,218,244,245,-1,218,245,246,-1,226,247,196,-1,196,247,248,-1,196,248,197,-1,197,248,249,-1,197,249,234,-1,246,250,218,-1,218,250,251,-1,218,251,219,-1,18,20,252,-1,252,20,253,-1,252,253,254,-1,254,253,16,-1,16,253,255,-1,16,255,17,-1,256,257,17,-1,258,259,17,-1,17,259,260,-1,261,262,263,-1,263,262,264,-1,263,264,265,-1,265,266,263,-1,263,266,267,-1,263,267,268,-1,268,267,269,-1,268,269,256,-1,270,271,257,-1,257,271,272,-1,257,272,17,-1,17,272,273,-1,17,273,258,-1,260,274,17,-1,17,274,275,-1,17,275,15,-1,276,277,278,-1,278,277,279,-1,278,279,280,-1,278,281,276,-1,276,281,282,-1,276,282,283,-1,283,284,276,-1,276,284,285,-1,276,285,286,-1,286,285,287,-1,286,287,288,-1,288,287,289,-1,288,289,257,-1,257,289,290,-1,257,290,270,-1,291,292,280,-1,280,292,293,-1,280,293,278,-1,294,295,225,-1,225,295,296,-1,225,296,226,-1,294,297,295,-1,295,297,298,-1,295,298,299,-1,299,298,300,-1,299,301,302,-1,300,303,299,-1,299,303,304,-1,299,304,305,-1,305,306,299,-1,299,306,307,-1,299,307,301,-1,302,308,299,-1,299,308,309,-1,299,309,310,-1,311,12,312,-1,313,314,315,-1,315,314,316,-1,317,318,319,-1,12,14,312,-1,312,14,320,-1,312,320,317,-1,319,318,321,-1,321,318,322,-1,321,322,316,-1,316,322,323,-1,316,323,315,-1,324,325,326,-1,327,328,329,-1,324,326,330,-1,330,326,331,-1,330,331,329,-1,329,331,332,-1,329,332,327,-1,327,333,328,-1,328,333,334,-1,328,334,321,-1,321,334,335,-1,336,337,319,-1,335,338,321,-1,321,338,339,-1,321,339,340,-1,319,341,324,-1,324,341,342,-1,324,342,325,-1,337,343,319,-1,319,343,344,-1,319,344,341,-1,340,345,321,-1,321,345,346,-1,321,346,319,-1,319,346,347,-1,319,347,336,-1,329,348,349,-1,349,348,350,-1,351,352,353,-1,353,352,354,-1,354,352,355,-1,355,352,356,-1,355,356,357,-1,357,356,358,-1,357,358,11,-1,11,358,359,-1,11,359,9,-1,360,361,362,-1,349,358,329,-1,329,358,356,-1,329,356,330,-1,330,356,363,-1,330,363,362,-1,362,363,364,-1,362,364,360,-1,350,348,365,-1,365,348,366,-1,365,366,360,-1,367,368,366,-1,366,368,369,-1,366,369,370,-1,371,372,361,-1,361,372,373,-1,361,373,374,-1,375,376,377,-1,377,376,371,-1,377,371,378,-1,379,380,371,-1,371,380,381,-1,371,381,378,-1,382,383,371,-1,371,383,384,-1,371,384,385,-1,386,387,388,-1,389,390,377,-1,377,390,391,-1,377,391,375,-1,360,366,361,-1,361,366,370,-1,361,370,371,-1,371,370,392,-1,371,392,382,-1,385,393,371,-1,371,393,394,-1,371,394,379,-1,386,388,377,-1,377,388,395,-1,377,395,389,-1,7,396,397,-1,397,396,398,-1,398,396,399,-1,398,399,367,-1,6,8,400,-1,401,402,8,-1,8,402,403,-1,8,403,400,-1,404,405,406,-1,407,408,409,-1,409,408,410,-1,409,410,8,-1,8,410,411,-1,8,411,401,-1,412,413,414,-1,414,413,415,-1,414,415,416,-1,417,418,212,-1,212,418,419,-1,212,419,414,-1,414,419,420,-1,414,420,412,-1,228,227,238,-1,238,227,261,-1,238,261,212,-1,212,261,263,-1,212,263,417,-1,19,199,20,-1,20,199,203,-1,20,203,253,-1,253,203,421,-1,253,421,207,-1,207,421,422,-1,207,422,208,-1,423,424,425,-1,180,178,426,-1,426,178,427,-1,426,427,191,-1,191,427,425,-1,191,425,190,-1,190,425,424,-1,190,424,428,-1,429,430,431,-1,425,432,423,-1,423,432,433,-1,423,433,434,-1,434,433,429,-1,434,429,435,-1,435,429,431,-1,436,437,17,-1,256,17,268,-1,268,17,437,-1,268,437,432,-1,432,437,438,-1,432,438,433,-1,439,440,436,-1,441,442,443,-1,443,442,444,-1,443,444,439,-1,439,436,443,-1,443,436,17,-1,443,17,445,-1,445,17,255,-1,445,255,446,-1,445,447,443,-1,443,447,448,-1,443,448,449,-1,450,451,452,-1,452,451,453,-1,452,453,255,-1,255,453,454,-1,255,454,446,-1,449,455,443,-1,443,455,456,-1,443,456,441,-1,457,458,459,-1,457,459,428,-1,458,460,459,-1,459,460,461,-1,459,461,452,-1,452,461,462,-1,452,462,450,-1,463,72,464,-1,464,72,65,-1,464,65,465,-1,465,65,55,-1,465,55,466,-1,466,55,60,-1,466,60,467,-1,467,60,42,-1,467,42,468,-1,468,42,39,-1,468,39,469,-1,469,39,37,-1,470,471,406,-1,406,471,472,-1,473,409,26,-1,405,407,406,-1,406,407,409,-1,406,409,470,-1,470,409,473,-1,470,473,474,-1,5,406,3,-1,3,406,472,-1,3,472,26,-1,26,472,475,-1,26,475,473,-1,476,477,478,-1,477,476,479,-1,479,476,5,-1,479,5,480,-1,481,482,483,-1,483,482,479,-1,483,479,484,-1,484,479,480,-1,484,480,485,-1,485,480,486,-1,2,476,0,-1,0,476,478,-1,0,478,4,-1,4,478,487,-1,4,487,5,-1,5,487,488,-1,5,488,480,-1,7,397,8,-1,8,397,489,-1,8,489,409,-1,409,489,34,-1,409,34,26,-1,26,34,33,-1,26,33,27,-1,2,207,476,-1,476,207,204,-1,476,204,5,-1,5,204,212,-1,5,212,406,-1,406,212,414,-1,406,414,404,-1,404,414,416,-1,178,319,427,-1,427,319,324,-1,427,324,425,-1,425,324,330,-1,425,330,432,-1,432,330,362,-1,432,362,268,-1,268,362,361,-1,268,361,263,-1,263,361,374,-1,263,374,417,-1,367,366,398,-1,398,366,348,-1,398,348,490,-1,490,348,329,-1,490,329,491,-1,491,329,328,-1,491,328,492,-1,492,328,321,-1,492,321,493,-1,493,321,316,-1,493,316,494,-1,494,316,314,-1,494,314,495,-1,315,311,313,-1,313,311,312,-1,313,312,496,-1,497,498,499,-1,499,498,500,-1,499,500,501,-1,502,503,504,-1,496,505,501,-1,501,505,506,-1,501,506,499,-1,317,319,312,-1,312,319,178,-1,312,178,496,-1,496,178,507,-1,496,507,505,-1,504,508,502,-1,502,508,509,-1,502,509,510,-1,511,512,178,-1,503,502,513,-1,513,502,507,-1,513,507,514,-1,510,515,502,-1,502,515,516,-1,502,516,517,-1,178,512,507,-1,507,512,518,-1,507,518,519,-1,500,502,501,-1,501,502,517,-1,501,517,176,-1,176,517,520,-1,176,520,178,-1,178,520,521,-1,178,521,511,-1,519,522,507,-1,507,522,523,-1,507,523,514,-1,428,459,190,-1,190,459,524,-1,190,524,177,-1,177,524,525,-1,177,525,176,-1,176,525,526,-1,176,526,501,-1,74,76,1,-1,1,76,527,-1,1,527,2,-1,2,527,528,-1,2,528,207,-1,207,528,529,-1,207,529,253,-1,253,529,530,-1,253,530,255,-1,255,530,531,-1,255,531,452,-1,452,531,532,-1,452,532,459,-1,459,532,533,-1,459,533,524,-1,524,533,534,-1,524,534,525,-1,525,534,535,-1,525,535,526,-1,536,469,537,-1,537,469,495,-1,537,495,538,-1,539,540,541,-1,536,542,469,-1,469,542,543,-1,469,543,544,-1,544,543,545,-1,544,545,546,-1,541,547,539,-1,539,547,548,-1,539,548,549,-1,549,548,550,-1,549,550,551,-1,552,553,554,-1,554,553,549,-1,554,549,555,-1,555,549,551,-1,556,557,558,-1,558,557,559,-1,558,559,495,-1,495,559,560,-1,495,560,538,-1,540,539,561,-1,561,539,562,-1,561,562,563,-1,546,564,544,-1,544,564,565,-1,544,565,562,-1,562,565,566,-1,562,566,563,-1,552,567,553,-1,553,567,568,-1,553,568,558,-1,558,568,569,-1,558,569,556,-1,463,570,571,-1,572,573,574,-1,574,575,572,-1,572,575,576,-1,572,576,577,-1,578,535,579,-1,579,580,578,-1,578,580,581,-1,578,581,582,-1,583,584,585,-1,585,586,583,-1,583,586,587,-1,583,587,573,-1,573,587,588,-1,573,588,574,-1,589,590,570,-1,570,590,591,-1,570,591,571,-1,571,592,463,-1,463,592,593,-1,463,593,535,-1,535,593,594,-1,535,594,579,-1,582,595,578,-1,578,595,596,-1,578,596,583,-1,583,596,597,-1,583,597,584,-1,576,598,577,-1,577,598,599,-1,577,599,600,-1,600,601,577,-1,577,601,602,-1,577,602,570,-1,570,602,603,-1,570,603,589,-1,604,605,606,-1,606,605,607,-1,553,558,605,-1,605,558,607,-1,572,539,573,-1,573,539,549,-1,608,609,562,-1,562,609,544,-1,610,609,611,-1,611,609,608,-1,611,608,577,-1,577,608,562,-1,577,562,572,-1,572,562,539,-1,463,469,570,-1,570,469,544,-1,570,544,610,-1,610,544,609,-1,573,549,583,-1,583,549,553,-1,583,553,604,-1,604,553,605,-1,606,607,578,-1,578,607,558,-1,578,558,535,-1,535,558,495,-1,606,578,604,-1,604,578,583,-1,570,610,577,-1,577,610,611,-1,
        ]
    }
}
Shape{
    appearance Appearance {
        material  Material {
            diffuseColor 0.9686274509803922 0.8784313725490196 0.6
            specularColor 0.6784313725490196 0.615686274509804 0.4196078431372549
            ambientIntensity 0.8737
            transparency 0.0
            shininess 0.5
        }
    }
    geometry IndexedFaceSet {
        ccw TRUE
        solid FALSE
        coord DEF co Coordinate {
            point [
                1.4329 -0.0669 -1.1811, 1.4329 0.0669 -1.1811, 1.5667 -0.0669 -1.1811, 1.5667 0.0669 -1.1811, 1.3738 0.0866 -0.9607, 1.3738 -0.0866 -0.9607, 1.3738 0.0866 0.1969, 1.3738 -0.0866 0.1969, 1.6258 0.0866 0.1969, 1.6258 -0.0866 0.1969, 1.6258 0.0866 -0.9607, 1.6258 -0.0866 -0.9607, 1.4132 -0.126 -0.9607, 1.5864 -0.126 -0.9607, 1.4132 -0.126 0.1969, 1.5864 -0.126 0.1969, 1.4132 0.126 0.1969, 1.5864 0.126 0.1969, 1.4132 0.126 -0.9607, 1.5864 0.126 -0.9607, 1.5864 0.126 0.9843, 1.4132 0.126 0.9843, 1.5864 0.126 3.1261, 1.4132 0.126 3.1261, 1.4329 0.0669 3.3465, 1.4329 -0.0669 3.3465, 1.5667 0.0669 3.3465, 1.5667 -0.0669 3.3465, 1.4132 -0.126 0.9843, 1.5864 -0.126 0.9843, 1.4132 -0.126 3.1261, 1.5864 -0.126 3.1261, 1.6258 0.0866 3.1261, 1.6258 -0.0866 3.1261, 1.6258 0.0866 0.9843, 1.6258 -0.0866 0.9843, 1.3738 -0.0866 3.1261, 1.3738 0.0866 3.1261, 1.3738 -0.0866 0.9843, 1.3738 0.0866 0.9843, 1.6061 0.1207 -0.9804, 1.6143 0.1145 -1.0037, 1.5916 0.1256 -0.962, 1.5941 0.1252 -0.9635, 1.589 0.1259 -0.961, 1.3853 0.1145 -1.0037, 1.3935 0.1207 -0.9804, 1.3981 0.123 -0.9719, 1.5966 0.1246 -0.9657, 1.6015 0.123 -0.9719, 1.403 0.1246 -0.9657, 1.4055 0.1252 -0.9635, 1.4081 0.1256 -0.962, 1.4106 0.1259 -0.961, 1.6205 -0.1063 -0.9804, 1.6143 -0.1145 -1.0037, 1.6205 0.1063 -0.9804, 1.6228 0.1017 -0.9719, 1.6255 -0.0918 -0.962, 1.625 -0.0943 -0.9635, 1.6244 0.0968 -0.9657, 1.625 0.0943 -0.9635, 1.6255 0.0918 -0.962, 1.6257 -0.0892 -0.961, 1.6257 0.0892 -0.961, 1.6244 -0.0968 -0.9657, 1.6228 -0.1017 -0.9719, 1.3791 0.1063 -0.9804, 1.3853 -0.1145 -1.0037, 1.3791 -0.1063 -0.9804, 1.3768 -0.1017 -0.9719, 1.3742 0.0918 -0.962, 1.3746 0.0943 -0.9635, 1.3752 -0.0968 -0.9657, 1.3746 -0.0943 -0.9635, 1.3742 -0.0918 -0.962, 1.3739 0.0892 -0.961, 1.3739 -0.0892 -0.961, 1.3752 0.0968 -0.9657, 1.3768 0.1017 -0.9719, 1.3935 -0.1207 -0.9804, 1.6061 -0.1207 -0.9804, 1.6015 -0.123 -0.9719, 1.4081 -0.1256 -0.962, 1.4055 -0.1252 -0.9635, 1.5966 -0.1246 -0.9657, 1.5941 -0.1252 -0.9635, 1.5916 -0.1256 -0.962, 1.4106 -0.1259 -0.961, 1.589 -0.1259 -0.961, 1.403 -0.1246 -0.9657, 1.3981 -0.123 -0.9719, 1.6061 -0.1207 3.1457, 1.6143 -0.1145 3.1691, 1.5916 -0.1256 3.1273, 1.5941 -0.1252 3.1289, 1.589 -0.1259 3.1264, 1.3853 -0.1145 3.1691, 1.3935 -0.1207 3.1457, 1.3981 -0.123 3.1372, 1.5966 -0.1246 3.1311, 1.6015 -0.123 3.1372, 1.403 -0.1246 3.1311, 1.4055 -0.1252 3.1289, 1.4081 -0.1256 3.1273, 1.4106 -0.1259 3.1264, 1.6205 0.1063 3.1457, 1.6143 0.1145 3.1691, 1.6255 0.0918 3.1273, 1.625 0.0943 3.1289, 1.6257 0.0892 3.1264, 1.6205 -0.1063 3.1457, 1.6228 -0.1017 3.1372, 1.6244 0.0968 3.1311, 1.6228 0.1017 3.1372, 1.6244 -0.0968 3.1311, 1.625 -0.0943 3.1289, 1.6255 -0.0918 3.1273, 1.6257 -0.0892 3.1264, 1.3791 -0.1063 3.1457, 1.3853 0.1145 3.1691, 1.3791 0.1063 3.1457, 1.3768 0.1017 3.1372, 1.3742 -0.0918 3.1273, 1.3746 -0.0943 3.1289, 1.3752 0.0968 3.1311, 1.3746 0.0943 3.1289, 1.3742 0.0918 3.1273, 1.3739 -0.0892 3.1264, 1.3739 0.0892 3.1264, 1.3752 -0.0968 3.1311, 1.3768 -0.1017 3.1372, 1.3935 0.1207 3.1457, 1.4081 0.1256 3.1273, 1.4055 0.1252 3.1289, 1.4106 0.1259 3.1264, 1.6061 0.1207 3.1457, 1.6015 0.123 3.1372, 1.403 0.1246 3.1311, 1.3981 0.123 3.1372, 1.5966 0.1246 3.1311, 1.5941 0.1252 3.1289, 1.5916 0.1256 3.1273, 1.589 0.1259 3.1264, 1.3752 0.0968 0.1969, 1.3791 0.1063 0.1969, 1.3853 0.1145 0.1969, 1.3935 0.1207 0.1969, 1.403 0.1246 0.1969, 1.403 -0.1246 0.1969, 1.3935 -0.1207 0.1969, 1.3853 -0.1145 0.1969, 1.3791 -0.1063 0.1969, 1.3752 -0.0968 0.1969, 1.403 -0.1246 0.9843, 1.3935 -0.1207 0.9843, 1.3752 -0.0968 0.9843, 1.3853 -0.1145 0.9843, 1.3791 -0.1063 0.9843, 1.5966 0.1246 0.1969, 1.6061 0.1207 0.1969, 1.6143 0.1145 0.1969, 1.6205 0.1063 0.1969, 1.6244 0.0968 0.1969, 1.5966 0.1246 0.9843, 1.6061 0.1207 0.9843, 1.6244 0.0968 0.9843, 1.6143 0.1145 0.9843, 1.6205 0.1063 0.9843, 1.6244 -0.0968 0.1969, 1.6205 -0.1063 0.1969, 1.6143 -0.1145 0.1969, 1.6061 -0.1207 0.1969, 1.5966 -0.1246 0.1969, 1.6244 -0.0968 0.9843, 1.6205 -0.1063 0.9843, 1.5966 -0.1246 0.9843, 1.6143 -0.1145 0.9843, 1.6061 -0.1207 0.9843, 1.3752 0.0968 0.9843, 1.3791 0.1063 0.9843, 1.403 0.1246 0.9843, 1.3853 0.1145 0.9843, 1.3935 0.1207 0.9843
            ]
        }
        coordIndex [
            0,1,2,-1,2,1,3,-1,4,5,6,-1,6,5,7,-1,8,9,10,-1,10,9,11,-1,12,13,14,-1,14,13,15,-1,16,17,18,-1,18,17,19,-1,20,21,22,-1,22,21,23,-1,24,25,26,-1,26,25,27,-1,28,29,30,-1,30,29,31,-1,32,33,34,-1,34,33,35,-1,36,37,38,-1,38,37,39,-1,40,41,3,-1,42,43,3,-1,42,3,44,-1,45,46,1,-1,1,46,47,-1,43,48,3,-1,3,48,49,-1,3,49,40,-1,47,50,1,-1,1,50,51,-1,1,51,52,-1,52,53,1,-1,1,53,18,-1,1,18,3,-1,3,18,19,-1,3,19,44,-1,54,55,2,-1,41,56,3,-1,3,56,57,-1,58,59,2,-1,57,60,3,-1,3,60,61,-1,3,61,62,-1,58,2,63,-1,62,64,3,-1,3,64,10,-1,3,10,2,-1,2,10,11,-1,2,11,63,-1,59,65,2,-1,2,65,66,-1,2,66,54,-1,67,45,1,-1,68,69,0,-1,0,69,70,-1,71,72,1,-1,70,73,0,-1,0,73,74,-1,0,74,75,-1,71,1,76,-1,75,77,0,-1,0,77,5,-1,0,5,1,-1,1,5,4,-1,1,4,76,-1,72,78,1,-1,1,78,79,-1,1,79,67,-1,80,68,0,-1,55,81,2,-1,2,81,82,-1,83,84,0,-1,82,85,2,-1,2,85,86,-1,2,86,87,-1,83,0,88,-1,87,89,2,-1,2,89,13,-1,2,13,0,-1,0,13,12,-1,0,12,88,-1,84,90,0,-1,0,90,91,-1,0,91,80,-1,92,93,27,-1,94,95,27,-1,94,27,96,-1,97,98,25,-1,25,98,99,-1,95,100,27,-1,27,100,101,-1,27,101,92,-1,99,102,25,-1,25,102,103,-1,25,103,104,-1,104,105,25,-1,25,105,30,-1,25,30,27,-1,27,30,31,-1,27,31,96,-1,106,107,26,-1,108,109,26,-1,108,26,110,-1,93,111,27,-1,27,111,112,-1,109,113,26,-1,26,113,114,-1,26,114,106,-1,112,115,27,-1,27,115,116,-1,27,116,117,-1,117,118,27,-1,27,118,33,-1,27,33,26,-1,26,33,32,-1,26,32,110,-1,119,97,25,-1,120,121,24,-1,24,121,122,-1,123,124,25,-1,122,125,24,-1,24,125,126,-1,24,126,127,-1,123,25,128,-1,127,129,24,-1,24,129,37,-1,24,37,25,-1,25,37,36,-1,25,36,128,-1,124,130,25,-1,25,130,131,-1,25,131,119,-1,132,120,24,-1,133,134,24,-1,133,24,135,-1,107,136,26,-1,26,136,137,-1,134,138,24,-1,24,138,139,-1,24,139,132,-1,137,140,26,-1,26,140,141,-1,26,141,142,-1,142,143,26,-1,26,143,22,-1,26,22,24,-1,24,22,23,-1,24,23,135,-1,4,6,76,-1,76,6,144,-1,76,144,71,-1,71,144,72,-1,67,79,144,-1,144,79,78,-1,144,78,72,-1,144,145,67,-1,67,145,146,-1,67,146,45,-1,45,146,147,-1,45,147,46,-1,16,18,148,-1,148,18,53,-1,148,53,52,-1,52,51,148,-1,148,51,50,-1,148,50,147,-1,147,50,47,-1,147,47,46,-1,12,14,88,-1,88,14,149,-1,88,149,83,-1,83,149,84,-1,80,91,149,-1,149,91,90,-1,149,90,84,-1,149,150,80,-1,80,150,151,-1,80,151,68,-1,68,151,152,-1,68,152,69,-1,7,5,153,-1,153,5,77,-1,153,77,75,-1,75,74,153,-1,153,74,73,-1,153,73,152,-1,152,73,70,-1,152,70,69,-1,28,30,154,-1,154,30,105,-1,154,105,104,-1,99,155,102,-1,102,155,154,-1,102,154,103,-1,103,154,104,-1,128,36,38,-1,128,38,123,-1,119,131,156,-1,156,131,130,-1,156,130,38,-1,38,130,124,-1,38,124,123,-1,99,98,155,-1,155,98,97,-1,155,97,157,-1,157,97,119,-1,157,119,158,-1,158,119,156,-1,19,17,44,-1,44,17,159,-1,44,159,42,-1,42,159,43,-1,40,49,159,-1,159,49,48,-1,159,48,43,-1,159,160,40,-1,40,160,161,-1,40,161,41,-1,41,161,162,-1,41,162,56,-1,8,10,163,-1,163,10,64,-1,163,64,62,-1,62,61,163,-1,163,61,60,-1,163,60,162,-1,162,60,57,-1,162,57,56,-1,20,22,164,-1,164,22,143,-1,164,143,142,-1,137,165,140,-1,140,165,164,-1,140,164,141,-1,141,164,142,-1,110,32,34,-1,110,34,108,-1,106,114,166,-1,166,114,113,-1,166,113,34,-1,34,113,109,-1,34,109,108,-1,137,136,165,-1,165,136,107,-1,165,107,167,-1,167,107,106,-1,167,106,168,-1,168,106,166,-1,11,9,63,-1,63,9,169,-1,63,169,58,-1,58,169,59,-1,54,66,169,-1,169,66,65,-1,169,65,59,-1,169,170,54,-1,54,170,171,-1,54,171,55,-1,55,171,172,-1,55,172,81,-1,15,13,173,-1,173,13,89,-1,173,89,87,-1,87,86,173,-1,173,86,85,-1,173,85,172,-1,172,85,82,-1,172,82,81,-1,35,33,174,-1,174,33,118,-1,174,118,117,-1,112,175,115,-1,115,175,174,-1,115,174,116,-1,116,174,117,-1,96,31,29,-1,96,29,94,-1,92,101,176,-1,176,101,100,-1,176,100,29,-1,29,100,95,-1,29,95,94,-1,112,111,175,-1,175,111,93,-1,175,93,177,-1,177,93,92,-1,177,92,178,-1,178,92,176,-1,39,37,179,-1,179,37,129,-1,179,129,127,-1,122,180,125,-1,125,180,179,-1,125,179,126,-1,126,179,127,-1,135,23,21,-1,135,21,133,-1,132,139,181,-1,181,139,138,-1,181,138,21,-1,21,138,134,-1,21,134,133,-1,122,121,180,-1,180,121,120,-1,180,120,182,-1,182,120,132,-1,182,132,183,-1,183,132,181,-1,
        ]
    }
}
Shape{
    appearance Appearance {
        material  Material {
            diffuseColor 1.0 1.0 1.0
            specularColor 0.5019607843137255 0.5019607843137255 0.5019607843137255
            ambientIntensity 1.0
            transparency 0.0
            shininess 0.5
        }
    }
    geometry IndexedFaceSet {
        ccw TRUE
        solid FALSE
        coord DEF co Coordinate {
            point [
                2.0002 0.0217 0.6478, 2.0002 0.0217 0.6433, 1.9998 0.0217 0.6478, 1.9998 0.0217 0.6433, 2.0002 0.0059 0.6478, 1.9998 0.0059 0.6478, 2.0002 0.0059 0.683, 1.9998 0.0059 0.683, 2.0002 0.0007 0.683, 1.9998 0.0007 0.683, 2.0002 0.0007 0.6433, 1.9998 0.0007 0.6433, 1.9998 0.053 0.645, 2.0002 0.053 0.645, 2.0002 0.0487 0.6434, 2.0002 0.0421 0.6426, 1.9998 0.0421 0.6426, 1.9998 0.0452 0.643, 1.9998 0.0487 0.6434, 2.0002 0.053 0.6499, 1.9998 0.053 0.6499, 1.9998 0.049 0.6481, 2.0002 0.049 0.6481, 1.9998 0.0445 0.6473, 2.0002 0.0445 0.6473, 1.9998 0.0428 0.6472, 2.0002 0.0428 0.6472, 1.9998 0.0391 0.6476, 2.0002 0.0391 0.6476, 1.9998 0.0362 0.6487, 2.0002 0.0362 0.6487, 1.9998 0.0336 0.6505, 2.0002 0.0336 0.6505, 1.9998 0.0326 0.6514, 2.0002 0.0326 0.6514, 1.9998 0.0306 0.6542, 2.0002 0.0306 0.6542, 1.9998 0.0293 0.6575, 2.0002 0.0293 0.6575, 1.9998 0.0287 0.6624, 2.0002 0.0287 0.6624, 1.9998 0.0287 0.6627, 2.0002 0.0287 0.6627, 1.9998 0.0292 0.6678, 2.0002 0.0292 0.6678, 1.9998 0.0305 0.6713, 2.0002 0.0305 0.6713, 1.9998 0.0324 0.6741, 2.0002 0.0324 0.6741, 1.9998 0.0329 0.6747, 2.0002 0.0329 0.6747, 1.9998 0.0354 0.6768, 2.0002 0.0354 0.6768, 1.9998 0.0385 0.6783, 2.0002 0.0385 0.6783, 1.9998 0.0419 0.679, 2.0002 0.0419 0.679, 1.9998 0.0437 0.6791, 2.0002 0.0437 0.6791, 1.9998 0.0484 0.6785, 2.0002 0.0484 0.6785, 1.9998 0.0524 0.6771, 2.0002 0.0524 0.6771, 1.9998 0.053 0.6767, 2.0002 0.053 0.6767, 2.0002 0.053 0.6821, 1.9998 0.053 0.6821, 1.9998 0.0436 0.6837, 2.0002 0.0436 0.6837, 2.0002 0.044 0.6837, 1.9998 0.0491 0.6832, 2.0002 0.0491 0.6832, 1.9998 0.0477 0.6834, 1.9998 0.044 0.6837, 1.9998 0.0409 0.6834, 2.0002 0.0379 0.683, 1.9998 0.0379 0.683, 1.9998 0.0338 0.6814, 2.0002 0.0338 0.6814, 1.9998 0.0299 0.6787, 2.0002 0.0299 0.6787, 1.9998 0.029 0.6779, 2.0002 0.029 0.6779, 1.9998 0.0263 0.6743, 2.0002 0.0263 0.6743, 1.9998 0.0251 0.6716, 2.0002 0.0244 0.6699, 1.9998 0.0244 0.6699, 1.9998 0.0234 0.6648, 2.0002 0.0234 0.6648, 1.9998 0.0233 0.6624, 2.0002 0.0233 0.6624, 1.9998 0.024 0.6563, 2.0002 0.024 0.6563, 1.9998 0.0251 0.6534, 2.0002 0.0256 0.6521, 1.9998 0.0256 0.6521, 1.9998 0.0279 0.6486, 2.0002 0.0279 0.6486, 1.9998 0.0284 0.6481, 2.0002 0.0284 0.6481, 1.9998 0.0351 0.6437, 2.0002 0.0314 0.6455, 1.9998 0.0314 0.6455, 1.9998 0.0385 0.643, 2.0002 0.0394 0.6428, 2.0002 0.0351 0.6437, 1.9998 0.0394 0.6428, 2.0002 0.0824 0.6478, 2.0002 0.0824 0.6433, 1.9998 0.0824 0.6478, 1.9998 0.0824 0.6433, 1.9998 0.0661 0.6478, 2.0002 0.0661 0.6478, 1.9998 0.0769 0.6478, 2.0002 0.0661 0.6612, 1.9998 0.0661 0.6612, 1.9998 0.0803 0.6612, 2.0002 0.0803 0.6612, 1.9998 0.0769 0.6612, 2.0002 0.0803 0.6658, 1.9998 0.0803 0.6658, 1.9998 0.0661 0.6658, 2.0002 0.0661 0.6658, 1.9998 0.0769 0.6658, 2.0002 0.0661 0.6785, 1.9998 0.0661 0.6785, 1.9998 0.0815 0.6785, 2.0002 0.0815 0.6785, 1.9998 0.0769 0.6785, 2.0002 0.0815 0.683, 1.9998 0.0815 0.683, 1.9998 0.061 0.683, 2.0002 0.061 0.683, 1.9998 0.0769 0.683, 2.0002 0.061 0.6433, 1.9998 0.061 0.6433, 1.9998 0.0769 0.6433, 2.0002 0.1167 0.6613, 2.0002 0.1221 0.6609, 2.0002 0.1168 0.6635, 2.0002 0.1222 0.6637, 2.0002 0.1163 0.6681, 2.0002 0.1215 0.6693, 2.0002 0.1153 0.6711, 2.0002 0.12 0.673, 2.0002 0.1138 0.6734, 2.0002 0.1176 0.6765, 2.0002 0.1125 0.6747, 2.0002 0.1162 0.6778, 2.0002 0.1094 0.6767, 2.0002 0.1118 0.6807, 2.0002 0.1059 0.678, 2.0002 0.107 0.6824, 2.0002 0.101 0.6785, 2.0002 0.1012 0.683, 2.0002 0.095 0.6785, 2.0002 0.0899 0.683, 2.0002 0.095 0.6478, 2.0002 0.0899 0.6433, 2.0002 0.1008 0.6478, 2.0002 0.1008 0.6433, 2.0002 0.1058 0.6484, 2.0002 0.1071 0.644, 2.0002 0.1092 0.6496, 2.0002 0.1117 0.6457, 2.0002 0.1118 0.6513, 2.0002 0.1156 0.6483, 2.0002 0.1126 0.652, 2.0002 0.1162 0.6489, 2.0002 0.1146 0.6546, 2.0002 0.119 0.6522, 2.0002 0.116 0.6576, 2.0002 0.121 0.6563, 1.9998 0.1008 0.6433, 1.9998 0.0899 0.6433, 1.9998 0.1071 0.644, 1.9998 0.1081 0.6444, 1.9998 0.1117 0.6457, 1.9998 0.1156 0.6483, 1.9998 0.1162 0.6489, 1.9998 0.119 0.6522, 1.9998 0.121 0.6563, 1.9998 0.1221 0.6609, 1.9998 0.1222 0.6637, 1.9998 0.1215 0.6693, 1.9998 0.12 0.673, 1.9998 0.1176 0.6765, 1.9998 0.1162 0.6778, 1.9998 0.1118 0.6807, 1.9998 0.1081 0.6821, 1.9998 0.107 0.6824, 1.9998 0.1012 0.683, 1.9998 0.0899 0.683, 1.9998 0.101 0.6785, 1.9998 0.095 0.6785, 1.9998 0.095 0.6478, 1.9998 0.1008 0.6478, 1.9998 0.1126 0.652, 1.9998 0.1118 0.6513, 1.9998 0.1092 0.6496, 1.9998 0.1058 0.6484, 1.9998 0.1168 0.6635, 1.9998 0.1167 0.6613, 1.9998 0.116 0.6576, 1.9998 0.1146 0.6546, 1.9998 0.1125 0.6747, 1.9998 0.1138 0.6734, 1.9998 0.1153 0.6711, 1.9998 0.1163 0.6681, 1.9998 0.1059 0.678, 1.9998 0.1094 0.6767
            ]
        }
        coordIndex [
            0,1,2,-1,2,1,3,-1,4,0,5,-1,5,0,2,-1,6,4,7,-1,7,4,5,-1,8,6,9,-1,9,6,7,-1,10,8,11,-1,11,8,9,-1,1,10,3,-1,3,10,11,-1,6,8,4,-1,4,8,10,-1,4,10,0,-1,0,10,1,-1,12,13,14,-1,15,16,17,-1,15,17,14,-1,14,17,18,-1,14,18,12,-1,19,13,20,-1,20,13,12,-1,19,20,21,-1,19,21,22,-1,22,21,23,-1,22,23,24,-1,24,23,25,-1,24,25,26,-1,26,25,27,-1,26,27,28,-1,28,27,29,-1,28,29,30,-1,30,29,31,-1,30,31,32,-1,32,31,33,-1,32,33,34,-1,34,33,35,-1,34,35,36,-1,36,35,37,-1,36,37,38,-1,38,37,39,-1,38,39,40,-1,40,39,41,-1,40,41,42,-1,42,41,43,-1,42,43,44,-1,44,43,45,-1,44,45,46,-1,46,45,47,-1,46,47,48,-1,48,47,49,-1,48,49,50,-1,50,49,51,-1,50,51,52,-1,52,51,53,-1,52,53,54,-1,54,53,55,-1,54,55,56,-1,56,55,57,-1,56,57,58,-1,58,57,59,-1,58,59,60,-1,60,59,61,-1,60,61,62,-1,62,61,63,-1,62,63,64,-1,65,64,66,-1,66,64,63,-1,67,68,69,-1,65,66,70,-1,65,70,71,-1,71,70,72,-1,71,72,69,-1,69,72,73,-1,69,73,67,-1,68,67,74,-1,68,74,75,-1,74,76,75,-1,75,76,77,-1,75,77,78,-1,78,77,79,-1,78,79,80,-1,80,79,81,-1,80,81,82,-1,82,81,83,-1,82,83,84,-1,84,83,85,-1,84,85,86,-1,85,87,86,-1,86,87,88,-1,86,88,89,-1,89,88,90,-1,89,90,91,-1,91,90,92,-1,91,92,93,-1,93,92,94,-1,93,94,95,-1,94,96,95,-1,95,96,97,-1,95,97,98,-1,98,97,99,-1,98,99,100,-1,101,102,103,-1,103,102,100,-1,103,100,99,-1,104,105,101,-1,101,105,106,-1,101,106,102,-1,104,107,105,-1,105,107,16,-1,105,16,15,-1,62,64,65,-1,36,38,93,-1,44,46,84,-1,93,38,91,-1,84,46,82,-1,62,65,60,-1,60,65,71,-1,60,71,58,-1,58,71,69,-1,58,69,56,-1,56,69,68,-1,56,68,54,-1,54,68,75,-1,54,75,52,-1,13,19,14,-1,14,19,22,-1,14,22,15,-1,75,78,52,-1,52,78,80,-1,52,80,50,-1,50,80,82,-1,50,82,48,-1,48,82,46,-1,93,95,36,-1,36,95,98,-1,36,98,34,-1,34,98,100,-1,34,100,32,-1,32,100,102,-1,32,102,30,-1,30,102,106,-1,30,106,28,-1,28,106,105,-1,28,105,26,-1,26,105,15,-1,26,15,24,-1,24,15,22,-1,38,40,91,-1,91,40,42,-1,91,42,89,-1,89,42,44,-1,89,44,86,-1,86,44,84,-1,108,109,110,-1,110,109,111,-1,112,113,114,-1,114,113,108,-1,114,108,110,-1,115,113,116,-1,116,113,112,-1,117,118,119,-1,119,118,115,-1,119,115,116,-1,120,118,121,-1,121,118,117,-1,122,123,124,-1,124,123,120,-1,124,120,121,-1,125,123,126,-1,126,123,122,-1,127,128,129,-1,129,128,125,-1,129,125,126,-1,130,128,131,-1,131,128,127,-1,132,133,134,-1,134,133,130,-1,134,130,131,-1,135,133,136,-1,136,133,132,-1,111,109,137,-1,137,109,135,-1,137,135,136,-1,135,109,108,-1,108,113,135,-1,135,113,115,-1,135,115,133,-1,128,130,125,-1,125,130,133,-1,125,133,123,-1,123,133,115,-1,123,115,120,-1,120,115,118,-1,138,139,140,-1,140,139,141,-1,140,141,142,-1,142,141,143,-1,142,143,144,-1,144,143,145,-1,144,145,146,-1,146,145,147,-1,146,147,148,-1,148,147,149,-1,148,149,150,-1,150,149,151,-1,150,151,152,-1,152,151,153,-1,152,153,154,-1,154,153,155,-1,154,155,156,-1,156,155,157,-1,156,157,158,-1,158,157,159,-1,158,159,160,-1,160,159,161,-1,160,161,162,-1,162,161,163,-1,162,163,164,-1,164,163,165,-1,164,165,166,-1,166,165,167,-1,166,167,168,-1,168,167,169,-1,168,169,170,-1,170,169,171,-1,170,171,172,-1,172,171,173,-1,172,173,138,-1,138,173,139,-1,161,159,174,-1,174,159,175,-1,161,174,176,-1,161,176,163,-1,163,176,177,-1,163,177,165,-1,177,178,165,-1,165,178,179,-1,165,179,167,-1,167,179,180,-1,167,180,169,-1,169,180,181,-1,169,181,171,-1,171,181,182,-1,171,182,173,-1,173,182,183,-1,173,183,139,-1,139,183,184,-1,139,184,141,-1,141,184,185,-1,141,185,143,-1,143,185,186,-1,143,186,145,-1,145,186,187,-1,145,187,147,-1,147,187,188,-1,147,188,149,-1,149,188,189,-1,190,153,189,-1,189,153,151,-1,189,151,149,-1,190,191,153,-1,153,191,192,-1,153,192,155,-1,157,155,193,-1,193,155,192,-1,159,157,175,-1,175,157,193,-1,154,156,194,-1,194,156,195,-1,156,158,195,-1,195,158,196,-1,158,160,196,-1,196,160,197,-1,168,198,199,-1,168,199,166,-1,166,199,200,-1,166,200,164,-1,164,200,201,-1,164,201,162,-1,162,201,197,-1,162,197,160,-1,140,202,203,-1,140,203,138,-1,138,203,204,-1,138,204,172,-1,172,204,205,-1,172,205,170,-1,170,205,198,-1,170,198,168,-1,148,206,207,-1,148,207,146,-1,146,207,208,-1,146,208,144,-1,144,208,209,-1,144,209,142,-1,142,209,202,-1,142,202,140,-1,154,194,210,-1,154,210,152,-1,152,210,211,-1,152,211,150,-1,150,211,206,-1,150,206,148,-1,
        ]
    }
}
Shape{
    appearance Appearance {
        material  Material {
            diffuseColor 0.2235294117647059 0.2235294117647059 0.2235294117647059
            specularColor 0.11372549019607843 0.11372549019607843 0.11372549019607843
            ambientIntensity 0.2235
            transparency 0.0
            shininess 0.5
        }
    }
    geometry IndexedFaceSet {
        ccw TRUE
        solid FALSE
        coord DEF co Coordinate {
            point [
                1.9998 0.095 0.6785, 1.9998 0.095 0.6478, 1.9998 0.101 0.6785, 1.9998 0.1008 0.6478, 1.9998 0.1058 0.6484, 1.9998 0.1092 0.6496, 1.9998 0.1118 0.6513, 1.9998 0.1126 0.652, 1.9998 0.1146 0.6546, 1.9998 0.116 0.6576, 1.9998 0.1167 0.6613, 1.9998 0.1168 0.6635, 1.9998 0.1163 0.6681, 1.9998 0.1153 0.6711, 1.9998 0.1138 0.6734, 1.9998 0.1125 0.6747, 1.9998 0.1059 0.678, 1.9998 0.1094 0.6767
            ]
        }
        coordIndex [
            0,1,2,-1,2,1,3,-1,2,3,4,-1,4,5,2,-1,2,5,6,-1,2,6,7,-1,7,8,2,-1,2,8,9,-1,2,9,10,-1,10,11,2,-1,2,11,12,-1,2,12,13,-1,13,14,2,-1,2,14,15,-1,2,15,16,-1,16,15,17,-1,
        ]
    }
}
Shape{
    appearance Appearance {
        material  Material {
            diffuseColor 1.0 1.0 1.0
            specularColor 0.5019607843137255 0.5019607843137255 0.5019607843137255
            ambientIntensity 1.0
            transparency 0.0
            shininess 0.5
        }
    }
    geometry IndexedFaceSet {
        ccw TRUE
        solid FALSE
        coord DEF co Coordinate {
            point [
                2.0002 0.1355 0.6587, 2.0002 0.1339 0.6542, 2.0002 0.1489 0.6587, 2.0002 0.1504 0.6542, 2.0002 0.1415 0.6752, 2.0002 0.1395 0.683, 2.0002 0.1244 0.6433, 2.0002 0.1301 0.6433, 2.0002 0.1418 0.6764, 2.0002 0.1421 0.678, 2.0002 0.145 0.683, 2.0002 0.1422 0.678, 2.0002 0.1426 0.6763, 2.0002 0.1429 0.6752, 2.0002 0.1602 0.6433, 2.0002 0.1545 0.6433, 1.9998 0.145 0.683, 1.9998 0.1602 0.6433, 1.9998 0.1395 0.683, 1.9998 0.1244 0.6433, 1.9998 0.1359 0.6734, 1.9998 0.1301 0.6433, 1.9998 0.1339 0.6542, 1.9998 0.1504 0.6542, 1.9998 0.1359 0.6542, 1.9998 0.1545 0.6433, 1.9998 0.1355 0.6587, 1.9998 0.1489 0.6587, 1.9998 0.1429 0.6752, 1.9998 0.1422 0.678, 1.9998 0.1426 0.6763, 1.9998 0.1421 0.678, 1.9998 0.1415 0.6752, 1.9998 0.1418 0.6764
            ]
        }
        coordIndex [
            0,1,2,-1,2,1,3,-1,4,5,0,-1,0,5,6,-1,0,6,1,-1,1,6,7,-1,4,8,5,-1,5,8,9,-1,5,9,10,-1,10,9,11,-1,10,11,12,-1,12,13,10,-1,10,13,2,-1,10,2,14,-1,14,2,3,-1,14,3,15,-1,10,14,16,-1,16,14,17,-1,5,10,18,-1,18,10,16,-1,19,6,20,-1,20,6,5,-1,20,5,18,-1,7,6,21,-1,21,6,19,-1,1,7,22,-1,22,7,21,-1,23,3,24,-1,24,3,1,-1,24,1,22,-1,15,3,25,-1,25,3,23,-1,14,15,17,-1,17,15,25,-1,0,2,26,-1,26,2,27,-1,2,13,27,-1,27,13,28,-1,11,29,30,-1,11,30,12,-1,12,30,28,-1,12,28,13,-1,11,9,29,-1,29,9,31,-1,4,32,33,-1,4,33,8,-1,8,33,31,-1,8,31,9,-1,4,0,32,-1,32,0,26,-1,
        ]
    }
}
Shape{
    appearance Appearance {
        material  Material {
            diffuseColor 0.2235294117647059 0.2235294117647059 0.2235294117647059
            specularColor 0.11372549019607843 0.11372549019607843 0.11372549019607843
            ambientIntensity 0.2235
            transparency 0.0
            shininess 0.5
        }
    }
    geometry IndexedFaceSet {
        ccw TRUE
        solid FALSE
        coord DEF co Coordinate {
            point [
                1.9998 0.1422 0.678, 1.9998 0.1421 0.678, 1.9998 0.1426 0.6763, 1.9998 0.1418 0.6764, 1.9998 0.1429 0.6752, 1.9998 0.1415 0.6752, 1.9998 0.1489 0.6587, 1.9998 0.1355 0.6587
            ]
        }
        coordIndex [
            0,1,2,-1,2,1,3,-1,2,3,4,-1,4,3,5,-1,4,5,6,-1,6,5,7,-1,
        ]
    }
}
Shape{
    appearance Appearance {
        material  Material {
            diffuseColor 1.0 1.0 1.0
            specularColor 0.5019607843137255 0.5019607843137255 0.5019607843137255
            ambientIntensity 1.0
            transparency 0.0
            shininess 0.5
        }
    }
    geometry IndexedFaceSet {
        ccw TRUE
        solid FALSE
        coord DEF co Coordinate {
            point [
                2.0002 0.0221 0.5848, 2.0002 0.0221 0.5803, 1.9998 0.0221 0.5848, 1.9998 0.0221 0.5803, 2.0002 0.0059 0.5848, 1.9998 0.0059 0.5848, 2.0002 0.0059 0.5982, 1.9998 0.0059 0.5982, 2.0002 0.0201 0.5982, 1.9998 0.0201 0.5982, 2.0002 0.0201 0.6027, 1.9998 0.0201 0.6027, 2.0002 0.0059 0.6027, 1.9998 0.0059 0.6027, 2.0002 0.0059 0.6155, 1.9998 0.0059 0.6155, 2.0002 0.0212 0.6155, 1.9998 0.0212 0.6155, 2.0002 0.0212 0.62, 1.9998 0.0212 0.62, 2.0002 0.0007 0.62, 1.9998 0.0007 0.62, 2.0002 0.0007 0.5803, 1.9998 0.0007 0.5803, 2.0002 0.0445 0.5847, 2.0002 0.0447 0.5847, 2.0002 0.0444 0.5893, 2.0002 0.0326 0.5963, 2.0002 0.0305 0.5952, 2.0002 0.0332 0.5919, 2.0002 0.0447 0.5915, 2.0002 0.0497 0.5986, 2.0002 0.0447 0.5918, 2.0002 0.0447 0.5945, 2.0002 0.0447 0.5803, 2.0002 0.0497 0.5803, 2.0002 0.0436 0.5875, 2.0002 0.0425 0.586, 2.0002 0.0438 0.5835, 2.0002 0.0419 0.5854, 2.0002 0.0422 0.5818, 2.0002 0.0405 0.5845, 2.0002 0.0404 0.5806, 2.0002 0.039 0.5839, 2.0002 0.0384 0.5799, 2.0002 0.0371 0.5837, 2.0002 0.0359 0.5796, 2.0002 0.0355 0.5839, 2.0002 0.0329 0.58, 2.0002 0.0343 0.5843, 2.0002 0.031 0.5807, 2.0002 0.0333 0.585, 2.0002 0.0293 0.5819, 2.0002 0.0329 0.5854, 2.0002 0.0326 0.5912, 2.0002 0.0289 0.5939, 2.0002 0.0322 0.5902, 2.0002 0.0279 0.5924, 2.0002 0.0319 0.5891, 2.0002 0.0339 0.5924, 2.0002 0.0351 0.593, 2.0002 0.0363 0.5972, 2.0002 0.038 0.5936, 2.0002 0.0447 0.5983, 2.0002 0.0296 0.6067, 2.0002 0.0296 0.6018, 2.0002 0.031 0.6074, 2.0002 0.0328 0.6039, 2.0002 0.0347 0.6088, 2.0002 0.0359 0.605, 2.0002 0.0394 0.6093, 2.0002 0.0389 0.6053, 2.0002 0.0424 0.609, 2.0002 0.0406 0.6051, 2.0002 0.0445 0.6084, 2.0002 0.0418 0.6047, 2.0002 0.0462 0.6075, 2.0002 0.0427 0.6041, 2.0002 0.0475 0.6062, 2.0002 0.0434 0.6033, 2.0002 0.0485 0.6046, 2.0002 0.044 0.6023, 2.0002 0.0493 0.6023, 2.0002 0.0445 0.6005, 2.0002 0.0272 0.5907, 2.0002 0.0269 0.5886, 2.0002 0.0319 0.5883, 2.0002 0.0269 0.5879, 2.0002 0.032 0.5872, 2.0002 0.0271 0.5856, 2.0002 0.0324 0.5863, 2.0002 0.0277 0.584, 2.0002 0.0287 0.5824, 1.9998 0.0394 0.6093, 1.9998 0.0347 0.6088, 1.9998 0.031 0.6074, 1.9998 0.0296 0.6067, 1.9998 0.0296 0.6018, 1.9998 0.0328 0.6039, 1.9998 0.0359 0.605, 1.9998 0.0389 0.6053, 1.9998 0.0406 0.6051, 1.9998 0.0418 0.6047, 1.9998 0.0427 0.6041, 1.9998 0.0434 0.6033, 1.9998 0.044 0.6023, 1.9998 0.0445 0.6005, 1.9998 0.0447 0.5983, 1.9998 0.0363 0.5972, 1.9998 0.0326 0.5963, 1.9998 0.0305 0.5952, 1.9998 0.0289 0.5939, 1.9998 0.0279 0.5924, 1.9998 0.0272 0.5907, 1.9998 0.0269 0.5886, 1.9998 0.0269 0.5879, 1.9998 0.0271 0.5856, 1.9998 0.0277 0.584, 1.9998 0.0287 0.5824, 1.9998 0.0293 0.5819, 1.9998 0.0359 0.5796, 1.9998 0.033 0.58, 1.9998 0.0329 0.58, 1.9998 0.031 0.5807, 1.9998 0.0384 0.5799, 1.9998 0.0386 0.58, 1.9998 0.0404 0.5806, 1.9998 0.0422 0.5818, 1.9998 0.0438 0.5835, 1.9998 0.0445 0.5847, 1.9998 0.0447 0.5847, 1.9998 0.0447 0.5803, 1.9998 0.0497 0.5803, 1.9998 0.0497 0.5986, 1.9998 0.0493 0.6023, 1.9998 0.0485 0.6046, 1.9998 0.0475 0.6062, 1.9998 0.0462 0.6075, 1.9998 0.0445 0.6084, 1.9998 0.0424 0.609, 1.9998 0.0332 0.5919, 1.9998 0.0339 0.5924, 1.9998 0.0351 0.593, 1.9998 0.038 0.5936, 1.9998 0.0319 0.5883, 1.9998 0.0319 0.5891, 1.9998 0.0322 0.5902, 1.9998 0.0326 0.5912, 1.9998 0.0333 0.585, 1.9998 0.0329 0.5854, 1.9998 0.0324 0.5863, 1.9998 0.032 0.5872, 1.9998 0.0371 0.5837, 1.9998 0.0355 0.5839, 1.9998 0.0343 0.5843, 1.9998 0.0425 0.586, 1.9998 0.0419 0.5854, 1.9998 0.0405 0.5845, 1.9998 0.039 0.5839, 1.9998 0.0447 0.5918, 1.9998 0.0447 0.5915, 1.9998 0.0444 0.5893, 1.9998 0.0436 0.5875, 1.9998 0.0447 0.5945
            ]
        }
        coordIndex [
            0,1,2,-1,2,1,3,-1,4,0,5,-1,5,0,2,-1,6,4,7,-1,7,4,5,-1,8,6,9,-1,9,6,7,-1,10,8,11,-1,11,8,9,-1,12,10,13,-1,13,10,11,-1,14,12,15,-1,15,12,13,-1,16,14,17,-1,17,14,15,-1,18,16,19,-1,19,16,17,-1,20,18,21,-1,21,18,19,-1,22,20,23,-1,23,20,21,-1,1,22,3,-1,3,22,23,-1,22,1,0,-1,0,4,22,-1,22,4,6,-1,22,6,20,-1,16,18,14,-1,14,18,20,-1,14,20,12,-1,12,20,6,-1,12,6,10,-1,10,6,8,-1,24,25,26,-1,27,28,29,-1,30,31,32,-1,32,31,33,-1,34,35,25,-1,25,35,31,-1,25,31,26,-1,26,31,30,-1,26,36,24,-1,24,36,37,-1,24,37,38,-1,38,37,39,-1,38,39,40,-1,40,39,41,-1,40,41,42,-1,42,41,43,-1,42,43,44,-1,44,43,45,-1,44,45,46,-1,46,45,47,-1,46,47,48,-1,48,47,49,-1,48,49,50,-1,50,49,51,-1,50,51,52,-1,52,51,53,-1,29,28,54,-1,54,28,55,-1,54,55,56,-1,56,55,57,-1,56,57,58,-1,29,59,27,-1,27,59,60,-1,27,60,61,-1,61,60,62,-1,61,62,63,-1,64,65,66,-1,66,65,67,-1,66,67,68,-1,68,67,69,-1,68,69,70,-1,70,69,71,-1,70,71,72,-1,72,71,73,-1,72,73,74,-1,74,73,75,-1,74,75,76,-1,76,75,77,-1,76,77,78,-1,78,77,79,-1,78,79,80,-1,80,79,81,-1,80,81,82,-1,82,81,83,-1,82,83,31,-1,31,83,63,-1,31,63,33,-1,33,63,62,-1,57,84,58,-1,58,84,85,-1,58,85,86,-1,86,85,87,-1,86,87,88,-1,88,87,89,-1,88,89,90,-1,90,89,91,-1,90,91,53,-1,53,91,92,-1,53,92,52,-1,70,93,94,-1,70,94,68,-1,68,94,95,-1,68,95,66,-1,66,95,96,-1,66,96,64,-1,65,64,97,-1,97,64,96,-1,65,97,98,-1,65,98,67,-1,67,98,99,-1,67,99,69,-1,69,99,100,-1,69,100,71,-1,71,100,101,-1,71,101,73,-1,73,101,102,-1,73,102,75,-1,75,102,103,-1,75,103,77,-1,77,103,104,-1,77,104,79,-1,79,104,105,-1,79,105,81,-1,81,105,106,-1,81,106,83,-1,83,106,107,-1,83,107,63,-1,61,63,108,-1,108,63,107,-1,61,108,109,-1,61,109,27,-1,27,109,110,-1,27,110,28,-1,28,110,111,-1,28,111,55,-1,55,111,112,-1,55,112,57,-1,57,112,113,-1,57,113,84,-1,84,113,114,-1,84,114,85,-1,85,114,115,-1,85,115,87,-1,87,115,116,-1,87,116,89,-1,89,116,117,-1,89,117,91,-1,91,117,118,-1,91,118,92,-1,92,118,119,-1,92,119,52,-1,120,46,121,-1,121,46,48,-1,121,48,122,-1,122,48,50,-1,122,50,123,-1,123,50,52,-1,123,52,119,-1,46,120,124,-1,46,124,44,-1,44,124,125,-1,44,125,42,-1,125,126,42,-1,42,126,127,-1,42,127,40,-1,40,127,128,-1,40,128,38,-1,38,128,129,-1,38,129,24,-1,25,24,130,-1,130,24,129,-1,34,25,131,-1,131,25,130,-1,35,34,132,-1,132,34,131,-1,31,35,133,-1,133,35,132,-1,31,133,134,-1,31,134,82,-1,82,134,135,-1,82,135,80,-1,80,135,136,-1,80,136,78,-1,78,136,137,-1,78,137,76,-1,76,137,138,-1,76,138,74,-1,74,138,139,-1,74,139,72,-1,72,139,93,-1,72,93,70,-1,29,140,141,-1,29,141,59,-1,59,141,142,-1,59,142,60,-1,60,142,143,-1,60,143,62,-1,86,144,145,-1,86,145,58,-1,58,145,146,-1,58,146,56,-1,56,146,147,-1,56,147,54,-1,54,147,140,-1,54,140,29,-1,51,148,149,-1,51,149,53,-1,53,149,150,-1,53,150,90,-1,90,150,151,-1,90,151,88,-1,88,151,144,-1,88,144,86,-1,45,152,153,-1,45,153,47,-1,47,153,154,-1,47,154,49,-1,49,154,148,-1,49,148,51,-1,37,155,156,-1,37,156,39,-1,39,156,157,-1,39,157,41,-1,41,157,158,-1,41,158,43,-1,43,158,152,-1,43,152,45,-1,32,159,160,-1,32,160,30,-1,30,160,161,-1,30,161,26,-1,26,161,162,-1,26,162,36,-1,36,162,155,-1,36,155,37,-1,32,33,159,-1,159,33,163,-1,33,62,163,-1,163,62,143,-1,
        ]
    }
}
Shape{
    appearance Appearance {
        material  Material {
            diffuseColor 0.2235294117647059 0.2235294117647059 0.2235294117647059
            specularColor 0.11372549019607843 0.11372549019607843 0.11372549019607843
            ambientIntensity 0.2235
            transparency 0.0
            shininess 0.5
        }
    }
    geometry IndexedFaceSet {
        ccw TRUE
        solid FALSE
        coord DEF co Coordinate {
            point [
                1.9998 0.0447 0.5945, 1.9998 0.038 0.5936, 1.9998 0.0447 0.5918, 1.9998 0.0351 0.593, 1.9998 0.0339 0.5924, 1.9998 0.0332 0.5919, 1.9998 0.0447 0.5915, 1.9998 0.0444 0.5893, 1.9998 0.0326 0.5912, 1.9998 0.0436 0.5875, 1.9998 0.0329 0.5854, 1.9998 0.0333 0.585, 1.9998 0.0419 0.5854, 1.9998 0.0324 0.5863, 1.9998 0.0405 0.5845, 1.9998 0.039 0.5839, 1.9998 0.0371 0.5837, 1.9998 0.0322 0.5902, 1.9998 0.0319 0.5891, 1.9998 0.0425 0.586, 1.9998 0.0319 0.5883, 1.9998 0.032 0.5872, 1.9998 0.0343 0.5843, 1.9998 0.0355 0.5839
            ]
        }
        coordIndex [
            0,1,2,-1,2,1,3,-1,3,4,2,-1,2,4,5,-1,2,5,6,-1,6,5,7,-1,7,5,8,-1,7,8,9,-1,10,11,12,-1,10,12,13,-1,14,12,15,-1,15,12,16,-1,8,17,9,-1,9,17,18,-1,9,18,19,-1,19,18,20,-1,19,20,12,-1,12,20,21,-1,12,21,13,-1,11,22,12,-1,12,22,23,-1,12,23,16,-1,
        ]
    }
}
Shape{
    appearance Appearance {
        material  Material {
            diffuseColor 1.0 1.0 1.0
            specularColor 0.5019607843137255 0.5019607843137255 0.5019607843137255
            ambientIntensity 1.0
            transparency 0.0
            shininess 0.5
        }
    }
    geometry IndexedFaceSet {
        ccw TRUE
        solid FALSE
        coord DEF co Coordinate {
            point [
                2.0002 0.0646 0.5837, 1.9998 0.0646 0.5837, 1.9998 0.0615 0.5841, 1.9998 0.0587 0.5851, 2.0002 0.0583 0.5852, 2.0002 0.0615 0.5841, 1.9998 0.0583 0.5852, 1.9998 0.0564 0.5864, 2.0002 0.0564 0.5864, 2.0002 0.0564 0.5813, 1.9998 0.0564 0.5813, 2.0002 0.06 0.5801, 1.9998 0.0587 0.5805, 1.9998 0.0641 0.5796, 2.0002 0.0641 0.5796, 1.9998 0.0608 0.58, 1.9998 0.06 0.5801, 2.0002 0.0682 0.5801, 1.9998 0.0673 0.58, 1.9998 0.0682 0.5801, 1.9998 0.0709 0.581, 2.0002 0.0709 0.581, 1.9998 0.0724 0.5819, 2.0002 0.0724 0.5819, 1.9998 0.0738 0.5831, 2.0002 0.0738 0.5831, 1.9998 0.0747 0.5844, 2.0002 0.0747 0.5844, 1.9998 0.0753 0.586, 2.0002 0.0753 0.586, 1.9998 0.0756 0.588, 2.0002 0.0756 0.588, 1.9998 0.0754 0.5899, 2.0002 0.0754 0.5899, 1.9998 0.0748 0.5913, 2.0002 0.0748 0.5913, 1.9998 0.0739 0.5927, 2.0002 0.0739 0.5927, 1.9998 0.0727 0.5938, 2.0002 0.0727 0.5938, 1.9998 0.0694 0.5956, 2.0002 0.0694 0.5956, 1.9998 0.0675 0.5964, 2.0002 0.0675 0.5964, 1.9998 0.0644 0.5977, 2.0002 0.0644 0.5977, 1.9998 0.0626 0.5988, 2.0002 0.0626 0.5988, 1.9998 0.0622 0.5994, 2.0002 0.0622 0.5994, 1.9998 0.0618 0.6, 2.0002 0.0618 0.6, 1.9998 0.0616 0.6008, 2.0002 0.0616 0.6008, 1.9998 0.0616 0.6015, 2.0002 0.0616 0.6015, 1.9998 0.0616 0.6023, 2.0002 0.0616 0.6023, 1.9998 0.0619 0.6029, 2.0002 0.0619 0.6029, 1.9998 0.0623 0.6036, 2.0002 0.0623 0.6036, 1.9998 0.0631 0.6042, 2.0002 0.0631 0.6042, 1.9998 0.0642 0.6048, 2.0002 0.0642 0.6048, 1.9998 0.0655 0.6052, 2.0002 0.0655 0.6052, 1.9998 0.067 0.6053, 2.0002 0.067 0.6053, 1.9998 0.0703 0.6049, 2.0002 0.0703 0.6049, 1.9998 0.0731 0.6039, 2.0002 0.0731 0.6039, 1.9998 0.0742 0.6032, 2.0002 0.0742 0.6032, 2.0002 0.0742 0.6081, 1.9998 0.0742 0.6081, 1.9998 0.0702 0.6091, 2.0002 0.0702 0.6091, 1.9998 0.0675 0.6093, 2.0002 0.0675 0.6093, 1.9998 0.0638 0.6089, 2.0002 0.0638 0.6089, 1.9998 0.0611 0.6079, 2.0002 0.0611 0.6079, 1.9998 0.0596 0.6071, 2.0002 0.0596 0.6071, 2.0002 0.0581 0.6057, 1.9998 0.0587 0.6062, 1.9998 0.0581 0.6057, 1.9998 0.0572 0.6044, 2.0002 0.0572 0.6044, 1.9998 0.0566 0.6028, 2.0002 0.0566 0.6028, 1.9998 0.0564 0.601, 2.0002 0.0564 0.601, 1.9998 0.0566 0.5991, 2.0002 0.0566 0.5991, 1.9998 0.0572 0.5976, 2.0002 0.0572 0.5976, 1.9998 0.0578 0.5965, 2.0002 0.0578 0.5965, 1.9998 0.064 0.5928, 2.0002 0.064 0.5928, 2.0002 0.061 0.5941, 1.9998 0.0587 0.5957, 2.0002 0.0587 0.5957, 1.9998 0.0587 0.5956, 1.9998 0.061 0.5941, 1.9998 0.0672 0.5914, 2.0002 0.0672 0.5914, 1.9998 0.0692 0.5902, 2.0002 0.0692 0.5902, 1.9998 0.0698 0.5896, 2.0002 0.0698 0.5896, 1.9998 0.0702 0.5889, 2.0002 0.0702 0.5889, 1.9998 0.0704 0.5881, 2.0002 0.0704 0.5881, 1.9998 0.0705 0.5875, 2.0002 0.0705 0.5875, 1.9998 0.0704 0.5866, 2.0002 0.0704 0.5866, 1.9998 0.0701 0.5859, 2.0002 0.0701 0.5859, 1.9998 0.0697 0.5852, 2.0002 0.0697 0.5852, 1.9998 0.0691 0.5847, 2.0002 0.0691 0.5847, 1.9998 0.0686 0.5844, 2.0002 0.0686 0.5844, 1.9998 0.0674 0.584, 2.0002 0.0674 0.584, 1.9998 0.0648 0.5837, 2.0002 0.0648 0.5837, 2.0002 0.1002 0.6087, 2.0002 0.1054 0.6087, 1.9998 0.1002 0.6087, 1.9998 0.1054 0.6087, 2.0002 0.0925 0.5873, 1.9998 0.0925 0.5873, 1.9998 0.0921 0.586, 2.0002 0.0921 0.586, 1.9998 0.0919 0.585, 2.0002 0.0919 0.585, 2.0002 0.0917 0.585, 1.9998 0.0917 0.585, 2.0002 0.0911 0.5873, 1.9998 0.0911 0.5873, 1.9998 0.0837 0.6087, 2.0002 0.0837 0.6087, 1.9998 0.0861 0.6018, 2.0002 0.0782 0.6087, 1.9998 0.0782 0.6087, 1.9998 0.0893 0.5804, 2.0002 0.0893 0.5804, 1.9998 0.0861 0.5884, 1.9998 0.0871 0.5752, 2.0002 0.0871 0.5752, 1.9998 0.0891 0.58, 1.9998 0.0861 0.5734, 2.0002 0.0861 0.5734, 1.9998 0.0861 0.5734, 2.0002 0.0852 0.5724, 1.9998 0.0852 0.5724, 1.9998 0.0843 0.5717, 2.0002 0.0843 0.5717, 1.9998 0.0832 0.5713, 2.0002 0.0832 0.5713, 1.9998 0.082 0.5712, 2.0002 0.082 0.5712, 1.9998 0.0802 0.5714, 2.0002 0.0802 0.5714, 1.9998 0.0792 0.5718, 2.0002 0.0792 0.5718, 2.0002 0.0792 0.5673, 1.9998 0.0792 0.5673, 1.9998 0.0813 0.567, 2.0002 0.0813 0.567, 1.9998 0.0824 0.5669, 2.0002 0.0824 0.5669, 1.9998 0.0844 0.5672, 1.9998 0.0861 0.5678, 2.0002 0.0864 0.5679, 2.0002 0.0844 0.5672, 1.9998 0.0864 0.5679, 1.9998 0.0881 0.5691, 2.0002 0.0881 0.5691, 1.9998 0.0884 0.5694, 2.0002 0.0884 0.5694, 1.9998 0.0903 0.5716, 2.0002 0.0903 0.5716, 1.9998 0.0925 0.576, 2.0002 0.0925 0.576, 1.9998 0.0941 0.58, 2.0002 0.1321 0.5848, 2.0002 0.1321 0.5803, 1.9998 0.1321 0.5848, 1.9998 0.1321 0.5803, 1.9998 0.1159 0.5848, 2.0002 0.1159 0.5848, 1.9998 0.1233 0.5848, 2.0002 0.1159 0.5982, 1.9998 0.1159 0.5982, 1.9998 0.1301 0.5982, 2.0002 0.1301 0.5982, 1.9998 0.1233 0.5982, 2.0002 0.1301 0.6027, 1.9998 0.1301 0.6027, 1.9998 0.1159 0.6027, 2.0002 0.1159 0.6027, 1.9998 0.1233 0.6027, 2.0002 0.1159 0.6155, 1.9998 0.1159 0.6155, 1.9998 0.1312 0.6155, 2.0002 0.1312 0.6155, 1.9998 0.1233 0.6155, 2.0002 0.1312 0.62, 1.9998 0.1312 0.62, 1.9998 0.1107 0.62, 2.0002 0.1107 0.62, 1.9998 0.1233 0.62, 2.0002 0.1107 0.5803, 1.9998 0.1107 0.5803, 1.9998 0.1233 0.5803, 2.0002 0.1665 0.5983, 2.0002 0.1718 0.5978, 2.0002 0.1666 0.6005, 2.0002 0.172 0.6007, 2.0002 0.1661 0.6051, 2.0002 0.1713 0.6063, 2.0002 0.165 0.6081, 2.0002 0.1698 0.61, 2.0002 0.1635 0.6104, 2.0002 0.1673 0.6135, 2.0002 0.1622 0.6117, 2.0002 0.166 0.6148, 2.0002 0.1592 0.6137, 2.0002 0.1616 0.6177, 2.0002 0.1557 0.6149, 2.0002 0.1568 0.6194, 2.0002 0.1507 0.6155, 2.0002 0.1509 0.62, 2.0002 0.1447 0.6155, 2.0002 0.1396 0.62, 2.0002 0.1447 0.5848, 2.0002 0.1396 0.5803, 2.0002 0.1505 0.5848, 2.0002 0.1505 0.5803, 2.0002 0.1556 0.5854, 2.0002 0.1568 0.581, 2.0002 0.159 0.5866, 2.0002 0.1614 0.5827, 2.0002 0.1616 0.5883, 2.0002 0.1653 0.5853, 2.0002 0.1623 0.589, 2.0002 0.166 0.5859, 2.0002 0.1644 0.5916, 2.0002 0.1688 0.5892, 2.0002 0.1657 0.5946, 2.0002 0.1708 0.5932, 1.9998 0.1505 0.5803, 1.9998 0.1396 0.5803, 1.9998 0.1568 0.581, 1.9998 0.1614 0.5827, 1.9998 0.1653 0.5853, 1.9998 0.166 0.5859, 1.9998 0.1688 0.5892, 1.9998 0.1708 0.5932, 1.9998 0.1718 0.5978, 1.9998 0.172 0.6007, 1.9998 0.1713 0.6063, 1.9998 0.1698 0.61, 1.9998 0.1673 0.6135, 1.9998 0.166 0.6148, 1.9998 0.1616 0.6177, 1.9998 0.1568 0.6194, 1.9998 0.1509 0.62, 1.9998 0.1396 0.62, 1.9998 0.1507 0.6155, 1.9998 0.1447 0.6155, 1.9998 0.1447 0.5848, 1.9998 0.1505 0.5848, 1.9998 0.1623 0.589, 1.9998 0.1616 0.5883, 1.9998 0.159 0.5866, 1.9998 0.1556 0.5854, 1.9998 0.1666 0.6005, 1.9998 0.1665 0.5983, 1.9998 0.1657 0.5946, 1.9998 0.1644 0.5916, 1.9998 0.1622 0.6117, 1.9998 0.1635 0.6104, 1.9998 0.165 0.6081, 1.9998 0.1661 0.6051, 1.9998 0.1557 0.6149, 1.9998 0.1592 0.6137
            ]
        }
        coordIndex [
            0,1,2,-1,3,4,2,-1,2,4,5,-1,2,5,0,-1,3,6,4,-1,4,6,7,-1,4,7,8,-1,9,8,10,-1,10,8,7,-1,11,9,12,-1,12,9,10,-1,13,14,15,-1,15,14,11,-1,15,11,16,-1,16,11,12,-1,14,13,17,-1,17,13,18,-1,18,19,17,-1,17,19,20,-1,17,20,21,-1,21,20,22,-1,21,22,23,-1,23,22,24,-1,23,24,25,-1,25,24,26,-1,25,26,27,-1,27,26,28,-1,27,28,29,-1,29,28,30,-1,29,30,31,-1,31,30,32,-1,31,32,33,-1,33,32,34,-1,33,34,35,-1,35,34,36,-1,35,36,37,-1,37,36,38,-1,37,38,39,-1,39,38,40,-1,39,40,41,-1,41,40,42,-1,41,42,43,-1,43,42,44,-1,43,44,45,-1,45,44,46,-1,45,46,47,-1,47,46,48,-1,47,48,49,-1,49,48,50,-1,49,50,51,-1,51,50,52,-1,51,52,53,-1,53,52,54,-1,53,54,55,-1,55,54,56,-1,55,56,57,-1,57,56,58,-1,57,58,59,-1,59,58,60,-1,59,60,61,-1,61,60,62,-1,61,62,63,-1,63,62,64,-1,63,64,65,-1,65,64,66,-1,65,66,67,-1,67,66,68,-1,67,68,69,-1,69,68,70,-1,69,70,71,-1,71,70,72,-1,71,72,73,-1,73,72,74,-1,73,74,75,-1,76,75,77,-1,77,75,74,-1,76,77,78,-1,76,78,79,-1,79,78,80,-1,79,80,81,-1,81,80,82,-1,81,82,83,-1,83,82,84,-1,83,84,85,-1,85,84,86,-1,85,86,87,-1,87,86,88,-1,88,86,89,-1,89,90,88,-1,88,90,91,-1,88,91,92,-1,92,91,93,-1,92,93,94,-1,94,93,95,-1,94,95,96,-1,96,95,97,-1,96,97,98,-1,98,97,99,-1,98,99,100,-1,100,99,101,-1,100,101,102,-1,103,104,105,-1,102,101,106,-1,102,106,107,-1,107,106,108,-1,107,108,105,-1,105,108,109,-1,105,109,103,-1,104,103,110,-1,104,110,111,-1,111,110,112,-1,111,112,113,-1,113,112,114,-1,113,114,115,-1,115,114,116,-1,115,116,117,-1,117,116,118,-1,117,118,119,-1,119,118,120,-1,119,120,121,-1,121,120,122,-1,121,122,123,-1,123,122,124,-1,123,124,125,-1,125,124,126,-1,125,126,127,-1,127,126,128,-1,127,128,129,-1,129,128,130,-1,129,130,131,-1,131,130,132,-1,131,132,133,-1,133,132,134,-1,133,134,135,-1,135,134,1,-1,135,1,0,-1,61,63,85,-1,85,63,83,-1,111,43,104,-1,104,43,45,-1,21,23,127,-1,127,23,25,-1,127,25,125,-1,125,25,27,-1,125,27,123,-1,123,27,29,-1,123,29,121,-1,121,29,31,-1,121,31,119,-1,119,31,33,-1,119,33,117,-1,117,33,35,-1,117,35,115,-1,115,35,37,-1,115,37,113,-1,113,37,39,-1,113,39,111,-1,111,39,41,-1,111,41,43,-1,14,0,11,-1,11,0,5,-1,11,5,9,-1,9,5,4,-1,9,4,8,-1,63,65,83,-1,83,65,67,-1,83,67,81,-1,81,67,69,-1,81,69,79,-1,79,69,71,-1,79,71,76,-1,76,71,73,-1,76,73,75,-1,127,129,21,-1,21,129,131,-1,21,131,17,-1,17,131,133,-1,17,133,14,-1,14,133,135,-1,14,135,0,-1,85,87,61,-1,61,87,88,-1,61,88,59,-1,59,88,92,-1,59,92,57,-1,57,92,94,-1,57,94,55,-1,55,94,96,-1,55,96,53,-1,53,96,98,-1,53,98,51,-1,51,98,100,-1,51,100,49,-1,49,100,102,-1,49,102,47,-1,47,102,107,-1,47,107,45,-1,45,107,105,-1,45,105,104,-1,136,137,138,-1,138,137,139,-1,140,136,141,-1,141,136,138,-1,140,141,142,-1,140,142,143,-1,143,142,144,-1,143,144,145,-1,146,145,147,-1,147,145,144,-1,148,146,149,-1,149,146,147,-1,150,151,152,-1,152,151,148,-1,152,148,149,-1,153,151,154,-1,154,151,150,-1,155,156,157,-1,157,156,153,-1,157,153,154,-1,158,159,160,-1,160,159,156,-1,160,156,155,-1,159,158,161,-1,159,161,162,-1,162,161,163,-1,162,163,164,-1,163,165,164,-1,164,165,166,-1,164,166,167,-1,167,166,168,-1,167,168,169,-1,169,168,170,-1,169,170,171,-1,171,170,172,-1,171,172,173,-1,173,172,174,-1,173,174,175,-1,176,175,177,-1,177,175,174,-1,176,177,178,-1,176,178,179,-1,179,178,180,-1,179,180,181,-1,181,180,182,-1,183,184,182,-1,182,184,185,-1,182,185,181,-1,183,186,184,-1,184,186,187,-1,184,187,188,-1,188,187,189,-1,188,189,190,-1,190,189,191,-1,190,191,192,-1,192,191,193,-1,192,193,194,-1,139,137,195,-1,195,137,194,-1,195,194,193,-1,143,145,194,-1,137,136,194,-1,194,136,140,-1,194,140,143,-1,151,153,148,-1,148,153,156,-1,148,156,146,-1,192,162,190,-1,190,162,164,-1,175,176,173,-1,173,176,179,-1,173,179,171,-1,171,179,181,-1,171,181,169,-1,169,181,185,-1,169,185,167,-1,167,185,184,-1,167,184,164,-1,164,184,188,-1,164,188,190,-1,145,146,194,-1,194,146,156,-1,194,156,192,-1,192,156,159,-1,192,159,162,-1,196,197,198,-1,198,197,199,-1,200,201,202,-1,202,201,196,-1,202,196,198,-1,203,201,204,-1,204,201,200,-1,205,206,207,-1,207,206,203,-1,207,203,204,-1,208,206,209,-1,209,206,205,-1,210,211,212,-1,212,211,208,-1,212,208,209,-1,213,211,214,-1,214,211,210,-1,215,216,217,-1,217,216,213,-1,217,213,214,-1,218,216,219,-1,219,216,215,-1,220,221,222,-1,222,221,218,-1,222,218,219,-1,223,221,224,-1,224,221,220,-1,199,197,225,-1,225,197,223,-1,225,223,224,-1,206,208,203,-1,203,208,211,-1,197,196,223,-1,223,196,201,-1,216,218,213,-1,213,218,221,-1,213,221,211,-1,211,221,223,-1,211,223,203,-1,203,223,201,-1,226,227,228,-1,228,227,229,-1,228,229,230,-1,230,229,231,-1,230,231,232,-1,232,231,233,-1,232,233,234,-1,234,233,235,-1,234,235,236,-1,236,235,237,-1,236,237,238,-1,238,237,239,-1,238,239,240,-1,240,239,241,-1,240,241,242,-1,242,241,243,-1,242,243,244,-1,244,243,245,-1,244,245,246,-1,246,245,247,-1,246,247,248,-1,248,247,249,-1,248,249,250,-1,250,249,251,-1,250,251,252,-1,252,251,253,-1,252,253,254,-1,254,253,255,-1,254,255,256,-1,256,255,257,-1,256,257,258,-1,258,257,259,-1,258,259,260,-1,260,259,261,-1,260,261,226,-1,226,261,227,-1,249,247,262,-1,262,247,263,-1,249,262,264,-1,249,264,251,-1,251,264,265,-1,251,265,253,-1,253,265,266,-1,253,266,255,-1,255,266,267,-1,255,267,257,-1,257,267,268,-1,257,268,259,-1,259,268,269,-1,259,269,261,-1,261,269,270,-1,261,270,227,-1,227,270,271,-1,227,271,229,-1,229,271,272,-1,229,272,231,-1,231,272,273,-1,231,273,233,-1,233,273,274,-1,233,274,235,-1,235,274,275,-1,235,275,237,-1,237,275,276,-1,237,276,239,-1,239,276,277,-1,239,277,241,-1,241,277,278,-1,241,278,243,-1,245,243,279,-1,279,243,278,-1,247,245,263,-1,263,245,279,-1,242,244,280,-1,280,244,281,-1,244,246,281,-1,281,246,282,-1,246,248,282,-1,282,248,283,-1,256,284,285,-1,256,285,254,-1,254,285,286,-1,254,286,252,-1,252,286,287,-1,252,287,250,-1,250,287,283,-1,250,283,248,-1,228,288,289,-1,228,289,226,-1,226,289,290,-1,226,290,260,-1,260,290,291,-1,260,291,258,-1,258,291,284,-1,258,284,256,-1,236,292,293,-1,236,293,234,-1,234,293,294,-1,234,294,232,-1,232,294,295,-1,232,295,230,-1,230,295,288,-1,230,288,228,-1,242,280,296,-1,242,296,240,-1,240,296,297,-1,240,297,238,-1,238,297,292,-1,238,292,236,-1,
        ]
    }
}
Shape{
    appearance Appearance {
        material  Material {
            diffuseColor 0.2235294117647059 0.2235294117647059 0.2235294117647059
            specularColor 0.11372549019607843 0.11372549019607843 0.11372549019607843
            ambientIntensity 0.2235
            transparency 0.0
            shininess 0.5
        }
    }
    geometry IndexedFaceSet {
        ccw TRUE
        solid FALSE
        coord DEF co Coordinate {
            point [
                1.9998 0.1447 0.6155, 1.9998 0.1447 0.5848, 1.9998 0.1507 0.6155, 1.9998 0.1505 0.5848, 1.9998 0.1556 0.5854, 1.9998 0.159 0.5866, 1.9998 0.1616 0.5883, 1.9998 0.1623 0.589, 1.9998 0.1644 0.5916, 1.9998 0.1657 0.5946, 1.9998 0.1665 0.5983, 1.9998 0.1666 0.6005, 1.9998 0.1661 0.6051, 1.9998 0.165 0.6081, 1.9998 0.1635 0.6104, 1.9998 0.1622 0.6117, 1.9998 0.1557 0.6149, 1.9998 0.1592 0.6137
            ]
        }
        coordIndex [
            0,1,2,-1,2,1,3,-1,2,3,4,-1,4,5,2,-1,2,5,6,-1,2,6,7,-1,7,8,2,-1,2,8,9,-1,2,9,10,-1,10,11,2,-1,2,11,12,-1,2,12,13,-1,13,14,2,-1,2,14,15,-1,2,15,16,-1,16,15,17,-1,
        ]
    }
}
Shape{
    appearance Appearance {
        material  Material {
            diffuseColor 1.0 1.0 1.0
            specularColor 0.5019607843137255 0.5019607843137255 0.5019607843137255
            ambientIntensity 1.0
            transparency 0.0
            shininess 0.5
        }
    }
    geometry IndexedFaceSet {
        ccw TRUE
        solid FALSE
        coord DEF co Coordinate {
            point [
                2.0002 0.1853 0.5957, 2.0002 0.1836 0.5912, 2.0002 0.1986 0.5957, 2.0002 0.2002 0.5912, 2.0002 0.1912 0.6122, 2.0002 0.1893 0.62, 2.0002 0.1742 0.5803, 2.0002 0.1798 0.5803, 2.0002 0.1916 0.6133, 2.0002 0.1919 0.6149, 2.0002 0.1948 0.62, 2.0002 0.192 0.6149, 2.0002 0.1923 0.6133, 2.0002 0.1926 0.6122, 2.0002 0.2099 0.5803, 2.0002 0.2042 0.5803, 1.9998 0.1948 0.62, 1.9998 0.2099 0.5803, 1.9998 0.1893 0.62, 1.9998 0.1742 0.5803, 1.9998 0.1798 0.5803, 1.9998 0.1836 0.5912, 1.9998 0.2002 0.5912, 1.9998 0.2042 0.5803, 1.9998 0.1853 0.5957, 1.9998 0.1986 0.5957, 1.9998 0.1926 0.6122, 1.9998 0.192 0.6149, 1.9998 0.1923 0.6133, 1.9998 0.1919 0.6149, 1.9998 0.1912 0.6122, 1.9998 0.1916 0.6133
            ]
        }
        coordIndex [
            0,1,2,-1,2,1,3,-1,4,5,0,-1,0,5,6,-1,0,6,1,-1,1,6,7,-1,4,8,5,-1,5,8,9,-1,5,9,10,-1,10,9,11,-1,10,11,12,-1,12,13,10,-1,10,13,2,-1,10,2,14,-1,14,2,3,-1,14,3,15,-1,10,14,16,-1,16,14,17,-1,5,10,18,-1,18,10,16,-1,6,5,19,-1,19,5,18,-1,7,6,20,-1,20,6,19,-1,1,7,21,-1,21,7,20,-1,3,1,22,-1,22,1,21,-1,15,3,23,-1,23,3,22,-1,14,15,17,-1,17,15,23,-1,0,2,24,-1,24,2,25,-1,2,13,25,-1,25,13,26,-1,11,27,28,-1,11,28,12,-1,12,28,26,-1,12,26,13,-1,11,9,27,-1,27,9,29,-1,4,30,31,-1,4,31,8,-1,8,31,29,-1,8,29,9,-1,4,0,30,-1,30,0,24,-1,
        ]
    }
}
Shape{
    appearance Appearance {
        material  Material {
            diffuseColor 0.2235294117647059 0.2235294117647059 0.2235294117647059
            specularColor 0.11372549019607843 0.11372549019607843 0.11372549019607843
            ambientIntensity 0.2235
            transparency 0.0
            shininess 0.5
        }
    }
    geometry IndexedFaceSet {
        ccw TRUE
        solid FALSE
        coord DEF co Coordinate {
            point [
                1.9998 0.192 0.6149, 1.9998 0.1919 0.6149, 1.9998 0.1923 0.6133, 1.9998 0.1916 0.6133, 1.9998 0.1926 0.6122, 1.9998 0.1912 0.6122, 1.9998 0.1986 0.5957, 1.9998 0.1853 0.5957
            ]
        }
        coordIndex [
            0,1,2,-1,2,1,3,-1,2,3,4,-1,4,3,5,-1,4,5,6,-1,6,5,7,-1,
        ]
    }
}
Shape{
    appearance Appearance {
        material  Material {
            diffuseColor 1.0 1.0 1.0
            specularColor 0.5019607843137255 0.5019607843137255 0.5019607843137255
            ambientIntensity 1.0
            transparency 0.0
            shininess 0.5
        }
    }
    geometry IndexedFaceSet {
        ccw TRUE
        solid FALSE
        coord DEF co Coordinate {
            point [
                2.0002 -0.1823 0.6486, 2.0002 -0.1761 0.652, 2.0002 -0.1774 0.6694, 2.0002 -0.1597 0.6703, 2.0002 -0.151 0.6496, 2.0002 -0.1467 0.6586, 2.0002 -0.1655 0.5656, 2.0002 -0.1773 0.5996, 2.0002 -0.171 0.5699, 2.0002 -0.175 0.5752, 2.0002 -0.0829 0.6135, 2.0002 -0.0917 0.6285, 2.0002 -0.1225 0.5926, 2.0002 -0.1295 0.6087, 2.0002 -0.1225 0.5898, 2.0002 -0.1325 0.5682, 2.0002 -0.1226 0.5866, 2.0002 -0.1277 0.5734, 2.0002 -0.1243 0.5796, 2.0002 -0.1662 0.6708, 2.0002 -0.0736 0.6414, 2.0002 -0.0713 0.6414, 2.0002 -0.0598 0.6567, 2.0002 -0.066 0.6408, 2.0002 -0.0584 0.6563, 2.0002 -0.0611 0.6389, 2.0002 -0.05 0.6521, 2.0002 -0.0424 0.6456, 2.0002 -0.154 0.677, 2.0002 -0.1403 0.6662, 2.0002 -0.1473 0.6827, 2.0002 -0.1328 0.6717, 2.0002 -0.1404 0.687, 2.0002 -0.1827 0.6029, 2.0002 -0.1811 0.5818, 2.0002 -0.1775 0.5807, 2.0002 -0.1691 0.6537, 2.0002 -0.166 0.6539, 2.0002 -0.163 0.6706, 2.0002 -0.1601 0.6532, 2.0002 -0.1537 0.6511, 2.0002 -0.1566 0.58, 2.0002 -0.154 0.5789, 2.0002 -0.1591 0.5628, 2.0002 -0.1515 0.5785, 2.0002 -0.1525 0.5616, 2.0002 -0.151 0.5785, 2.0002 -0.1507 0.5615, 2.0002 -0.1482 0.5788, 2.0002 -0.1446 0.5622, 2.0002 -0.1457 0.5798, 2.0002 -0.1382 0.5644, 2.0002 -0.1436 0.5813, 2.0002 -0.142 0.5831, 2.0002 -0.1407 0.5855, 2.0002 -0.0567 0.6358, 2.0002 -0.0534 0.6321, 2.0002 -0.0366 0.6376, 2.0002 -0.0508 0.6273, 2.0002 -0.0331 0.629, 2.0002 -0.0318 0.6197, 2.0002 -0.0422 0.5929, 2.0002 -0.0556 0.6039, 2.0002 -0.0499 0.5864, 2.0002 -0.0598 0.6006, 2.0002 -0.0585 0.5822, 2.0002 -0.0648 0.5983, 2.0002 -0.068 0.5802, 2.0002 -0.0696 0.5974, 2.0002 -0.0846 0.5802, 2.0002 -0.0824 0.5974, 2.0002 -0.0862 0.5804, 2.0002 -0.1879 0.6654, 2.0002 -0.1968 0.6591, 2.0002 -0.1875 0.6438, 2.0002 -0.1987 0.6573, 2.0002 -0.1913 0.6381, 2.0002 -0.2055 0.6485, 2.0002 -0.1935 0.6317, 2.0002 -0.1615 0.586, 2.0002 -0.1603 0.5836, 2.0002 -0.1587 0.5816, 2.0002 -0.162 0.5887, 2.0002 -0.1618 0.5914, 2.0002 -0.1769 0.6005, 2.0002 -0.161 0.5941, 2.0002 -0.1737 0.6063, 2.0002 -0.1595 0.5964, 2.0002 -0.1689 0.6115, 2.0002 -0.1584 0.5976, 2.0002 -0.163 0.6154, 2.0002 -0.1562 0.5992, 2.0002 -0.1568 0.6176, 2.0002 -0.1537 0.6001, 2.0002 -0.1507 0.6183, 2.0002 -0.151 0.6005, 2.0002 -0.1466 0.618, 2.0002 -0.1486 0.6002, 2.0002 -0.1399 0.6162, 2.0002 -0.146 0.5993, 2.0002 -0.134 0.6128, 2.0002 -0.1437 0.5978, 2.0002 -0.1419 0.5957, 2.0002 -0.1407 0.5934, 2.0002 -0.1401 0.5908, 2.0002 -0.14 0.5882, 2.0002 -0.0494 0.6218, 2.0002 -0.0493 0.6194, 2.0002 -0.0331 0.6097, 2.0002 -0.05 0.614, 2.0002 -0.0366 0.6007, 2.0002 -0.0519 0.609, 2.0002 -0.055 0.6045, 2.0002 -0.075 0.679, 2.0002 -0.0862 0.6661, 2.0002 -0.0657 0.6682, 2.0002 -0.0798 0.6585, 2.0002 -0.0754 0.6495, 2.0002 -0.1274 0.692, 2.0002 -0.1236 0.6754, 2.0002 -0.1134 0.6937, 2.0002 -0.1131 0.6768, 2.0002 -0.1018 0.6925, 2.0002 -0.1035 0.6756, 2.0002 -0.0876 0.6875, 2.0002 -0.0947 0.6722, 2.0002 -0.0867 0.6666, 2.0002 -0.0838 0.5977, 2.0002 -0.0906 0.5831, 2.0002 -0.0899 0.5825, 2.0002 -0.21 0.6383, 2.0002 -0.2119 0.6277, 2.0002 -0.1942 0.6256, 2.0002 -0.212 0.6251, 2.0002 -0.1938 0.6209, 2.0002 -0.2106 0.614, 2.0002 -0.1917 0.614, 2.0002 -0.2066 0.6034, 2.0002 -0.1879 0.6079, 2.0002 -0.2001 0.5943, 2.0002 -0.1913 0.5868, 2.0002 -0.0829 0.5975, 2.0002 -0.0881 0.5812, 2.0002 -0.0928 0.5889, 2.0002 -0.0925 0.5868, 2.0002 -0.0918 0.5849, 2.0002 -0.0862 0.5974, 2.0002 -0.0882 0.5966, 2.0002 -0.0927 0.59, 2.0002 -0.0899 0.5954, 2.0002 -0.0911 0.5941, 2.0002 -0.0922 0.5922, 2.0002 -0.0841 0.5977, 1.9998 -0.0318 0.6197, 1.9998 -0.0331 0.629, 1.9998 -0.0404 0.643, 1.9998 -0.0341 0.6313, 1.9998 -0.0366 0.6376, 1.9998 -0.0424 0.6456, 1.9998 -0.05 0.6521, 1.9998 -0.0584 0.6563, 1.9998 -0.0598 0.6567, 1.9998 -0.0657 0.6682, 1.9998 -0.075 0.679, 1.9998 -0.0815 0.6834, 1.9998 -0.0876 0.6875, 1.9998 -0.1018 0.6925, 1.9998 -0.1134 0.6937, 1.9998 -0.1473 0.6827, 1.9998 -0.1462 0.6834, 1.9998 -0.1404 0.687, 1.9998 -0.1274 0.692, 1.9998 -0.154 0.677, 1.9998 -0.1597 0.6703, 1.9998 -0.163 0.6706, 1.9998 -0.1662 0.6708, 1.9998 -0.1774 0.6694, 1.9998 -0.1879 0.6654, 1.9998 -0.1968 0.6591, 1.9998 -0.1987 0.6573, 1.9998 -0.212 0.6251, 1.9998 -0.2055 0.6485, 1.9998 -0.208 0.643, 1.9998 -0.21 0.6383, 1.9998 -0.2113 0.6313, 1.9998 -0.2119 0.6277, 1.9998 -0.2106 0.614, 1.9998 -0.2066 0.6034, 1.9998 -0.2001 0.5943, 1.9998 -0.1913 0.5868, 1.9998 -0.1811 0.5818, 1.9998 -0.1775 0.5807, 1.9998 -0.1772 0.58, 1.9998 -0.175 0.5752, 1.9998 -0.171 0.5699, 1.9998 -0.1655 0.5656, 1.9998 -0.1624 0.5642, 1.9998 -0.1591 0.5628, 1.9998 -0.1525 0.5616, 1.9998 -0.1507 0.5615, 1.9998 -0.1225 0.5898, 1.9998 -0.1446 0.5622, 1.9998 -0.1388 0.5642, 1.9998 -0.1382 0.5644, 1.9998 -0.1325 0.5682, 1.9998 -0.1277 0.5734, 1.9998 -0.1243 0.5796, 1.9998 -0.1243 0.58, 1.9998 -0.1226 0.5866, 1.9998 -0.1225 0.5926, 1.9998 -0.0829 0.6135, 1.9998 -0.0917 0.6285, 1.9998 -0.1295 0.6087, 1.9998 -0.134 0.6128, 1.9998 -0.1399 0.6162, 1.9998 -0.1466 0.618, 1.9998 -0.1507 0.6183, 1.9998 -0.1568 0.6176, 1.9998 -0.163 0.6154, 1.9998 -0.1689 0.6115, 1.9998 -0.1737 0.6063, 1.9998 -0.1769 0.6005, 1.9998 -0.1773 0.5996, 1.9998 -0.1827 0.6029, 1.9998 -0.1879 0.6079, 1.9998 -0.1917 0.614, 1.9998 -0.1938 0.6209, 1.9998 -0.1942 0.6256, 1.9998 -0.1936 0.6313, 1.9998 -0.1935 0.6317, 1.9998 -0.1913 0.6381, 1.9998 -0.1881 0.643, 1.9998 -0.1875 0.6438, 1.9998 -0.1823 0.6486, 1.9998 -0.1761 0.652, 1.9998 -0.1691 0.6537, 1.9998 -0.166 0.6539, 1.9998 -0.1601 0.6532, 1.9998 -0.1537 0.6511, 1.9998 -0.151 0.6496, 1.9998 -0.1467 0.6586, 1.9998 -0.1403 0.6662, 1.9998 -0.1328 0.6717, 1.9998 -0.1236 0.6754, 1.9998 -0.1131 0.6768, 1.9998 -0.0736 0.6414, 1.9998 -0.0739 0.643, 1.9998 -0.0754 0.6495, 1.9998 -0.0798 0.6585, 1.9998 -0.0862 0.6661, 1.9998 -0.0867 0.6666, 1.9998 -0.0947 0.6722, 1.9998 -0.1035 0.6756, 1.9998 -0.0713 0.6414, 1.9998 -0.066 0.6408, 1.9998 -0.0611 0.6389, 1.9998 -0.0567 0.6358, 1.9998 -0.0534 0.6321, 1.9998 -0.0529 0.6313, 1.9998 -0.0508 0.6273, 1.9998 -0.0494 0.6218, 1.9998 -0.0493 0.6194, 1.9998 -0.05 0.614, 1.9998 -0.0519 0.609, 1.9998 -0.055 0.6045, 1.9998 -0.0556 0.6039, 1.9998 -0.0598 0.6006, 1.9998 -0.0648 0.5983, 1.9998 -0.0696 0.5974, 1.9998 -0.0824 0.5974, 1.9998 -0.0829 0.5975, 1.9998 -0.0838 0.5977, 1.9998 -0.0841 0.5977, 1.9998 -0.0862 0.5974, 1.9998 -0.0882 0.5966, 1.9998 -0.0899 0.5954, 1.9998 -0.0911 0.5941, 1.9998 -0.0922 0.5922, 1.9998 -0.0927 0.59, 1.9998 -0.0928 0.5889, 1.9998 -0.0925 0.5868, 1.9998 -0.0918 0.5849, 1.9998 -0.0906 0.5831, 1.9998 -0.0899 0.5825, 1.9998 -0.0881 0.5812, 1.9998 -0.0862 0.5804, 1.9998 -0.0846 0.5802, 1.9998 -0.068 0.5802, 1.9998 -0.0585 0.5822, 1.9998 -0.0499 0.5864, 1.9998 -0.0422 0.5929, 1.9998 -0.0366 0.6007, 1.9998 -0.0331 0.6097, 1.9998 -0.151 0.6005, 1.9998 -0.1486 0.6002, 1.9998 -0.146 0.5993, 1.9998 -0.1437 0.5978, 1.9998 -0.1419 0.5957, 1.9998 -0.1407 0.5934, 1.9998 -0.1401 0.5908, 1.9998 -0.14 0.5882, 1.9998 -0.1407 0.5855, 1.9998 -0.142 0.5831, 1.9998 -0.1436 0.5813, 1.9998 -0.1457 0.5798, 1.9998 -0.1482 0.5788, 1.9998 -0.151 0.5785, 1.9998 -0.1515 0.5785, 1.9998 -0.154 0.5789, 1.9998 -0.1566 0.58, 1.9998 -0.1587 0.5816, 1.9998 -0.1603 0.5836, 1.9998 -0.1615 0.586, 1.9998 -0.162 0.5887, 1.9998 -0.1618 0.5914, 1.9998 -0.161 0.5941, 1.9998 -0.1595 0.5964, 1.9998 -0.1584 0.5976, 1.9998 -0.1562 0.5992, 1.9998 -0.1537 0.6001
            ]
        }
        coordIndex [
            0,1,2,-1,3,4,5,-1,6,7,8,-1,8,7,9,-1,10,11,12,-1,12,11,13,-1,12,13,14,-1,14,13,15,-1,14,15,16,-1,16,15,17,-1,16,17,18,-1,2,1,19,-1,20,21,22,-1,22,21,23,-1,22,23,24,-1,24,23,25,-1,24,25,26,-1,26,25,27,-1,3,5,28,-1,28,5,29,-1,28,29,30,-1,30,29,31,-1,30,31,32,-1,33,34,7,-1,7,34,35,-1,7,35,9,-1,1,36,19,-1,19,36,37,-1,19,37,38,-1,38,37,39,-1,38,39,3,-1,3,39,40,-1,3,40,4,-1,41,6,42,-1,42,6,43,-1,42,43,44,-1,44,43,45,-1,44,45,46,-1,46,45,47,-1,46,47,48,-1,48,47,49,-1,48,49,50,-1,50,49,51,-1,50,51,52,-1,52,51,15,-1,52,15,53,-1,53,15,54,-1,25,55,27,-1,27,55,56,-1,27,56,57,-1,57,56,58,-1,57,58,59,-1,59,58,60,-1,61,62,63,-1,63,62,64,-1,63,64,65,-1,65,64,66,-1,65,66,67,-1,67,66,68,-1,67,68,69,-1,69,68,70,-1,69,70,71,-1,2,72,0,-1,0,72,73,-1,0,73,74,-1,74,73,75,-1,74,75,76,-1,76,75,77,-1,76,77,78,-1,79,7,80,-1,80,7,6,-1,80,6,81,-1,81,6,41,-1,79,82,7,-1,7,82,83,-1,7,83,84,-1,84,83,85,-1,84,85,86,-1,86,85,87,-1,86,87,88,-1,88,87,89,-1,88,89,90,-1,90,89,91,-1,90,91,92,-1,92,91,93,-1,92,93,94,-1,94,93,95,-1,94,95,96,-1,96,95,97,-1,96,97,98,-1,98,97,99,-1,98,99,100,-1,100,99,101,-1,100,101,13,-1,13,101,102,-1,102,103,13,-1,13,103,104,-1,13,104,15,-1,15,104,105,-1,15,105,54,-1,58,106,60,-1,60,106,107,-1,60,107,108,-1,108,107,109,-1,108,109,110,-1,110,109,111,-1,110,111,61,-1,61,111,112,-1,61,112,62,-1,113,114,115,-1,115,114,116,-1,115,116,22,-1,22,116,117,-1,22,117,20,-1,32,31,118,-1,118,31,119,-1,118,119,120,-1,120,119,121,-1,120,121,122,-1,122,121,123,-1,122,123,124,-1,124,123,125,-1,124,125,113,-1,113,125,126,-1,113,126,114,-1,127,128,129,-1,77,130,78,-1,78,130,131,-1,78,131,132,-1,132,131,133,-1,132,133,134,-1,134,133,135,-1,134,135,136,-1,136,135,137,-1,136,137,138,-1,138,137,139,-1,138,139,33,-1,33,139,140,-1,33,140,34,-1,70,141,71,-1,71,141,127,-1,71,127,142,-1,142,127,129,-1,143,144,127,-1,127,144,145,-1,127,145,128,-1,146,147,148,-1,147,149,148,-1,148,149,150,-1,148,150,151,-1,143,127,148,-1,148,127,152,-1,148,152,146,-1,60,153,154,-1,155,27,57,-1,60,154,59,-1,59,154,156,-1,59,156,57,-1,57,156,157,-1,57,157,155,-1,155,158,27,-1,27,158,159,-1,27,159,26,-1,26,159,160,-1,26,160,24,-1,24,160,161,-1,24,161,22,-1,22,161,162,-1,22,162,115,-1,115,162,163,-1,115,163,113,-1,124,113,164,-1,164,113,163,-1,164,165,124,-1,124,165,166,-1,124,166,122,-1,122,166,167,-1,122,167,120,-1,168,30,169,-1,169,30,32,-1,169,32,170,-1,170,32,118,-1,170,118,171,-1,171,118,120,-1,171,120,167,-1,30,168,172,-1,30,172,28,-1,28,172,173,-1,28,173,3,-1,3,173,174,-1,3,174,38,-1,38,174,175,-1,38,175,19,-1,19,175,176,-1,19,176,2,-1,2,176,177,-1,2,177,72,-1,72,177,178,-1,72,178,73,-1,73,178,179,-1,73,179,75,-1,180,133,131,-1,75,179,181,-1,75,181,77,-1,77,181,182,-1,77,182,130,-1,182,183,130,-1,130,183,184,-1,130,184,131,-1,131,184,185,-1,131,185,180,-1,133,180,186,-1,133,186,135,-1,135,186,187,-1,135,187,137,-1,137,187,188,-1,137,188,139,-1,139,188,189,-1,139,189,140,-1,140,189,190,-1,140,190,34,-1,34,190,191,-1,34,191,35,-1,35,191,192,-1,35,192,9,-1,192,193,9,-1,9,193,194,-1,9,194,8,-1,8,194,195,-1,8,195,6,-1,6,195,196,-1,6,196,43,-1,196,197,43,-1,43,197,198,-1,43,198,45,-1,45,198,199,-1,45,199,47,-1,200,14,16,-1,47,199,201,-1,202,51,201,-1,201,51,49,-1,201,49,47,-1,202,203,51,-1,51,203,204,-1,51,204,15,-1,15,204,205,-1,15,205,17,-1,17,205,206,-1,17,206,18,-1,18,206,207,-1,18,207,16,-1,16,207,208,-1,16,208,200,-1,12,14,209,-1,209,14,200,-1,10,12,210,-1,210,12,209,-1,11,10,211,-1,211,10,210,-1,13,11,212,-1,212,11,211,-1,13,212,213,-1,13,213,100,-1,100,213,214,-1,100,214,98,-1,98,214,215,-1,98,215,96,-1,96,215,216,-1,96,216,94,-1,94,216,217,-1,94,217,92,-1,92,217,218,-1,92,218,90,-1,90,218,219,-1,90,219,88,-1,88,219,220,-1,88,220,86,-1,86,220,221,-1,86,221,84,-1,84,221,222,-1,84,222,7,-1,7,222,223,-1,7,223,33,-1,33,223,224,-1,33,224,138,-1,138,224,225,-1,138,225,136,-1,136,225,226,-1,136,226,134,-1,134,226,227,-1,134,227,132,-1,78,132,227,-1,227,228,78,-1,78,228,229,-1,78,229,230,-1,231,74,230,-1,230,74,76,-1,230,76,78,-1,231,232,74,-1,74,232,233,-1,74,233,0,-1,0,233,234,-1,0,234,1,-1,1,234,235,-1,1,235,36,-1,36,235,236,-1,36,236,37,-1,37,236,237,-1,37,237,39,-1,39,237,238,-1,39,238,40,-1,40,238,239,-1,40,239,4,-1,4,239,240,-1,4,240,5,-1,5,240,241,-1,5,241,29,-1,29,241,242,-1,29,242,31,-1,31,242,243,-1,31,243,119,-1,119,243,244,-1,119,244,121,-1,245,20,246,-1,246,20,117,-1,246,117,247,-1,247,117,116,-1,247,116,248,-1,248,116,114,-1,248,114,249,-1,249,114,126,-1,249,126,250,-1,250,126,125,-1,250,125,251,-1,251,125,123,-1,251,123,252,-1,252,123,121,-1,252,121,244,-1,21,20,253,-1,253,20,245,-1,21,253,254,-1,21,254,23,-1,23,254,255,-1,23,255,25,-1,25,255,256,-1,25,256,55,-1,55,256,257,-1,55,257,56,-1,56,257,258,-1,56,258,58,-1,258,259,58,-1,58,259,260,-1,58,260,106,-1,106,260,261,-1,106,261,107,-1,107,261,262,-1,107,262,109,-1,109,262,263,-1,109,263,111,-1,111,263,264,-1,111,264,112,-1,112,264,265,-1,112,265,62,-1,62,265,266,-1,62,266,64,-1,64,266,267,-1,64,267,66,-1,66,267,268,-1,66,268,68,-1,70,68,269,-1,269,68,268,-1,70,269,270,-1,70,270,141,-1,141,270,271,-1,141,271,127,-1,127,271,272,-1,127,272,152,-1,152,272,273,-1,152,273,146,-1,146,273,274,-1,146,274,147,-1,147,274,275,-1,147,275,149,-1,149,275,276,-1,149,276,150,-1,150,276,277,-1,150,277,151,-1,151,277,278,-1,151,278,148,-1,148,278,279,-1,148,279,143,-1,143,279,280,-1,143,280,144,-1,144,280,281,-1,144,281,145,-1,145,281,282,-1,145,282,128,-1,128,282,283,-1,128,283,129,-1,129,283,284,-1,129,284,142,-1,142,284,285,-1,142,285,71,-1,71,285,286,-1,71,286,69,-1,67,69,287,-1,287,69,286,-1,67,287,288,-1,67,288,65,-1,65,288,289,-1,65,289,63,-1,63,289,290,-1,63,290,61,-1,61,290,291,-1,61,291,110,-1,110,291,292,-1,110,292,108,-1,108,292,153,-1,108,153,60,-1,95,293,294,-1,95,294,97,-1,97,294,295,-1,97,295,99,-1,99,295,296,-1,99,296,101,-1,101,296,297,-1,101,297,102,-1,102,297,298,-1,102,298,103,-1,103,298,299,-1,103,299,104,-1,104,299,300,-1,104,300,105,-1,105,300,301,-1,105,301,54,-1,54,301,302,-1,54,302,53,-1,53,302,303,-1,53,303,52,-1,52,303,304,-1,52,304,50,-1,50,304,305,-1,50,305,48,-1,48,305,306,-1,48,306,46,-1,46,306,307,-1,46,307,44,-1,44,307,308,-1,44,308,42,-1,42,308,309,-1,42,309,41,-1,41,309,310,-1,41,310,81,-1,81,310,311,-1,81,311,80,-1,80,311,312,-1,80,312,79,-1,79,312,313,-1,79,313,82,-1,82,313,314,-1,82,314,83,-1,83,314,315,-1,83,315,85,-1,85,315,316,-1,85,316,87,-1,87,316,317,-1,87,317,89,-1,89,317,318,-1,89,318,91,-1,91,318,319,-1,91,319,93,-1,93,319,293,-1,93,293,95,-1,
        ]
    }
}
Shape{
    appearance Appearance {
        material  Material {
            diffuseColor 0.2235294117647059 0.2235294117647059 0.2235294117647059
            specularColor 0.11372549019607843 0.11372549019607843 0.11372549019607843
            ambientIntensity 0.2235
            transparency 0.0
            shininess 0.5
        }
    }
    geometry IndexedFaceSet {
        ccw TRUE
        solid FALSE
        coord DEF co Coordinate {
            point [
                1.9998 -0.1515 0.5785, 1.9998 -0.1584 0.5976, 1.9998 -0.1595 0.5964, 1.9998 -0.1482 0.5788, 1.9998 -0.1457 0.5798, 1.9998 -0.1486 0.6002, 1.9998 -0.151 0.6005, 1.9998 -0.1537 0.6001, 1.9998 -0.1562 0.5992, 1.9998 -0.1615 0.586, 1.9998 -0.1603 0.5836, 1.9998 -0.1587 0.5816, 1.9998 -0.151 0.5785, 1.9998 -0.161 0.5941, 1.9998 -0.1618 0.5914, 1.9998 -0.162 0.5887, 1.9998 -0.1566 0.58, 1.9998 -0.154 0.5789, 1.9998 -0.1436 0.5813, 1.9998 -0.142 0.5831, 1.9998 -0.1407 0.5855, 1.9998 -0.14 0.5882, 1.9998 -0.1401 0.5908, 1.9998 -0.1407 0.5934, 1.9998 -0.1419 0.5957, 1.9998 -0.1437 0.5978, 1.9998 -0.146 0.5993, -0.597 -0.1246 0.9843, -0.6065 -0.1207 0.9843, -0.7443 -0.5 0.9843, -0.3742 -0.0866 0.9843, -0.0002 -0.2441 0.9843, -0.3742 0.0866 0.9843, -0.0002 0.2441 0.9843, -0.3756 0.0968 0.9843, -0.3756 -0.0968 0.9843, -0.3795 -0.1063 0.9843, -0.2561 -0.5 0.9843, -0.3857 -0.1145 0.9843, -0.3939 -0.1207 0.9843, -1.0002 -0.2441 0.9843, -0.6147 -0.1145 0.9843, -0.6209 -0.1063 0.9843, -0.6248 -0.0968 0.9843, -0.6262 -0.0866 0.9843, -1.0002 0.2441 0.9843, -0.6262 0.0866 0.9843, -0.6248 0.0968 0.9843, -0.6209 0.1063 0.9843, -0.6147 0.1145 0.9843, -0.7443 0.5 0.9843, -0.6065 0.1207 0.9843, -0.4034 0.1246 0.9843, -0.3939 0.1207 0.9843, -0.2561 0.5 0.9843, -0.3857 0.1145 0.9843, -0.3795 0.1063 0.9843, -0.4034 -0.1246 0.9843, -0.4136 -0.126 0.9843, -0.5868 -0.126 0.9843, -0.597 0.1246 0.9843, -0.5868 0.126 0.9843, -0.4136 0.126 0.9843, -0.6147 -0.1145 0.1969, -0.6065 -0.1207 0.1969, -0.9411 -0.3031 0.1969, -0.9411 0.3031 0.1969, -0.597 0.1246 0.1969, -0.6065 0.1207 0.1969, -0.4034 -0.1246 0.1969, -0.3939 -0.1207 0.1969, -0.0593 -0.3031 0.1969, -0.6147 0.1145 0.1969, -0.6209 0.1063 0.1969, -1.0002 0.2441 0.1969, -0.0593 0.3031 0.1969, -0.3857 0.1145 0.1969, -0.3939 0.1207 0.1969, -1.0002 -0.2441 0.1969, -0.6248 -0.0968 0.1969, -0.6209 -0.1063 0.1969, -0.0002 0.2441 0.1969, -0.3756 0.0968 0.1969, -0.3795 0.1063 0.1969, -0.6248 0.0968 0.1969, -0.6262 0.0866 0.1969, -0.6262 -0.0866 0.1969, -0.3857 -0.1145 0.1969, -0.3795 -0.1063 0.1969, -0.0002 -0.2441 0.1969, -0.4034 0.1246 0.1969, -0.4136 0.126 0.1969, -0.5868 0.126 0.1969, -0.3756 -0.0968 0.1969, -0.3742 -0.0866 0.1969, -0.3742 0.0866 0.1969, -0.597 -0.1246 0.1969, -0.5868 -0.126 0.1969, -0.4136 -0.126 0.1969, -0.9411 0.3031 0.0, -0.7443 0.5 0.0, -0.0593 0.3031 0.0, -0.2561 0.5 0.0, -0.7443 -0.5 0.0, -0.2561 -0.5 0.0, -0.0593 -0.3031 0.0, -0.9411 -0.3031 0.0
            ]
        }
        coordIndex [
            0,1,2,-1,3,4,5,-1,6,7,0,-1,0,7,8,-1,0,8,1,-1,9,10,2,-1,2,10,11,-1,6,0,5,-1,5,0,12,-1,5,12,3,-1,13,14,2,-1,2,14,15,-1,2,15,9,-1,11,16,2,-1,2,16,17,-1,2,17,0,-1,4,18,5,-1,5,18,19,-1,5,19,20,-1,20,21,5,-1,5,21,22,-1,5,22,23,-1,23,24,5,-1,5,24,25,-1,5,25,26,-1,27,28,29,-1,30,31,32,-1,32,31,33,-1,32,33,34,-1,30,35,31,-1,31,35,36,-1,31,36,37,-1,37,36,38,-1,37,38,39,-1,29,28,40,-1,40,28,41,-1,40,41,42,-1,42,43,40,-1,40,43,44,-1,40,44,45,-1,45,44,46,-1,45,46,47,-1,47,48,45,-1,45,48,49,-1,45,49,50,-1,50,49,51,-1,52,53,54,-1,54,53,55,-1,54,55,33,-1,33,55,56,-1,33,56,34,-1,39,57,37,-1,37,57,58,-1,37,58,29,-1,29,58,59,-1,29,59,27,-1,51,60,50,-1,50,60,61,-1,50,61,54,-1,54,61,62,-1,54,62,52,-1,63,64,65,-1,66,67,68,-1,69,70,71,-1,68,72,66,-1,66,72,73,-1,66,73,74,-1,75,76,77,-1,78,79,65,-1,65,79,80,-1,65,80,63,-1,81,82,75,-1,75,82,83,-1,75,83,76,-1,73,84,74,-1,74,84,85,-1,74,85,78,-1,78,85,86,-1,78,86,79,-1,70,87,71,-1,71,87,88,-1,71,88,89,-1,77,90,75,-1,75,90,91,-1,75,91,66,-1,66,91,92,-1,66,92,67,-1,88,93,89,-1,89,93,94,-1,89,94,81,-1,81,94,95,-1,81,95,82,-1,64,96,65,-1,65,96,97,-1,65,97,71,-1,71,97,98,-1,71,98,69,-1,99,100,101,-1,101,100,102,-1,81,33,89,-1,89,33,31,-1,50,54,100,-1,100,54,102,-1,78,40,74,-1,74,40,45,-1,103,104,29,-1,29,104,37,-1,105,104,106,-1,106,104,103,-1,106,103,65,-1,65,103,29,-1,65,29,78,-1,78,29,40,-1,89,31,71,-1,71,31,37,-1,71,37,105,-1,105,37,104,-1,74,45,66,-1,66,45,50,-1,66,50,99,-1,99,50,100,-1,101,102,75,-1,75,102,54,-1,75,54,81,-1,81,54,33,-1,101,75,99,-1,99,75,66,-1,71,105,65,-1,65,105,106,-1,
        ]
    }
}
Shape{
    appearance Appearance {
        material  Material {
            diffuseColor 0.9686274509803922 0.8784313725490196 0.6
            specularColor 0.6784313725490196 0.615686274509804 0.4196078431372549
            ambientIntensity 0.8737
            transparency 0.0
            shininess 0.5
        }
    }
    geometry IndexedFaceSet {
        ccw TRUE
        solid FALSE
        coord DEF co Coordinate {
            point [
                -0.5671 -0.0669 -1.1811, -0.5671 0.0669 -1.1811, -0.4333 -0.0669 -1.1811, -0.4333 0.0669 -1.1811, -0.6262 0.0866 -0.9607, -0.6262 -0.0866 -0.9607, -0.6262 0.0866 0.1969, -0.6262 -0.0866 0.1969, -0.3742 0.0866 0.1969, -0.3742 -0.0866 0.1969, -0.3742 0.0866 -0.9607, -0.3742 -0.0866 -0.9607, -0.5868 -0.126 -0.9607, -0.4136 -0.126 -0.9607, -0.5868 -0.126 0.1969, -0.4136 -0.126 0.1969, -0.5868 0.126 0.1969, -0.4136 0.126 0.1969, -0.5868 0.126 -0.9607, -0.4136 0.126 -0.9607, -0.4136 0.126 0.9843, -0.5868 0.126 0.9843, -0.4136 0.126 3.1261, -0.5868 0.126 3.1261, -0.5671 0.0669 3.3465, -0.5671 -0.0669 3.3465, -0.4333 0.0669 3.3465, -0.4333 -0.0669 3.3465, -0.5868 -0.126 0.9843, -0.4136 -0.126 0.9843, -0.5868 -0.126 3.1261, -0.4136 -0.126 3.1261, -0.3742 0.0866 3.1261, -0.3742 -0.0866 3.1261, -0.3742 0.0866 0.9843, -0.3742 -0.0866 0.9843, -0.6262 -0.0866 3.1261, -0.6262 0.0866 3.1261, -0.6262 -0.0866 0.9843, -0.6262 0.0866 0.9843, -0.3939 0.1207 -0.9804, -0.3857 0.1145 -1.0037, -0.4084 0.1256 -0.962, -0.4059 0.1252 -0.9635, -0.411 0.1259 -0.961, -0.6147 0.1145 -1.0037, -0.6065 0.1207 -0.9804, -0.6019 0.123 -0.9719, -0.4034 0.1246 -0.9657, -0.3985 0.123 -0.9719, -0.597 0.1246 -0.9657, -0.5945 0.1252 -0.9635, -0.592 0.1256 -0.962, -0.5894 0.1259 -0.961, -0.3795 -0.1063 -0.9804, -0.3857 -0.1145 -1.0037, -0.3795 0.1063 -0.9804, -0.3772 0.1017 -0.9719, -0.3745 -0.0918 -0.962, -0.375 -0.0943 -0.9635, -0.3756 0.0968 -0.9657, -0.375 0.0943 -0.9635, -0.3745 0.0918 -0.962, -0.3743 -0.0892 -0.961, -0.3743 0.0892 -0.961, -0.3756 -0.0968 -0.9657, -0.3772 -0.1017 -0.9719, -0.6209 0.1063 -0.9804, -0.6147 -0.1145 -1.0037, -0.6209 -0.1063 -0.9804, -0.6232 -0.1017 -0.9719, -0.6258 0.0918 -0.962, -0.6254 0.0943 -0.9635, -0.6248 -0.0968 -0.9657, -0.6254 -0.0943 -0.9635, -0.6258 -0.0918 -0.962, -0.6261 0.0892 -0.961, -0.6261 -0.0892 -0.961, -0.6248 0.0968 -0.9657, -0.6232 0.1017 -0.9719, -0.6065 -0.1207 -0.9804, -0.3939 -0.1207 -0.9804, -0.3985 -0.123 -0.9719, -0.592 -0.1256 -0.962, -0.5945 -0.1252 -0.9635, -0.4034 -0.1246 -0.9657, -0.4059 -0.1252 -0.9635, -0.4084 -0.1256 -0.962, -0.5894 -0.1259 -0.961, -0.411 -0.1259 -0.961, -0.597 -0.1246 -0.9657, -0.6019 -0.123 -0.9719, -0.3939 -0.1207 3.1457, -0.3857 -0.1145 3.1691, -0.4084 -0.1256 3.1273, -0.4059 -0.1252 3.1289, -0.411 -0.1259 3.1264, -0.6147 -0.1145 3.1691, -0.6065 -0.1207 3.1457, -0.6019 -0.123 3.1372, -0.4034 -0.1246 3.1311, -0.3985 -0.123 3.1372, -0.597 -0.1246 3.1311, -0.5945 -0.1252 3.1289, -0.592 -0.1256 3.1273, -0.5894 -0.1259 3.1264, -0.3795 0.1063 3.1457, -0.3857 0.1145 3.1691, -0.3745 0.0918 3.1273, -0.375 0.0943 3.1289, -0.3743 0.0892 3.1264, -0.3795 -0.1063 3.1457, -0.3772 -0.1017 3.1372, -0.3756 0.0968 3.1311, -0.3772 0.1017 3.1372, -0.3756 -0.0968 3.1311, -0.375 -0.0943 3.1289, -0.3745 -0.0918 3.1273, -0.3743 -0.0892 3.1264, -0.6209 -0.1063 3.1457, -0.6147 0.1145 3.1691, -0.6209 0.1063 3.1457, -0.6232 0.1017 3.1372, -0.6258 -0.0918 3.1273, -0.6254 -0.0943 3.1289, -0.6248 0.0968 3.1311, -0.6254 0.0943 3.1289, -0.6258 0.0918 3.1273, -0.6261 -0.0892 3.1264, -0.6261 0.0892 3.1264, -0.6248 -0.0968 3.1311, -0.6232 -0.1017 3.1372, -0.6065 0.1207 3.1457, -0.3939 0.1207 3.1457, -0.3985 0.123 3.1372, -0.592 0.1256 3.1273, -0.5945 0.1252 3.1289, -0.4034 0.1246 3.1311, -0.4059 0.1252 3.1289, -0.4084 0.1256 3.1273, -0.5894 0.1259 3.1264, -0.411 0.1259 3.1264, -0.597 0.1246 3.1311, -0.6019 0.123 3.1372, -0.6248 0.0968 0.1969, -0.6209 0.1063 0.1969, -0.6147 0.1145 0.1969, -0.6065 0.1207 0.1969, -0.597 0.1246 0.1969, -0.597 -0.1246 0.1969, -0.6065 -0.1207 0.1969, -0.6147 -0.1145 0.1969, -0.6209 -0.1063 0.1969, -0.6248 -0.0968 0.1969, -0.597 -0.1246 0.9843, -0.6065 -0.1207 0.9843, -0.6248 -0.0968 0.9843, -0.6147 -0.1145 0.9843, -0.6209 -0.1063 0.9843, -0.4034 0.1246 0.1969, -0.3939 0.1207 0.1969, -0.3857 0.1145 0.1969, -0.3795 0.1063 0.1969, -0.3756 0.0968 0.1969, -0.4034 0.1246 0.9843, -0.3939 0.1207 0.9843, -0.3756 0.0968 0.9843, -0.3857 0.1145 0.9843, -0.3795 0.1063 0.9843, -0.3756 -0.0968 0.1969, -0.3795 -0.1063 0.1969, -0.3857 -0.1145 0.1969, -0.3939 -0.1207 0.1969, -0.4034 -0.1246 0.1969, -0.3756 -0.0968 0.9843, -0.3795 -0.1063 0.9843, -0.4034 -0.1246 0.9843, -0.3857 -0.1145 0.9843, -0.3939 -0.1207 0.9843, -0.6248 0.0968 0.9843, -0.6209 0.1063 0.9843, -0.597 0.1246 0.9843, -0.6147 0.1145 0.9843, -0.6065 0.1207 0.9843
            ]
        }
        coordIndex [
            0,1,2,-1,2,1,3,-1,4,5,6,-1,6,5,7,-1,8,9,10,-1,10,9,11,-1,12,13,14,-1,14,13,15,-1,16,17,18,-1,18,17,19,-1,20,21,22,-1,22,21,23,-1,24,25,26,-1,26,25,27,-1,28,29,30,-1,30,29,31,-1,32,33,34,-1,34,33,35,-1,36,37,38,-1,38,37,39,-1,40,41,3,-1,42,43,3,-1,42,3,44,-1,45,46,1,-1,1,46,47,-1,43,48,3,-1,3,48,49,-1,3,49,40,-1,47,50,1,-1,1,50,51,-1,1,51,52,-1,52,53,1,-1,1,53,18,-1,1,18,3,-1,3,18,19,-1,3,19,44,-1,54,55,2,-1,41,56,3,-1,3,56,57,-1,58,59,2,-1,57,60,3,-1,3,60,61,-1,3,61,62,-1,58,2,63,-1,62,64,3,-1,3,64,10,-1,3,10,2,-1,2,10,11,-1,2,11,63,-1,59,65,2,-1,2,65,66,-1,2,66,54,-1,67,45,1,-1,68,69,0,-1,0,69,70,-1,71,72,1,-1,70,73,0,-1,0,73,74,-1,0,74,75,-1,71,1,76,-1,75,77,0,-1,0,77,5,-1,0,5,1,-1,1,5,4,-1,1,4,76,-1,72,78,1,-1,1,78,79,-1,1,79,67,-1,80,68,0,-1,55,81,2,-1,2,81,82,-1,83,84,0,-1,82,85,2,-1,2,85,86,-1,2,86,87,-1,83,0,88,-1,87,89,2,-1,2,89,13,-1,2,13,0,-1,0,13,12,-1,0,12,88,-1,84,90,0,-1,0,90,91,-1,0,91,80,-1,92,93,27,-1,94,95,27,-1,94,27,96,-1,97,98,25,-1,25,98,99,-1,95,100,27,-1,27,100,101,-1,27,101,92,-1,99,102,25,-1,25,102,103,-1,25,103,104,-1,104,105,25,-1,25,105,30,-1,25,30,27,-1,27,30,31,-1,27,31,96,-1,106,107,26,-1,108,109,26,-1,108,26,110,-1,93,111,27,-1,27,111,112,-1,109,113,26,-1,26,113,114,-1,26,114,106,-1,112,115,27,-1,27,115,116,-1,27,116,117,-1,117,118,27,-1,27,118,33,-1,27,33,26,-1,26,33,32,-1,26,32,110,-1,119,97,25,-1,120,121,24,-1,24,121,122,-1,123,124,25,-1,122,125,24,-1,24,125,126,-1,24,126,127,-1,123,25,128,-1,127,129,24,-1,24,129,37,-1,24,37,25,-1,25,37,36,-1,25,36,128,-1,124,130,25,-1,25,130,131,-1,25,131,119,-1,132,120,24,-1,107,133,26,-1,26,133,134,-1,135,136,24,-1,134,137,26,-1,26,137,138,-1,26,138,139,-1,135,24,140,-1,139,141,26,-1,26,141,22,-1,26,22,24,-1,24,22,23,-1,24,23,140,-1,136,142,24,-1,24,142,143,-1,24,143,132,-1,4,6,76,-1,76,6,144,-1,76,144,71,-1,71,144,72,-1,67,79,144,-1,144,79,78,-1,144,78,72,-1,144,145,67,-1,67,145,146,-1,67,146,45,-1,45,146,147,-1,45,147,46,-1,16,18,148,-1,148,18,53,-1,148,53,52,-1,52,51,148,-1,148,51,50,-1,148,50,147,-1,147,50,47,-1,147,47,46,-1,12,14,88,-1,88,14,149,-1,88,149,83,-1,83,149,84,-1,80,91,149,-1,149,91,90,-1,149,90,84,-1,149,150,80,-1,80,150,151,-1,80,151,68,-1,68,151,152,-1,68,152,69,-1,7,5,153,-1,153,5,77,-1,153,77,75,-1,75,74,153,-1,153,74,73,-1,153,73,152,-1,152,73,70,-1,152,70,69,-1,28,30,154,-1,154,30,105,-1,154,105,104,-1,99,155,102,-1,102,155,154,-1,102,154,103,-1,103,154,104,-1,128,36,38,-1,128,38,123,-1,119,131,156,-1,156,131,130,-1,156,130,38,-1,38,130,124,-1,38,124,123,-1,99,98,155,-1,155,98,97,-1,155,97,157,-1,157,97,119,-1,157,119,158,-1,158,119,156,-1,19,17,44,-1,44,17,159,-1,44,159,42,-1,42,159,43,-1,40,49,159,-1,159,49,48,-1,159,48,43,-1,159,160,40,-1,40,160,161,-1,40,161,41,-1,41,161,162,-1,41,162,56,-1,8,10,163,-1,163,10,64,-1,163,64,62,-1,62,61,163,-1,163,61,60,-1,163,60,162,-1,162,60,57,-1,162,57,56,-1,20,22,164,-1,164,22,141,-1,164,141,139,-1,134,165,137,-1,137,165,164,-1,137,164,138,-1,138,164,139,-1,110,32,34,-1,110,34,108,-1,106,114,166,-1,166,114,113,-1,166,113,34,-1,34,113,109,-1,34,109,108,-1,134,133,165,-1,165,133,107,-1,165,107,167,-1,167,107,106,-1,167,106,168,-1,168,106,166,-1,11,9,63,-1,63,9,169,-1,63,169,58,-1,58,169,59,-1,54,66,169,-1,169,66,65,-1,169,65,59,-1,169,170,54,-1,54,170,171,-1,54,171,55,-1,55,171,172,-1,55,172,81,-1,15,13,173,-1,173,13,89,-1,173,89,87,-1,87,86,173,-1,173,86,85,-1,173,85,172,-1,172,85,82,-1,172,82,81,-1,35,33,174,-1,174,33,118,-1,174,118,117,-1,112,175,115,-1,115,175,174,-1,115,174,116,-1,116,174,117,-1,96,31,29,-1,96,29,94,-1,92,101,176,-1,176,101,100,-1,176,100,29,-1,29,100,95,-1,29,95,94,-1,112,111,175,-1,175,111,93,-1,175,93,177,-1,177,93,92,-1,177,92,178,-1,178,92,176,-1,39,37,179,-1,179,37,129,-1,179,129,127,-1,122,180,125,-1,125,180,179,-1,125,179,126,-1,126,179,127,-1,140,23,21,-1,140,21,135,-1,132,143,181,-1,181,143,142,-1,181,142,21,-1,21,142,136,-1,21,136,135,-1,122,121,180,-1,180,121,120,-1,180,120,182,-1,182,120,132,-1,182,132,183,-1,183,132,181,-1,
        ]
    }
}
Shape{
    appearance Appearance {
        material  Material {
            diffuseColor 0.2235294117647059 0.2235294117647059 0.2235294117647059
            specularColor 0.11372549019607843 0.11372549019607843 0.11372549019607843
            ambientIntensity 0.2235
            transparency 0.0
            shininess 0.5
        }
    }
    geometry IndexedFaceSet {
        ccw TRUE
        solid FALSE
        coord DEF co Coordinate {
            point [
                -1.0002 0.2441 0.9843, -1.3857 0.1145 0.9843, -1.3795 0.1063 0.9843, -1.6248 0.0968 0.9843, -1.6209 0.1063 0.9843, -2.0002 0.2441 0.9843, -1.3756 0.0968 0.9843, -1.3742 0.0866 0.9843, -1.0002 -0.2441 0.9843, -1.3742 -0.0866 0.9843, -1.3756 -0.0968 0.9843, -1.3795 -0.1063 0.9843, -1.2561 -0.5 0.9843, -1.3857 -0.1145 0.9843, -1.3939 -0.1207 0.9843, -1.6209 -0.1063 0.9843, -2.0002 -0.2441 0.9843, -1.6146 -0.1145 0.9843, -1.7443 -0.5 0.9843, -1.6065 -0.1207 0.9843, -1.597 -0.1246 0.9843, -1.7443 0.5 0.9843, -1.6146 0.1145 0.9843, -1.6065 0.1207 0.9843, -1.3939 0.1207 0.9843, -1.2561 0.5 0.9843, -1.4034 0.1246 0.9843, -1.4034 -0.1246 0.9843, -1.4136 -0.126 0.9843, -1.5868 -0.126 0.9843, -1.6248 -0.0968 0.9843, -1.6262 -0.0866 0.9843, -1.6262 0.0866 0.9843, -1.597 0.1246 0.9843, -1.5868 0.126 0.9843, -1.4136 0.126 0.9843, -1.9411 -0.3031 0.1969, -2.0002 -0.2441 0.1969, -1.6248 -0.0968 0.1969, -2.0002 0.2441 0.1969, -1.9411 0.3031 0.1969, -1.6209 0.1063 0.1969, -1.3857 0.1145 0.1969, -1.3939 0.1207 0.1969, -1.0593 0.3031 0.1969, -1.6248 0.0968 0.1969, -1.6262 0.0866 0.1969, -1.6262 -0.0866 0.1969, -1.4034 -0.1246 0.1969, -1.3939 -0.1207 0.1969, -1.0593 -0.3031 0.1969, -1.6209 -0.1063 0.1969, -1.6146 -0.1145 0.1969, -1.6065 -0.1207 0.1969, -1.3857 -0.1145 0.1969, -1.3795 -0.1063 0.1969, -1.0002 -0.2441 0.1969, -1.0002 0.2441 0.1969, -1.3756 0.0968 0.1969, -1.3795 0.1063 0.1969, -1.597 0.1246 0.1969, -1.6065 0.1207 0.1969, -1.6146 0.1145 0.1969, -1.3756 -0.0968 0.1969, -1.3742 -0.0866 0.1969, -1.3742 0.0866 0.1969, -1.4034 0.1246 0.1969, -1.4136 0.126 0.1969, -1.5868 0.126 0.1969, -1.597 -0.1246 0.1969, -1.5868 -0.126 0.1969, -1.4136 -0.126 0.1969, -1.9411 0.3031 0.0, -1.7443 0.5 0.0, -1.0593 0.3031 0.0, -1.2561 0.5 0.0, -1.7443 -0.5 0.0, -1.2561 -0.5 0.0, -1.0593 -0.3031 0.0, -1.9411 -0.3031 0.0
            ]
        }
        coordIndex [
            0,1,2,-1,3,4,5,-1,2,6,0,-1,0,6,7,-1,0,7,8,-1,8,7,9,-1,9,10,8,-1,8,10,11,-1,8,11,12,-1,12,11,13,-1,12,13,14,-1,15,16,17,-1,17,16,18,-1,17,18,19,-1,19,18,20,-1,5,4,21,-1,21,4,22,-1,21,22,23,-1,1,0,24,-1,24,0,25,-1,24,25,26,-1,14,27,12,-1,12,27,28,-1,12,28,18,-1,18,28,29,-1,18,29,20,-1,15,30,16,-1,16,30,31,-1,16,31,5,-1,5,31,32,-1,5,32,3,-1,23,33,21,-1,21,33,34,-1,21,34,25,-1,25,34,35,-1,25,35,26,-1,36,37,38,-1,39,40,41,-1,42,43,44,-1,41,45,39,-1,39,45,46,-1,39,46,37,-1,37,46,47,-1,37,47,38,-1,48,49,50,-1,38,51,36,-1,36,51,52,-1,36,52,53,-1,49,54,50,-1,50,54,55,-1,50,55,56,-1,57,58,44,-1,44,58,59,-1,44,59,42,-1,60,61,40,-1,40,61,62,-1,40,62,41,-1,55,63,56,-1,56,63,64,-1,56,64,57,-1,57,64,65,-1,57,65,58,-1,43,66,44,-1,44,66,67,-1,44,67,40,-1,40,67,68,-1,40,68,60,-1,53,69,36,-1,36,69,70,-1,36,70,50,-1,50,70,71,-1,50,71,48,-1,72,73,74,-1,74,73,75,-1,57,0,56,-1,56,0,8,-1,21,25,73,-1,73,25,75,-1,37,16,39,-1,39,16,5,-1,76,77,18,-1,18,77,12,-1,78,77,79,-1,79,77,76,-1,79,76,36,-1,36,76,18,-1,36,18,37,-1,37,18,16,-1,56,8,50,-1,50,8,12,-1,50,12,78,-1,78,12,77,-1,39,5,40,-1,40,5,21,-1,40,21,72,-1,72,21,73,-1,74,75,44,-1,44,75,25,-1,44,25,57,-1,57,25,0,-1,74,44,72,-1,72,44,40,-1,50,78,36,-1,36,78,79,-1,
        ]
    }
}
Shape{
    appearance Appearance {
        material  Material {
            diffuseColor 0.9686274509803922 0.8784313725490196 0.6
            specularColor 0.6784313725490196 0.615686274509804 0.4196078431372549
            ambientIntensity 0.8737
            transparency 0.0
            shininess 0.5
        }
    }
    geometry IndexedFaceSet {
        ccw TRUE
        solid FALSE
        coord DEF co Coordinate {
            point [
                -1.5671 -0.0669 -1.1811, -1.5671 0.0669 -1.1811, -1.4333 -0.0669 -1.1811, -1.4333 0.0669 -1.1811, -1.6262 0.0866 -0.9607, -1.6262 -0.0866 -0.9607, -1.6262 0.0866 0.1969, -1.6262 -0.0866 0.1969, -1.3742 0.0866 0.1969, -1.3742 -0.0866 0.1969, -1.3742 0.0866 -0.9607, -1.3742 -0.0866 -0.9607, -1.5868 -0.126 -0.9607, -1.4136 -0.126 -0.9607, -1.5868 -0.126 0.1969, -1.4136 -0.126 0.1969, -1.5868 0.126 0.1969, -1.4136 0.126 0.1969, -1.5868 0.126 -0.9607, -1.4136 0.126 -0.9607, -1.4136 0.126 0.9843, -1.5868 0.126 0.9843, -1.4136 0.126 3.1261, -1.5868 0.126 3.1261, -1.5671 0.0669 3.3465, -1.5671 -0.0669 3.3465, -1.4333 0.0669 3.3465, -1.4333 -0.0669 3.3465, -1.5868 -0.126 0.9843, -1.4136 -0.126 0.9843, -1.5868 -0.126 3.1261, -1.4136 -0.126 3.1261, -1.3742 0.0866 3.1261, -1.3742 -0.0866 3.1261, -1.3742 0.0866 0.9843, -1.3742 -0.0866 0.9843, -1.6262 -0.0866 3.1261, -1.6262 0.0866 3.1261, -1.6262 -0.0866 0.9843, -1.6262 0.0866 0.9843, -1.3939 0.1207 -0.9804, -1.3857 0.1145 -1.0037, -1.4084 0.1256 -0.962, -1.4059 0.1252 -0.9635, -1.411 0.1259 -0.961, -1.6146 0.1145 -1.0037, -1.6065 0.1207 -0.9804, -1.6019 0.123 -0.9719, -1.4034 0.1246 -0.9657, -1.3985 0.123 -0.9719, -1.597 0.1246 -0.9657, -1.5945 0.1252 -0.9635, -1.5919 0.1256 -0.962, -1.5894 0.1259 -0.961, -1.3795 -0.1063 -0.9804, -1.3857 -0.1145 -1.0037, -1.3795 0.1063 -0.9804, -1.3772 0.1017 -0.9719, -1.3745 -0.0918 -0.962, -1.375 -0.0943 -0.9635, -1.3756 0.0968 -0.9657, -1.375 0.0943 -0.9635, -1.3745 0.0918 -0.962, -1.3743 -0.0892 -0.961, -1.3743 0.0892 -0.961, -1.3756 -0.0968 -0.9657, -1.3772 -0.1017 -0.9719, -1.6209 0.1063 -0.9804, -1.6146 -0.1145 -1.0037, -1.6209 -0.1063 -0.9804, -1.6232 -0.1017 -0.9719, -1.6258 0.0918 -0.962, -1.6254 0.0943 -0.9635, -1.6248 -0.0968 -0.9657, -1.6254 -0.0943 -0.9635, -1.6258 -0.0918 -0.962, -1.6261 0.0892 -0.961, -1.6261 -0.0892 -0.961, -1.6248 0.0968 -0.9657, -1.6232 0.1017 -0.9719, -1.6065 -0.1207 -0.9804, -1.3939 -0.1207 -0.9804, -1.3985 -0.123 -0.9719, -1.5919 -0.1256 -0.962, -1.5945 -0.1252 -0.9635, -1.4034 -0.1246 -0.9657, -1.4059 -0.1252 -0.9635, -1.4084 -0.1256 -0.962, -1.5894 -0.1259 -0.961, -1.411 -0.1259 -0.961, -1.597 -0.1246 -0.9657, -1.6019 -0.123 -0.9719, -1.3939 -0.1207 3.1457, -1.3857 -0.1145 3.1691, -1.6146 -0.1145 3.1691, -1.6065 -0.1207 3.1457, -1.6019 -0.123 3.1372, -1.4084 -0.1256 3.1273, -1.4059 -0.1252 3.1289, -1.597 -0.1246 3.1311, -1.5945 -0.1252 3.1289, -1.5919 -0.1256 3.1273, -1.411 -0.1259 3.1264, -1.5894 -0.1259 3.1264, -1.4034 -0.1246 3.1311, -1.3985 -0.123 3.1372, -1.3795 0.1063 3.1457, -1.3857 0.1145 3.1691, -1.3745 0.0918 3.1273, -1.375 0.0943 3.1289, -1.3743 0.0892 3.1264, -1.3795 -0.1063 3.1457, -1.3772 -0.1017 3.1372, -1.3756 0.0968 3.1311, -1.3772 0.1017 3.1372, -1.3756 -0.0968 3.1311, -1.375 -0.0943 3.1289, -1.3745 -0.0918 3.1273, -1.3743 -0.0892 3.1264, -1.6209 -0.1063 3.1457, -1.6146 0.1145 3.1691, -1.6209 0.1063 3.1457, -1.6232 0.1017 3.1372, -1.6258 -0.0918 3.1273, -1.6254 -0.0943 3.1289, -1.6248 0.0968 3.1311, -1.6254 0.0943 3.1289, -1.6258 0.0918 3.1273, -1.6261 -0.0892 3.1264, -1.6261 0.0892 3.1264, -1.6248 -0.0968 3.1311, -1.6232 -0.1017 3.1372, -1.6065 0.1207 3.1457, -1.3939 0.1207 3.1457, -1.3985 0.123 3.1372, -1.5919 0.1256 3.1273, -1.5945 0.1252 3.1289, -1.4034 0.1246 3.1311, -1.4059 0.1252 3.1289, -1.4084 0.1256 3.1273, -1.5894 0.1259 3.1264, -1.411 0.1259 3.1264, -1.597 0.1246 3.1311, -1.6019 0.123 3.1372, -1.6248 0.0968 0.1969, -1.6209 0.1063 0.1969, -1.6146 0.1145 0.1969, -1.6065 0.1207 0.1969, -1.597 0.1246 0.1969, -1.597 -0.1246 0.1969, -1.6065 -0.1207 0.1969, -1.6146 -0.1145 0.1969, -1.6209 -0.1063 0.1969, -1.6248 -0.0968 0.1969, -1.597 -0.1246 0.9843, -1.6065 -0.1207 0.9843, -1.6248 -0.0968 0.9843, -1.6146 -0.1145 0.9843, -1.6209 -0.1063 0.9843, -1.4034 0.1246 0.1969, -1.3939 0.1207 0.1969, -1.3857 0.1145 0.1969, -1.3795 0.1063 0.1969, -1.3756 0.0968 0.1969, -1.4034 0.1246 0.9843, -1.3939 0.1207 0.9843, -1.3756 0.0968 0.9843, -1.3857 0.1145 0.9843, -1.3795 0.1063 0.9843, -1.3756 -0.0968 0.1969, -1.3795 -0.1063 0.1969, -1.3857 -0.1145 0.1969, -1.3939 -0.1207 0.1969, -1.4034 -0.1246 0.1969, -1.3756 -0.0968 0.9843, -1.3795 -0.1063 0.9843, -1.4034 -0.1246 0.9843, -1.3857 -0.1145 0.9843, -1.3939 -0.1207 0.9843, -1.6248 0.0968 0.9843, -1.6209 0.1063 0.9843, -1.597 0.1246 0.9843, -1.6146 0.1145 0.9843, -1.6065 0.1207 0.9843
            ]
        }
        coordIndex [
            0,1,2,-1,2,1,3,-1,4,5,6,-1,6,5,7,-1,8,9,10,-1,10,9,11,-1,12,13,14,-1,14,13,15,-1,16,17,18,-1,18,17,19,-1,20,21,22,-1,22,21,23,-1,24,25,26,-1,26,25,27,-1,28,29,30,-1,30,29,31,-1,32,33,34,-1,34,33,35,-1,36,37,38,-1,38,37,39,-1,40,41,3,-1,42,43,3,-1,42,3,44,-1,45,46,1,-1,1,46,47,-1,43,48,3,-1,3,48,49,-1,3,49,40,-1,47,50,1,-1,1,50,51,-1,1,51,52,-1,52,53,1,-1,1,53,18,-1,1,18,3,-1,3,18,19,-1,3,19,44,-1,54,55,2,-1,41,56,3,-1,3,56,57,-1,58,59,2,-1,57,60,3,-1,3,60,61,-1,3,61,62,-1,58,2,63,-1,62,64,3,-1,3,64,10,-1,3,10,2,-1,2,10,11,-1,2,11,63,-1,59,65,2,-1,2,65,66,-1,2,66,54,-1,67,45,1,-1,68,69,0,-1,0,69,70,-1,71,72,1,-1,70,73,0,-1,0,73,74,-1,0,74,75,-1,71,1,76,-1,75,77,0,-1,0,77,5,-1,0,5,1,-1,1,5,4,-1,1,4,76,-1,72,78,1,-1,1,78,79,-1,1,79,67,-1,80,68,0,-1,55,81,2,-1,2,81,82,-1,83,84,0,-1,82,85,2,-1,2,85,86,-1,2,86,87,-1,83,0,88,-1,87,89,2,-1,2,89,13,-1,2,13,0,-1,0,13,12,-1,0,12,88,-1,84,90,0,-1,0,90,91,-1,0,91,80,-1,92,93,27,-1,94,95,25,-1,25,95,96,-1,97,98,27,-1,96,99,25,-1,25,99,100,-1,25,100,101,-1,97,27,102,-1,101,103,25,-1,25,103,30,-1,25,30,27,-1,27,30,31,-1,27,31,102,-1,98,104,27,-1,27,104,105,-1,27,105,92,-1,106,107,26,-1,108,109,26,-1,108,26,110,-1,93,111,27,-1,27,111,112,-1,109,113,26,-1,26,113,114,-1,26,114,106,-1,112,115,27,-1,27,115,116,-1,27,116,117,-1,117,118,27,-1,27,118,33,-1,27,33,26,-1,26,33,32,-1,26,32,110,-1,119,94,25,-1,120,121,24,-1,24,121,122,-1,123,124,25,-1,122,125,24,-1,24,125,126,-1,24,126,127,-1,123,25,128,-1,127,129,24,-1,24,129,37,-1,24,37,25,-1,25,37,36,-1,25,36,128,-1,124,130,25,-1,25,130,131,-1,25,131,119,-1,132,120,24,-1,107,133,26,-1,26,133,134,-1,135,136,24,-1,134,137,26,-1,26,137,138,-1,26,138,139,-1,135,24,140,-1,139,141,26,-1,26,141,22,-1,26,22,24,-1,24,22,23,-1,24,23,140,-1,136,142,24,-1,24,142,143,-1,24,143,132,-1,4,6,76,-1,76,6,144,-1,76,144,71,-1,71,144,72,-1,67,79,144,-1,144,79,78,-1,144,78,72,-1,144,145,67,-1,67,145,146,-1,67,146,45,-1,45,146,147,-1,45,147,46,-1,16,18,148,-1,148,18,53,-1,148,53,52,-1,52,51,148,-1,148,51,50,-1,148,50,147,-1,147,50,47,-1,147,47,46,-1,12,14,88,-1,88,14,149,-1,88,149,83,-1,83,149,84,-1,80,91,149,-1,149,91,90,-1,149,90,84,-1,149,150,80,-1,80,150,151,-1,80,151,68,-1,68,151,152,-1,68,152,69,-1,7,5,153,-1,153,5,77,-1,153,77,75,-1,75,74,153,-1,153,74,73,-1,153,73,152,-1,152,73,70,-1,152,70,69,-1,28,30,154,-1,154,30,103,-1,154,103,101,-1,96,155,99,-1,99,155,154,-1,99,154,100,-1,100,154,101,-1,128,36,38,-1,128,38,123,-1,119,131,156,-1,156,131,130,-1,156,130,38,-1,38,130,124,-1,38,124,123,-1,96,95,155,-1,155,95,94,-1,155,94,157,-1,157,94,119,-1,157,119,158,-1,158,119,156,-1,19,17,44,-1,44,17,159,-1,44,159,42,-1,42,159,43,-1,40,49,159,-1,159,49,48,-1,159,48,43,-1,159,160,40,-1,40,160,161,-1,40,161,41,-1,41,161,162,-1,41,162,56,-1,8,10,163,-1,163,10,64,-1,163,64,62,-1,62,61,163,-1,163,61,60,-1,163,60,162,-1,162,60,57,-1,162,57,56,-1,20,22,164,-1,164,22,141,-1,164,141,139,-1,134,165,137,-1,137,165,164,-1,137,164,138,-1,138,164,139,-1,110,32,34,-1,110,34,108,-1,106,114,166,-1,166,114,113,-1,166,113,34,-1,34,113,109,-1,34,109,108,-1,134,133,165,-1,165,133,107,-1,165,107,167,-1,167,107,106,-1,167,106,168,-1,168,106,166,-1,11,9,63,-1,63,9,169,-1,63,169,58,-1,58,169,59,-1,54,66,169,-1,169,66,65,-1,169,65,59,-1,169,170,54,-1,54,170,171,-1,54,171,55,-1,55,171,172,-1,55,172,81,-1,15,13,173,-1,173,13,89,-1,173,89,87,-1,87,86,173,-1,173,86,85,-1,173,85,172,-1,172,85,82,-1,172,82,81,-1,35,33,174,-1,174,33,118,-1,174,118,117,-1,112,175,115,-1,115,175,174,-1,115,174,116,-1,116,174,117,-1,102,31,29,-1,102,29,97,-1,92,105,176,-1,176,105,104,-1,176,104,29,-1,29,104,98,-1,29,98,97,-1,112,111,175,-1,175,111,93,-1,175,93,177,-1,177,93,92,-1,177,92,178,-1,178,92,176,-1,39,37,179,-1,179,37,129,-1,179,129,127,-1,122,180,125,-1,125,180,179,-1,125,179,126,-1,126,179,127,-1,140,23,21,-1,140,21,135,-1,132,143,181,-1,181,143,142,-1,181,142,21,-1,21,142,136,-1,21,136,135,-1,122,121,180,-1,180,121,120,-1,180,120,182,-1,182,120,132,-1,182,132,183,-1,183,132,181,-1,
        ]
    }
}