#VRML V2.0 utf8
# 3D model generated by kicad-lcsc-manager
# Based on easyeda2kicad.py v1.0.1

Shape{
    appearance Appearance {
        material  Material {
            diffuseColor 1.0 1.0 1.0
            specularColor 0.30196078431372547 0.30196078431372547 0.30196078431372547
            ambientIntensity 1.0
            transparency 0.0
            shininess 0.5
        }
    }
    geometry IndexedFaceSet {
        ccw TRUE
        solid FALSE
        coord DEF co Coordinate {
            point [
                -2.597 -2.974 0.4331, -2.6004 -3.0 0.4331, -5.001 -3.4203 0.4331, 7.2047 2.7559 0.4331, 7.4016 2.7559 0.4331, 7.4016 1.4964 0.4331, 6.4173 -3.5433 0.4331, 6.4173 -3.7402 0.4331, 2.0 -3.7402 0.4331, -6.4173 3.5433 0.4331, -6.4173 3.7402 0.4331, -5.001 3.7402 0.4331, -0.5609 -0.1948 0.4331, -0.5233 -0.3053 0.4331, -0.7107 -0.3077 0.4331, -0.4513 -0.3077 0.4331, -0.4657 -0.3053 0.4331, -0.4513 1.4964 0.4331, -0.6146 0.0884 0.4331, -0.7107 1.4964 0.4331, -1.1103 -0.3077 0.4331, -1.1103 1.4964 0.4331, -0.821 -0.3053 0.4331, -0.7634 -0.3053 0.4331, -0.7107 -0.0226 0.4331, -0.6674 0.0884 0.4331, -0.7107 -0.1948 0.4331, -0.7236 -0.1948 0.4331, -7.2047 3.5433 0.4331, -7.2047 2.7559 0.4331, -5.001 1.4964 0.4331, -7.4016 2.7559 0.4331, -7.2047 -3.4203 0.4331, -7.2047 -2.7559 0.4331, -5.001 -0.3077 0.4331, -7.2047 -3.5433 0.4331, -6.4173 -3.5433 0.4331, -6.4173 -3.7402 0.4331, 7.4016 -0.3077 0.4331, 7.4016 -2.7559 0.4331, 2.0 -0.3077 0.4331, 7.2047 -2.7559 0.4331, 2.3996 -3.0 0.4331, 2.403 -3.026 0.4331, 2.0 -3.4203 0.4331, 2.4131 -3.0502 0.4331, 2.429 -3.071 0.4331, 2.4498 -3.0869 0.4331, 2.474 -3.097 0.4331, 2.5 -3.1004 0.4331, 2.526 -3.097 0.4331, 7.2047 -3.4203 0.4331, 2.5502 -3.0869 0.4331, 2.571 -3.071 0.4331, 2.4131 -2.9498 0.4331, 2.403 -2.974 0.4331, 2.5869 -3.0502 0.4331, 2.597 -3.026 0.4331, 2.6004 -3.0 0.4331, 2.597 -2.974 0.4331, 2.526 -2.903 0.4331, 2.5 -2.8996 0.4331, 2.474 -2.903 0.4331, 2.4498 -2.9131 0.4331, 2.429 -2.929 0.4331, 2.5869 -2.9498 0.4331, 2.571 -2.929 0.4331, 2.5502 -2.9131 0.4331, 2.0 1.4964 0.4331, 6.4173 3.5433 0.4331, 7.2047 3.5433 0.4331, 2.0 3.7402 0.4331, 2.3996 3.0 0.4331, 2.403 2.974 0.4331, 2.4131 2.9498 0.4331, 2.429 2.929 0.4331, 2.4498 2.9131 0.4331, 2.474 2.903 0.4331, 2.5 2.8996 0.4331, 2.429 3.071 0.4331, 2.4131 3.0502 0.4331, 2.403 3.026 0.4331, 2.526 2.903 0.4331, 2.5502 2.9131 0.4331, 2.571 2.929 0.4331, 2.5869 2.9498 0.4331, 2.597 2.974 0.4331, 2.6004 3.0 0.4331, 6.4173 3.7402 0.4331, 2.597 3.026 0.4331, 2.5869 3.0502 0.4331, 2.571 3.071 0.4331, 2.5502 3.0869 0.4331, 2.526 3.097 0.4331, 2.5 3.1004 0.4331, 2.474 3.097 0.4331, 2.4498 3.0869 0.4331, 1.0863 3.7402 0.4331, 0.6004 3.0 0.4331, 0.597 3.026 0.4331, 0.597 2.974 0.4331, 1.0863 1.4964 0.4331, 0.5869 2.9498 0.4331, 0.5869 3.0502 0.4331, 0.571 3.071 0.4331, 0.5545 3.7402 0.4331, 0.5545 3.0836 0.4331, 0.5502 3.0869 0.4331, 0.526 2.903 0.4331, 0.5502 2.9131 0.4331, 0.5545 1.4964 0.4331, 0.5545 2.9164 0.4331, 0.571 2.929 0.4331, 0.526 3.097 0.4331, 0.5 3.1004 0.4331, 0.3222 3.7402 0.4331, 0.474 3.097 0.4331, 0.4498 3.0869 0.4331, 0.429 2.929 0.4331, 0.4498 2.9131 0.4331, 0.3222 1.4964 0.4331, 0.474 2.903 0.4331, 0.5 2.8996 0.4331, 0.429 3.071 0.4331, 0.4131 3.0502 0.4331, 0.403 3.026 0.4331, 0.3996 3.0 0.4331, 0.403 2.974 0.4331, 0.4131 2.9498 0.4331, -0.4498 2.9131 0.4331, -0.0816 1.4964 0.4331, -0.4513 2.9124 0.4331, -0.474 2.903 0.4331, -0.4131 3.0502 0.4331, -0.0816 3.7402 0.4331, -0.403 3.026 0.4331, -0.3996 3.0 0.4331, -0.4513 3.0876 0.4331, -0.4513 3.7402 0.4331, -0.4498 3.0869 0.4331, -0.429 3.071 0.4331, -0.429 2.929 0.4331, -0.4131 2.9498 0.4331, -0.403 2.974 0.4331, -0.474 3.097 0.4331, -0.5 3.1004 0.4331, -0.7107 3.7402 0.4331, -0.526 3.097 0.4331, -0.5502 3.0869 0.4331, -0.571 2.929 0.4331, -0.5502 2.9131 0.4331, -0.526 2.903 0.4331, -0.5 2.8996 0.4331, -0.571 3.071 0.4331, -0.5869 3.0502 0.4331, -0.597 3.026 0.4331, -0.6004 3.0 0.4331, -0.597 2.974 0.4331, -0.5869 2.9498 0.4331, 0.5545 -2.9164 0.4331, 0.5545 -0.3077 0.4331, 0.571 -2.929 0.4331, 1.0863 -0.3077 0.4331, 1.0863 -3.4203 0.4331, 0.5869 -3.0502 0.4331, 0.597 -3.026 0.4331, 0.6004 -3.0 0.4331, 0.597 -2.974 0.4331, 0.5869 -2.9498 0.4331, 0.526 -3.097 0.4331, 0.5502 -3.0869 0.4331, 0.5545 -3.4203 0.4331, 0.5545 -3.0836 0.4331, 0.571 -3.071 0.4331, 0.429 -3.071 0.4331, 0.4498 -3.0869 0.4331, 0.3222 -3.4203 0.4331, 0.474 -3.097 0.4331, 0.5 -3.1004 0.4331, 0.5502 -2.9131 0.4331, 0.526 -2.903 0.4331, 0.3222 -0.3077 0.4331, 0.5 -2.8996 0.4331, 0.474 -2.903 0.4331, 0.4498 -2.9131 0.4331, 0.429 -2.929 0.4331, 0.4131 -2.9498 0.4331, 0.403 -2.974 0.4331, 0.3996 -3.0 0.4331, 0.403 -3.026 0.4331, 0.4131 -3.0502 0.4331, -0.403 -2.974 0.4331, -0.4131 -2.9498 0.4331, -0.0816 -0.3077 0.4331, -0.4513 -2.9124 0.4331, -0.4498 -2.9131 0.4331, -0.429 -2.929 0.4331, -0.429 -3.071 0.4331, -0.4131 -3.0502 0.4331, -0.0816 -3.4203 0.4331, -0.403 -3.026 0.4331, -0.3996 -3.0 0.4331, -0.5502 -2.9131 0.4331, -0.571 -2.929 0.4331, -0.5 -3.1004 0.4331, -0.474 -3.097 0.4331, -0.4513 -3.4203 0.4331, -0.4513 -3.0876 0.4331, -0.4498 -3.0869 0.4331, -0.526 -3.097 0.4331, -0.7107 -3.4203 0.4331, -0.5502 -3.0869 0.4331, -0.474 -2.903 0.4331, -0.5 -2.8996 0.4331, -0.526 -2.903 0.4331, -0.597 -3.026 0.4331, -0.5869 -3.0502 0.4331, -0.571 -3.071 0.4331, -0.5869 -2.9498 0.4331, -0.597 -2.974 0.4331, -0.6004 -3.0 0.4331, 0.3222 -0.2642 0.4331, 0.2937 -0.2611 0.4331, 0.3222 0.0481 0.4331, 0.2519 -0.2456 0.4331, 0.2892 0.0438 0.4331, 0.2449 -0.2417 0.4331, 0.2449 0.0248 0.4331, 0.2065 1.4964 0.4331, 0.2449 0.0776 0.4331, 0.2449 -0.2849 0.4331, 0.2065 -0.3077 0.4331, 0.2868 -0.3021 0.4331, 0.3222 0.0922 0.4331, 0.2904 0.09 0.4331, 0.3371 0.05 0.4331, 0.483 -0.082 0.4331, 0.3758 0.0457 0.4331, 0.4053 0.035 0.4331, 0.4849 -0.1126 0.4331, 0.4809 -0.1552 0.4331, 0.4702 -0.1891 0.4331, 0.454 -0.2164 0.4331, 0.4355 -0.2359 0.4331, 0.4113 -0.2522 0.4331, 0.4325 0.0168 0.4331, 0.4563 -0.0095 0.4331, 0.4726 -0.0399 0.4331, 0.3826 -0.2627 0.4331, 0.3459 -0.2669 0.4331, 0.4017 -0.305 0.4331, 0.4399 -0.2919 0.4331, 0.4715 -0.2717 0.4331, 0.5011 -0.2406 0.4331, 0.3222 -0.3071 0.4331, 0.3266 -0.3077 0.4331, 0.3424 -0.3099 0.4331, 0.3532 -0.3101 0.4331, 0.3763 -0.3077 0.4331, 0.5321 -0.0599 0.4331, 0.517 -0.0153 0.4331, 0.4939 0.0215 0.4331, 0.4583 0.0557 0.4331, 0.5221 -0.2031 0.4331, 0.5339 -0.1614 0.4331, 0.5377 -0.1159 0.4331, 0.4209 0.0772 0.4331, 0.3771 0.09 0.4331, 0.3375 0.0932 0.4331, -0.7107 -3.7402 0.4331, -0.4513 -3.7402 0.4331, -0.0816 -3.7402 0.4331, 0.2065 -3.7402 0.4331, 0.2065 -3.4203 0.4331, 0.3222 -3.7402 0.4331, 0.5545 -3.7402 0.4331, 1.0863 -3.7402 0.4331, 7.2047 -3.5433 0.4331, -1.1103 -3.4203 0.4331, -1.1103 -3.7402 0.4331, -2.0 -3.4203 0.4331, -2.0 -3.7402 0.4331, -5.001 -3.7402 0.4331, 1.571 -2.929 0.4331, 1.5502 -2.9131 0.4331, 1.403 -3.026 0.4331, 1.4131 -3.0502 0.4331, 1.429 -3.071 0.4331, 1.4498 -3.0869 0.4331, 1.526 -2.903 0.4331, 1.5 -2.8996 0.4331, 1.474 -3.097 0.4331, 1.5 -3.1004 0.4331, 1.526 -3.097 0.4331, 1.5502 -3.0869 0.4331, 1.474 -2.903 0.4331, 1.4498 -2.9131 0.4331, 1.429 -2.929 0.4331, 1.4131 -2.9498 0.4331, 1.403 -2.974 0.4331, 1.3996 -3.0 0.4331, 1.571 -3.071 0.4331, 1.5869 -3.0502 0.4331, 1.597 -3.026 0.4331, 1.6004 -3.0 0.4331, 1.597 -2.974 0.4331, 1.5869 -2.9498 0.4331, -1.474 -3.097 0.4331, -1.4498 -3.0869 0.4331, -1.6004 -3.0 0.4331, -1.597 -3.026 0.4331, -1.5869 -3.0502 0.4331, -1.571 -3.071 0.4331, -1.429 -3.071 0.4331, -1.4131 -3.0502 0.4331, -1.403 -3.026 0.4331, -1.3996 -3.0 0.4331, -1.403 -2.974 0.4331, -1.4131 -2.9498 0.4331, -1.429 -2.929 0.4331, -1.5502 -3.0869 0.4331, -1.526 -3.097 0.4331, -1.5 -3.1004 0.4331, -1.4498 -2.9131 0.4331, -1.474 -2.903 0.4331, -1.5 -2.8996 0.4331, -1.526 -2.903 0.4331, -2.0 -0.3077 0.4331, -1.5502 -2.9131 0.4331, -1.571 -2.929 0.4331, -1.5869 -2.9498 0.4331, -1.597 -2.974 0.4331, -2.474 -3.097 0.4331, -2.4498 -3.0869 0.4331, -2.597 -3.026 0.4331, -2.5869 -3.0502 0.4331, -2.571 -3.071 0.4331, -2.429 -3.071 0.4331, -2.4131 -3.0502 0.4331, -2.403 -3.026 0.4331, -2.5 -2.8996 0.4331, -2.526 -2.903 0.4331, -2.5502 -3.0869 0.4331, -2.526 -3.097 0.4331, -2.5 -3.1004 0.4331, -2.3996 -3.0 0.4331, -2.403 -2.974 0.4331, -2.4131 -2.9498 0.4331, -2.429 -2.929 0.4331, -2.4498 -2.9131 0.4331, -2.474 -2.903 0.4331, -2.5869 -2.9498 0.4331, -2.5502 -2.9131 0.4331, -2.571 -2.929 0.4331, 0.5713 -0.2621 0.4331, 0.5713 -0.3053 0.4331, 0.773 -0.3053 0.4331, 0.773 0.0884 0.4331, 0.7202 -0.2621 0.4331, 0.7202 0.0884 0.4331, -0.0432 -0.2621 0.4331, -0.0432 -0.3053 0.4331, 0.168 -0.3053 0.4331, 0.168 0.0884 0.4331, -0.0336 0.0452 0.4331, -0.0336 0.0884 0.4331, 0.1152 -0.1276 0.4331, 0.1152 -0.2621 0.4331, -0.024 -0.1276 0.4331, -0.024 -0.0844 0.4331, 0.1152 -0.0844 0.4331, 0.1152 0.0452 0.4331, -0.4173 -0.1974 0.4331, -0.3947 -0.2326 0.4331, -0.3623 -0.2636 0.4331, -0.3212 -0.2875 0.4331, -0.288 0.0823 0.4331, -0.3341 0.0662 0.4331, -0.3769 0.0375 0.4331, -0.12 0.0884 0.4331, -0.2311 0.0884 0.4331, -0.3773 0.0371 0.4331, -0.4052 0.0062 0.4331, -0.4235 -0.0276 0.4331, -0.2758 -0.301 0.4331, -0.2271 -0.3053 0.4331, -0.12 -0.3053 0.4331, -0.4341 -0.0664 0.4331, -0.4369 -0.1035 0.4331, -0.4314 -0.1562 0.4331, -7.4016 1.4964 0.4331, -7.4016 -0.3077 0.4331, -7.4016 -2.7559 0.4331, 1.597 3.026 0.4331, 1.5869 3.0502 0.4331, 1.571 3.071 0.4331, 1.474 3.097 0.4331, 1.4498 3.0869 0.4331, 1.429 3.071 0.4331, 1.4131 3.0502 0.4331, 1.4131 2.9498 0.4331, 1.429 2.929 0.4331, 1.4498 2.9131 0.4331, 1.5502 2.9131 0.4331, 1.571 2.929 0.4331, 1.5502 3.0869 0.4331, 1.526 3.097 0.4331, 1.5 3.1004 0.4331, 1.474 2.903 0.4331, 1.5 2.8996 0.4331, 1.526 2.903 0.4331, 1.403 3.026 0.4331, 1.3996 3.0 0.4331, 1.403 2.974 0.4331, 1.5869 2.9498 0.4331, 1.597 2.974 0.4331, 1.6004 3.0 0.4331, 0.2065 3.7402 0.4331, -1.1103 3.7402 0.4331, -1.429 3.071 0.4331, -1.4498 3.0869 0.4331, -1.6004 3.0 0.4331, -1.597 2.974 0.4331, -2.0 1.4964 0.4331, -1.5869 2.9498 0.4331, -1.5 2.8996 0.4331, -1.474 2.903 0.4331, -1.4131 3.0502 0.4331, -1.571 2.929 0.4331, -1.5502 2.9131 0.4331, -1.526 2.903 0.4331, -1.4498 2.9131 0.4331, -1.429 2.929 0.4331, -1.4131 2.9498 0.4331, -1.403 2.974 0.4331, -1.3996 3.0 0.4331, -1.403 3.026 0.4331, -1.5502 3.0869 0.4331, -1.571 3.071 0.4331, -2.0 3.7402 0.4331, -1.5869 3.0502 0.4331, -1.597 3.026 0.4331, -1.474 3.097 0.4331, -1.5 3.1004 0.4331, -1.526 3.097 0.4331, -2.6004 3.0 0.4331, -2.597 2.974 0.4331, -2.4131 2.9498 0.4331, -2.403 2.974 0.4331, -2.526 2.903 0.4331, -2.5 2.8996 0.4331, -2.474 2.903 0.4331, -2.5869 2.9498 0.4331, -2.571 2.929 0.4331, -2.5502 2.9131 0.4331, -2.4498 2.9131 0.4331, -2.429 2.929 0.4331, -2.3996 3.0 0.4331, -2.403 3.026 0.4331, -2.4131 3.0502 0.4331, -2.571 3.071 0.4331, -2.5869 3.0502 0.4331, -2.597 3.026 0.4331, -2.429 3.071 0.4331, -2.4498 3.0869 0.4331, -2.474 3.097 0.4331, -2.5 3.1004 0.4331, -2.526 3.097 0.4331, -2.5502 3.0869 0.4331
            ]
        }
        coordIndex [
            0,1,2,-1,3,4,5,-1,6,7,8,-1,9,10,11,-1,12,13,14,-1,14,13,15,-1,15,13,16,-1,15,16,17,-1,17,16,18,-1,17,18,19,-1,20,21,19,-1,22,23,14,-1,22,20,24,-1,24,20,19,-1,24,19,25,-1,25,19,18,-1,12,14,26,-1,26,14,23,-1,26,23,27,-1,28,9,29,-1,29,9,30,-1,29,30,31,-1,32,33,34,-1,35,32,36,-1,36,32,2,-1,36,2,37,-1,38,39,40,-1,40,39,41,-1,42,43,44,-1,44,43,45,-1,45,46,44,-1,44,46,47,-1,44,47,48,-1,48,49,44,-1,44,49,50,-1,44,50,51,-1,51,50,52,-1,51,52,53,-1,40,54,44,-1,44,54,55,-1,44,55,42,-1,53,56,51,-1,51,56,57,-1,51,57,41,-1,41,57,58,-1,41,58,59,-1,60,61,40,-1,40,61,62,-1,62,63,40,-1,40,63,64,-1,40,64,54,-1,59,65,41,-1,41,65,66,-1,41,66,40,-1,40,66,67,-1,40,67,60,-1,5,68,3,-1,3,68,69,-1,3,69,70,-1,68,71,72,-1,72,73,68,-1,68,73,74,-1,68,74,75,-1,75,76,68,-1,68,76,77,-1,68,77,78,-1,79,80,71,-1,71,80,81,-1,71,81,72,-1,78,82,68,-1,68,82,83,-1,68,83,69,-1,69,83,84,-1,69,84,85,-1,85,86,69,-1,69,86,87,-1,69,87,88,-1,88,87,89,-1,88,89,90,-1,90,91,88,-1,88,91,92,-1,88,92,71,-1,71,92,93,-1,71,93,94,-1,94,95,71,-1,71,95,96,-1,71,96,79,-1,97,98,99,-1,98,97,100,-1,100,97,101,-1,100,101,102,-1,99,103,97,-1,97,103,104,-1,97,104,105,-1,105,104,106,-1,105,106,107,-1,108,109,110,-1,110,109,111,-1,110,111,101,-1,101,111,112,-1,101,112,102,-1,107,113,105,-1,105,113,114,-1,105,114,115,-1,115,114,116,-1,115,116,117,-1,118,119,120,-1,120,119,121,-1,120,121,110,-1,110,121,122,-1,110,122,108,-1,117,123,115,-1,115,123,124,-1,115,124,125,-1,126,127,120,-1,120,127,128,-1,120,128,118,-1,129,130,131,-1,131,130,17,-1,131,17,132,-1,133,134,135,-1,135,134,136,-1,137,138,139,-1,139,138,134,-1,139,134,140,-1,140,134,133,-1,129,141,130,-1,130,141,142,-1,130,142,143,-1,137,144,138,-1,138,144,145,-1,138,145,146,-1,146,145,147,-1,146,147,148,-1,149,150,19,-1,19,150,151,-1,19,151,17,-1,17,151,152,-1,17,152,132,-1,148,153,146,-1,146,153,154,-1,146,154,155,-1,156,157,19,-1,19,157,158,-1,19,158,149,-1,159,160,161,-1,161,160,162,-1,163,164,165,-1,165,166,163,-1,163,166,167,-1,163,167,162,-1,162,167,168,-1,162,168,161,-1,169,170,171,-1,171,170,172,-1,171,172,163,-1,163,172,173,-1,163,173,164,-1,174,175,176,-1,176,175,177,-1,176,177,171,-1,171,177,178,-1,171,178,169,-1,179,180,181,-1,181,180,182,-1,181,182,183,-1,183,184,181,-1,181,184,185,-1,181,185,186,-1,187,188,176,-1,188,189,176,-1,176,189,190,-1,176,190,174,-1,191,192,193,-1,194,15,195,-1,195,15,193,-1,195,193,196,-1,196,193,192,-1,197,198,199,-1,199,198,200,-1,199,200,201,-1,202,203,14,-1,204,205,206,-1,206,205,207,-1,206,207,199,-1,199,207,208,-1,199,208,197,-1,204,206,209,-1,209,206,210,-1,209,210,211,-1,194,212,15,-1,15,212,213,-1,15,213,14,-1,14,213,214,-1,14,214,202,-1,215,216,210,-1,210,216,217,-1,210,217,211,-1,203,218,14,-1,14,218,219,-1,14,219,210,-1,210,219,220,-1,210,220,215,-1,221,222,223,-1,223,222,224,-1,223,224,225,-1,225,224,226,-1,225,226,227,-1,227,226,228,-1,227,228,229,-1,226,230,231,-1,231,230,232,-1,231,232,181,-1,120,233,228,-1,228,233,234,-1,228,234,229,-1,223,235,236,-1,236,235,237,-1,236,237,238,-1,236,239,223,-1,223,239,240,-1,223,240,241,-1,241,242,223,-1,223,242,243,-1,223,243,244,-1,238,245,236,-1,236,245,246,-1,236,246,247,-1,244,248,223,-1,223,248,249,-1,223,249,221,-1,250,251,160,-1,160,251,252,-1,160,252,253,-1,232,254,181,-1,181,254,255,-1,181,255,179,-1,179,255,256,-1,179,256,159,-1,159,256,257,-1,159,257,160,-1,160,257,258,-1,160,258,250,-1,259,260,110,-1,110,260,261,-1,110,261,262,-1,253,263,160,-1,160,263,264,-1,160,264,265,-1,262,266,110,-1,110,266,267,-1,110,267,120,-1,120,267,268,-1,120,268,233,-1,269,210,270,-1,270,210,206,-1,270,206,271,-1,271,206,199,-1,271,199,272,-1,272,199,273,-1,272,273,274,-1,274,273,176,-1,274,176,275,-1,275,176,171,-1,275,171,276,-1,276,171,163,-1,276,163,8,-1,8,163,44,-1,8,44,6,-1,6,44,51,-1,6,51,277,-1,278,279,280,-1,280,279,281,-1,280,281,2,-1,2,281,282,-1,2,282,37,-1,283,284,40,-1,285,286,163,-1,163,286,287,-1,163,287,288,-1,289,290,162,-1,288,291,163,-1,163,291,292,-1,163,292,44,-1,44,292,293,-1,44,293,294,-1,290,295,162,-1,162,295,296,-1,162,296,297,-1,297,298,162,-1,162,298,299,-1,162,299,163,-1,163,299,300,-1,163,300,285,-1,294,301,44,-1,44,301,302,-1,44,302,303,-1,303,304,44,-1,44,304,305,-1,44,305,40,-1,40,305,306,-1,40,306,283,-1,201,191,199,-1,199,191,193,-1,199,193,273,-1,273,193,231,-1,273,231,176,-1,176,231,181,-1,176,181,187,-1,187,181,186,-1,22,14,20,-1,20,14,210,-1,20,210,278,-1,278,210,269,-1,278,269,279,-1,307,308,278,-1,309,310,280,-1,280,310,311,-1,280,311,312,-1,308,313,278,-1,278,313,314,-1,278,314,315,-1,315,316,278,-1,278,316,317,-1,278,317,20,-1,20,317,318,-1,20,318,319,-1,312,320,280,-1,280,320,321,-1,280,321,278,-1,278,321,322,-1,278,322,307,-1,319,323,20,-1,20,323,324,-1,20,324,325,-1,325,326,327,-1,327,326,328,-1,328,329,327,-1,327,329,330,-1,327,330,280,-1,280,330,331,-1,280,331,309,-1,332,333,280,-1,1,334,2,-1,2,334,335,-1,2,335,336,-1,333,337,280,-1,280,337,338,-1,280,338,339,-1,327,340,341,-1,336,342,2,-1,2,342,343,-1,2,343,280,-1,280,343,344,-1,280,344,332,-1,339,345,280,-1,280,345,346,-1,280,346,327,-1,327,346,347,-1,327,347,348,-1,348,349,327,-1,327,349,350,-1,327,350,340,-1,32,34,2,-1,2,34,351,-1,2,351,0,-1,341,352,34,-1,34,352,353,-1,34,353,351,-1,5,38,68,-1,68,38,40,-1,68,40,101,-1,354,160,110,-1,110,160,265,-1,110,265,259,-1,354,355,160,-1,160,355,356,-1,160,356,162,-1,162,356,357,-1,358,354,359,-1,359,354,110,-1,359,110,357,-1,357,110,101,-1,357,101,162,-1,162,101,40,-1,162,40,289,-1,289,40,284,-1,360,361,193,-1,193,361,231,-1,231,361,362,-1,231,362,363,-1,364,360,130,-1,226,231,228,-1,228,231,363,-1,228,363,130,-1,130,363,365,-1,130,365,364,-1,366,367,368,-1,368,367,360,-1,368,360,369,-1,369,360,364,-1,369,364,370,-1,370,364,371,-1,372,373,15,-1,15,373,374,-1,15,374,375,-1,376,377,17,-1,17,377,378,-1,360,193,130,-1,130,193,379,-1,130,379,17,-1,17,379,380,-1,17,380,376,-1,378,381,17,-1,17,381,382,-1,17,382,383,-1,375,384,15,-1,15,384,385,-1,15,385,193,-1,193,385,386,-1,193,386,379,-1,383,387,17,-1,17,387,388,-1,17,388,15,-1,15,388,389,-1,15,389,372,-1,31,30,390,-1,390,30,34,-1,390,34,391,-1,391,34,33,-1,391,33,392,-1,393,394,71,-1,71,394,395,-1,396,397,97,-1,97,397,398,-1,97,398,399,-1,400,401,101,-1,101,401,402,-1,403,404,68,-1,395,405,71,-1,71,405,406,-1,71,406,97,-1,97,406,407,-1,97,407,396,-1,402,408,101,-1,101,408,409,-1,101,409,68,-1,68,409,410,-1,68,410,403,-1,399,411,97,-1,97,411,412,-1,97,412,101,-1,101,412,413,-1,101,413,400,-1,404,414,68,-1,68,414,415,-1,68,415,71,-1,71,415,416,-1,71,416,393,-1,143,136,130,-1,130,136,134,-1,130,134,228,-1,228,134,417,-1,228,417,120,-1,120,417,115,-1,120,115,126,-1,126,115,125,-1,21,418,19,-1,19,418,146,-1,19,146,156,-1,156,146,155,-1,419,420,418,-1,421,422,423,-1,423,422,424,-1,21,425,426,-1,419,418,427,-1,424,428,423,-1,423,428,429,-1,423,429,430,-1,325,327,20,-1,20,327,423,-1,20,423,21,-1,21,423,430,-1,21,430,425,-1,426,431,21,-1,21,431,432,-1,21,432,433,-1,433,434,21,-1,21,434,435,-1,21,435,418,-1,418,435,436,-1,418,436,427,-1,437,438,439,-1,439,438,440,-1,439,440,441,-1,420,442,418,-1,418,442,443,-1,418,443,439,-1,439,443,444,-1,439,444,437,-1,9,11,30,-1,30,11,445,-1,30,445,446,-1,447,448,423,-1,423,448,439,-1,423,439,421,-1,421,439,441,-1,449,450,423,-1,423,450,451,-1,446,452,30,-1,30,452,453,-1,30,453,454,-1,451,455,423,-1,423,455,456,-1,423,456,447,-1,448,457,439,-1,439,457,458,-1,439,458,459,-1,460,461,11,-1,11,461,462,-1,11,462,445,-1,341,34,327,-1,327,34,30,-1,327,30,423,-1,423,30,454,-1,423,454,449,-1,459,463,439,-1,439,463,464,-1,439,464,465,-1,465,466,439,-1,439,466,467,-1,439,467,11,-1,11,467,468,-1,11,468,460,-1,
        ]
    }
}
Shape{
    appearance Appearance {
        material  Material {
            diffuseColor 0.7686274509803922 0.7686274509803922 0.7686274509803922
            specularColor 0.615686274509804 0.615686274509804 0.615686274509804
            ambientIntensity 0.7686
            transparency 0.0
            shininess 0.5
        }
    }
    geometry IndexedFaceSet {
        ccw TRUE
        solid FALSE
        coord DEF co Coordinate {
            point [
                -2.5869 -3.0502 -1.2598, -2.597 -3.026 -1.2598, -2.5 -3.0 -1.2598, -2.6004 -3.0 -1.2598, -2.597 -2.974 -1.2598, -2.526 -3.097 -1.2598, -2.5502 -3.0869 -1.2598, -2.571 -3.071 -1.2598, -2.4498 -3.0869 -1.2598, -2.474 -3.097 -1.2598, -2.5 -3.1004 -1.2598, -2.403 -3.026 -1.2598, -2.4131 -3.0502 -1.2598, -2.429 -3.071 -1.2598, -2.4131 -2.9498 -1.2598, -2.403 -2.974 -1.2598, -2.3996 -3.0 -1.2598, -2.474 -2.903 -1.2598, -2.4498 -2.9131 -1.2598, -2.429 -2.929 -1.2598, -2.5502 -2.9131 -1.2598, -2.526 -2.903 -1.2598, -2.5 -2.8996 -1.2598, -2.5869 -2.9498 -1.2598, -2.571 -2.929 -1.2598, -2.3996 -3.0 0.4331, -2.403 -2.974 0.4331, -2.4131 -2.9498 0.4331, -2.429 -2.929 0.4331, -2.4498 -2.9131 0.4331, -2.474 -2.903 0.4331, -2.5 -2.8996 0.4331, -2.526 -2.903 0.4331, -2.5502 -2.9131 0.4331, -2.571 -2.929 0.4331, -2.5869 -2.9498 0.4331, -2.597 -2.974 0.4331, -2.6004 -3.0 0.4331, -2.597 -3.026 0.4331, -2.5869 -3.0502 0.4331, -2.571 -3.071 0.4331, -2.5502 -3.0869 0.4331, -2.526 -3.097 0.4331, -2.5 -3.1004 0.4331, -2.474 -3.097 0.4331, -2.4498 -3.0869 0.4331, -2.429 -3.071 0.4331, -2.4131 -3.0502 0.4331, -2.403 -3.026 0.4331, -1.5869 -3.0502 -1.2598, -1.597 -3.026 -1.2598, -1.5 -3.0 -1.2598, -1.6004 -3.0 -1.2598, -1.597 -2.974 -1.2598, -1.526 -3.097 -1.2598, -1.5502 -3.0869 -1.2598, -1.571 -3.071 -1.2598, -1.4498 -3.0869 -1.2598, -1.474 -3.097 -1.2598, -1.5 -3.1004 -1.2598, -1.403 -3.026 -1.2598, -1.4131 -3.0502 -1.2598, -1.429 -3.071 -1.2598, -1.4131 -2.9498 -1.2598, -1.403 -2.974 -1.2598, -1.3996 -3.0 -1.2598, -1.474 -2.903 -1.2598, -1.4498 -2.9131 -1.2598, -1.429 -2.929 -1.2598, -1.5502 -2.9131 -1.2598, -1.526 -2.903 -1.2598, -1.5 -2.8996 -1.2598, -1.5869 -2.9498 -1.2598, -1.571 -2.929 -1.2598, -1.3996 -3.0 0.4331, -1.403 -2.974 0.4331, -1.4131 -2.9498 0.4331, -1.429 -2.929 0.4331, -1.4498 -2.9131 0.4331, -1.474 -2.903 0.4331, -1.5 -2.8996 0.4331, -1.526 -2.903 0.4331, -1.5502 -2.9131 0.4331, -1.571 -2.929 0.4331, -1.5869 -2.9498 0.4331, -1.597 -2.974 0.4331, -1.6004 -3.0 0.4331, -1.597 -3.026 0.4331, -1.5869 -3.0502 0.4331, -1.571 -3.071 0.4331, -1.5502 -3.0869 0.4331, -1.526 -3.097 0.4331, -1.5 -3.1004 0.4331, -1.474 -3.097 0.4331, -1.4498 -3.0869 0.4331, -1.429 -3.071 0.4331, -1.4131 -3.0502 0.4331, -1.403 -3.026 0.4331, -0.5869 -3.0502 -1.2598, -0.597 -3.026 -1.2598, -0.5 -3.0 -1.2598, -0.6004 -3.0 -1.2598, -0.597 -2.974 -1.2598, -0.526 -3.097 -1.2598, -0.5502 -3.0869 -1.2598, -0.571 -3.071 -1.2598, -0.4498 -3.0869 -1.2598, -0.474 -3.097 -1.2598, -0.5 -3.1004 -1.2598, -0.403 -3.026 -1.2598, -0.4131 -3.0502 -1.2598, -0.429 -3.071 -1.2598, -0.4131 -2.9498 -1.2598, -0.403 -2.974 -1.2598, -0.3996 -3.0 -1.2598, -0.474 -2.903 -1.2598, -0.4498 -2.9131 -1.2598, -0.429 -2.929 -1.2598, -0.5502 -2.9131 -1.2598, -0.526 -2.903 -1.2598, -0.5 -2.8996 -1.2598, -0.5869 -2.9498 -1.2598, -0.571 -2.929 -1.2598, -0.3996 -3.0 0.4331, -0.403 -2.974 0.4331, -0.4131 -2.9498 0.4331, -0.429 -2.929 0.4331, -0.4498 -2.9131 0.4331, -0.474 -2.903 0.4331, -0.5 -2.8996 0.4331, -0.526 -2.903 0.4331, -0.5502 -2.9131 0.4331, -0.571 -2.929 0.4331, -0.5869 -2.9498 0.4331, -0.597 -2.974 0.4331, -0.6004 -3.0 0.4331, -0.597 -3.026 0.4331, -0.5869 -3.0502 0.4331, -0.571 -3.071 0.4331, -0.5502 -3.0869 0.4331, -0.526 -3.097 0.4331, -0.5 -3.1004 0.4331, -0.474 -3.097 0.4331, -0.4498 -3.0869 0.4331, -0.429 -3.071 0.4331, -0.4131 -3.0502 0.4331, -0.403 -3.026 0.4331, 0.4131 -3.0502 -1.2598, 0.403 -3.026 -1.2598, 0.5 -3.0 -1.2598, 0.3996 -3.0 -1.2598, 0.403 -2.974 -1.2598, 0.474 -3.097 -1.2598, 0.4498 -3.0869 -1.2598, 0.429 -3.071 -1.2598, 0.5502 -3.0869 -1.2598, 0.526 -3.097 -1.2598, 0.5 -3.1004 -1.2598, 0.597 -3.026 -1.2598, 0.5869 -3.0502 -1.2598, 0.571 -3.071 -1.2598, 0.5869 -2.9498 -1.2598, 0.597 -2.974 -1.2598, 0.6004 -3.0 -1.2598, 0.526 -2.903 -1.2598, 0.5502 -2.9131 -1.2598, 0.571 -2.929 -1.2598, 0.4498 -2.9131 -1.2598, 0.474 -2.903 -1.2598, 0.5 -2.8996 -1.2598, 0.4131 -2.9498 -1.2598, 0.429 -2.929 -1.2598, 0.6004 -3.0 0.4331, 0.597 -2.974 0.4331, 0.5869 -2.9498 0.4331, 0.571 -2.929 0.4331, 0.5502 -2.9131 0.4331, 0.526 -2.903 0.4331, 0.5 -2.8996 0.4331, 0.474 -2.903 0.4331, 0.4498 -2.9131 0.4331, 0.429 -2.929 0.4331, 0.4131 -2.9498 0.4331, 0.403 -2.974 0.4331, 0.3996 -3.0 0.4331, 0.403 -3.026 0.4331, 0.4131 -3.0502 0.4331, 0.429 -3.071 0.4331, 0.4498 -3.0869 0.4331, 0.474 -3.097 0.4331, 0.5 -3.1004 0.4331, 0.526 -3.097 0.4331, 0.5502 -3.0869 0.4331, 0.571 -3.071 0.4331, 0.5869 -3.0502 0.4331, 0.597 -3.026 0.4331, 1.4131 -3.0502 -1.2598, 1.403 -3.026 -1.2598, 1.5 -3.0 -1.2598, 1.3996 -3.0 -1.2598, 1.403 -2.974 -1.2598, 1.474 -3.097 -1.2598, 1.4498 -3.0869 -1.2598, 1.429 -3.071 -1.2598, 1.5502 -3.0869 -1.2598, 1.526 -3.097 -1.2598, 1.5 -3.1004 -1.2598, 1.597 -3.026 -1.2598, 1.5869 -3.0502 -1.2598, 1.571 -3.071 -1.2598, 1.5869 -2.9498 -1.2598, 1.597 -2.974 -1.2598, 1.6004 -3.0 -1.2598, 1.526 -2.903 -1.2598, 1.5502 -2.9131 -1.2598, 1.571 -2.929 -1.2598, 1.4498 -2.9131 -1.2598, 1.474 -2.903 -1.2598, 1.5 -2.8996 -1.2598, 1.4131 -2.9498 -1.2598, 1.429 -2.929 -1.2598, 1.6004 -3.0 0.4331, 1.597 -2.974 0.4331, 1.5869 -2.9498 0.4331, 1.571 -2.929 0.4331, 1.5502 -2.9131 0.4331, 1.526 -2.903 0.4331, 1.5 -2.8996 0.4331, 1.474 -2.903 0.4331, 1.4498 -2.9131 0.4331, 1.429 -2.929 0.4331, 1.4131 -2.9498 0.4331, 1.403 -2.974 0.4331, 1.3996 -3.0 0.4331, 1.403 -3.026 0.4331, 1.4131 -3.0502 0.4331, 1.429 -3.071 0.4331, 1.4498 -3.0869 0.4331, 1.474 -3.097 0.4331, 1.5 -3.1004 0.4331, 1.526 -3.097 0.4331, 1.5502 -3.0869 0.4331, 1.571 -3.071 0.4331, 1.5869 -3.0502 0.4331, 1.597 -3.026 0.4331, 2.4131 -3.0502 -1.2598, 2.403 -3.026 -1.2598, 2.5 -3.0 -1.2598, 2.3996 -3.0 -1.2598, 2.403 -2.974 -1.2598, 2.474 -3.097 -1.2598, 2.4498 -3.0869 -1.2598, 2.429 -3.071 -1.2598, 2.5502 -3.0869 -1.2598, 2.526 -3.097 -1.2598, 2.5 -3.1004 -1.2598, 2.597 -3.026 -1.2598, 2.5869 -3.0502 -1.2598, 2.571 -3.071 -1.2598, 2.5869 -2.9498 -1.2598, 2.597 -2.974 -1.2598, 2.6004 -3.0 -1.2598, 2.526 -2.903 -1.2598, 2.5502 -2.9131 -1.2598, 2.571 -2.929 -1.2598, 2.4498 -2.9131 -1.2598, 2.474 -2.903 -1.2598, 2.5 -2.8996 -1.2598, 2.4131 -2.9498 -1.2598, 2.429 -2.929 -1.2598, 2.6004 -3.0 0.4331, 2.597 -2.974 0.4331, 2.5869 -2.9498 0.4331, 2.571 -2.929 0.4331, 2.5502 -2.9131 0.4331, 2.526 -2.903 0.4331, 2.5 -2.8996 0.4331, 2.474 -2.903 0.4331, 2.4498 -2.9131 0.4331, 2.429 -2.929 0.4331, 2.4131 -2.9498 0.4331, 2.403 -2.974 0.4331, 2.3996 -3.0 0.4331, 2.403 -3.026 0.4331, 2.4131 -3.0502 0.4331, 2.429 -3.071 0.4331, 2.4498 -3.0869 0.4331, 2.474 -3.097 0.4331, 2.5 -3.1004 0.4331, 2.526 -3.097 0.4331, 2.5502 -3.0869 0.4331, 2.571 -3.071 0.4331, 2.5869 -3.0502 0.4331, 2.597 -3.026 0.4331, -2.5869 2.9498 -1.2598, -2.597 2.974 -1.2598, -2.5 3.0 -1.2598, -2.6004 3.0 -1.2598, -2.597 3.026 -1.2598, -2.526 2.903 -1.2598, -2.5502 2.9131 -1.2598, -2.571 2.929 -1.2598, -2.4498 2.9131 -1.2598, -2.474 2.903 -1.2598, -2.5 2.8996 -1.2598, -2.403 2.974 -1.2598, -2.4131 2.9498 -1.2598, -2.429 2.929 -1.2598, -2.4131 3.0502 -1.2598, -2.403 3.026 -1.2598, -2.3996 3.0 -1.2598, -2.474 3.097 -1.2598, -2.4498 3.0869 -1.2598, -2.429 3.071 -1.2598, -2.5502 3.0869 -1.2598, -2.526 3.097 -1.2598, -2.5 3.1004 -1.2598, -2.5869 3.0502 -1.2598, -2.571 3.071 -1.2598, -2.3996 3.0 0.4331, -2.403 3.026 0.4331, -2.4131 3.0502 0.4331, -2.429 3.071 0.4331, -2.4498 3.0869 0.4331, -2.474 3.097 0.4331, -2.5 3.1004 0.4331, -2.526 3.097 0.4331, -2.5502 3.0869 0.4331, -2.571 3.071 0.4331, -2.5869 3.0502 0.4331, -2.597 3.026 0.4331, -2.6004 3.0 0.4331, -2.597 2.974 0.4331, -2.5869 2.9498 0.4331, -2.571 2.929 0.4331, -2.5502 2.9131 0.4331, -2.526 2.903 0.4331, -2.5 2.8996 0.4331, -2.474 2.903 0.4331, -2.4498 2.9131 0.4331, -2.429 2.929 0.4331, -2.4131 2.9498 0.4331, -2.403 2.974 0.4331, -1.5869 2.9498 -1.2598, -1.597 2.974 -1.2598, -1.5 3.0 -1.2598, -1.6004 3.0 -1.2598, -1.597 3.026 -1.2598, -1.526 2.903 -1.2598, -1.5502 2.9131 -1.2598, -1.571 2.929 -1.2598, -1.4498 2.9131 -1.2598, -1.474 2.903 -1.2598, -1.5 2.8996 -1.2598, -1.403 2.974 -1.2598, -1.4131 2.9498 -1.2598, -1.429 2.929 -1.2598, -1.4131 3.0502 -1.2598, -1.403 3.026 -1.2598, -1.3996 3.0 -1.2598, -1.474 3.097 -1.2598, -1.4498 3.0869 -1.2598, -1.429 3.071 -1.2598, -1.5502 3.0869 -1.2598, -1.526 3.097 -1.2598, -1.5 3.1004 -1.2598, -1.5869 3.0502 -1.2598, -1.571 3.071 -1.2598, -1.3996 3.0 0.4331, -1.403 3.026 0.4331, -1.4131 3.0502 0.4331, -1.429 3.071 0.4331, -1.4498 3.0869 0.4331, -1.474 3.097 0.4331, -1.5 3.1004 0.4331, -1.526 3.097 0.4331, -1.5502 3.0869 0.4331, -1.571 3.071 0.4331, -1.5869 3.0502 0.4331, -1.597 3.026 0.4331, -1.6004 3.0 0.4331, -1.597 2.974 0.4331, -1.5869 2.9498 0.4331, -1.571 2.929 0.4331, -1.5502 2.9131 0.4331, -1.526 2.903 0.4331, -1.5 2.8996 0.4331, -1.474 2.903 0.4331, -1.4498 2.9131 0.4331, -1.429 2.929 0.4331, -1.4131 2.9498 0.4331, -1.403 2.974 0.4331, -0.5869 2.9498 -1.2598, -0.597 2.974 -1.2598, -0.5 3.0 -1.2598, -0.6004 3.0 -1.2598, -0.597 3.026 -1.2598, -0.526 2.903 -1.2598, -0.5502 2.9131 -1.2598, -0.571 2.929 -1.2598, -0.4498 2.9131 -1.2598, -0.474 2.903 -1.2598, -0.5 2.8996 -1.2598, -0.403 2.974 -1.2598, -0.4131 2.9498 -1.2598, -0.429 2.929 -1.2598, -0.4131 3.0502 -1.2598, -0.403 3.026 -1.2598, -0.3996 3.0 -1.2598, -0.474 3.097 -1.2598, -0.4498 3.0869 -1.2598, -0.429 3.071 -1.2598, -0.5502 3.0869 -1.2598, -0.526 3.097 -1.2598, -0.5 3.1004 -1.2598, -0.5869 3.0502 -1.2598, -0.571 3.071 -1.2598, -0.3996 3.0 0.4331, -0.403 3.026 0.4331, -0.4131 3.0502 0.4331, -0.429 3.071 0.4331, -0.4498 3.0869 0.4331, -0.474 3.097 0.4331, -0.5 3.1004 0.4331, -0.526 3.097 0.4331, -0.5502 3.0869 0.4331, -0.571 3.071 0.4331, -0.5869 3.0502 0.4331, -0.597 3.026 0.4331, -0.6004 3.0 0.4331, -0.597 2.974 0.4331, -0.5869 2.9498 0.4331, -0.571 2.929 0.4331, -0.5502 2.9131 0.4331, -0.526 2.903 0.4331, -0.5 2.8996 0.4331, -0.474 2.903 0.4331, -0.4498 2.9131 0.4331, -0.429 2.929 0.4331, -0.4131 2.9498 0.4331, -0.403 2.974 0.4331, 0.4131 2.9498 -1.2598, 0.403 2.974 -1.2598, 0.5 3.0 -1.2598, 0.3996 3.0 -1.2598, 0.403 3.026 -1.2598, 0.474 2.903 -1.2598, 0.4498 2.9131 -1.2598, 0.429 2.929 -1.2598, 0.5502 2.9131 -1.2598, 0.526 2.903 -1.2598, 0.5 2.8996 -1.2598, 0.597 2.974 -1.2598, 0.5869 2.9498 -1.2598, 0.571 2.929 -1.2598, 0.5869 3.0502 -1.2598, 0.597 3.026 -1.2598, 0.6004 3.0 -1.2598, 0.526 3.097 -1.2598, 0.5502 3.0869 -1.2598, 0.571 3.071 -1.2598, 0.4498 3.0869 -1.2598, 0.474 3.097 -1.2598, 0.5 3.1004 -1.2598, 0.4131 3.0502 -1.2598, 0.429 3.071 -1.2598, 0.6004 3.0 0.4331, 0.597 3.026 0.4331, 0.5869 3.0502 0.4331, 0.571 3.071 0.4331, 0.5502 3.0869 0.4331, 0.526 3.097 0.4331, 0.5 3.1004 0.4331, 0.474 3.097 0.4331, 0.4498 3.0869 0.4331, 0.429 3.071 0.4331, 0.4131 3.0502 0.4331, 0.403 3.026 0.4331, 0.3996 3.0 0.4331, 0.403 2.974 0.4331, 0.4131 2.9498 0.4331, 0.429 2.929 0.4331, 0.4498 2.9131 0.4331, 0.474 2.903 0.4331, 0.5 2.8996 0.4331, 0.526 2.903 0.4331, 0.5502 2.9131 0.4331, 0.571 2.929 0.4331, 0.5869 2.9498 0.4331, 0.597 2.974 0.4331
            ]
        }
        coordIndex [
            0,1,2,-1,2,1,3,-1,2,3,4,-1,5,6,2,-1,2,6,7,-1,2,7,0,-1,8,9,2,-1,2,9,10,-1,2,10,5,-1,11,12,2,-1,2,12,13,-1,2,13,8,-1,14,15,2,-1,2,15,16,-1,2,16,11,-1,17,18,2,-1,2,18,19,-1,2,19,14,-1,20,21,2,-1,2,21,22,-1,2,22,17,-1,4,23,2,-1,2,23,24,-1,2,24,20,-1,25,15,26,-1,26,15,14,-1,26,14,27,-1,27,14,19,-1,27,19,28,-1,28,19,18,-1,28,18,29,-1,29,18,17,-1,29,17,30,-1,30,17,22,-1,30,22,31,-1,31,22,21,-1,31,21,32,-1,32,21,20,-1,32,20,33,-1,33,20,24,-1,33,24,34,-1,34,24,23,-1,34,23,35,-1,35,23,4,-1,35,4,36,-1,36,4,3,-1,36,3,37,-1,37,3,1,-1,37,1,38,-1,38,1,0,-1,38,0,39,-1,39,0,7,-1,39,7,40,-1,40,7,6,-1,40,6,41,-1,41,6,5,-1,41,5,42,-1,42,5,10,-1,42,10,43,-1,43,10,9,-1,43,9,44,-1,44,9,8,-1,44,8,45,-1,45,8,13,-1,45,13,46,-1,46,13,12,-1,46,12,47,-1,47,12,11,-1,47,11,48,-1,48,11,16,-1,48,16,25,-1,25,16,15,-1,49,50,51,-1,51,50,52,-1,51,52,53,-1,54,55,51,-1,51,55,56,-1,51,56,49,-1,57,58,51,-1,51,58,59,-1,51,59,54,-1,60,61,51,-1,51,61,62,-1,51,62,57,-1,63,64,51,-1,51,64,65,-1,51,65,60,-1,66,67,51,-1,51,67,68,-1,51,68,63,-1,69,70,51,-1,51,70,71,-1,51,71,66,-1,53,72,51,-1,51,72,73,-1,51,73,69,-1,74,64,75,-1,75,64,63,-1,75,63,76,-1,76,63,68,-1,76,68,77,-1,77,68,67,-1,77,67,78,-1,78,67,66,-1,78,66,79,-1,79,66,71,-1,79,71,80,-1,80,71,70,-1,80,70,81,-1,81,70,69,-1,81,69,82,-1,82,69,73,-1,82,73,83,-1,83,73,72,-1,83,72,84,-1,84,72,53,-1,84,53,85,-1,85,53,52,-1,85,52,86,-1,86,52,50,-1,86,50,87,-1,87,50,49,-1,87,49,88,-1,88,49,56,-1,88,56,89,-1,89,56,55,-1,89,55,90,-1,90,55,54,-1,90,54,91,-1,91,54,59,-1,91,59,92,-1,92,59,58,-1,92,58,93,-1,93,58,57,-1,93,57,94,-1,94,57,62,-1,94,62,95,-1,95,62,61,-1,95,61,96,-1,96,61,60,-1,96,60,97,-1,97,60,65,-1,97,65,74,-1,74,65,64,-1,98,99,100,-1,100,99,101,-1,100,101,102,-1,103,104,100,-1,100,104,105,-1,100,105,98,-1,106,107,100,-1,100,107,108,-1,100,108,103,-1,109,110,100,-1,100,110,111,-1,100,111,106,-1,112,113,100,-1,100,113,114,-1,100,114,109,-1,115,116,100,-1,100,116,117,-1,100,117,112,-1,118,119,100,-1,100,119,120,-1,100,120,115,-1,102,121,100,-1,100,121,122,-1,100,122,118,-1,123,113,124,-1,124,113,112,-1,124,112,125,-1,125,112,117,-1,125,117,126,-1,126,117,116,-1,126,116,127,-1,127,116,115,-1,127,115,128,-1,128,115,120,-1,128,120,129,-1,129,120,119,-1,129,119,130,-1,130,119,118,-1,130,118,131,-1,131,118,122,-1,131,122,132,-1,132,122,121,-1,132,121,133,-1,133,121,102,-1,133,102,134,-1,134,102,101,-1,134,101,135,-1,135,101,99,-1,135,99,136,-1,136,99,98,-1,136,98,137,-1,137,98,105,-1,137,105,138,-1,138,105,104,-1,138,104,139,-1,139,104,103,-1,139,103,140,-1,140,103,108,-1,140,108,141,-1,141,108,107,-1,141,107,142,-1,142,107,106,-1,142,106,143,-1,143,106,111,-1,143,111,144,-1,144,111,110,-1,144,110,145,-1,145,110,109,-1,145,109,146,-1,146,109,114,-1,146,114,123,-1,123,114,113,-1,147,148,149,-1,149,148,150,-1,149,150,151,-1,152,153,149,-1,149,153,154,-1,149,154,147,-1,155,156,149,-1,149,156,157,-1,149,157,152,-1,158,159,149,-1,149,159,160,-1,149,160,155,-1,161,162,149,-1,149,162,163,-1,149,163,158,-1,164,165,149,-1,149,165,166,-1,149,166,161,-1,167,168,149,-1,149,168,169,-1,149,169,164,-1,151,170,149,-1,149,170,171,-1,149,171,167,-1,172,162,173,-1,173,162,161,-1,173,161,174,-1,174,161,166,-1,174,166,175,-1,175,166,165,-1,175,165,176,-1,176,165,164,-1,176,164,177,-1,177,164,169,-1,177,169,178,-1,178,169,168,-1,178,168,179,-1,179,168,167,-1,179,167,180,-1,180,167,171,-1,180,171,181,-1,181,171,170,-1,181,170,182,-1,182,170,151,-1,182,151,183,-1,183,151,150,-1,183,150,184,-1,184,150,148,-1,184,148,185,-1,185,148,147,-1,185,147,186,-1,186,147,154,-1,186,154,187,-1,187,154,153,-1,187,153,188,-1,188,153,152,-1,188,152,189,-1,189,152,157,-1,189,157,190,-1,190,157,156,-1,190,156,191,-1,191,156,155,-1,191,155,192,-1,192,155,160,-1,192,160,193,-1,193,160,159,-1,193,159,194,-1,194,159,158,-1,194,158,195,-1,195,158,163,-1,195,163,172,-1,172,163,162,-1,196,197,198,-1,198,197,199,-1,198,199,200,-1,201,202,198,-1,198,202,203,-1,198,203,196,-1,204,205,198,-1,198,205,206,-1,198,206,201,-1,207,208,198,-1,198,208,209,-1,198,209,204,-1,210,211,198,-1,198,211,212,-1,198,212,207,-1,213,214,198,-1,198,214,215,-1,198,215,210,-1,216,217,198,-1,198,217,218,-1,198,218,213,-1,200,219,198,-1,198,219,220,-1,198,220,216,-1,221,211,222,-1,222,211,210,-1,222,210,223,-1,223,210,215,-1,223,215,224,-1,224,215,214,-1,224,214,225,-1,225,214,213,-1,225,213,226,-1,226,213,218,-1,226,218,227,-1,227,218,217,-1,227,217,228,-1,228,217,216,-1,228,216,229,-1,229,216,220,-1,229,220,230,-1,230,220,219,-1,230,219,231,-1,231,219,200,-1,231,200,232,-1,232,200,199,-1,232,199,233,-1,233,199,197,-1,233,197,234,-1,234,197,196,-1,234,196,235,-1,235,196,203,-1,235,203,236,-1,236,203,202,-1,236,202,237,-1,237,202,201,-1,237,201,238,-1,238,201,206,-1,238,206,239,-1,239,206,205,-1,239,205,240,-1,240,205,204,-1,240,204,241,-1,241,204,209,-1,241,209,242,-1,242,209,208,-1,242,208,243,-1,243,208,207,-1,243,207,244,-1,244,207,212,-1,244,212,221,-1,221,212,211,-1,245,246,247,-1,247,246,248,-1,247,248,249,-1,250,251,247,-1,247,251,252,-1,247,252,245,-1,253,254,247,-1,247,254,255,-1,247,255,250,-1,256,257,247,-1,247,257,258,-1,247,258,253,-1,259,260,247,-1,247,260,261,-1,247,261,256,-1,262,263,247,-1,247,263,264,-1,247,264,259,-1,265,266,247,-1,247,266,267,-1,247,267,262,-1,249,268,247,-1,247,268,269,-1,247,269,265,-1,270,260,271,-1,271,260,259,-1,271,259,272,-1,272,259,264,-1,272,264,273,-1,273,264,263,-1,273,263,274,-1,274,263,262,-1,274,262,275,-1,275,262,267,-1,275,267,276,-1,276,267,266,-1,276,266,277,-1,277,266,265,-1,277,265,278,-1,278,265,269,-1,278,269,279,-1,279,269,268,-1,279,268,280,-1,280,268,249,-1,280,249,281,-1,281,249,248,-1,281,248,282,-1,282,248,246,-1,282,246,283,-1,283,246,245,-1,283,245,284,-1,284,245,252,-1,284,252,285,-1,285,252,251,-1,285,251,286,-1,286,251,250,-1,286,250,287,-1,287,250,255,-1,287,255,288,-1,288,255,254,-1,288,254,289,-1,289,254,253,-1,289,253,290,-1,290,253,258,-1,290,258,291,-1,291,258,257,-1,291,257,292,-1,292,257,256,-1,292,256,293,-1,293,256,261,-1,293,261,270,-1,270,261,260,-1,294,295,296,-1,296,295,297,-1,296,297,298,-1,299,300,296,-1,296,300,301,-1,296,301,294,-1,302,303,296,-1,296,303,304,-1,296,304,299,-1,305,306,296,-1,296,306,307,-1,296,307,302,-1,308,309,296,-1,296,309,310,-1,296,310,305,-1,311,312,296,-1,296,312,313,-1,296,313,308,-1,314,315,296,-1,296,315,316,-1,296,316,311,-1,298,317,296,-1,296,317,318,-1,296,318,314,-1,319,309,320,-1,320,309,308,-1,320,308,321,-1,321,308,313,-1,321,313,322,-1,322,313,312,-1,322,312,323,-1,323,312,311,-1,323,311,324,-1,324,311,316,-1,324,316,325,-1,325,316,315,-1,325,315,326,-1,326,315,314,-1,326,314,327,-1,327,314,318,-1,327,318,328,-1,328,318,317,-1,328,317,329,-1,329,317,298,-1,329,298,330,-1,330,298,297,-1,330,297,331,-1,331,297,295,-1,331,295,332,-1,332,295,294,-1,332,294,333,-1,333,294,301,-1,333,301,334,-1,334,301,300,-1,334,300,335,-1,335,300,299,-1,335,299,336,-1,336,299,304,-1,336,304,337,-1,337,304,303,-1,337,303,338,-1,338,303,302,-1,338,302,339,-1,339,302,307,-1,339,307,340,-1,340,307,306,-1,340,306,341,-1,341,306,305,-1,341,305,342,-1,342,305,310,-1,342,310,319,-1,319,310,309,-1,343,344,345,-1,345,344,346,-1,345,346,347,-1,348,349,345,-1,345,349,350,-1,345,350,343,-1,351,352,345,-1,345,352,353,-1,345,353,348,-1,354,355,345,-1,345,355,356,-1,345,356,351,-1,357,358,345,-1,345,358,359,-1,345,359,354,-1,360,361,345,-1,345,361,362,-1,345,362,357,-1,363,364,345,-1,345,364,365,-1,345,365,360,-1,347,366,345,-1,345,366,367,-1,345,367,363,-1,368,358,369,-1,369,358,357,-1,369,357,370,-1,370,357,362,-1,370,362,371,-1,371,362,361,-1,371,361,372,-1,372,361,360,-1,372,360,373,-1,373,360,365,-1,373,365,374,-1,374,365,364,-1,374,364,375,-1,375,364,363,-1,375,363,376,-1,376,363,367,-1,376,367,377,-1,377,367,366,-1,377,366,378,-1,378,366,347,-1,378,347,379,-1,379,347,346,-1,379,346,380,-1,380,346,344,-1,380,344,381,-1,381,344,343,-1,381,343,382,-1,382,343,350,-1,382,350,383,-1,383,350,349,-1,383,349,384,-1,384,349,348,-1,384,348,385,-1,385,348,353,-1,385,353,386,-1,386,353,352,-1,386,352,387,-1,387,352,351,-1,387,351,388,-1,388,351,356,-1,388,356,389,-1,389,356,355,-1,389,355,390,-1,390,355,354,-1,390,354,391,-1,391,354,359,-1,391,359,368,-1,368,359,358,-1,392,393,394,-1,394,393,395,-1,394,395,396,-1,397,398,394,-1,394,398,399,-1,394,399,392,-1,400,401,394,-1,394,401,402,-1,394,402,397,-1,403,404,394,-1,394,404,405,-1,394,405,400,-1,406,407,394,-1,394,407,408,-1,394,408,403,-1,409,410,394,-1,394,410,411,-1,394,411,406,-1,412,413,394,-1,394,413,414,-1,394,414,409,-1,396,415,394,-1,394,415,416,-1,394,416,412,-1,417,407,418,-1,418,407,406,-1,418,406,419,-1,419,406,411,-1,419,411,420,-1,420,411,410,-1,420,410,421,-1,421,410,409,-1,421,409,422,-1,422,409,414,-1,422,414,423,-1,423,414,413,-1,423,413,424,-1,424,413,412,-1,424,412,425,-1,425,412,416,-1,425,416,426,-1,426,416,415,-1,426,415,427,-1,427,415,396,-1,427,396,428,-1,428,396,395,-1,428,395,429,-1,429,395,393,-1,429,393,430,-1,430,393,392,-1,430,392,431,-1,431,392,399,-1,431,399,432,-1,432,399,398,-1,432,398,433,-1,433,398,397,-1,433,397,434,-1,434,397,402,-1,434,402,435,-1,435,402,401,-1,435,401,436,-1,436,401,400,-1,436,400,437,-1,437,400,405,-1,437,405,438,-1,438,405,404,-1,438,404,439,-1,439,404,403,-1,439,403,440,-1,440,403,408,-1,440,408,417,-1,417,408,407,-1,441,442,443,-1,443,442,444,-1,443,444,445,-1,446,447,443,-1,443,447,448,-1,443,448,441,-1,449,450,443,-1,443,450,451,-1,443,451,446,-1,452,453,443,-1,443,453,454,-1,443,454,449,-1,455,456,443,-1,443,456,457,-1,443,457,452,-1,458,459,443,-1,443,459,460,-1,443,460,455,-1,461,462,443,-1,443,462,463,-1,443,463,458,-1,445,464,443,-1,443,464,465,-1,443,465,461,-1,466,456,467,-1,467,456,455,-1,467,455,468,-1,468,455,460,-1,468,460,469,-1,469,460,459,-1,469,459,470,-1,470,459,458,-1,470,458,471,-1,471,458,463,-1,471,463,472,-1,472,463,462,-1,472,462,473,-1,473,462,461,-1,473,461,474,-1,474,461,465,-1,474,465,475,-1,475,465,464,-1,475,464,476,-1,476,464,445,-1,476,445,477,-1,477,445,444,-1,477,444,478,-1,478,444,442,-1,478,442,479,-1,479,442,441,-1,479,441,480,-1,480,441,448,-1,480,448,481,-1,481,448,447,-1,481,447,482,-1,482,447,446,-1,482,446,483,-1,483,446,451,-1,483,451,484,-1,484,451,450,-1,484,450,485,-1,485,450,449,-1,485,449,486,-1,486,449,454,-1,486,454,487,-1,487,454,453,-1,487,453,488,-1,488,453,452,-1,488,452,489,-1,489,452,457,-1,489,457,466,-1,466,457,456,-1,
        ]
    }
}
Shape{
    appearance Appearance {
        material  Material {
            diffuseColor 1.0 1.0 1.0
            specularColor 0.5019607843137255 0.5019607843137255 0.5019607843137255
            ambientIntensity 1.0
            transparency 0.0
            shininess 0.5
        }
    }
    geometry IndexedFaceSet {
        ccw TRUE
        solid FALSE
        coord DEF co Coordinate {
            point [
                -3.0367 -2.6624 3.5433, -3.0102 -2.5983 3.5433, -3.2669 -2.5295 3.5433, -3.0011 -2.5295 3.5433, -3.0102 -2.4607 3.5433, -3.1981 -2.7862 3.5433, -3.134 -2.7597 3.5433, -3.079 -2.7174 3.5433, -3.3997 -2.7597 3.5433, -3.3356 -2.7862 3.5433, -3.2669 -2.7953 3.5433, -3.5236 -2.5983 3.5433, -3.497 -2.6624 3.5433, -3.4548 -2.7174 3.5433, -3.497 -2.3967 3.5433, -3.5236 -2.4607 3.5433, -3.5326 -2.5295 3.5433, -3.3356 -2.2728 3.5433, -3.3997 -2.2994 3.5433, -3.4548 -2.3416 3.5433, -3.134 -2.2994 3.5433, -3.1981 -2.2728 3.5433, -3.2669 -2.2638 3.5433, -3.0367 -2.3967 3.5433, -3.079 -2.3416 3.5433, -3.1185 -2.3113 3.5827, -3.134 -2.2994 3.5827, -3.1981 -2.2728 3.5827, -3.2669 -2.2638 3.5827, -3.3356 -2.2728 3.5827, -3.3997 -2.2994 3.5827, -3.4548 -2.3416 3.5827, -3.497 -2.3967 3.5827, -3.5236 -2.4607 3.5827, -3.5326 -2.5295 3.5827, -3.5236 -2.5983 3.5827, -3.497 -2.6624 3.5827, -3.4548 -2.7174 3.5827, -3.3997 -2.7597 3.5827, -3.3356 -2.7862 3.5827, -3.2669 -2.7953 3.5827, -3.1981 -2.7862 3.5827, -3.134 -2.7597 3.5827, -3.1185 -2.7478 3.5827, -3.079 -2.7174 3.5827, -3.0367 -2.6624 3.5827, -3.0102 -2.5983 3.5827, -3.0011 -2.5295 3.5827, -3.0102 -2.4607 3.5827, -3.0367 -2.3967 3.5827, -3.079 -2.3416 3.5827, -6.7962 -2.6713 3.5433, -6.8051 -2.6881 3.5433, -6.7317 -2.7953 3.5433, -3.9508 -2.6649 3.5433, -4.0103 -2.7953 3.5433, -3.9398 -2.6815 3.5433, -3.9332 -2.7003 3.5433, -4.2995 -2.2638 3.5433, -6.3309 -2.2638 3.5433, -6.7834 -2.6571 3.5433, -6.8098 -2.7065 3.5433, -6.8099 -2.7256 3.5433, -6.7506 -2.793 3.5433, -6.7967 -2.761 3.5433, -6.7841 -2.7753 3.5433, -6.7685 -2.7862 3.5433, -3.9905 -2.7927 3.5433, -3.972 -2.7853 3.5433, -3.9559 -2.7735 3.5433, -3.9433 -2.758 3.5433, -3.9351 -2.7398 3.5433, -3.9316 -2.7202 3.5433, -6.8055 -2.7441 3.5433, -6.7834 -2.6571 3.5827, -6.6901 -2.576 3.5827, -6.3309 -2.2638 3.5827, -6.7962 -2.6713 3.5827, -6.8051 -2.6881 3.5827, -6.8098 -2.7065 3.5827, -6.8099 -2.7256 3.5827, -6.8055 -2.7441 3.5827, -6.7967 -2.761 3.5827, -6.7841 -2.7753 3.5827, -6.7685 -2.7862 3.5827, -6.7506 -2.793 3.5827, -6.7317 -2.7953 3.5827, -6.6901 -2.7953 3.5827, -6.0893 -2.7953 3.5827, -5.0032 -2.7953 3.5827, -4.0103 -2.7953 3.5827, -3.9905 -2.7927 3.5827, -3.972 -2.7853 3.5827, -3.9559 -2.7735 3.5827, -3.9433 -2.758 3.5827, -3.9351 -2.7398 3.5827, -3.9316 -2.7202 3.5827, -3.9332 -2.7003 3.5827, -3.9398 -2.6815 3.5827, -3.9508 -2.6649 3.5827, -4.2995 -2.2638 3.5827, -6.0893 -2.2638 3.5827, -5.0032 -2.2638 3.5827, -3.9956 -0.3797 3.5433, -3.5437 -0.1027 3.5433, -3.9301 -0.2899 3.5433, -3.7689 -2.5854 3.5433, -3.4314 -0.1845 3.5433, -3.4311 -0.1656 3.5433, -3.4352 -0.1472 3.5433, -3.4436 -0.1303 3.5433, -3.4558 -0.1159 3.5433, -3.5259 -0.0966 3.5433, -3.9544 -0.3055 3.5433, -3.9741 -0.3266 3.5433, -3.9881 -0.3518 3.5433, -4.2549 -2.225 3.5433, -3.9063 -2.6261 3.5433, -3.8914 -2.6394 3.5433, -3.8736 -2.6485 3.5433, -3.8542 -2.6529 3.5433, -3.798 -2.6362 3.5433, -3.8151 -2.6465 3.5433, -3.8342 -2.6522 3.5433, -3.5071 -0.0948 3.5433, -3.471 -0.1048 3.5433, -3.4885 -0.0977 3.5433, -3.7841 -2.622 3.5433, -3.7741 -2.6047 3.5433, -3.9063 -2.6261 3.5827, -3.9105 -2.6213 3.5827, -4.2549 -2.225 3.5827, -3.8914 -2.6394 3.5827, -3.8736 -2.6485 3.5827, -3.8542 -2.6529 3.5827, -3.8342 -2.6522 3.5827, -3.8151 -2.6465 3.5827, -3.798 -2.6362 3.5827, -3.7841 -2.622 3.5827, -3.7741 -2.6047 3.5827, -3.7689 -2.5854 3.5827
            ]
        }
        coordIndex [
            0,1,2,-1,2,1,3,-1,2,3,4,-1,5,6,2,-1,2,6,7,-1,2,7,0,-1,8,9,2,-1,2,9,10,-1,2,10,5,-1,11,12,2,-1,2,12,13,-1,2,13,8,-1,14,15,2,-1,2,15,16,-1,2,16,11,-1,17,18,2,-1,2,18,19,-1,2,19,14,-1,20,21,2,-1,2,21,22,-1,2,22,17,-1,4,23,2,-1,2,23,24,-1,2,24,20,-1,24,25,20,-1,20,25,26,-1,20,26,21,-1,21,26,27,-1,21,27,22,-1,22,27,28,-1,22,28,17,-1,17,28,29,-1,17,29,18,-1,18,29,30,-1,18,30,19,-1,19,30,31,-1,19,31,14,-1,14,31,32,-1,14,32,15,-1,15,32,33,-1,15,33,16,-1,16,33,34,-1,16,34,11,-1,11,34,35,-1,11,35,12,-1,12,35,36,-1,12,36,13,-1,13,36,37,-1,13,37,8,-1,8,37,38,-1,8,38,9,-1,9,38,39,-1,9,39,10,-1,10,39,40,-1,10,40,5,-1,5,40,41,-1,5,41,6,-1,41,42,6,-1,6,42,43,-1,6,43,7,-1,7,43,44,-1,7,44,0,-1,0,44,45,-1,0,45,1,-1,1,45,46,-1,1,46,3,-1,3,46,47,-1,3,47,4,-1,4,47,48,-1,4,48,23,-1,23,48,49,-1,23,49,24,-1,24,49,50,-1,24,50,25,-1,51,52,53,-1,54,55,56,-1,56,55,57,-1,54,58,55,-1,55,58,59,-1,55,59,53,-1,53,59,60,-1,53,60,51,-1,52,61,53,-1,53,61,62,-1,53,62,63,-1,64,65,66,-1,67,68,55,-1,55,68,69,-1,55,69,70,-1,70,71,55,-1,55,71,72,-1,55,72,57,-1,63,62,66,-1,66,62,73,-1,66,73,64,-1,74,60,75,-1,75,60,59,-1,75,59,76,-1,60,74,51,-1,51,74,77,-1,51,77,52,-1,52,77,78,-1,52,78,61,-1,61,78,79,-1,61,79,62,-1,62,79,80,-1,62,80,73,-1,73,80,81,-1,73,81,64,-1,64,81,82,-1,64,82,65,-1,65,82,83,-1,65,83,66,-1,66,83,84,-1,66,84,63,-1,63,84,85,-1,63,85,53,-1,53,85,86,-1,53,86,87,-1,87,88,53,-1,53,88,89,-1,53,89,55,-1,55,89,90,-1,55,90,67,-1,67,90,91,-1,67,91,68,-1,68,91,92,-1,68,92,69,-1,69,92,93,-1,69,93,70,-1,70,93,94,-1,70,94,71,-1,71,94,95,-1,71,95,72,-1,72,95,96,-1,72,96,57,-1,57,96,97,-1,57,97,56,-1,56,97,98,-1,56,98,54,-1,54,98,99,-1,58,54,100,-1,100,54,99,-1,101,76,59,-1,101,59,102,-1,102,59,58,-1,102,58,100,-1,103,104,105,-1,106,107,104,-1,104,107,108,-1,104,108,109,-1,109,110,104,-1,104,110,111,-1,104,111,112,-1,105,113,103,-1,103,113,114,-1,103,114,115,-1,104,103,106,-1,106,103,116,-1,106,116,117,-1,117,118,106,-1,106,118,119,-1,106,119,120,-1,121,120,122,-1,122,120,123,-1,112,111,124,-1,124,111,125,-1,124,125,126,-1,121,127,120,-1,120,127,128,-1,120,128,106,-1,129,117,130,-1,130,117,116,-1,130,116,131,-1,117,129,118,-1,118,129,132,-1,118,132,119,-1,119,132,133,-1,119,133,120,-1,120,133,134,-1,120,134,123,-1,123,134,135,-1,123,135,122,-1,122,135,136,-1,122,136,121,-1,121,136,137,-1,121,137,127,-1,127,137,138,-1,127,138,128,-1,128,138,139,-1,128,139,106,-1,106,139,140,-1,
        ]
    }
}
Shape{
    appearance Appearance {
        material  Material {
            diffuseColor 1.0 1.0 1.0
            specularColor 0.8784313725490196 0.8784313725490196 0.8784313725490196
            ambientIntensity 1.0
            transparency 0.0
            shininess 0.5
        }
    }
    geometry IndexedFaceSet {
        ccw TRUE
        solid FALSE
        coord DEF co Coordinate {
            point [
                -3.4314 -0.1845 3.5827, -3.4314 -0.1845 3.5433, -3.5833 -1.2648 3.5827, -3.7689 -2.5854 3.5433, -3.7689 -2.5854 3.5827
            ]
        }
        coordIndex [
            0,1,2,-1,2,1,3,-1,2,3,4,-1,
        ]
    }
}
Shape{
    appearance Appearance {
        material  Material {
            diffuseColor 1.0 1.0 1.0
            specularColor 0.5019607843137255 0.5019607843137255 0.5019607843137255
            ambientIntensity 1.0
            transparency 0.0
            shininess 0.5
        }
    }
    geometry IndexedFaceSet {
        ccw TRUE
        solid FALSE
        coord DEF co Coordinate {
            point [
                -3.4314 -0.1845 3.5433, -3.4314 -0.1845 3.5827, -3.4311 -0.1656 3.5433, -3.4311 -0.1656 3.5827, -3.4352 -0.1472 3.5433, -3.4352 -0.1472 3.5827, -3.4436 -0.1303 3.5433, -3.4436 -0.1303 3.5827, -3.4558 -0.1159 3.5433, -3.4558 -0.1159 3.5827, -3.471 -0.1048 3.5433, -3.471 -0.1048 3.5827, -3.4885 -0.0977 3.5433, -3.4885 -0.0977 3.5827, -3.5071 -0.0948 3.5433, -3.5071 -0.0948 3.5827, -3.5259 -0.0966 3.5433, -3.5259 -0.0966 3.5827, -3.5437 -0.1027 3.5433, -3.5437 -0.1027 3.5827, -3.9301 -0.2899 3.5827, -3.9301 -0.2899 3.5433, -3.9105 -0.2803 3.5827, -3.9544 -0.3055 3.5433, -3.9544 -0.3055 3.5827, -3.9741 -0.3266 3.5433, -3.9741 -0.3266 3.5827, -3.9881 -0.3518 3.5433, -3.9881 -0.3518 3.5827, -3.9956 -0.3797 3.5433, -3.9956 -0.3797 3.5827, -4.2549 -2.225 3.5827, -4.2549 -2.225 3.5433, -4.12 -1.2648 3.5827, -6.3923 -0.0733 3.5433, -6.0654 -0.2514 3.5433, -6.389 0.0668 3.5433, -6.0089 -0.2657 3.5433, -4.0429 -0.2657 3.5433, -3.9851 0.2657 3.5433, -5.9511 0.2657 3.5433, -5.9775 0.2628 3.5433, -6.0026 0.2539 3.5433, -3.605 -0.0668 3.5433, -3.6017 0.0733 3.5433, -3.9914 -0.2539 3.5433, -3.9286 0.2514 3.5433, -4.0165 -0.2628 3.5433, -3.9559 0.2621 3.5433, -6.0381 -0.2621 3.5433, -3.5758 -0.0424 3.5433, -3.5665 -0.0258 3.5433, -3.5614 -0.0073 3.5433, -3.561 0.0118 3.5433, -3.5652 0.0305 3.5433, -3.5889 -0.0564 3.5433, -3.5737 0.0476 3.5433, -3.5861 0.0621 3.5433, -6.405 0.0564 3.5433, -6.4181 0.0424 3.5433, -6.4275 0.0258 3.5433, -6.4325 0.0073 3.5433, -6.433 -0.0118 3.5433, -6.4079 -0.0621 3.5433, -6.4288 -0.0305 3.5433, -6.4203 -0.0476 3.5433, -6.3923 -0.0733 3.5827, -6.0893 -0.2383 3.5827, -6.0654 -0.2514 3.5827, -6.0381 -0.2621 3.5827, -6.0089 -0.2657 3.5827, -4.0429 -0.2657 3.5827, -5.0032 -0.2657 3.5827, -4.0165 -0.2628 3.5827, -3.9914 -0.2539 3.5827, -3.605 -0.0668 3.5827, -3.9105 -0.2147 3.5827, -3.5889 -0.0564 3.5827, -3.5758 -0.0424 3.5827, -3.5665 -0.0258 3.5827, -3.5614 -0.0073 3.5827, -3.5612 0.0015 3.5827, -3.561 0.0118 3.5827, -3.5652 0.0305 3.5827, -3.5737 0.0476 3.5827, -3.5861 0.0621 3.5827, -3.6017 0.0733 3.5827, -3.9286 0.2514 3.5827, -3.9105 0.2415 3.5827, -3.6211 0.0839 3.5827, -3.9559 0.2621 3.5827, -3.9851 0.2657 3.5827, -5.9511 0.2657 3.5827, -5.0032 0.2657 3.5827, -5.9775 0.2628 3.5827, -6.0026 0.2539 3.5827, -6.0893 0.2119 3.5827, -6.3537 0.0839 3.5827, -6.389 0.0668 3.5827, -6.405 0.0564 3.5827, -6.4181 0.0424 3.5827, -6.4275 0.0258 3.5827, -6.4325 0.0073 3.5827, -6.4327 0.0015 3.5827, -6.433 -0.0118 3.5827, -6.4288 -0.0305 3.5827, -6.4203 -0.0476 3.5827, -6.4079 -0.0621 3.5827, -3.2494 2.793 3.5433, -3.2683 2.7953 3.5433, -3.1949 2.6881 3.5433, -5.9897 2.7953 3.5433, -5.6467 2.2638 3.5433, -3.7132 2.2638 3.5433, -6.0684 2.7202 3.5433, -6.0668 2.7003 3.5433, -5.6717 2.2665 3.5433, -5.6956 2.2744 3.5433, -5.7173 2.2873 3.5433, -6.0602 2.6815 3.5433, -6.0492 2.6649 3.5433, -5.7358 2.3044 3.5433, -3.2038 2.6713 3.5433, -3.6853 2.2671 3.5433, -3.659 2.277 3.5433, -3.6358 2.2928 3.5433, -3.2166 2.6571 3.5433, -6.0441 2.7735 3.5433, -6.028 2.7853 3.5433, -6.0095 2.7927 3.5433, -6.0567 2.758 3.5433, -6.0649 2.7398 3.5433, -3.1902 2.7065 3.5433, -3.1901 2.7256 3.5433, -3.1945 2.7441 3.5433, -3.2033 2.761 3.5433, -3.2159 2.7753 3.5433, -3.2315 2.7862 3.5433, -3.2683 2.7953 3.5827, -3.9105 2.7953 3.5827, -5.0032 2.7953 3.5827, -5.9897 2.7953 3.5827, -6.0095 2.7927 3.5827, -6.028 2.7853 3.5827, -6.0441 2.7735 3.5827, -6.0567 2.758 3.5827, -6.0649 2.7398 3.5827, -6.0684 2.7202 3.5827, -6.0668 2.7003 3.5827, -6.0602 2.6815 3.5827, -6.0492 2.6649 3.5827, -5.7358 2.3044 3.5827, -5.7173 2.2873 3.5827, -5.6956 2.2744 3.5827, -5.6717 2.2665 3.5827, -5.6467 2.2638 3.5827, -3.9105 2.2638 3.5827, -3.7132 2.2638 3.5827, -5.0032 2.2638 3.5827, -3.6853 2.2671 3.5827, -3.659 2.277 3.5827, -3.6358 2.2928 3.5827, -3.2166 2.6571 3.5827, -3.2038 2.6713 3.5827, -3.1949 2.6881 3.5827, -3.1902 2.7065 3.5827, -3.1901 2.7256 3.5827, -3.1945 2.7441 3.5827, -3.2033 2.761 3.5827, -3.2159 2.7753 3.5827, -3.2315 2.7862 3.5827, -3.2494 2.793 3.5827, -6.4567 0.0996 3.5433, -6.0703 0.2867 3.5433, -6.569 0.1814 3.5433, -6.0461 0.3024 3.5433, -6.0048 0.3766 3.5433, -6.2311 2.5854 3.5433, -5.7526 2.1717 3.5433, -5.7804 2.2657 3.5433, -5.7517 2.1969 3.5433, -5.7563 2.2217 3.5433, -5.766 2.245 3.5433, -6.0263 0.3235 3.5433, -6.0123 0.3487 3.5433, -6.512 0.0945 3.5433, -6.4933 0.0917 3.5433, -6.4745 0.0934 3.5433, -6.0937 2.6261 3.5433, -6.1086 2.6394 3.5433, -6.1264 2.6485 3.5433, -6.1458 2.6529 3.5433, -6.1658 2.6522 3.5433, -6.1849 2.6465 3.5433, -6.202 2.6362 3.5433, -6.2159 2.622 3.5433, -6.2259 2.6047 3.5433, -6.5294 0.1017 3.5433, -6.5694 0.1625 3.5433, -6.5447 0.1128 3.5433, -6.5652 0.1441 3.5433, -6.5568 0.1272 3.5433, -6.569 0.1814 3.5827, -6.2311 2.5854 3.5827, -6.5694 0.1625 3.5827, -6.5652 0.1441 3.5827, -6.5568 0.1272 3.5827, -6.5447 0.1128 3.5827, -6.5294 0.1017 3.5827, -6.512 0.0945 3.5827, -6.4933 0.0917 3.5827, -6.4745 0.0934 3.5827, -6.4567 0.0996 3.5827, -6.0703 0.2867 3.5827, -6.0893 0.2775 3.5827, -6.0461 0.3024 3.5827, -6.0263 0.3235 3.5827, -6.0123 0.3487 3.5827, -6.0048 0.3766 3.5827, -5.7526 2.1717 3.5827, -5.7517 2.1969 3.5827, -5.7563 2.2217 3.5827, -5.766 2.245 3.5827, -5.7804 2.2657 3.5827, -6.0937 2.6261 3.5827, -6.0893 2.621 3.5827, -6.1086 2.6394 3.5827, -6.1264 2.6485 3.5827, -6.1458 2.6529 3.5827, -6.1658 2.6522 3.5827, -6.1849 2.6465 3.5827, -6.202 2.6362 3.5827, -6.2159 2.622 3.5827, -6.2259 2.6047 3.5827, -6.8379 -2.6232 3.5433, -6.8221 -2.6125 3.5433, -6.9479 -2.5798 3.5433, -6.1485 -0.2773 3.5433, -6.1717 -0.2607 3.5433, -6.6143 -0.1408 3.5433, -6.4986 -0.0826 3.5433, -6.5162 -0.0756 3.5433, -6.3697 -2.2192 3.5433, -6.1113 -0.3808 3.5433, -6.1108 -0.3523 3.5433, -6.9521 -2.5612 3.5433, -6.9518 -2.5422 3.5433, -6.535 -0.073 3.5433, -6.5539 -0.075 3.5433, -6.5717 -0.0814 3.5433, -6.1171 -0.3245 3.5433, -6.1299 -0.2989 3.5433, -6.5875 -0.0919 3.5433, -6.6003 -0.1058 3.5433, -6.6094 -0.1225 3.5433, -6.8936 -2.6293 3.5433, -6.8748 -2.6318 3.5433, -6.8558 -2.6298 3.5433, -6.9393 -2.5968 3.5433, -6.9269 -2.6113 3.5433, -6.9114 -2.6223 3.5433, -6.1113 -0.3808 3.5827, -6.2355 -1.2648 3.5827, -6.3697 -2.2192 3.5827, -6.1108 -0.3523 3.5827, -6.1171 -0.3245 3.5827, -6.1299 -0.2989 3.5827, -6.1485 -0.2773 3.5827, -6.1717 -0.2607 3.5827, -6.4986 -0.0826 3.5827, -6.5162 -0.0756 3.5827, -6.535 -0.073 3.5827, -6.5539 -0.075 3.5827, -6.5717 -0.0814 3.5827, -6.5875 -0.0919 3.5827, -6.6003 -0.1058 3.5827, -6.6094 -0.1225 3.5827, -6.6143 -0.1408 3.5827, -6.9518 -2.5422 3.5827, -6.7722 -1.2648 3.5827, -6.6901 -0.6804 3.5827, -6.9521 -2.5612 3.5827, -6.9479 -2.5798 3.5827, -6.9393 -2.5968 3.5827, -6.9269 -2.6113 3.5827, -6.9114 -2.6223 3.5827, -6.8936 -2.6293 3.5827, -6.8748 -2.6318 3.5827, -6.8558 -2.6298 3.5827, -6.8379 -2.6232 3.5827, -6.8221 -2.6125 3.5827, -6.6901 -2.4978 3.5827, -3.3853 0.1438 3.5433, -3.597 2.2482 3.5433, -3.6159 2.2273 3.5433, -3.8278 0.2637 3.5433, -3.5009 0.0856 3.5433, -3.8883 0.3839 3.5433, -3.6365 2.1755 3.5433, -3.1064 2.6293 3.5433, -3.1252 2.6318 3.5433, -3.1442 2.6298 3.5433, -3.4833 0.0786 3.5433, -3.4646 0.076 3.5433, -3.4457 0.078 3.5433, -3.6293 2.2026 3.5433, -3.3902 0.1255 3.5433, -3.3993 0.1089 3.5433, -3.1779 2.6125 3.5433, -3.0482 2.5422 3.5433, -3.1621 2.6232 3.5433, -3.0479 2.5612 3.5433, -3.0521 2.5798 3.5433, -3.0607 2.5968 3.5433, -3.0731 2.6113 3.5433, -3.0886 2.6223 3.5433, -3.8888 0.3553 3.5433, -3.8825 0.3275 3.5433, -3.4279 0.0844 3.5433, -3.4121 0.0949 3.5433, -3.8696 0.302 3.5433, -3.8511 0.2803 3.5433, -3.597 2.2482 3.5827, -3.1779 2.6125 3.5827, -3.6159 2.2273 3.5827, -3.6293 2.2026 3.5827, -3.6365 2.1755 3.5827, -3.8883 0.3839 3.5827, -3.8888 0.3553 3.5827, -3.8825 0.3275 3.5827, -3.8696 0.302 3.5827, -3.8511 0.2803 3.5827, -3.8278 0.2637 3.5827, -3.5009 0.0856 3.5827, -3.4965 0.0839 3.5827, -3.4833 0.0786 3.5827, -3.4646 0.076 3.5827, -3.4457 0.078 3.5827, -3.4295 0.0839 3.5827, -3.4279 0.0844 3.5827, -3.4121 0.0949 3.5827, -3.3993 0.1089 3.5827, -3.3902 0.1255 3.5827, -3.3853 0.1438 3.5827, -3.0482 2.5422 3.5827, -3.1185 2.0422 3.5827, -3.0479 2.5612 3.5827, -3.0521 2.5798 3.5827, -3.0607 2.5968 3.5827, -3.0731 2.6113 3.5827, -3.0886 2.6223 3.5827, -3.1064 2.6293 3.5827, -3.1185 2.6309 3.5827, -3.1252 2.6318 3.5827, -3.1442 2.6298 3.5827, -3.1621 2.6232 3.5827
            ]
        }
        coordIndex [
            0,1,2,-1,2,1,3,-1,2,3,4,-1,4,3,5,-1,4,5,6,-1,6,5,7,-1,6,7,8,-1,8,7,9,-1,8,9,10,-1,10,9,11,-1,10,11,12,-1,12,11,13,-1,12,13,14,-1,14,13,15,-1,14,15,16,-1,16,15,17,-1,16,17,18,-1,18,17,19,-1,20,21,22,-1,22,21,18,-1,22,18,19,-1,21,20,23,-1,23,20,24,-1,23,24,25,-1,25,24,26,-1,25,26,27,-1,27,26,28,-1,27,28,29,-1,29,28,30,-1,31,32,33,-1,33,32,29,-1,33,29,30,-1,34,35,36,-1,37,38,39,-1,39,40,37,-1,37,40,41,-1,37,41,42,-1,43,44,45,-1,45,44,46,-1,38,47,39,-1,39,47,45,-1,39,45,48,-1,48,45,46,-1,36,35,42,-1,42,35,49,-1,42,49,37,-1,50,51,52,-1,43,53,54,-1,53,43,52,-1,52,43,55,-1,52,55,50,-1,54,56,43,-1,43,56,57,-1,43,57,44,-1,36,58,34,-1,34,58,59,-1,34,59,60,-1,60,61,34,-1,34,61,62,-1,34,62,63,-1,63,62,64,-1,63,64,65,-1,34,66,35,-1,35,66,67,-1,35,67,68,-1,35,68,49,-1,49,68,69,-1,49,69,37,-1,37,69,70,-1,71,38,72,-1,72,38,37,-1,72,37,70,-1,38,71,47,-1,47,71,73,-1,47,73,45,-1,45,73,74,-1,75,43,76,-1,76,43,45,-1,76,45,74,-1,43,75,55,-1,55,75,77,-1,55,77,50,-1,50,77,78,-1,50,78,51,-1,51,78,79,-1,51,79,52,-1,79,80,52,-1,52,80,81,-1,52,81,53,-1,53,81,82,-1,53,82,54,-1,54,82,83,-1,54,83,56,-1,56,83,84,-1,56,84,57,-1,57,84,85,-1,57,85,44,-1,44,85,86,-1,87,46,88,-1,88,46,44,-1,88,44,89,-1,89,44,86,-1,46,87,48,-1,48,87,90,-1,48,90,39,-1,39,90,91,-1,92,40,93,-1,93,40,39,-1,93,39,91,-1,40,92,41,-1,41,92,94,-1,41,94,42,-1,42,94,95,-1,42,95,96,-1,42,96,36,-1,36,96,97,-1,36,97,98,-1,36,98,58,-1,58,98,99,-1,58,99,59,-1,59,99,100,-1,59,100,60,-1,60,100,101,-1,60,101,61,-1,101,102,61,-1,61,102,103,-1,61,103,62,-1,62,103,104,-1,62,104,64,-1,64,104,105,-1,64,105,65,-1,65,105,106,-1,65,106,63,-1,63,106,107,-1,63,107,34,-1,34,107,66,-1,108,109,110,-1,111,112,109,-1,109,112,113,-1,114,115,111,-1,116,112,117,-1,117,112,118,-1,115,119,111,-1,111,119,120,-1,111,120,112,-1,112,120,121,-1,112,121,118,-1,110,109,122,-1,123,124,113,-1,113,124,125,-1,113,125,109,-1,109,125,126,-1,109,126,122,-1,127,111,128,-1,128,111,129,-1,127,130,111,-1,111,130,131,-1,111,131,114,-1,132,133,110,-1,110,133,134,-1,110,134,135,-1,135,136,110,-1,110,136,137,-1,110,137,108,-1,138,139,109,-1,109,139,140,-1,109,140,111,-1,111,140,141,-1,111,141,129,-1,129,141,142,-1,129,142,128,-1,128,142,143,-1,128,143,127,-1,127,143,144,-1,127,144,130,-1,130,144,145,-1,130,145,131,-1,131,145,146,-1,131,146,114,-1,114,146,147,-1,114,147,115,-1,115,147,148,-1,115,148,119,-1,119,148,149,-1,119,149,120,-1,120,149,150,-1,121,120,151,-1,151,120,150,-1,121,151,118,-1,118,151,152,-1,118,152,117,-1,117,152,153,-1,117,153,116,-1,116,153,154,-1,116,154,112,-1,112,154,155,-1,156,157,113,-1,156,113,158,-1,158,113,112,-1,158,112,155,-1,113,157,123,-1,123,157,159,-1,123,159,124,-1,124,159,160,-1,124,160,125,-1,125,160,161,-1,126,125,162,-1,162,125,161,-1,126,162,122,-1,122,162,163,-1,122,163,110,-1,110,163,164,-1,110,164,132,-1,132,164,165,-1,132,165,133,-1,133,165,166,-1,133,166,134,-1,134,166,167,-1,134,167,135,-1,135,167,168,-1,135,168,136,-1,136,168,169,-1,136,169,137,-1,137,169,170,-1,137,170,108,-1,108,170,171,-1,108,171,109,-1,109,171,138,-1,172,173,174,-1,174,173,175,-1,174,176,177,-1,177,176,178,-1,177,178,179,-1,180,181,178,-1,178,181,182,-1,178,182,179,-1,175,183,174,-1,174,183,184,-1,174,184,176,-1,185,186,174,-1,174,186,187,-1,174,187,172,-1,179,188,177,-1,177,188,189,-1,177,189,190,-1,190,191,177,-1,177,191,192,-1,177,192,193,-1,193,194,177,-1,177,194,195,-1,177,195,196,-1,185,174,197,-1,197,174,198,-1,197,198,199,-1,199,198,200,-1,199,200,201,-1,174,177,202,-1,202,177,203,-1,174,202,198,-1,198,202,204,-1,198,204,200,-1,200,204,205,-1,200,205,201,-1,201,205,206,-1,201,206,199,-1,199,206,207,-1,199,207,197,-1,197,207,208,-1,197,208,185,-1,185,208,209,-1,185,209,186,-1,186,209,210,-1,186,210,187,-1,187,210,211,-1,187,211,172,-1,172,211,212,-1,213,173,214,-1,214,173,172,-1,214,172,212,-1,173,213,175,-1,175,213,215,-1,175,215,183,-1,183,215,216,-1,183,216,184,-1,184,216,217,-1,184,217,176,-1,176,217,218,-1,178,176,219,-1,219,176,218,-1,178,219,180,-1,180,219,220,-1,180,220,181,-1,181,220,221,-1,181,221,182,-1,182,221,222,-1,182,222,179,-1,179,222,223,-1,224,188,225,-1,225,188,179,-1,225,179,223,-1,188,224,189,-1,189,224,226,-1,189,226,190,-1,190,226,227,-1,190,227,191,-1,191,227,228,-1,191,228,192,-1,192,228,229,-1,192,229,193,-1,193,229,230,-1,193,230,194,-1,194,230,231,-1,194,231,195,-1,195,231,232,-1,195,232,196,-1,196,232,233,-1,196,233,177,-1,177,233,203,-1,234,235,236,-1,237,238,239,-1,239,238,240,-1,239,240,241,-1,242,243,239,-1,239,243,244,-1,236,235,245,-1,242,239,235,-1,235,239,246,-1,235,246,245,-1,247,248,249,-1,244,250,239,-1,239,250,251,-1,239,251,237,-1,249,252,247,-1,247,252,253,-1,247,253,241,-1,241,253,254,-1,241,254,239,-1,255,256,257,-1,236,258,234,-1,234,258,259,-1,234,259,257,-1,257,259,260,-1,257,260,255,-1,261,243,262,-1,262,243,242,-1,262,242,263,-1,243,261,244,-1,244,261,264,-1,244,264,250,-1,250,264,265,-1,250,265,251,-1,251,265,266,-1,251,266,237,-1,237,266,267,-1,237,267,238,-1,238,267,268,-1,240,238,269,-1,269,238,268,-1,240,269,241,-1,241,269,270,-1,241,270,247,-1,247,270,271,-1,247,271,248,-1,248,271,272,-1,248,272,249,-1,249,272,273,-1,249,273,252,-1,252,273,274,-1,252,274,253,-1,253,274,275,-1,253,275,254,-1,254,275,276,-1,254,276,239,-1,239,276,277,-1,278,246,279,-1,279,246,239,-1,279,239,280,-1,280,239,277,-1,246,278,245,-1,245,278,281,-1,245,281,236,-1,236,281,282,-1,236,282,258,-1,258,282,283,-1,258,283,259,-1,259,283,284,-1,259,284,260,-1,260,284,285,-1,260,285,255,-1,255,285,286,-1,255,286,256,-1,256,286,287,-1,256,287,257,-1,257,287,288,-1,257,288,234,-1,234,288,289,-1,234,289,235,-1,235,289,290,-1,263,242,291,-1,291,242,235,-1,291,235,290,-1,292,293,294,-1,295,296,297,-1,297,296,298,-1,299,300,301,-1,296,302,298,-1,298,302,303,-1,298,303,304,-1,294,305,292,-1,292,305,298,-1,292,298,306,-1,306,298,307,-1,293,292,308,-1,308,292,309,-1,308,309,310,-1,310,309,311,-1,310,311,312,-1,312,313,310,-1,310,313,314,-1,310,314,301,-1,301,314,315,-1,301,315,299,-1,297,316,317,-1,304,318,298,-1,298,318,319,-1,298,319,307,-1,317,320,297,-1,297,320,321,-1,297,321,295,-1,293,308,322,-1,322,308,323,-1,293,322,294,-1,294,322,324,-1,294,324,305,-1,305,324,325,-1,305,325,298,-1,298,325,326,-1,297,298,327,-1,327,298,326,-1,297,327,316,-1,316,327,328,-1,316,328,317,-1,317,328,329,-1,317,329,320,-1,320,329,330,-1,320,330,321,-1,321,330,331,-1,321,331,295,-1,295,331,332,-1,296,295,333,-1,333,295,332,-1,296,333,334,-1,296,334,302,-1,302,334,335,-1,302,335,303,-1,303,335,336,-1,303,336,304,-1,336,337,304,-1,304,337,338,-1,304,338,318,-1,318,338,339,-1,318,339,319,-1,319,339,340,-1,319,340,307,-1,307,340,341,-1,307,341,306,-1,306,341,342,-1,306,342,292,-1,292,342,343,-1,344,309,345,-1,345,309,292,-1,345,292,343,-1,309,344,311,-1,311,344,346,-1,311,346,312,-1,312,346,347,-1,312,347,313,-1,313,347,348,-1,313,348,314,-1,314,348,349,-1,314,349,315,-1,315,349,350,-1,315,350,299,-1,350,351,299,-1,299,351,352,-1,299,352,300,-1,300,352,353,-1,300,353,301,-1,301,353,354,-1,301,354,310,-1,310,354,355,-1,310,355,308,-1,308,355,323,-1,
        ]
    }
}
Shape{
    appearance Appearance {
        material  Material {
            diffuseColor 1.0 1.0 1.0
            specularColor 0.30196078431372547 0.30196078431372547 0.30196078431372547
            ambientIntensity 1.0
            transparency 0.0
            shininess 0.5
        }
    }
    geometry IndexedFaceSet {
        ccw TRUE
        solid FALSE
        coord DEF co Coordinate {
            point [
                7.4016 3.0863 0.0394, 7.4016 3.6614 0.0394, 7.4016 2.7559 0.4331, 7.4016 3.6614 3.5827, 7.4016 1.4964 0.4331, 7.4016 0.0839 3.5827, 7.4016 -0.3077 0.4331, 7.4016 -3.6614 0.0394, 7.4016 -3.0863 0.0394, 7.4016 -3.6614 3.5827, 7.4016 -2.7559 0.4331, 7.4016 -1.2648 3.5827, 7.4016 0.0015 3.5827, 7.3228 3.7402 0.0394, 6.7477 3.7402 0.0394, 7.3228 3.7402 3.5827, 6.4173 3.7402 0.4331, 6.0895 3.7402 3.5827, 2.5232 3.7402 3.5827, 3.3099 3.7402 3.5827, 2.0 3.7402 0.4331, 3.9107 3.7402 3.5827, 4.9968 3.7402 3.5827, 1.4534 3.7402 3.5827, 1.0863 3.7402 0.4331, 1.0895 3.7402 3.5827, 0.5545 3.7402 0.4331, -0.0032 3.7402 3.5827, 0.3222 3.7402 0.4331, 0.2065 3.7402 0.4331, -0.0816 3.7402 0.4331, -0.4513 3.7402 0.4331, -1.0893 3.7402 3.5827, -6.7477 3.7402 0.0394, -7.3228 3.7402 0.0394, -6.4173 3.7402 0.4331, -7.3228 3.7402 3.5827, -7.1771 3.7402 3.5827, -5.001 3.7402 0.4331, -3.9105 3.7402 3.5827, -2.0 3.7402 0.4331, -3.1185 3.7402 3.5827, -0.7107 3.7402 0.4331, -1.1103 3.7402 0.4331, -1.8815 3.7402 3.5827, -2.4768 3.7402 3.5827, -6.6901 3.7402 3.5827, -6.0893 3.7402 3.5827, -5.0032 3.7402 3.5827, -7.4016 3.6614 3.5827, -7.4016 3.6614 0.0394, -7.4016 3.0863 0.0394, -7.4016 -3.0863 0.0394, -7.4016 -3.6614 0.0394, -7.4016 -2.7559 0.4331, -7.4016 -3.6614 3.5827, -7.4016 -0.3077 0.4331, -7.4016 -1.2648 3.5827, -7.4016 0.0015 3.5827, -7.4016 0.0839 3.5827, -7.4016 1.4964 0.4331, -7.4016 2.7559 0.4331, 6.7477 -3.7402 0.0394, 7.3228 -3.7402 0.0394, 6.4173 -3.7402 0.4331, 7.3228 -3.7402 3.5827, 6.0895 -3.7402 3.5827, 4.9968 -3.7402 3.5827, 2.0 -3.7402 0.4331, 3.9107 -3.7402 3.5827, 3.3099 -3.7402 3.5827, 2.5232 -3.7402 3.5827, 1.0863 -3.7402 0.4331, -0.0032 -3.7402 3.5827, -0.0816 -3.7402 0.4331, 0.2065 -3.7402 0.4331, 1.4534 -3.7402 3.5827, 1.0895 -3.7402 3.5827, 0.5545 -3.7402 0.4331, 0.3222 -3.7402 0.4331, -0.4513 -3.7402 0.4331, -1.0893 -3.7402 3.5827, -0.7107 -3.7402 0.4331, -1.8815 -3.7402 3.5827, -2.0 -3.7402 0.4331, -1.1103 -3.7402 0.4331, -2.4768 -3.7402 3.5827, -3.1185 -3.7402 3.5827, -5.001 -3.7402 0.4331, -3.9105 -3.7402 3.5827, -5.0032 -3.7402 3.5827, -6.4173 -3.7402 0.4331, -6.0893 -3.7402 3.5827, -6.6901 -3.7402 3.5827, -7.3228 -3.7402 0.0394, -6.7477 -3.7402 0.0394, -7.3228 -3.7402 3.5827, -7.1771 -3.7402 3.5827
            ]
        }
        coordIndex [
            0,1,2,-1,2,1,3,-1,2,3,4,-1,4,3,5,-1,4,5,6,-1,7,8,9,-1,9,8,10,-1,9,10,11,-1,11,10,6,-1,11,6,12,-1,12,6,5,-1,13,14,15,-1,15,14,16,-1,15,16,17,-1,18,19,20,-1,20,19,21,-1,20,21,16,-1,16,21,22,-1,16,22,17,-1,18,20,23,-1,23,20,24,-1,23,24,25,-1,25,24,26,-1,25,26,27,-1,27,26,28,-1,27,28,29,-1,29,30,27,-1,27,30,31,-1,27,31,32,-1,33,34,35,-1,35,34,36,-1,35,36,37,-1,38,39,40,-1,40,39,41,-1,31,42,32,-1,32,42,43,-1,32,43,44,-1,44,43,40,-1,44,40,45,-1,45,40,41,-1,37,46,35,-1,35,46,47,-1,35,47,38,-1,38,47,48,-1,38,48,39,-1,49,50,51,-1,52,53,54,-1,54,53,55,-1,54,55,56,-1,56,55,57,-1,57,58,56,-1,56,58,59,-1,56,59,60,-1,60,59,49,-1,60,49,61,-1,61,49,51,-1,62,63,64,-1,64,63,65,-1,65,66,64,-1,64,66,67,-1,64,67,68,-1,68,67,69,-1,69,70,68,-1,68,70,71,-1,68,71,72,-1,73,74,75,-1,71,76,72,-1,72,76,77,-1,72,77,78,-1,78,77,73,-1,78,73,79,-1,79,73,75,-1,74,73,80,-1,80,73,81,-1,80,81,82,-1,83,84,81,-1,81,84,85,-1,81,85,82,-1,83,86,84,-1,84,86,87,-1,84,87,88,-1,87,89,88,-1,88,89,90,-1,88,90,91,-1,91,90,92,-1,91,92,93,-1,94,95,96,-1,96,95,91,-1,96,91,97,-1,97,91,93,-1,
        ]
    }
}
Shape{
    appearance Appearance {
        material  Material {
            diffuseColor 0.17647058823529413 0.17647058823529413 0.17647058823529413
            specularColor 0.011764705882352941 0.011764705882352941 0.011764705882352941
            ambientIntensity 0.251
            transparency 0.0
            shininess 0.5
        }
    }
    geometry IndexedFaceSet {
        ccw TRUE
        solid FALSE
        coord DEF co Coordinate {
            point [
                -1.0937 2.6261 3.5827, -1.0893 2.621 3.5827, -1.0893 3.7402 3.5827, -1.7722 -1.2648 3.5827, -1.8815 -1.2648 3.5827, -1.8815 -2.0422 3.5827, 1.4991 0.0856 3.5827, 1.4534 0.1105 3.5827, 1.4534 0.0839 3.5827, 3.6691 -2.2638 3.5827, 3.9107 -2.2638 3.5827, 3.6303 -2.2192 3.5827, -3.4279 0.0844 3.5827, -3.4295 0.0839 3.5827, -3.1185 0.0839 3.5827, -3.9105 2.7953 3.5827, -3.9105 3.7402 3.5827, -5.0032 3.7402 3.5827, -3.079 -2.3416 3.5827, -3.0367 -2.3967 3.5827, -2.4768 -1.2648 3.5827, -3.1185 -2.3113 3.5827, -3.0102 -2.4607 3.5827, -3.0011 -2.5295 3.5827, -2.4768 -3.7402 3.5827, -3.0102 -2.5983 3.5827, -3.4548 -2.3416 3.5827, -3.3997 -2.2994 3.5827, -3.5833 -1.2648 3.5827, -3.3356 -2.2728 3.5827, -3.2669 -2.2638 3.5827, -3.1185 -1.2648 3.5827, -3.1981 -2.2728 3.5827, -3.134 -2.2994 3.5827, -3.0367 -2.6624 3.5827, -3.079 -2.7174 3.5827, -3.1185 -3.7402 3.5827, -3.1185 -2.7478 3.5827, -3.134 -2.7597 3.5827, -3.1981 -2.7862 3.5827, -3.2669 -2.7953 3.5827, -3.9105 -3.7402 3.5827, -3.3356 -2.7862 3.5827, -3.7689 -2.5854 3.5827, -3.7741 -2.6047 3.5827, -3.5236 -2.5983 3.5827, -3.7841 -2.622 3.5827, -3.798 -2.6362 3.5827, -3.5326 -2.5295 3.5827, -3.5236 -2.4607 3.5827, -3.497 -2.3967 3.5827, -3.3997 -2.7597 3.5827, -3.4548 -2.7174 3.5827, -3.497 -2.6624 3.5827, -3.8151 -2.6465 3.5827, -3.8342 -2.6522 3.5827, -3.8542 -2.6529 3.5827, -3.8736 -2.6485 3.5827, -3.8914 -2.6394 3.5827, -6.8051 -2.6881 3.5827, -6.7962 -2.6713 3.5827, -6.8558 -2.6298 3.5827, -6.7685 -2.7862 3.5827, -6.7841 -2.7753 3.5827, -7.1771 -3.7402 3.5827, -6.7967 -2.761 3.5827, -7.1771 -1.2648 3.5827, -6.9521 -2.5612 3.5827, -6.8098 -2.7065 3.5827, -6.8748 -2.6318 3.5827, -6.8936 -2.6293 3.5827, -6.9269 -2.6113 3.5827, -6.9393 -2.5968 3.5827, -6.9479 -2.5798 3.5827, -6.3309 -2.2638 3.5827, -6.3697 -2.2192 3.5827, -6.6901 -2.576 3.5827, -6.6901 -2.4978 3.5827, -6.7834 -2.6571 3.5827, -6.8221 -2.6125 3.5827, -6.8379 -2.6232 3.5827, -6.9114 -2.6223 3.5827, -6.8099 -2.7256 3.5827, -6.8055 -2.7441 3.5827, -5.0032 -3.7402 3.5827, -6.0893 -2.7953 3.5827, -6.0893 -3.7402 3.5827, -6.6901 -2.7953 3.5827, -6.6901 -3.7402 3.5827, -6.7317 -2.7953 3.5827, -6.7506 -2.793 3.5827, -3.9105 -2.6213 3.5827, -3.9398 -2.6815 3.5827, -3.9332 -2.7003 3.5827, -3.9316 -2.7202 3.5827, -3.9063 -2.6261 3.5827, -3.9351 -2.7398 3.5827, -3.9433 -2.758 3.5827, -3.9559 -2.7735 3.5827, -4.0103 -2.7953 3.5827, -5.0032 -2.7953 3.5827, -3.972 -2.7853 3.5827, -3.9905 -2.7927 3.5827, -6.0893 -1.2648 3.5827, -6.0893 -2.2638 3.5827, -5.0032 -2.2638 3.5827, -3.471 -0.1048 3.5827, -3.4558 -0.1159 3.5827, -3.5665 -0.0258 3.5827, -3.5612 0.0015 3.5827, -3.5614 -0.0073 3.5827, -3.1185 0.0015 3.5827, -3.4436 -0.1303 3.5827, -3.4352 -0.1472 3.5827, -3.4314 -0.1845 3.5827, -3.4311 -0.1656 3.5827, -3.5437 -0.1027 3.5827, -3.5259 -0.0966 3.5827, -3.5758 -0.0424 3.5827, -3.5071 -0.0948 3.5827, -3.4885 -0.0977 3.5827, -5.0032 -0.2657 3.5827, -5.0032 -1.2648 3.5827, -4.12 -1.2648 3.5827, -3.9956 -0.3797 3.5827, -3.9881 -0.3518 3.5827, -4.0429 -0.2657 3.5827, -3.9741 -0.3266 3.5827, -4.0165 -0.2628 3.5827, -3.9914 -0.2539 3.5827, -3.5889 -0.0564 3.5827, -3.605 -0.0668 3.5827, -3.9105 -0.2803 3.5827, -3.9105 -0.2147 3.5827, -3.9301 -0.2899 3.5827, -3.9544 -0.3055 3.5827, -6.2355 -1.2648 3.5827, -6.1113 -0.3808 3.5827, -6.5539 -0.075 3.5827, -6.535 -0.073 3.5827, -6.4203 -0.0476 3.5827, -6.5162 -0.0756 3.5827, -6.4079 -0.0621 3.5827, -6.4986 -0.0826 3.5827, -6.3923 -0.0733 3.5827, -6.1485 -0.2773 3.5827, -6.1299 -0.2989 3.5827, -6.0893 -0.2383 3.5827, -6.1171 -0.3245 3.5827, -6.1108 -0.3523 3.5827, -6.6901 -0.6804 3.5827, -6.6143 -0.1408 3.5827, -6.6901 0.0015 3.5827, -6.6094 -0.1225 3.5827, -6.6003 -0.1058 3.5827, -6.1717 -0.2607 3.5827, -6.5875 -0.0919 3.5827, -6.5717 -0.0814 3.5827, -6.0089 -0.2657 3.5827, -6.0381 -0.2621 3.5827, -6.0654 -0.2514 3.5827, -3.9508 -2.6649 3.5827, -4.2549 -2.225 3.5827, -4.2995 -2.2638 3.5827, -3.4457 0.078 3.5827, -3.4646 0.076 3.5827, -3.5652 0.0305 3.5827, -3.4833 0.0786 3.5827, -3.5737 0.0476 3.5827, -3.4965 0.0839 3.5827, -3.5861 0.0621 3.5827, -3.561 0.0118 3.5827, -3.2494 2.793 3.5827, -3.2315 2.7862 3.5827, -3.1185 3.7402 3.5827, -3.2159 2.7753 3.5827, -3.2033 2.761 3.5827, -3.1252 2.6318 3.5827, -3.1185 2.6309 3.5827, -3.1901 2.7256 3.5827, -3.2683 2.7953 3.5827, -3.1945 2.7441 3.5827, -3.659 2.277 3.5827, -3.6853 2.2671 3.5827, -3.6159 2.2273 3.5827, -3.9105 0.2415 3.5827, -3.8825 0.3275 3.5827, -3.8888 0.3553 3.5827, -3.2038 2.6713 3.5827, -3.1442 2.6298 3.5827, -3.1949 2.6881 3.5827, -3.1902 2.7065 3.5827, -3.8278 0.2637 3.5827, -3.8511 0.2803 3.5827, -3.8696 0.302 3.5827, -3.5009 0.0856 3.5827, -3.6211 0.0839 3.5827, -3.6017 0.0733 3.5827, -3.6293 2.2026 3.5827, -3.9105 2.2638 3.5827, -3.6365 2.1755 3.5827, -3.8883 0.3839 3.5827, -3.7132 2.2638 3.5827, -3.6358 2.2928 3.5827, -3.597 2.2482 3.5827, -3.2166 2.6571 3.5827, -3.1779 2.6125 3.5827, -3.1621 2.6232 3.5827, -3.9286 0.2514 3.5827, -3.9559 0.2621 3.5827, -5.0032 2.2638 3.5827, -5.0032 0.2657 3.5827, -3.9851 0.2657 3.5827, -6.0893 2.621 3.5827, -6.0602 2.6815 3.5827, -6.0668 2.7003 3.5827, -6.0684 2.7202 3.5827, -6.0649 2.7398 3.5827, -6.0893 3.7402 3.5827, -6.0567 2.758 3.5827, -6.0441 2.7735 3.5827, -6.028 2.7853 3.5827, -6.0123 0.3487 3.5827, -5.9511 0.2657 3.5827, -6.0263 0.3235 3.5827, -5.9775 0.2628 3.5827, -6.0026 0.2539 3.5827, -5.6467 2.2638 3.5827, -5.7517 2.1969 3.5827, -5.7526 2.1717 3.5827, -6.0048 0.3766 3.5827, -5.6717 2.2665 3.5827, -5.6956 2.2744 3.5827, -5.7563 2.2217 3.5827, -5.7173 2.2873 3.5827, -5.766 2.245 3.5827, -5.7804 2.2657 3.5827, -5.7358 2.3044 3.5827, -6.0492 2.6649 3.5827, -6.4933 0.0917 3.5827, -6.512 0.0945 3.5827, -6.6901 0.0839 3.5827, -6.5568 0.1272 3.5827, -6.5652 0.1441 3.5827, -6.6901 3.7402 3.5827, -6.2259 2.6047 3.5827, -6.2159 2.622 3.5827, -6.1458 2.6529 3.5827, -6.1264 2.6485 3.5827, -6.1086 2.6394 3.5827, -6.5294 0.1017 3.5827, -6.5447 0.1128 3.5827, -6.0937 2.6261 3.5827, -6.202 2.6362 3.5827, -6.1849 2.6465 3.5827, -6.1658 2.6522 3.5827, -6.0461 0.3024 3.5827, -6.0703 0.2867 3.5827, -6.0893 0.2119 3.5827, -6.0893 0.2775 3.5827, -6.3537 0.0839 3.5827, -6.4567 0.0996 3.5827, -6.4745 0.0934 3.5827, -6.5694 0.1625 3.5827, -6.569 0.1814 3.5827, -6.2311 2.5854 3.5827, -6.4288 -0.0305 3.5827, -6.433 -0.0118 3.5827, -6.4327 0.0015 3.5827, -6.4325 0.0073 3.5827, -6.4275 0.0258 3.5827, -6.4181 0.0424 3.5827, -6.405 0.0564 3.5827, -6.389 0.0668 3.5827, -6.0095 2.7927 3.5827, -5.9897 2.7953 3.5827, -5.0032 2.7953 3.5827, -6.9518 -2.5422 3.5827, -6.7722 -1.2648 3.5827, -7.1771 0.0015 3.5827, -3.3902 0.1255 3.5827, -3.3853 0.1438 3.5827, -3.1185 2.0422 3.5827, -3.3993 0.1089 3.5827, -3.4121 0.0949 3.5827, -2.4768 3.7402 3.5827, -3.1064 2.6293 3.5827, -3.0886 2.6223 3.5827, -3.0731 2.6113 3.5827, -3.0607 2.5968 3.5827, -3.0521 2.5798 3.5827, -3.0479 2.5612 3.5827, -3.0482 2.5422 3.5827, -2.4768 0.0839 3.5827, -7.391 -3.7008 3.5827, -7.3785 -3.7171 3.5827, -7.3228 -3.7402 3.5827, -7.3622 -3.7296 3.5827, -7.3432 -3.7375 3.5827, -7.1771 0.0839 3.5827, -7.1771 3.7402 3.5827, -7.3228 3.7402 3.5827, -7.3432 3.7375 3.5827, -7.3622 3.7296 3.5827, -7.3785 3.7171 3.5827, -7.391 3.7008 3.5827, 6.9393 2.5968 3.5827, 6.9479 2.5798 3.5827, 7.4016 3.6614 3.5827, 6.7841 2.7753 3.5827, 6.7967 2.761 3.5827, 6.8748 2.6318 3.5827, 6.8936 2.6293 3.5827, 6.8051 2.6881 3.5827, 6.8098 2.7065 3.5827, 6.7317 2.7953 3.5827, 7.3228 3.7402 3.5827, 6.0895 2.7953 3.5827, 6.0895 3.7402 3.5827, 4.9968 3.7402 3.5827, 6.9269 2.6113 3.5827, 6.6098 0.1255 3.5827, 6.6007 0.1089 3.5827, 7.4016 0.0839 3.5827, 7.3989 3.6818 3.5827, 7.391 3.7008 3.5827, 7.3785 3.7171 3.5827, 6.7506 2.793 3.5827, 6.7685 2.7862 3.5827, 7.3432 3.7375 3.5827, 7.3622 3.7296 3.5827, 6.9114 2.6223 3.5827, 6.8099 2.7256 3.5827, 6.8055 2.7441 3.5827, 6.5879 0.0949 3.5827, 6.5721 0.0844 3.5827, 6.5705 0.0839 3.5827, 6.9521 2.5612 3.5827, 6.9518 2.5422 3.5827, 6.6147 0.1438 3.5827, 6.1489 0.2803 3.5827, 6.1304 0.302 3.5827, 6.0895 0.2415 3.5827, 6.1175 0.3275 3.5827, 6.1112 0.3553 3.5827, 6.3635 2.1755 3.5827, 6.3707 2.2026 3.5827, 6.3147 2.2671 3.5827, 6.3841 2.2273 3.5827, 6.341 2.277 3.5827, 6.1117 0.3839 3.5827, 6.2868 2.2638 3.5827, 6.0895 2.2638 3.5827, 6.3642 2.2928 3.5827, 6.403 2.2482 3.5827, 6.7834 2.6571 3.5827, 6.8221 2.6125 3.5827, 6.7962 2.6713 3.5827, 6.8379 2.6232 3.5827, 6.8558 2.6298 3.5827, 6.921 -2.3416 3.5827, 6.9633 -2.3967 3.5827, 7.4016 -1.2648 3.5827, 6.7331 -2.2638 3.5827, 6.8019 -2.2728 3.5827, 6.866 -2.2994 3.5827, 6.9898 -2.4607 3.5827, 6.9989 -2.5295 3.5827, 7.4016 -3.6614 3.5827, 6.9898 -2.5983 3.5827, 6.9633 -2.6624 3.5827, 6.921 -2.7174 3.5827, 7.3996 -3.6789 3.5827, 6.866 -2.7597 3.5827, 6.503 -2.3967 3.5827, 6.5452 -2.3416 3.5827, 6.4167 -1.2648 3.5827, 6.6003 -2.2994 3.5827, 6.6644 -2.2728 3.5827, 6.2159 -2.622 3.5827, 6.202 -2.6362 3.5827, 6.4764 -2.5983 3.5827, 7.3228 -3.7402 3.5827, 7.3404 -3.7382 3.5827, 7.357 -3.7324 3.5827, 7.3719 -3.723 3.5827, 6.8019 -2.7862 3.5827, 6.7331 -2.7953 3.5827, 6.0895 -3.7402 3.5827, 6.6644 -2.7862 3.5827, 6.4764 -2.4607 3.5827, 6.2311 -2.5854 3.5827, 6.4674 -2.5295 3.5827, 7.3844 -3.7105 3.5827, 7.3938 -3.6956 3.5827, 6.6003 -2.7597 3.5827, 6.5452 -2.7174 3.5827, 6.503 -2.6624 3.5827, 6.2259 -2.6047 3.5827, 6.1264 -2.6485 3.5827, 6.1458 -2.6529 3.5827, 6.1658 -2.6522 3.5827, 6.1849 -2.6465 3.5827, 6.1086 -2.6394 3.5827, 6.0937 -2.6261 3.5827, 6.0895 -2.6213 3.5827, 3.7645 -1.2648 3.5827, 3.8887 -0.3808 3.5827, 3.9107 -1.2648 3.5827, 3.5921 -0.0621 3.5827, 3.465 -0.073 3.5827, 3.4838 -0.0756 3.5827, 3.8515 -0.2773 3.5827, 3.8701 -0.2989 3.5827, 3.9107 -0.2383 3.5827, 3.8829 -0.3245 3.5827, 3.8892 -0.3523 3.5827, 3.3099 -0.6804 3.5827, 3.3857 -0.1408 3.5827, 3.3099 0.0015 3.5827, 3.3906 -0.1225 3.5827, 3.3997 -0.1058 3.5827, 3.6077 -0.0733 3.5827, 3.5014 -0.0826 3.5827, 3.8283 -0.2607 3.5827, 3.4125 -0.0919 3.5827, 3.4283 -0.0814 3.5827, 3.4461 -0.075 3.5827, 3.1901 -2.7256 3.5827, 3.1902 -2.7065 3.5827, 3.1064 -2.6293 3.5827, 3.0731 -2.6113 3.5827, 3.0607 -2.5968 3.5827, 2.5232 -3.7402 3.5827, 3.3099 -3.7402 3.5827, 3.2494 -2.793 3.5827, 3.2315 -2.7862 3.5827, 3.2159 -2.7753 3.5827, 3.2033 -2.761 3.5827, 3.1945 -2.7441 3.5827, 3.0521 -2.5798 3.5827, 3.0479 -2.5612 3.5827, 2.5232 -1.2648 3.5827, 3.0482 -2.5422 3.5827, 3.2278 -1.2648 3.5827, 3.0886 -2.6223 3.5827, 3.3099 -2.576 3.5827, 3.3099 -2.4978 3.5827, 3.2166 -2.6571 3.5827, 3.1779 -2.6125 3.5827, 3.2038 -2.6713 3.5827, 3.1621 -2.6232 3.5827, 3.1949 -2.6881 3.5827, 3.1442 -2.6298 3.5827, 3.1252 -2.6318 3.5827, 3.3099 3.7402 3.5827, 3.7741 2.6047 3.5827, 3.7841 2.622 3.5827, 3.4706 0.1017 3.5827, 3.3099 0.0839 3.5827, 3.488 0.0945 3.5827, 3.5067 0.0917 3.5827, 3.4553 0.1128 3.5827, 3.4432 0.1272 3.5827, 3.4348 0.1441 3.5827, 3.9107 3.7402 3.5827, 3.8542 2.6529 3.5827, 3.8736 2.6485 3.5827, 3.8914 2.6394 3.5827, 3.9063 2.6261 3.5827, 3.9107 2.621 3.5827, 3.4306 0.1625 3.5827, 3.431 0.1814 3.5827, 3.7689 2.5854 3.5827, 3.798 2.6362 3.5827, 3.8151 2.6465 3.5827, 3.8342 2.6522 3.5827, 3.972 2.7853 3.5827, 3.9559 2.7735 3.5827, 3.9433 2.758 3.5827, 3.9316 2.7202 3.5827, 3.9351 2.7398 3.5827, 3.9508 2.6649 3.5827, 3.9398 2.6815 3.5827, 3.9332 2.7003 3.5827, 4.9968 0.2657 3.5827, 3.9877 0.3487 3.5827, 4.0489 0.2657 3.5827, 3.9737 0.3235 3.5827, 4.0225 0.2628 3.5827, 3.9974 0.2539 3.5827, 3.9539 0.3024 3.5827, 3.9297 0.2867 3.5827, 3.9107 0.2119 3.5827, 3.9107 0.2775 3.5827, 3.6463 0.0839 3.5827, 3.5433 0.0996 3.5827, 3.5255 0.0934 3.5827, 4.3283 2.2665 3.5827, 4.3533 2.2638 3.5827, 4.9968 2.2638 3.5827, 4.2642 2.3044 3.5827, 4.2196 2.2657 3.5827, 4.2827 2.2873 3.5827, 4.234 2.245 3.5827, 4.2437 2.2217 3.5827, 4.3044 2.2744 3.5827, 4.2483 2.1969 3.5827, 4.2474 2.1717 3.5827, 3.9952 0.3766 3.5827, 3.9905 2.7927 3.5827, 4.0103 2.7953 3.5827, 4.9968 2.7953 3.5827, 6.0714 0.2514 3.5827, 6.0441 0.2621 3.5827, 6.0149 0.2657 3.5827, 3.9911 -0.2657 3.5827, 3.9619 -0.2621 3.5827, 3.9346 -0.2514 3.5827, 4.9968 -0.2657 3.5827, 4.9968 -1.2648 3.5827, 5.88 -1.2648 3.5827, 6.0086 -0.2539 3.5827, 5.9835 -0.2628 3.5827, 6.0259 -0.3266 3.5827, 5.9571 -0.2657 3.5827, 6.0119 -0.3518 3.5827, 6.0044 -0.3797 3.5827, 6.0456 -0.3055 3.5827, 6.0699 -0.2899 3.5827, 6.0895 -0.2147 3.5827, 6.0895 -0.2803 3.5827, 6.395 -0.0668 3.5827, 6.4563 -0.1027 3.5827, 6.4111 -0.0564 3.5827, 6.4388 0.0015 3.5827, 6.4386 -0.0073 3.5827, 7.4016 0.0015 3.5827, 6.4335 -0.0258 3.5827, 6.5115 -0.0977 3.5827, 6.529 -0.1048 3.5827, 6.5442 -0.1159 3.5827, 6.5564 -0.1303 3.5827, 6.5648 -0.1472 3.5827, 6.4242 -0.0424 3.5827, 6.4741 -0.0966 3.5827, 6.4929 -0.0948 3.5827, 6.5686 -0.1845 3.5827, 6.5689 -0.1656 3.5827, 6.3983 0.0733 3.5827, 6.5035 0.0839 3.5827, 6.3789 0.0839 3.5827, 6.4991 0.0856 3.5827, 6.1722 0.2637 3.5827, 6.439 0.0118 3.5827, 6.4348 0.0305 3.5827, 6.5543 0.078 3.5827, 6.4139 0.0621 3.5827, 6.4263 0.0476 3.5827, 6.5167 0.0786 3.5827, 6.5354 0.076 3.5827, 3.5797 -0.0476 3.5827, 3.5712 -0.0305 3.5827, 3.567 -0.0118 3.5827, 3.5673 0.0015 3.5827, 3.5675 0.0073 3.5827, 3.5725 0.0258 3.5827, 3.5819 0.0424 3.5827, 3.595 0.0564 3.5827, 3.611 0.0668 3.5827, 5.7451 -2.225 3.5827, 4.9968 -2.2638 3.5827, 5.7005 -2.2638 3.5827, 6.0441 -2.7735 3.5827, 6.028 -2.7853 3.5827, 6.0567 -2.758 3.5827, 6.0602 -2.6815 3.5827, 6.0668 -2.7003 3.5827, 6.0684 -2.7202 3.5827, 6.0649 -2.7398 3.5827, 6.0492 -2.6649 3.5827, 6.0095 -2.7927 3.5827, 5.9897 -2.7953 3.5827, 4.9968 -3.7402 3.5827, 4.9968 -2.7953 3.5827, 3.9107 -2.7953 3.5827, 3.9107 -3.7402 3.5827, 3.3099 -2.7953 3.5827, 3.2683 -2.7953 3.5827, 2.5232 3.7402 3.5827, 1.7685 2.7862 3.5827, 1.7841 2.7753 3.5827, 1.7967 2.761 3.5827, 1.8055 2.7441 3.5827, 1.8099 2.7256 3.5827, 1.8748 2.6318 3.5827, 1.8936 2.6293 3.5827, 1.9114 2.6223 3.5827, 1.8098 2.7065 3.5827, 1.8051 2.6881 3.5827, 1.8558 2.6298 3.5827, 1.7962 2.6713 3.5827, 1.9269 2.6113 3.5827, 1.9393 2.5968 3.5827, 1.9479 2.5798 3.5827, 1.5879 0.0949 3.5827, 2.5232 0.0839 3.5827, 1.6007 0.1089 3.5827, 1.6098 0.1255 3.5827, 1.9521 2.5612 3.5827, 1.9518 2.5422 3.5827, 1.6147 0.1438 3.5827, 1.1722 0.2637 3.5827, 1.1489 0.2803 3.5827, 1.0895 0.2415 3.5827, 1.1304 0.302 3.5827, 1.1175 0.3275 3.5827, 1.1112 0.3553 3.5827, 1.3635 2.1755 3.5827, 1.3707 2.2026 3.5827, 1.3147 2.2671 3.5827, 1.3841 2.2273 3.5827, 1.341 2.277 3.5827, 1.1117 0.3839 3.5827, 1.2868 2.2638 3.5827, 1.0895 2.2638 3.5827, 1.3642 2.2928 3.5827, 1.403 2.2482 3.5827, 1.4534 2.3702 3.5827, 1.4534 2.292 3.5827, 1.7834 2.6571 3.5827, 1.8221 2.6125 3.5827, 1.8379 2.6232 3.5827, 1.4534 0.0015 3.5827, 1.5167 0.0786 3.5827, 1.5035 0.0839 3.5827, 1.5721 0.0844 3.5827, 1.5705 0.0839 3.5827, 2.5232 0.0015 3.5827, 1.5543 0.078 3.5827, 1.5354 0.076 3.5827, -1.2355 -1.2648 3.5827, -1.3697 -2.2192 3.5827, -1.0893 -2.2638 3.5827, -1.7685 -2.7862 3.5827, -1.7841 -2.7753 3.5827, -1.8815 -3.7402 3.5827, -1.7967 -2.761 3.5827, -1.8098 -2.7065 3.5827, -1.8051 -2.6881 3.5827, -1.8558 -2.6298 3.5827, -1.7962 -2.6713 3.5827, -1.8379 -2.6232 3.5827, -1.8748 -2.6318 3.5827, -1.8815 -2.6309 3.5827, -1.8099 -2.7256 3.5827, -1.8055 -2.7441 3.5827, -1.0893 -2.7953 3.5827, -1.7317 -2.7953 3.5827, -1.7506 -2.793 3.5827, -1.8221 -2.6125 3.5827, -1.7834 -2.6571 3.5827, -1.3309 -2.2638 3.5827, -1.1113 -0.3808 3.5827, -1.0893 -1.2648 3.5827, -1.5539 -0.075 3.5827, -1.535 -0.073 3.5827, -1.4203 -0.0476 3.5827, -1.5162 -0.0756 3.5827, -1.4079 -0.0621 3.5827, -1.4986 -0.0826 3.5827, -1.3923 -0.0733 3.5827, -1.1485 -0.2773 3.5827, -1.1299 -0.2989 3.5827, -1.0893 -0.2383 3.5827, -1.1171 -0.3245 3.5827, -1.1108 -0.3523 3.5827, -1.8815 0.0015 3.5827, -1.6143 -0.1408 3.5827, -1.6094 -0.1225 3.5827, -1.6003 -0.1058 3.5827, -1.1717 -0.2607 3.5827, -1.5875 -0.0919 3.5827, -1.5717 -0.0814 3.5827, -1.9393 -2.5968 3.5827, -1.9269 -2.6113 3.5827, -1.9114 -2.6223 3.5827, -1.8936 -2.6293 3.5827, -1.9479 -2.5798 3.5827, -1.9521 -2.5612 3.5827, -1.9518 -2.5422 3.5827, -1.2259 2.6047 3.5827, -1.2159 2.622 3.5827, -1.8815 3.7402 3.5827, -1.4933 0.0917 3.5827, -1.512 0.0945 3.5827, -1.8815 0.0839 3.5827, -1.5568 0.1272 3.5827, -1.5652 0.1441 3.5827, -1.1458 2.6529 3.5827, -1.1264 2.6485 3.5827, -1.1086 2.6394 3.5827, -1.4567 0.0996 3.5827, -1.4745 0.0934 3.5827, -1.3537 0.0839 3.5827, -1.5294 0.1017 3.5827, -1.5447 0.1128 3.5827, -1.202 2.6362 3.5827, -1.1849 2.6465 3.5827, -1.1658 2.6522 3.5827, -1.5694 0.1625 3.5827, -1.569 0.1814 3.5827, -1.2311 2.5854 3.5827, -1.028 2.7853 3.5827, -1.0441 2.7735 3.5827, -1.0567 2.758 3.5827, -1.0684 2.7202 3.5827, -1.0649 2.7398 3.5827, -1.0095 2.7927 3.5827, -0.9897 2.7953 3.5827, -0.0032 3.7402 3.5827, -1.0893 0.2775 3.5827, -1.0893 0.2119 3.5827, -1.0703 0.2867 3.5827, -1.0026 0.2539 3.5827, -1.0461 0.3024 3.5827, -1.0492 2.6649 3.5827, -1.0602 2.6815 3.5827, -1.0668 2.7003 3.5827, -0.0032 0.2657 3.5827, -1.0123 0.3487 3.5827, -0.9511 0.2657 3.5827, -1.0263 0.3235 3.5827, -0.6717 2.2665 3.5827, -0.6467 2.2638 3.5827, -0.0032 2.2638 3.5827, -0.9775 0.2628 3.5827, -0.7358 2.3044 3.5827, -0.7804 2.2657 3.5827, -0.7173 2.2873 3.5827, -0.766 2.245 3.5827, -0.7563 2.2217 3.5827, -0.6956 2.2744 3.5827, -0.7517 2.1969 3.5827, -0.7526 2.1717 3.5827, -1.0048 0.3766 3.5827, -0.0032 2.7953 3.5827, 1.0895 2.7953 3.5827, 1.0895 3.7402 3.5827, 1.4534 2.7953 3.5827, 1.4534 3.7402 3.5827, 1.7317 2.7953 3.5827, 1.7506 2.793 3.5827, 1.0714 0.2514 3.5827, 1.0441 0.2621 3.5827, 1.0149 0.2657 3.5827, -1.0089 -0.2657 3.5827, -1.0381 -0.2621 3.5827, -1.0654 -0.2514 3.5827, -0.0032 -0.2657 3.5827, -0.0032 -1.2648 3.5827, 0.88 -1.2648 3.5827, 1.0044 -0.3797 3.5827, 1.0119 -0.3518 3.5827, 0.9571 -0.2657 3.5827, 1.0259 -0.3266 3.5827, 0.9835 -0.2628 3.5827, 1.0086 -0.2539 3.5827, 1.4388 0.0015 3.5827, 1.4386 -0.0073 3.5827, 1.4335 -0.0258 3.5827, 1.4534 -0.1041 3.5827, 1.4242 -0.0424 3.5827, 1.0456 -0.3055 3.5827, 1.0699 -0.2899 3.5827, 1.0895 -0.2147 3.5827, 1.0895 -0.2803 3.5827, 1.395 -0.0668 3.5827, 1.4111 -0.0564 3.5827, 1.3789 0.0839 3.5827, 1.3983 0.0733 3.5827, 1.4139 0.0621 3.5827, 1.4263 0.0476 3.5827, 1.4348 0.0305 3.5827, 1.439 0.0118 3.5827, -1.4288 -0.0305 3.5827, -1.433 -0.0118 3.5827, -1.4327 0.0015 3.5827, -1.4325 0.0073 3.5827, -1.4275 0.0258 3.5827, -1.4181 0.0424 3.5827, -1.405 0.0564 3.5827, -1.389 0.0668 3.5827, 0.7451 -2.225 3.5827, -0.0032 -2.2638 3.5827, 0.7005 -2.2638 3.5827, 1.0441 -2.7735 3.5827, 1.028 -2.7853 3.5827, 1.0895 -3.7402 3.5827, 1.0602 -2.6815 3.5827, 1.0668 -2.7003 3.5827, 1.0895 -2.6213 3.5827, 1.0095 -2.7927 3.5827, 0.9897 -2.7953 3.5827, -0.0032 -3.7402 3.5827, 1.0492 -2.6649 3.5827, 1.0684 -2.7202 3.5827, 1.0649 -2.7398 3.5827, 1.0567 -2.758 3.5827, 1.2259 -2.6047 3.5827, 1.2159 -2.622 3.5827, 1.4534 -3.7402 3.5827, 1.202 -2.6362 3.5827, 1.1264 -2.6485 3.5827, 1.1086 -2.6394 3.5827, 1.0937 -2.6261 3.5827, 1.1849 -2.6465 3.5827, 1.1658 -2.6522 3.5827, 1.1458 -2.6529 3.5827, 1.4563 -0.1027 3.5827, 1.4741 -0.0966 3.5827, 1.5648 -0.1472 3.5827, 1.5564 -0.1303 3.5827, 1.5442 -0.1159 3.5827, 1.5689 -0.1656 3.5827, 1.5686 -0.1845 3.5827, 1.4534 -1.004 3.5827, 1.4534 -1.2648 3.5827, 1.4167 -1.2648 3.5827, 1.2311 -2.5854 3.5827, 1.4929 -0.0948 3.5827, 1.5115 -0.0977 3.5827, 1.529 -0.1048 3.5827, -1.0893 -3.7402 3.5827, -0.0032 -2.7953 3.5827, -2.4768 0.0015 3.5827, -7.3989 3.6818 3.5827, -7.4016 3.6614 3.5827, -7.4016 0.0839 3.5827, -7.4016 0.0015 3.5827, -7.4016 -1.2648 3.5827, -7.4016 -3.6614 3.5827, -7.3989 -3.6818 3.5827, 1.9633 -2.6624 3.5827, 1.921 -2.7174 3.5827, 1.6644 -2.7862 3.5827, 1.6003 -2.7597 3.5827, 1.5452 -2.7174 3.5827, 1.503 -2.6624 3.5827, 1.9633 -2.3967 3.5827, 1.921 -2.3416 3.5827, 1.866 -2.2994 3.5827, 1.9898 -2.4607 3.5827, 1.9989 -2.5295 3.5827, 1.9898 -2.5983 3.5827, 1.6644 -2.2728 3.5827, 1.7331 -2.2638 3.5827, 1.866 -2.7597 3.5827, 1.8019 -2.7862 3.5827, 1.7331 -2.7953 3.5827, 1.8019 -2.2728 3.5827, 1.4764 -2.5983 3.5827, 1.4674 -2.5295 3.5827, 1.4764 -2.4607 3.5827, 1.503 -2.3967 3.5827, 1.5452 -2.3416 3.5827, 1.6003 -2.2994 3.5827
            ]
        }
        coordIndex [
            0,1,2,-1,3,4,5,-1,6,7,8,-1,9,10,11,-1,12,13,14,-1,15,16,17,-1,18,19,20,-1,18,20,21,-1,19,22,20,-1,20,22,23,-1,20,23,24,-1,24,23,25,-1,26,27,28,-1,29,30,31,-1,31,30,32,-1,31,32,33,-1,25,34,24,-1,24,34,35,-1,24,35,36,-1,36,35,37,-1,36,37,38,-1,38,39,36,-1,36,39,40,-1,36,40,41,-1,41,40,42,-1,43,44,45,-1,45,44,46,-1,45,46,47,-1,45,48,43,-1,43,48,49,-1,43,49,28,-1,28,49,50,-1,28,50,26,-1,42,51,41,-1,41,51,52,-1,41,52,53,-1,47,54,45,-1,45,54,55,-1,45,55,53,-1,53,55,56,-1,53,56,41,-1,41,56,57,-1,41,57,58,-1,59,60,61,-1,62,63,64,-1,64,63,65,-1,66,64,67,-1,59,61,68,-1,68,61,69,-1,68,69,70,-1,71,72,64,-1,64,72,73,-1,64,73,67,-1,74,75,76,-1,76,75,77,-1,76,77,78,-1,78,77,79,-1,78,79,60,-1,60,79,80,-1,60,80,61,-1,70,81,68,-1,68,81,71,-1,68,71,82,-1,82,71,64,-1,82,64,83,-1,83,64,65,-1,84,85,86,-1,86,85,87,-1,86,87,88,-1,88,87,89,-1,88,89,64,-1,64,89,90,-1,64,90,62,-1,91,92,93,-1,93,94,91,-1,91,94,41,-1,91,41,95,-1,95,41,58,-1,94,96,41,-1,41,96,97,-1,41,97,98,-1,41,99,84,-1,84,99,100,-1,84,100,85,-1,98,101,41,-1,41,101,102,-1,41,102,99,-1,103,104,105,-1,106,107,108,-1,109,110,111,-1,111,110,108,-1,108,107,111,-1,111,107,112,-1,111,112,113,-1,27,29,28,-1,28,29,31,-1,28,31,114,-1,114,31,111,-1,114,111,115,-1,115,111,113,-1,116,117,118,-1,118,117,119,-1,118,119,108,-1,108,119,120,-1,108,120,106,-1,121,122,123,-1,123,124,121,-1,121,124,125,-1,121,125,126,-1,126,125,127,-1,126,127,128,-1,128,127,129,-1,118,130,116,-1,116,130,131,-1,116,131,132,-1,132,131,133,-1,132,133,134,-1,134,133,129,-1,134,129,135,-1,135,129,127,-1,74,104,75,-1,75,104,103,-1,75,103,136,-1,136,103,137,-1,138,139,140,-1,140,139,141,-1,140,141,142,-1,142,141,143,-1,142,143,144,-1,145,146,147,-1,147,146,148,-1,147,148,149,-1,150,151,152,-1,152,151,153,-1,152,153,154,-1,144,143,147,-1,147,143,155,-1,147,155,145,-1,154,156,152,-1,152,156,157,-1,152,157,138,-1,158,159,103,-1,149,137,147,-1,147,137,103,-1,147,103,160,-1,160,103,159,-1,92,91,161,-1,161,91,162,-1,161,162,163,-1,163,162,123,-1,163,123,105,-1,105,123,122,-1,105,122,103,-1,103,122,121,-1,103,121,158,-1,164,165,166,-1,166,165,167,-1,166,167,168,-1,168,167,169,-1,168,169,170,-1,109,111,171,-1,171,111,14,-1,171,14,166,-1,166,14,13,-1,166,13,164,-1,172,173,174,-1,174,173,175,-1,174,175,176,-1,177,178,179,-1,16,15,174,-1,174,15,180,-1,174,180,172,-1,179,178,181,-1,182,183,184,-1,185,186,187,-1,188,189,190,-1,190,189,177,-1,190,177,191,-1,191,177,179,-1,192,193,185,-1,185,193,194,-1,185,194,186,-1,192,185,195,-1,195,185,196,-1,195,196,169,-1,169,196,197,-1,169,197,170,-1,198,199,200,-1,200,199,201,-1,184,183,198,-1,198,183,202,-1,198,202,199,-1,182,184,203,-1,203,184,204,-1,203,204,205,-1,205,204,206,-1,205,206,188,-1,188,206,207,-1,188,207,189,-1,187,201,185,-1,185,201,199,-1,185,199,208,-1,208,199,209,-1,210,211,199,-1,199,211,212,-1,199,212,209,-1,213,214,215,-1,216,217,218,-1,217,219,218,-1,218,219,220,-1,218,220,221,-1,211,222,223,-1,223,222,224,-1,223,224,225,-1,225,224,226,-1,227,228,210,-1,210,228,229,-1,210,229,211,-1,211,229,230,-1,211,230,222,-1,227,231,228,-1,228,231,232,-1,228,232,233,-1,233,232,234,-1,233,234,235,-1,235,234,236,-1,236,234,237,-1,236,237,213,-1,213,237,238,-1,213,238,214,-1,239,240,241,-1,241,242,243,-1,244,245,246,-1,247,248,218,-1,218,248,249,-1,240,250,241,-1,241,250,251,-1,241,251,242,-1,215,216,213,-1,213,216,218,-1,213,218,252,-1,252,218,249,-1,246,253,244,-1,244,253,254,-1,244,254,218,-1,218,254,255,-1,218,255,247,-1,224,256,226,-1,226,256,257,-1,226,257,258,-1,258,257,259,-1,258,259,260,-1,260,259,261,-1,260,261,262,-1,243,263,241,-1,241,263,264,-1,241,264,244,-1,244,264,265,-1,244,265,245,-1,140,266,138,-1,138,266,267,-1,138,267,152,-1,152,267,268,-1,152,268,241,-1,241,268,269,-1,269,270,241,-1,241,270,271,-1,241,271,272,-1,262,239,260,-1,260,239,241,-1,260,241,273,-1,273,241,272,-1,221,274,218,-1,218,274,275,-1,218,275,17,-1,17,275,276,-1,17,276,15,-1,67,277,66,-1,66,277,278,-1,66,278,279,-1,280,14,281,-1,281,14,282,-1,280,283,14,-1,14,283,284,-1,14,284,12,-1,176,181,174,-1,174,181,178,-1,174,178,285,-1,285,178,286,-1,285,286,287,-1,287,288,285,-1,285,288,289,-1,285,289,290,-1,290,291,285,-1,285,291,292,-1,285,292,293,-1,294,295,296,-1,296,295,297,-1,296,297,298,-1,299,300,301,-1,302,303,301,-1,301,303,304,-1,301,304,305,-1,306,307,308,-1,308,309,310,-1,311,312,313,-1,313,312,314,-1,315,316,317,-1,317,316,318,-1,317,318,319,-1,306,308,320,-1,321,322,323,-1,308,324,309,-1,309,324,325,-1,309,325,326,-1,315,327,316,-1,316,327,328,-1,316,328,329,-1,329,328,309,-1,329,309,330,-1,330,309,326,-1,312,331,314,-1,314,331,320,-1,314,320,332,-1,332,320,308,-1,332,308,333,-1,333,308,310,-1,322,334,323,-1,323,334,335,-1,323,335,336,-1,307,337,308,-1,308,337,338,-1,308,338,323,-1,323,338,339,-1,323,339,321,-1,340,341,342,-1,342,341,343,-1,342,343,344,-1,345,346,347,-1,347,346,348,-1,347,348,349,-1,345,347,350,-1,350,347,351,-1,350,351,352,-1,349,348,353,-1,353,348,354,-1,353,354,355,-1,355,354,356,-1,355,356,357,-1,357,356,358,-1,357,358,313,-1,313,358,359,-1,313,359,311,-1,360,361,362,-1,363,364,362,-1,362,364,365,-1,362,365,360,-1,361,366,362,-1,362,366,367,-1,362,367,368,-1,368,367,369,-1,369,370,368,-1,368,370,371,-1,368,371,372,-1,372,371,373,-1,374,375,376,-1,376,375,377,-1,376,377,378,-1,379,380,381,-1,382,383,373,-1,373,383,384,-1,373,384,385,-1,373,386,382,-1,382,386,387,-1,382,387,388,-1,388,387,389,-1,374,376,390,-1,390,376,391,-1,390,391,392,-1,385,393,373,-1,373,393,394,-1,373,394,372,-1,389,395,388,-1,388,395,396,-1,388,396,397,-1,392,391,381,-1,381,391,398,-1,381,398,379,-1,399,388,400,-1,400,388,397,-1,400,397,401,-1,401,397,381,-1,401,381,402,-1,402,381,380,-1,399,403,388,-1,388,403,404,-1,388,404,405,-1,11,10,406,-1,407,406,408,-1,409,410,411,-1,412,413,414,-1,414,413,415,-1,414,415,416,-1,417,418,419,-1,419,418,420,-1,419,420,421,-1,409,411,422,-1,422,411,423,-1,422,423,414,-1,414,423,424,-1,414,424,412,-1,421,425,419,-1,419,425,426,-1,419,426,427,-1,428,429,430,-1,431,432,433,-1,434,435,433,-1,433,435,436,-1,433,436,437,-1,437,438,433,-1,433,438,439,-1,433,439,428,-1,432,440,433,-1,433,440,441,-1,433,441,442,-1,442,441,443,-1,442,443,444,-1,428,430,433,-1,433,430,445,-1,433,445,431,-1,9,11,446,-1,446,11,447,-1,446,447,448,-1,448,447,449,-1,448,449,450,-1,450,449,451,-1,450,451,452,-1,452,451,453,-1,452,453,429,-1,429,453,454,-1,429,454,430,-1,455,456,457,-1,458,459,460,-1,460,459,461,-1,458,462,459,-1,459,462,463,-1,459,463,464,-1,465,466,467,-1,467,468,465,-1,465,468,469,-1,465,469,470,-1,464,471,459,-1,459,471,472,-1,459,472,455,-1,455,472,473,-1,455,473,456,-1,457,474,455,-1,455,474,475,-1,455,475,465,-1,465,475,476,-1,465,476,466,-1,477,465,478,-1,478,465,479,-1,470,480,465,-1,465,480,481,-1,465,481,479,-1,482,483,470,-1,470,483,484,-1,470,484,480,-1,485,486,487,-1,487,486,488,-1,487,488,489,-1,489,488,490,-1,488,491,490,-1,490,491,492,-1,490,492,493,-1,493,492,494,-1,493,494,495,-1,495,494,496,-1,495,496,497,-1,498,485,499,-1,499,485,500,-1,482,470,501,-1,501,470,502,-1,501,502,503,-1,502,504,503,-1,503,504,505,-1,503,505,506,-1,506,505,507,-1,506,507,498,-1,498,507,508,-1,498,508,485,-1,485,508,509,-1,485,509,486,-1,477,510,465,-1,465,510,511,-1,465,511,319,-1,319,511,512,-1,319,512,317,-1,344,350,342,-1,342,350,352,-1,342,352,513,-1,513,352,514,-1,500,485,352,-1,352,485,515,-1,352,515,514,-1,516,517,408,-1,416,407,414,-1,414,407,408,-1,414,408,518,-1,518,408,517,-1,516,408,519,-1,519,408,520,-1,519,520,521,-1,522,523,524,-1,524,523,525,-1,524,525,526,-1,526,525,519,-1,526,519,527,-1,527,519,521,-1,524,528,522,-1,522,528,529,-1,522,529,530,-1,530,529,531,-1,530,531,532,-1,532,531,533,-1,532,533,534,-1,535,536,537,-1,537,536,538,-1,539,540,538,-1,538,540,541,-1,538,541,537,-1,537,541,542,-1,537,542,543,-1,534,533,544,-1,544,533,545,-1,544,545,538,-1,538,545,546,-1,538,546,539,-1,378,363,376,-1,376,363,362,-1,376,362,547,-1,547,362,537,-1,547,537,548,-1,548,537,543,-1,549,550,551,-1,551,550,552,-1,551,552,342,-1,342,552,553,-1,342,553,340,-1,535,537,554,-1,554,537,323,-1,554,323,555,-1,555,323,336,-1,555,336,556,-1,549,557,550,-1,550,557,558,-1,550,558,559,-1,559,558,555,-1,559,555,560,-1,560,555,556,-1,409,561,410,-1,410,561,562,-1,410,562,427,-1,427,562,563,-1,427,563,419,-1,419,563,564,-1,419,564,459,-1,459,564,565,-1,565,566,459,-1,459,566,567,-1,459,567,568,-1,497,461,495,-1,495,461,459,-1,495,459,569,-1,569,459,568,-1,570,571,572,-1,573,574,388,-1,573,388,575,-1,576,577,405,-1,405,577,578,-1,405,578,388,-1,388,578,579,-1,388,579,575,-1,570,572,405,-1,405,572,580,-1,405,580,576,-1,574,581,388,-1,388,581,582,-1,388,582,583,-1,582,584,583,-1,583,584,585,-1,583,585,586,-1,586,585,587,-1,586,587,434,-1,434,587,588,-1,434,588,435,-1,406,10,408,-1,408,10,571,-1,408,571,520,-1,520,571,570,-1,520,570,521,-1,589,590,591,-1,591,592,589,-1,589,592,593,-1,589,593,594,-1,594,595,589,-1,589,595,596,-1,589,596,597,-1,594,598,595,-1,595,598,599,-1,595,599,600,-1,600,599,601,-1,597,602,589,-1,589,602,603,-1,589,603,604,-1,605,606,607,-1,607,606,608,-1,604,609,589,-1,589,609,610,-1,589,610,606,-1,606,610,611,-1,606,611,608,-1,612,613,614,-1,613,615,614,-1,614,615,616,-1,614,616,617,-1,618,619,620,-1,620,619,621,-1,620,621,622,-1,618,620,623,-1,623,620,624,-1,623,624,625,-1,622,621,626,-1,626,621,627,-1,626,627,628,-1,628,627,629,-1,628,629,630,-1,630,629,631,-1,630,631,601,-1,601,631,632,-1,601,632,600,-1,633,634,8,-1,8,634,635,-1,8,635,6,-1,605,636,606,-1,606,636,637,-1,606,637,638,-1,638,637,639,-1,638,639,633,-1,633,639,640,-1,633,640,634,-1,641,642,643,-1,644,645,646,-1,646,645,647,-1,648,649,650,-1,650,649,651,-1,650,651,652,-1,650,653,648,-1,648,653,654,-1,648,654,655,-1,655,654,656,-1,657,658,646,-1,646,658,659,-1,646,659,644,-1,652,651,660,-1,660,651,661,-1,660,661,642,-1,642,661,662,-1,642,662,643,-1,663,641,664,-1,665,666,667,-1,667,666,668,-1,667,668,669,-1,669,668,670,-1,669,670,671,-1,672,673,674,-1,674,673,675,-1,674,675,676,-1,4,3,677,-1,3,678,677,-1,677,678,679,-1,677,679,680,-1,671,670,674,-1,674,670,681,-1,674,681,672,-1,680,682,677,-1,677,682,683,-1,677,683,665,-1,684,24,685,-1,685,24,686,-1,647,656,646,-1,646,656,654,-1,646,654,24,-1,24,654,687,-1,24,687,686,-1,684,688,24,-1,24,688,689,-1,24,689,20,-1,20,689,690,-1,691,692,693,-1,694,695,696,-1,696,697,698,-1,699,700,2,-1,2,700,701,-1,2,701,0,-1,702,703,704,-1,695,705,696,-1,696,705,706,-1,696,706,697,-1,692,707,693,-1,693,707,708,-1,693,708,2,-1,2,708,709,-1,2,709,699,-1,698,710,696,-1,696,710,711,-1,696,711,693,-1,693,711,712,-1,693,712,691,-1,713,2,714,-1,714,2,715,-1,1,716,2,-1,2,716,717,-1,2,717,715,-1,713,718,2,-1,2,718,719,-1,2,719,720,-1,702,704,721,-1,721,704,722,-1,721,722,723,-1,723,722,724,-1,723,724,725,-1,726,727,1,-1,1,727,728,-1,1,728,716,-1,729,730,731,-1,731,730,732,-1,733,729,734,-1,734,729,735,-1,725,724,732,-1,732,724,736,-1,732,736,731,-1,726,1,737,-1,737,1,738,-1,737,738,739,-1,738,740,739,-1,739,740,741,-1,739,741,742,-1,742,741,743,-1,742,743,733,-1,733,743,744,-1,733,744,729,-1,729,744,745,-1,729,745,730,-1,719,746,720,-1,720,746,747,-1,720,747,748,-1,748,747,749,-1,748,749,750,-1,750,749,751,-1,750,751,589,-1,589,751,752,-1,589,752,590,-1,617,623,614,-1,614,623,625,-1,614,625,753,-1,753,625,754,-1,735,729,625,-1,625,729,755,-1,625,755,754,-1,756,757,664,-1,676,663,674,-1,674,663,664,-1,674,664,758,-1,758,664,757,-1,756,664,759,-1,759,664,760,-1,759,760,761,-1,761,762,759,-1,759,762,763,-1,759,763,764,-1,764,763,765,-1,764,765,766,-1,766,765,767,-1,633,768,769,-1,769,770,771,-1,771,770,772,-1,765,773,767,-1,767,773,774,-1,767,774,775,-1,775,774,776,-1,775,776,777,-1,777,776,771,-1,777,771,778,-1,778,771,772,-1,612,614,7,-1,7,614,779,-1,7,779,8,-1,8,779,780,-1,8,780,781,-1,781,782,8,-1,8,782,783,-1,8,783,633,-1,633,783,784,-1,633,784,768,-1,667,785,665,-1,665,785,786,-1,665,786,677,-1,677,786,787,-1,677,787,696,-1,696,787,788,-1,788,789,696,-1,696,789,790,-1,696,790,791,-1,703,694,704,-1,704,694,696,-1,704,696,792,-1,792,696,791,-1,793,794,795,-1,796,797,798,-1,799,800,801,-1,797,802,798,-1,798,802,803,-1,798,803,804,-1,793,795,801,-1,801,795,805,-1,801,805,799,-1,806,807,798,-1,798,807,808,-1,798,808,796,-1,809,810,811,-1,811,810,812,-1,798,813,814,-1,800,806,801,-1,801,806,798,-1,801,798,815,-1,815,798,814,-1,812,816,811,-1,811,816,817,-1,811,817,798,-1,798,817,818,-1,798,818,813,-1,769,771,633,-1,633,771,819,-1,633,819,820,-1,821,638,822,-1,822,638,823,-1,821,824,638,-1,638,824,825,-1,638,825,826,-1,444,638,442,-1,442,638,826,-1,442,826,827,-1,827,826,828,-1,827,828,811,-1,811,828,829,-1,811,829,809,-1,820,830,633,-1,633,830,831,-1,633,831,638,-1,638,831,832,-1,638,832,823,-1,646,833,657,-1,657,833,804,-1,657,804,834,-1,834,804,803,-1,641,643,664,-1,664,643,794,-1,664,794,760,-1,760,794,793,-1,760,793,761,-1,455,589,459,-1,459,589,606,-1,459,606,419,-1,419,606,638,-1,419,638,417,-1,417,638,444,-1,244,300,241,-1,241,300,299,-1,241,299,152,-1,152,299,279,-1,152,279,150,-1,150,279,278,-1,693,285,696,-1,696,285,293,-1,696,293,677,-1,677,293,835,-1,677,835,4,-1,4,835,20,-1,4,20,5,-1,5,20,690,-1,292,282,293,-1,293,282,14,-1,293,14,835,-1,835,14,111,-1,835,111,20,-1,20,111,31,-1,20,31,21,-1,21,31,33,-1,305,836,301,-1,301,836,837,-1,301,837,299,-1,299,837,838,-1,299,838,279,-1,279,838,839,-1,279,839,66,-1,66,839,840,-1,66,840,64,-1,64,840,841,-1,64,841,296,-1,296,841,842,-1,296,842,294,-1,433,843,844,-1,845,846,811,-1,811,846,847,-1,811,847,848,-1,849,442,850,-1,850,442,851,-1,849,852,442,-1,442,852,853,-1,442,853,433,-1,433,853,854,-1,433,854,843,-1,855,856,827,-1,844,857,433,-1,433,857,858,-1,433,858,811,-1,811,858,859,-1,811,859,845,-1,827,856,442,-1,442,856,860,-1,442,860,851,-1,848,861,811,-1,811,861,862,-1,811,862,827,-1,827,862,863,-1,827,863,864,-1,864,865,827,-1,827,865,866,-1,827,866,855,-1,
        ]
    }
}
Shape{
    appearance Appearance {
        material  Material {
            diffuseColor 1.0 1.0 1.0
            specularColor 0.5019607843137255 0.5019607843137255 0.5019607843137255
            ambientIntensity 1.0
            transparency 0.0
            shininess 0.5
        }
    }
    geometry IndexedFaceSet {
        ccw TRUE
        solid FALSE
        coord DEF co Coordinate {
            point [
                3.6303 -2.2192 3.5827, 3.6303 -2.2192 3.5433, 3.3099 -2.4978 3.5827, 3.1779 -2.6125 3.5433, 3.1779 -2.6125 3.5827, 3.0482 -2.5422 3.5433, 3.0482 -2.5422 3.5827, 3.0479 -2.5612 3.5433, 3.0479 -2.5612 3.5827, 3.0521 -2.5798 3.5433, 3.0521 -2.5798 3.5827, 3.0607 -2.5968 3.5433, 3.0607 -2.5968 3.5827, 3.0731 -2.6113 3.5433, 3.0731 -2.6113 3.5827, 3.0886 -2.6223 3.5433, 3.0886 -2.6223 3.5827, 3.1064 -2.6293 3.5433, 3.1064 -2.6293 3.5827, 3.1252 -2.6318 3.5433, 3.1252 -2.6318 3.5827, 3.1442 -2.6298 3.5433, 3.1442 -2.6298 3.5827, 3.1621 -2.6232 3.5433, 3.1621 -2.6232 3.5827, 3.2278 -1.2648 3.5827, 3.3857 -0.1408 3.5433, 3.3099 -0.6804 3.5827, 3.3857 -0.1408 3.5827, 3.5014 -0.0826 3.5433, 3.5014 -0.0826 3.5827, 3.4838 -0.0756 3.5433, 3.4838 -0.0756 3.5827, 3.465 -0.073 3.5433, 3.465 -0.073 3.5827, 3.4461 -0.075 3.5433, 3.4461 -0.075 3.5827, 3.4283 -0.0814 3.5433, 3.4283 -0.0814 3.5827, 3.4125 -0.0919 3.5433, 3.4125 -0.0919 3.5827, 3.3997 -0.1058 3.5433, 3.3997 -0.1058 3.5827, 3.3906 -0.1225 3.5433, 3.3906 -0.1225 3.5827, 3.8283 -0.2607 3.5433, 3.8283 -0.2607 3.5827, 3.8887 -0.3808 3.5433, 3.8887 -0.3808 3.5827, 3.8892 -0.3523 3.5433, 3.8892 -0.3523 3.5827, 3.8829 -0.3245 3.5433, 3.8829 -0.3245 3.5827, 3.8701 -0.2989 3.5433, 3.8701 -0.2989 3.5827, 3.8515 -0.2773 3.5433, 3.8515 -0.2773 3.5827, 3.7645 -1.2648 3.5827, 3.9063 2.6261 3.5433, 3.9063 2.6261 3.5827, 3.8914 2.6394 3.5433, 3.8914 2.6394 3.5827, 3.8736 2.6485 3.5433, 3.8736 2.6485 3.5827, 3.8542 2.6529 3.5433, 3.8542 2.6529 3.5827, 3.8342 2.6522 3.5433, 3.8342 2.6522 3.5827, 3.8151 2.6465 3.5433, 3.8151 2.6465 3.5827, 3.798 2.6362 3.5433, 3.798 2.6362 3.5827, 3.7841 2.622 3.5433, 3.7841 2.622 3.5827, 3.7741 2.6047 3.5433, 3.7741 2.6047 3.5827, 3.7689 2.5854 3.5433, 3.7689 2.5854 3.5827, 3.9107 2.621 3.5827, 4.2196 2.2657 3.5433, 4.2196 2.2657 3.5827, 4.2474 2.1717 3.5433, 4.2474 2.1717 3.5827, 4.2483 2.1969 3.5433, 4.2483 2.1969 3.5827, 4.2437 2.2217 3.5433, 4.2437 2.2217 3.5827, 4.234 2.245 3.5433, 4.234 2.245 3.5827, 3.9952 0.3766 3.5433, 3.9952 0.3766 3.5827, 3.9297 0.2867 3.5433, 3.9297 0.2867 3.5827, 3.9539 0.3024 3.5433, 3.9539 0.3024 3.5827, 3.9737 0.3235 3.5433, 3.9737 0.3235 3.5827, 3.9877 0.3487 3.5433, 3.9877 0.3487 3.5827, 3.9107 0.2775 3.5827, 3.5433 0.0996 3.5433, 3.5433 0.0996 3.5827, 3.431 0.1814 3.5433, 3.431 0.1814 3.5827, 3.4306 0.1625 3.5433, 3.4306 0.1625 3.5827, 3.4348 0.1441 3.5433, 3.4348 0.1441 3.5827, 3.4432 0.1272 3.5433, 3.4432 0.1272 3.5827, 3.4553 0.1128 3.5433, 3.4553 0.1128 3.5827, 3.4706 0.1017 3.5433, 3.4706 0.1017 3.5827, 3.488 0.0945 3.5433, 3.488 0.0945 3.5827, 3.5067 0.0917 3.5433, 3.5067 0.0917 3.5827, 3.5255 0.0934 3.5433, 3.5255 0.0934 3.5827, 6.7834 2.6571 3.5433, 6.7834 2.6571 3.5827, 6.7962 2.6713 3.5433, 6.7962 2.6713 3.5827, 6.8051 2.6881 3.5433, 6.8051 2.6881 3.5827, 6.8098 2.7065 3.5433, 6.8098 2.7065 3.5827, 6.8099 2.7256 3.5433, 6.8099 2.7256 3.5827, 6.8055 2.7441 3.5433, 6.8055 2.7441 3.5827, 6.7967 2.761 3.5433, 6.7967 2.761 3.5827, 6.7841 2.7753 3.5433, 6.7841 2.7753 3.5827, 6.7685 2.7862 3.5433, 6.7685 2.7862 3.5827, 6.7506 2.793 3.5433, 6.7506 2.793 3.5827, 6.7317 2.7953 3.5433, 6.7317 2.7953 3.5827, 6.3642 2.2928 3.5433, 6.3642 2.2928 3.5827, 6.2868 2.2638 3.5433, 6.2868 2.2638 3.5827, 6.3147 2.2671 3.5433, 6.3147 2.2671 3.5827, 6.341 2.277 3.5433, 6.341 2.277 3.5827, 6.0895 2.2638 3.5827, 4.9968 2.2638 3.5827, 4.3533 2.2638 3.5433, 4.3533 2.2638 3.5827, 4.2642 2.3044 3.5433, 4.2642 2.3044 3.5827, 4.2827 2.2873 3.5433, 4.2827 2.2873 3.5827, 4.3044 2.2744 3.5433, 4.3044 2.2744 3.5827, 4.3283 2.2665 3.5433, 4.3283 2.2665 3.5827, 3.9508 2.6649 3.5433, 3.9508 2.6649 3.5827, 4.0103 2.7953 3.5433, 4.0103 2.7953 3.5827, 3.9905 2.7927 3.5433, 3.9905 2.7927 3.5827, 3.972 2.7853 3.5433, 3.972 2.7853 3.5827, 3.9559 2.7735 3.5433, 3.9559 2.7735 3.5827, 3.9433 2.758 3.5433, 3.9433 2.758 3.5827, 3.9351 2.7398 3.5433, 3.9351 2.7398 3.5827, 3.9316 2.7202 3.5433, 3.9316 2.7202 3.5827, 3.9332 2.7003 3.5433, 3.9332 2.7003 3.5827, 3.9398 2.6815 3.5433, 3.9398 2.6815 3.5827, 6.0895 2.7953 3.5827, 4.9968 2.7953 3.5827, 3.611 0.0668 3.5433, 3.611 0.0668 3.5827, 3.595 0.0564 3.5433, 3.595 0.0564 3.5827, 3.5819 0.0424 3.5433, 3.5819 0.0424 3.5827, 3.5725 0.0258 3.5433, 3.5725 0.0258 3.5827, 3.5675 0.0073 3.5433, 3.5675 0.0073 3.5827, 3.5673 0.0015 3.5827, 3.567 -0.0118 3.5433, 3.567 -0.0118 3.5827, 3.5712 -0.0305 3.5433, 3.5712 -0.0305 3.5827, 3.5797 -0.0476 3.5433, 3.5797 -0.0476 3.5827, 3.5921 -0.0621 3.5433, 3.5921 -0.0621 3.5827, 3.6077 -0.0733 3.5433, 3.6077 -0.0733 3.5827, 3.9974 0.2539 3.5433, 3.9974 0.2539 3.5827, 3.9107 0.2119 3.5827, 3.6463 0.0839 3.5827, 4.0489 0.2657 3.5433, 4.0489 0.2657 3.5827, 4.0225 0.2628 3.5433, 4.0225 0.2628 3.5827, 4.9968 0.2657 3.5827, 6.0149 0.2657 3.5433, 6.0149 0.2657 3.5827, 6.0714 0.2514 3.5433, 6.0714 0.2514 3.5827, 6.0441 0.2621 3.5433, 6.0441 0.2621 3.5827, 6.0895 0.2415 3.5827, 6.3983 0.0733 3.5433, 6.3789 0.0839 3.5827, 6.3983 0.0733 3.5827, 6.395 -0.0668 3.5433, 6.395 -0.0668 3.5827, 6.4111 -0.0564 3.5433, 6.4111 -0.0564 3.5827, 6.4242 -0.0424 3.5433, 6.4242 -0.0424 3.5827, 6.4335 -0.0258 3.5433, 6.4335 -0.0258 3.5827, 6.4386 -0.0073 3.5433, 6.4386 -0.0073 3.5827, 6.4388 0.0015 3.5827, 6.439 0.0118 3.5433, 6.439 0.0118 3.5827, 6.4348 0.0305 3.5433, 6.4348 0.0305 3.5827, 6.4263 0.0476 3.5433, 6.4263 0.0476 3.5827, 6.4139 0.0621 3.5433, 6.4139 0.0621 3.5827, 6.0895 -0.2147 3.5827, 6.0086 -0.2539 3.5433, 6.0086 -0.2539 3.5827, 5.9571 -0.2657 3.5433, 5.9571 -0.2657 3.5827, 5.9835 -0.2628 3.5433, 5.9835 -0.2628 3.5827, 4.9968 -0.2657 3.5827, 3.9911 -0.2657 3.5433, 3.9911 -0.2657 3.5827, 3.9346 -0.2514 3.5433, 3.9346 -0.2514 3.5827, 3.9619 -0.2621 3.5433, 3.9619 -0.2621 3.5827, 3.9107 -0.2383 3.5827, 5.7451 -2.225 3.5827, 5.7451 -2.225 3.5433, 5.88 -1.2648 3.5827, 6.0044 -0.3797 3.5433, 6.0044 -0.3797 3.5827, 6.0699 -0.2899 3.5433, 6.0699 -0.2899 3.5827, 6.0456 -0.3055 3.5433, 6.0456 -0.3055 3.5827, 6.0259 -0.3266 3.5433, 6.0259 -0.3266 3.5827, 6.0119 -0.3518 3.5433, 6.0119 -0.3518 3.5827, 6.0895 -0.2803 3.5827, 6.4563 -0.1027 3.5433, 6.4563 -0.1027 3.5827, 6.5686 -0.1845 3.5433, 6.5686 -0.1845 3.5827, 6.5689 -0.1656 3.5433, 6.5689 -0.1656 3.5827, 6.5648 -0.1472 3.5433, 6.5648 -0.1472 3.5827, 6.5564 -0.1303 3.5433, 6.5564 -0.1303 3.5827, 6.5442 -0.1159 3.5433, 6.5442 -0.1159 3.5827, 6.529 -0.1048 3.5433, 6.529 -0.1048 3.5827, 6.5115 -0.0977 3.5433, 6.5115 -0.0977 3.5827, 6.4929 -0.0948 3.5433, 6.4929 -0.0948 3.5827, 6.4741 -0.0966 3.5433, 6.4741 -0.0966 3.5827, 6.4167 -1.2648 3.5827, 6.2311 -2.5854 3.5433, 6.2311 -2.5854 3.5827, 6.0937 -2.6261 3.5433, 6.0937 -2.6261 3.5827, 6.1086 -2.6394 3.5433, 6.1086 -2.6394 3.5827, 6.1264 -2.6485 3.5433, 6.1264 -2.6485 3.5827, 6.1458 -2.6529 3.5433, 6.1458 -2.6529 3.5827, 6.1658 -2.6522 3.5433, 6.1658 -2.6522 3.5827, 6.1849 -2.6465 3.5433, 6.1849 -2.6465 3.5827, 6.202 -2.6362 3.5433, 6.202 -2.6362 3.5827, 6.2159 -2.622 3.5433, 6.2159 -2.622 3.5827, 6.2259 -2.6047 3.5433, 6.2259 -2.6047 3.5827, 6.0895 -2.6213 3.5827, 3.9107 -2.2638 3.5827, 3.6691 -2.2638 3.5827, 3.6691 -2.2638 3.5433, 4.9968 -2.2638 3.5827, 5.7005 -2.2638 3.5433, 5.7005 -2.2638 3.5827, 6.0492 -2.6649 3.5433, 6.0492 -2.6649 3.5827, 5.9897 -2.7953 3.5433, 5.9897 -2.7953 3.5827, 6.0095 -2.7927 3.5433, 6.0095 -2.7927 3.5827, 6.028 -2.7853 3.5433, 6.028 -2.7853 3.5827, 6.0441 -2.7735 3.5433, 6.0441 -2.7735 3.5827, 6.0567 -2.758 3.5433, 6.0567 -2.758 3.5827, 6.0649 -2.7398 3.5433, 6.0649 -2.7398 3.5827, 6.0684 -2.7202 3.5433, 6.0684 -2.7202 3.5827, 6.0668 -2.7003 3.5433, 6.0668 -2.7003 3.5827, 6.0602 -2.6815 3.5433, 6.0602 -2.6815 3.5827, 3.2683 -2.7953 3.5433, 3.2683 -2.7953 3.5827, 3.3099 -2.7953 3.5827, 3.9107 -2.7953 3.5827, 4.9968 -2.7953 3.5827, 3.2166 -2.6571 3.5433, 3.2166 -2.6571 3.5827, 3.2038 -2.6713 3.5433, 3.2038 -2.6713 3.5827, 3.1949 -2.6881 3.5433, 3.1949 -2.6881 3.5827, 3.1902 -2.7065 3.5433, 3.1902 -2.7065 3.5827, 3.1901 -2.7256 3.5433, 3.1901 -2.7256 3.5827, 3.1945 -2.7441 3.5433, 3.1945 -2.7441 3.5827, 3.2033 -2.761 3.5433, 3.2033 -2.761 3.5827, 3.2159 -2.7753 3.5433, 3.2159 -2.7753 3.5827, 3.2315 -2.7862 3.5433, 3.2315 -2.7862 3.5827, 3.2494 -2.793 3.5433, 3.2494 -2.793 3.5827, 3.3099 -2.576 3.5827, 6.9989 -2.5295 3.5433, 6.9989 -2.5295 3.5827, 6.9898 -2.4607 3.5433, 6.9898 -2.4607 3.5827, 6.9633 -2.3967 3.5433, 6.9633 -2.3967 3.5827, 6.921 -2.3416 3.5433, 6.921 -2.3416 3.5827, 6.866 -2.2994 3.5433, 6.866 -2.2994 3.5827, 6.8019 -2.2728 3.5433, 6.8019 -2.2728 3.5827, 6.7331 -2.2638 3.5433, 6.7331 -2.2638 3.5827, 6.6644 -2.2728 3.5433, 6.6644 -2.2728 3.5827, 6.6003 -2.2994 3.5433, 6.6003 -2.2994 3.5827, 6.5452 -2.3416 3.5433, 6.5452 -2.3416 3.5827, 6.503 -2.3967 3.5433, 6.503 -2.3967 3.5827, 6.4764 -2.4607 3.5433, 6.4764 -2.4607 3.5827, 6.4674 -2.5295 3.5433, 6.4674 -2.5295 3.5827, 6.4764 -2.5983 3.5433, 6.4764 -2.5983 3.5827, 6.503 -2.6624 3.5433, 6.503 -2.6624 3.5827, 6.5452 -2.7174 3.5433, 6.5452 -2.7174 3.5827, 6.6003 -2.7597 3.5433, 6.6003 -2.7597 3.5827, 6.6644 -2.7862 3.5433, 6.6644 -2.7862 3.5827, 6.7331 -2.7953 3.5433, 6.7331 -2.7953 3.5827, 6.8019 -2.7862 3.5433, 6.8019 -2.7862 3.5827, 6.866 -2.7597 3.5433, 6.866 -2.7597 3.5827, 6.921 -2.7174 3.5433, 6.921 -2.7174 3.5827, 6.9633 -2.6624 3.5433, 6.9633 -2.6624 3.5827, 6.9898 -2.5983 3.5433, 6.9898 -2.5983 3.5827, 6.7331 -2.5295 3.5433, 6.9518 2.5422 3.5433, 6.9518 2.5422 3.5827, 6.9521 2.5612 3.5433, 6.9521 2.5612 3.5827, 6.9479 2.5798 3.5433, 6.9479 2.5798 3.5827, 6.9393 2.5968 3.5433, 6.9393 2.5968 3.5827, 6.9269 2.6113 3.5433, 6.9269 2.6113 3.5827, 6.9114 2.6223 3.5433, 6.9114 2.6223 3.5827, 6.8936 2.6293 3.5433, 6.8936 2.6293 3.5827, 6.8748 2.6318 3.5433, 6.8748 2.6318 3.5827, 6.8558 2.6298 3.5433, 6.8558 2.6298 3.5827, 6.8379 2.6232 3.5433, 6.8379 2.6232 3.5827, 6.8221 2.6125 3.5433, 6.8221 2.6125 3.5827, 6.6147 0.1438 3.5433, 6.6147 0.1438 3.5827, 6.4991 0.0856 3.5433, 6.4991 0.0856 3.5827, 6.5035 0.0839 3.5827, 6.5167 0.0786 3.5433, 6.5167 0.0786 3.5827, 6.5354 0.076 3.5433, 6.5354 0.076 3.5827, 6.5543 0.078 3.5433, 6.5543 0.078 3.5827, 6.5705 0.0839 3.5827, 6.5721 0.0844 3.5433, 6.5721 0.0844 3.5827, 6.5879 0.0949 3.5433, 6.5879 0.0949 3.5827, 6.6007 0.1089 3.5433, 6.6007 0.1089 3.5827, 6.6098 0.1255 3.5433, 6.6098 0.1255 3.5827, 6.1722 0.2637 3.5433, 6.1722 0.2637 3.5827, 6.1117 0.3839 3.5433, 6.1117 0.3839 3.5827, 6.1112 0.3553 3.5433, 6.1112 0.3553 3.5827, 6.1175 0.3275 3.5433, 6.1175 0.3275 3.5827, 6.1304 0.302 3.5433, 6.1304 0.302 3.5827, 6.1489 0.2803 3.5433, 6.1489 0.2803 3.5827, 6.3635 2.1755 3.5433, 6.3635 2.1755 3.5827, 6.403 2.2482 3.5433, 6.403 2.2482 3.5827, 6.3841 2.2273 3.5433, 6.3841 2.2273 3.5827, 6.3707 2.2026 3.5433, 6.3707 2.2026 3.5827, 1.9518 2.5422 3.5433, 1.9518 2.5422 3.5827, 1.9521 2.5612 3.5433, 1.9521 2.5612 3.5827, 1.9479 2.5798 3.5433, 1.9479 2.5798 3.5827, 1.9393 2.5968 3.5433, 1.9393 2.5968 3.5827, 1.9269 2.6113 3.5433, 1.9269 2.6113 3.5827, 1.9114 2.6223 3.5433, 1.9114 2.6223 3.5827, 1.8936 2.6293 3.5433, 1.8936 2.6293 3.5827, 1.8748 2.6318 3.5433, 1.8748 2.6318 3.5827, 1.8558 2.6298 3.5433, 1.8558 2.6298 3.5827, 1.8379 2.6232 3.5433, 1.8379 2.6232 3.5827, 1.8221 2.6125 3.5433, 1.8221 2.6125 3.5827, 1.6147 0.1438 3.5433, 1.6147 0.1438 3.5827, 1.4991 0.0856 3.5433, 1.4991 0.0856 3.5827, 1.5035 0.0839 3.5827, 1.5167 0.0786 3.5433, 1.5167 0.0786 3.5827, 1.5354 0.076 3.5433, 1.5354 0.076 3.5827, 1.5543 0.078 3.5433, 1.5543 0.078 3.5827, 1.5705 0.0839 3.5827, 1.5721 0.0844 3.5433, 1.5721 0.0844 3.5827, 1.5879 0.0949 3.5433, 1.5879 0.0949 3.5827, 1.6007 0.1089 3.5433, 1.6007 0.1089 3.5827, 1.6098 0.1255 3.5433, 1.6098 0.1255 3.5827, 1.1722 0.2637 3.5433, 1.1722 0.2637 3.5827, 1.4534 0.1105 3.5827, 1.1117 0.3839 3.5433, 1.1117 0.3839 3.5827, 1.1112 0.3553 3.5433, 1.1112 0.3553 3.5827, 1.1175 0.3275 3.5433, 1.1175 0.3275 3.5827, 1.1304 0.302 3.5433, 1.1304 0.302 3.5827, 1.1489 0.2803 3.5433, 1.1489 0.2803 3.5827, 1.3635 2.1755 3.5433, 1.3635 2.1755 3.5827, 1.403 2.2482 3.5433, 1.403 2.2482 3.5827, 1.3841 2.2273 3.5433, 1.3841 2.2273 3.5827, 1.3707 2.2026 3.5433, 1.3707 2.2026 3.5827, 1.4534 2.292 3.5827, -1.3697 -2.2192 3.5433, -1.8221 -2.6125 3.5433, -1.3697 -2.2192 3.5827, -1.8221 -2.6125 3.5827, -1.9518 -2.5422 3.5433, -1.9518 -2.5422 3.5827, -1.9521 -2.5612 3.5433, -1.9521 -2.5612 3.5827, -1.9479 -2.5798 3.5433, -1.9479 -2.5798 3.5827, -1.9393 -2.5968 3.5433, -1.9393 -2.5968 3.5827, -1.9269 -2.6113 3.5433, -1.9269 -2.6113 3.5827, -1.9114 -2.6223 3.5433, -1.9114 -2.6223 3.5827, -1.8936 -2.6293 3.5433, -1.8936 -2.6293 3.5827, -1.8815 -2.6309 3.5827, -1.8748 -2.6318 3.5433, -1.8748 -2.6318 3.5827, -1.8558 -2.6298 3.5433, -1.8558 -2.6298 3.5827, -1.8379 -2.6232 3.5433, -1.8379 -2.6232 3.5827, -1.8815 -2.0422 3.5827, -1.7722 -1.2648 3.5827, -1.6143 -0.1408 3.5433, -1.6143 -0.1408 3.5827, -1.4986 -0.0826 3.5433, -1.4986 -0.0826 3.5827, -1.5162 -0.0756 3.5433, -1.5162 -0.0756 3.5827, -1.535 -0.073 3.5433, -1.535 -0.073 3.5827, -1.5539 -0.075 3.5433, -1.5539 -0.075 3.5827, -1.5717 -0.0814 3.5433, -1.5717 -0.0814 3.5827, -1.5875 -0.0919 3.5433, -1.5875 -0.0919 3.5827, -1.6003 -0.1058 3.5433, -1.6003 -0.1058 3.5827, -1.6094 -0.1225 3.5433, -1.6094 -0.1225 3.5827, -1.1717 -0.2607 3.5433, -1.1717 -0.2607 3.5827, -1.1113 -0.3808 3.5433, -1.1113 -0.3808 3.5827, -1.1108 -0.3523 3.5433, -1.1108 -0.3523 3.5827, -1.1171 -0.3245 3.5433, -1.1171 -0.3245 3.5827, -1.1299 -0.2989 3.5433, -1.1299 -0.2989 3.5827, -1.1485 -0.2773 3.5433, -1.1485 -0.2773 3.5827, -1.2355 -1.2648 3.5827, -1.0937 2.6261 3.5433, -1.0937 2.6261 3.5827, -1.1086 2.6394 3.5433, -1.1086 2.6394 3.5827, -1.1264 2.6485 3.5433, -1.1264 2.6485 3.5827, -1.1458 2.6529 3.5433, -1.1458 2.6529 3.5827, -1.1658 2.6522 3.5433, -1.1658 2.6522 3.5827, -1.1849 2.6465 3.5433, -1.1849 2.6465 3.5827, -1.202 2.6362 3.5433, -1.202 2.6362 3.5827, -1.2159 2.622 3.5433, -1.2159 2.622 3.5827, -1.2259 2.6047 3.5433, -1.2259 2.6047 3.5827, -1.2311 2.5854 3.5433, -1.2311 2.5854 3.5827, -1.0893 2.621 3.5827, -0.7804 2.2657 3.5433, -0.7804 2.2657 3.5827, -0.7526 2.1717 3.5433, -0.7526 2.1717 3.5827, -0.7517 2.1969 3.5433, -0.7517 2.1969 3.5827, -0.7563 2.2217 3.5433, -0.7563 2.2217 3.5827, -0.766 2.245 3.5433, -0.766 2.245 3.5827, -1.0048 0.3766 3.5433, -1.0048 0.3766 3.5827, -1.0703 0.2867 3.5433, -1.0703 0.2867 3.5827, -1.0461 0.3024 3.5433, -1.0461 0.3024 3.5827, -1.0263 0.3235 3.5433, -1.0263 0.3235 3.5827, -1.0123 0.3487 3.5433, -1.0123 0.3487 3.5827, -1.0893 0.2775 3.5827, -1.4567 0.0996 3.5433, -1.4567 0.0996 3.5827, -1.569 0.1814 3.5433, -1.569 0.1814 3.5827, -1.5694 0.1625 3.5433, -1.5694 0.1625 3.5827, -1.5652 0.1441 3.5433, -1.5652 0.1441 3.5827, -1.5568 0.1272 3.5433, -1.5568 0.1272 3.5827, -1.5447 0.1128 3.5433, -1.5447 0.1128 3.5827, -1.5294 0.1017 3.5433, -1.5294 0.1017 3.5827, -1.512 0.0945 3.5433, -1.512 0.0945 3.5827, -1.4933 0.0917 3.5433, -1.4933 0.0917 3.5827, -1.4745 0.0934 3.5433, -1.4745 0.0934 3.5827, 1.7834 2.6571 3.5433, 1.7834 2.6571 3.5827, 1.7962 2.6713 3.5433, 1.7962 2.6713 3.5827, 1.8051 2.6881 3.5433, 1.8051 2.6881 3.5827, 1.8098 2.7065 3.5433, 1.8098 2.7065 3.5827, 1.8099 2.7256 3.5433, 1.8099 2.7256 3.5827, 1.8055 2.7441 3.5433, 1.8055 2.7441 3.5827, 1.7967 2.761 3.5433, 1.7967 2.761 3.5827, 1.7841 2.7753 3.5433, 1.7841 2.7753 3.5827, 1.7685 2.7862 3.5433, 1.7685 2.7862 3.5827, 1.7506 2.793 3.5433, 1.7506 2.793 3.5827, 1.7317 2.7953 3.5433, 1.7317 2.7953 3.5827, 1.4534 2.3702 3.5827, 1.3642 2.2928 3.5433, 1.3642 2.2928 3.5827, 1.2868 2.2638 3.5433, 1.2868 2.2638 3.5827, 1.3147 2.2671 3.5433, 1.3147 2.2671 3.5827, 1.341 2.277 3.5433, 1.341 2.277 3.5827, 1.0895 2.2638 3.5827, -0.0032 2.2638 3.5827, -0.6467 2.2638 3.5433, -0.6467 2.2638 3.5827, -0.7358 2.3044 3.5433, -0.7358 2.3044 3.5827, -0.7173 2.2873 3.5433, -0.7173 2.2873 3.5827, -0.6956 2.2744 3.5433, -0.6956 2.2744 3.5827, -0.6717 2.2665 3.5433, -0.6717 2.2665 3.5827, -1.0492 2.6649 3.5433, -1.0492 2.6649 3.5827, -0.9897 2.7953 3.5433, -0.9897 2.7953 3.5827, -1.0095 2.7927 3.5433, -1.0095 2.7927 3.5827, -1.028 2.7853 3.5433, -1.028 2.7853 3.5827, -1.0441 2.7735 3.5433, -1.0441 2.7735 3.5827, -1.0567 2.758 3.5433, -1.0567 2.758 3.5827, -1.0649 2.7398 3.5433, -1.0649 2.7398 3.5827, -1.0684 2.7202 3.5433, -1.0684 2.7202 3.5827, -1.0668 2.7003 3.5433, -1.0668 2.7003 3.5827, -1.0602 2.6815 3.5433, -1.0602 2.6815 3.5827, 1.4534 2.7953 3.5827, 1.0895 2.7953 3.5827, -0.0032 2.7953 3.5827, -1.389 0.0668 3.5433, -1.389 0.0668 3.5827, -1.405 0.0564 3.5433, -1.405 0.0564 3.5827, -1.4181 0.0424 3.5433, -1.4181 0.0424 3.5827, -1.4275 0.0258 3.5433, -1.4275 0.0258 3.5827, -1.4325 0.0073 3.5433, -1.4325 0.0073 3.5827, -1.4327 0.0015 3.5827, -1.433 -0.0118 3.5433, -1.433 -0.0118 3.5827, -1.4288 -0.0305 3.5433, -1.4288 -0.0305 3.5827, -1.4203 -0.0476 3.5433, -1.4203 -0.0476 3.5827, -1.4079 -0.0621 3.5433, -1.4079 -0.0621 3.5827, -1.3923 -0.0733 3.5433, -1.3923 -0.0733 3.5827, -1.0026 0.2539 3.5433, -1.0026 0.2539 3.5827, -1.0893 0.2119 3.5827, -1.3537 0.0839 3.5827, -0.9511 0.2657 3.5433, -0.9511 0.2657 3.5827, -0.9775 0.2628 3.5433, -0.9775 0.2628 3.5827, -0.0032 0.2657 3.5827, 1.0149 0.2657 3.5433, 1.0149 0.2657 3.5827, 1.0714 0.2514 3.5433, 1.0714 0.2514 3.5827, 1.0441 0.2621 3.5433, 1.0441 0.2621 3.5827, 1.0895 0.2415 3.5827, 1.3983 0.0733 3.5433, 1.3789 0.0839 3.5827, 1.3983 0.0733 3.5827, 1.395 -0.0668 3.5433, 1.395 -0.0668 3.5827, 1.4111 -0.0564 3.5433, 1.4111 -0.0564 3.5827, 1.4242 -0.0424 3.5433, 1.4242 -0.0424 3.5827, 1.4335 -0.0258 3.5433, 1.4335 -0.0258 3.5827, 1.4386 -0.0073 3.5433, 1.4386 -0.0073 3.5827, 1.4388 0.0015 3.5827, 1.439 0.0118 3.5433, 1.439 0.0118 3.5827, 1.4348 0.0305 3.5433, 1.4348 0.0305 3.5827, 1.4263 0.0476 3.5433, 1.4263 0.0476 3.5827, 1.4139 0.0621 3.5433, 1.4139 0.0621 3.5827, 1.0895 -0.2147 3.5827, 1.0086 -0.2539 3.5433, 1.0086 -0.2539 3.5827, 0.9571 -0.2657 3.5433, 0.9571 -0.2657 3.5827, 0.9835 -0.2628 3.5433, 0.9835 -0.2628 3.5827, -0.0032 -0.2657 3.5827, -1.0089 -0.2657 3.5433, -1.0089 -0.2657 3.5827, -1.0654 -0.2514 3.5433, -1.0654 -0.2514 3.5827, -1.0381 -0.2621 3.5433, -1.0381 -0.2621 3.5827, -1.0893 -0.2383 3.5827, 0.7451 -2.225 3.5827, 0.7451 -2.225 3.5433, 0.88 -1.2648 3.5827, 1.0044 -0.3797 3.5433, 1.0044 -0.3797 3.5827, 1.0699 -0.2899 3.5433, 1.0699 -0.2899 3.5827, 1.0456 -0.3055 3.5433, 1.0456 -0.3055 3.5827, 1.0259 -0.3266 3.5433, 1.0259 -0.3266 3.5827, 1.0119 -0.3518 3.5433, 1.0119 -0.3518 3.5827, 1.0895 -0.2803 3.5827, 1.4563 -0.1027 3.5433, 1.4534 -0.1041 3.5827, 1.4563 -0.1027 3.5827, 1.5686 -0.1845 3.5433, 1.5686 -0.1845 3.5827, 1.5689 -0.1656 3.5433, 1.5689 -0.1656 3.5827, 1.5648 -0.1472 3.5433, 1.5648 -0.1472 3.5827, 1.5564 -0.1303 3.5433, 1.5564 -0.1303 3.5827, 1.5442 -0.1159 3.5433, 1.5442 -0.1159 3.5827, 1.529 -0.1048 3.5433, 1.529 -0.1048 3.5827, 1.5115 -0.0977 3.5433, 1.5115 -0.0977 3.5827, 1.4929 -0.0948 3.5433, 1.4929 -0.0948 3.5827, 1.4741 -0.0966 3.5433, 1.4741 -0.0966 3.5827
            ]
        }
        coordIndex [
            0,1,2,-1,2,1,3,-1,2,3,4,-1,5,6,7,-1,7,6,8,-1,7,8,9,-1,9,8,10,-1,9,10,11,-1,11,10,12,-1,11,12,13,-1,13,12,14,-1,13,14,15,-1,15,14,16,-1,15,16,17,-1,17,16,18,-1,17,18,19,-1,19,18,20,-1,19,20,21,-1,21,20,22,-1,21,22,23,-1,23,22,24,-1,23,24,3,-1,3,24,4,-1,6,5,25,-1,25,5,26,-1,25,26,27,-1,27,26,28,-1,29,30,31,-1,31,30,32,-1,31,32,33,-1,33,32,34,-1,33,34,35,-1,35,34,36,-1,35,36,37,-1,37,36,38,-1,37,38,39,-1,39,38,40,-1,39,40,41,-1,41,40,42,-1,41,42,43,-1,43,42,44,-1,43,44,26,-1,26,44,28,-1,29,45,30,-1,30,45,46,-1,47,48,49,-1,49,48,50,-1,49,50,51,-1,51,50,52,-1,51,52,53,-1,53,52,54,-1,53,54,55,-1,55,54,56,-1,55,56,45,-1,45,56,46,-1,48,47,57,-1,57,47,1,-1,57,1,0,-1,45,29,5,-1,53,55,45,-1,33,35,26,-1,53,45,51,-1,5,29,26,-1,26,29,31,-1,26,31,33,-1,35,37,26,-1,26,37,39,-1,26,39,43,-1,43,39,41,-1,3,1,5,-1,5,1,47,-1,5,47,45,-1,45,47,49,-1,45,49,51,-1,5,7,3,-1,3,7,9,-1,3,9,11,-1,21,15,19,-1,19,15,17,-1,11,13,3,-1,3,13,15,-1,3,15,23,-1,23,15,21,-1,58,59,60,-1,60,59,61,-1,60,61,62,-1,62,61,63,-1,62,63,64,-1,64,63,65,-1,64,65,66,-1,66,65,67,-1,66,67,68,-1,68,67,69,-1,68,69,70,-1,70,69,71,-1,70,71,72,-1,72,71,73,-1,72,73,74,-1,74,73,75,-1,74,75,76,-1,76,75,77,-1,59,58,78,-1,78,58,79,-1,78,79,80,-1,81,82,83,-1,83,82,84,-1,83,84,85,-1,85,84,86,-1,85,86,87,-1,87,86,88,-1,87,88,79,-1,79,88,80,-1,81,89,82,-1,82,89,90,-1,91,92,93,-1,93,92,94,-1,93,94,95,-1,95,94,96,-1,95,96,97,-1,97,96,98,-1,97,98,89,-1,89,98,90,-1,92,91,99,-1,99,91,100,-1,99,100,101,-1,102,103,104,-1,104,103,105,-1,104,105,106,-1,106,105,107,-1,106,107,108,-1,108,107,109,-1,108,109,110,-1,110,109,111,-1,110,111,112,-1,112,111,113,-1,112,113,114,-1,114,113,115,-1,114,115,116,-1,116,115,117,-1,116,117,118,-1,118,117,119,-1,118,119,100,-1,100,119,101,-1,102,76,103,-1,103,76,77,-1,81,83,79,-1,79,83,85,-1,79,85,87,-1,102,79,76,-1,76,79,58,-1,76,58,74,-1,74,58,72,-1,91,79,100,-1,100,79,102,-1,100,102,118,-1,118,102,104,-1,112,114,110,-1,110,114,108,-1,104,106,118,-1,118,106,108,-1,118,108,116,-1,116,108,114,-1,81,79,89,-1,89,79,91,-1,89,91,97,-1,97,91,93,-1,97,93,95,-1,60,68,58,-1,58,68,70,-1,58,70,72,-1,60,62,68,-1,68,62,64,-1,68,64,66,-1,120,121,122,-1,122,121,123,-1,122,123,124,-1,124,123,125,-1,124,125,126,-1,126,125,127,-1,126,127,128,-1,128,127,129,-1,128,129,130,-1,130,129,131,-1,130,131,132,-1,132,131,133,-1,132,133,134,-1,134,133,135,-1,134,135,136,-1,136,135,137,-1,136,137,138,-1,138,137,139,-1,138,139,140,-1,140,139,141,-1,120,142,121,-1,121,142,143,-1,144,145,146,-1,146,145,147,-1,146,147,148,-1,148,147,149,-1,148,149,142,-1,142,149,143,-1,150,145,144,-1,150,144,151,-1,151,144,152,-1,151,152,153,-1,154,155,156,-1,156,155,157,-1,156,157,158,-1,158,157,159,-1,158,159,160,-1,160,159,161,-1,160,161,152,-1,152,161,153,-1,154,162,155,-1,155,162,163,-1,164,165,166,-1,166,165,167,-1,166,167,168,-1,168,167,169,-1,168,169,170,-1,170,169,171,-1,170,171,172,-1,172,171,173,-1,172,173,174,-1,174,173,175,-1,174,175,176,-1,176,175,177,-1,176,177,178,-1,178,177,179,-1,178,179,180,-1,180,179,181,-1,180,181,162,-1,162,181,163,-1,141,182,140,-1,140,182,183,-1,140,183,164,-1,164,183,165,-1,154,140,164,-1,160,152,158,-1,158,152,156,-1,144,140,152,-1,152,140,154,-1,152,154,156,-1,166,168,170,-1,178,180,164,-1,164,180,162,-1,164,162,154,-1,170,172,166,-1,166,172,174,-1,166,174,164,-1,164,174,176,-1,164,176,178,-1,146,148,144,-1,144,148,142,-1,144,142,140,-1,140,142,120,-1,140,120,122,-1,122,124,140,-1,140,124,126,-1,140,126,128,-1,128,130,140,-1,140,130,132,-1,140,132,138,-1,138,132,134,-1,138,134,136,-1,184,185,186,-1,186,185,187,-1,186,187,188,-1,188,187,189,-1,188,189,190,-1,190,189,191,-1,190,191,192,-1,191,193,192,-1,192,193,194,-1,192,194,195,-1,195,194,196,-1,195,196,197,-1,197,196,198,-1,197,198,199,-1,199,198,200,-1,199,200,201,-1,201,200,202,-1,201,202,203,-1,203,202,204,-1,205,206,207,-1,205,207,184,-1,184,207,208,-1,184,208,185,-1,209,210,211,-1,211,210,212,-1,211,212,205,-1,205,212,206,-1,210,209,213,-1,213,209,214,-1,213,214,215,-1,216,217,218,-1,218,217,219,-1,218,219,214,-1,214,219,215,-1,217,216,220,-1,220,216,221,-1,220,221,222,-1,222,221,223,-1,224,225,226,-1,226,225,227,-1,226,227,228,-1,228,227,229,-1,228,229,230,-1,230,229,231,-1,230,231,232,-1,231,233,232,-1,232,233,234,-1,232,234,235,-1,235,234,236,-1,235,236,237,-1,237,236,238,-1,237,238,239,-1,239,238,240,-1,239,240,241,-1,241,240,242,-1,241,242,221,-1,221,242,223,-1,225,224,243,-1,243,224,244,-1,243,244,245,-1,246,247,248,-1,248,247,249,-1,248,249,244,-1,244,249,245,-1,247,246,250,-1,250,246,251,-1,250,251,252,-1,253,254,255,-1,255,254,256,-1,255,256,251,-1,251,256,252,-1,203,204,253,-1,253,204,257,-1,253,257,254,-1,209,251,214,-1,214,251,246,-1,209,211,251,-1,251,211,205,-1,251,205,255,-1,244,224,216,-1,188,190,203,-1,246,248,214,-1,214,248,244,-1,214,244,218,-1,218,244,216,-1,255,205,253,-1,253,205,184,-1,253,184,203,-1,203,184,186,-1,203,186,188,-1,226,228,230,-1,239,241,224,-1,224,241,221,-1,224,221,216,-1,190,192,203,-1,203,192,195,-1,203,195,201,-1,201,195,197,-1,201,197,199,-1,230,232,226,-1,226,232,235,-1,226,235,224,-1,224,235,237,-1,224,237,239,-1,258,259,260,-1,260,259,261,-1,260,261,262,-1,263,264,265,-1,265,264,266,-1,265,266,267,-1,267,266,268,-1,267,268,269,-1,269,268,270,-1,269,270,261,-1,261,270,262,-1,264,263,271,-1,271,263,272,-1,271,272,273,-1,274,275,276,-1,276,275,277,-1,276,277,278,-1,278,277,279,-1,278,279,280,-1,280,279,281,-1,280,281,282,-1,282,281,283,-1,282,283,284,-1,284,283,285,-1,284,285,286,-1,286,285,287,-1,286,287,288,-1,288,287,289,-1,288,289,290,-1,290,289,291,-1,290,291,272,-1,272,291,273,-1,275,274,292,-1,292,274,293,-1,292,293,294,-1,295,296,297,-1,297,296,298,-1,297,298,299,-1,299,298,300,-1,299,300,301,-1,301,300,302,-1,301,302,303,-1,303,302,304,-1,303,304,305,-1,305,304,306,-1,305,306,307,-1,307,306,308,-1,307,308,309,-1,309,308,310,-1,309,310,311,-1,311,310,312,-1,311,312,293,-1,293,312,294,-1,296,295,313,-1,313,295,259,-1,313,259,258,-1,276,278,272,-1,278,280,272,-1,272,280,282,-1,272,282,290,-1,267,269,265,-1,265,269,263,-1,269,261,263,-1,263,261,293,-1,263,293,272,-1,272,293,274,-1,272,274,276,-1,307,309,297,-1,284,286,282,-1,282,286,288,-1,282,288,290,-1,309,311,297,-1,297,311,293,-1,297,293,295,-1,295,293,261,-1,295,261,259,-1,297,299,301,-1,301,303,297,-1,297,303,305,-1,297,305,307,-1,314,315,316,-1,314,316,317,-1,317,316,318,-1,317,318,319,-1,318,320,319,-1,319,320,321,-1,322,323,324,-1,324,323,325,-1,324,325,326,-1,326,325,327,-1,326,327,328,-1,328,327,329,-1,328,329,330,-1,330,329,331,-1,330,331,332,-1,332,331,333,-1,332,333,334,-1,334,333,335,-1,334,335,336,-1,336,335,337,-1,336,337,338,-1,338,337,339,-1,338,339,320,-1,320,339,321,-1,340,341,342,-1,342,343,340,-1,340,343,344,-1,340,344,322,-1,322,344,323,-1,345,346,347,-1,347,346,348,-1,347,348,349,-1,349,348,350,-1,349,350,351,-1,351,350,352,-1,351,352,353,-1,353,352,354,-1,353,354,355,-1,355,354,356,-1,355,356,357,-1,357,356,358,-1,357,358,359,-1,359,358,360,-1,359,360,361,-1,361,360,362,-1,361,362,363,-1,363,362,364,-1,363,364,340,-1,340,364,341,-1,346,345,365,-1,365,345,316,-1,365,316,315,-1,345,340,316,-1,316,340,322,-1,316,322,318,-1,318,322,320,-1,345,347,340,-1,340,347,349,-1,340,349,351,-1,351,353,340,-1,340,353,355,-1,340,355,357,-1,328,330,332,-1,357,359,340,-1,340,359,361,-1,340,361,363,-1,328,332,326,-1,334,336,322,-1,322,336,338,-1,322,338,320,-1,334,322,332,-1,332,322,324,-1,332,324,326,-1,366,367,368,-1,368,367,369,-1,368,369,370,-1,370,369,371,-1,370,371,372,-1,372,371,373,-1,372,373,374,-1,374,373,375,-1,374,375,376,-1,376,375,377,-1,376,377,378,-1,378,377,379,-1,378,379,380,-1,380,379,381,-1,380,381,382,-1,382,381,383,-1,382,383,384,-1,384,383,385,-1,384,385,386,-1,386,385,387,-1,386,387,388,-1,388,387,389,-1,388,389,390,-1,390,389,391,-1,390,391,392,-1,392,391,393,-1,392,393,394,-1,394,393,395,-1,394,395,396,-1,396,395,397,-1,396,397,398,-1,398,397,399,-1,398,399,400,-1,400,399,401,-1,400,401,402,-1,402,401,403,-1,402,403,404,-1,404,403,405,-1,404,405,406,-1,406,405,407,-1,406,407,408,-1,408,407,409,-1,408,409,410,-1,410,409,411,-1,410,411,412,-1,412,411,413,-1,412,413,366,-1,366,413,367,-1,410,412,414,-1,414,412,366,-1,414,366,368,-1,404,406,414,-1,414,406,408,-1,414,408,410,-1,398,400,414,-1,414,400,402,-1,414,402,404,-1,392,394,414,-1,414,394,396,-1,414,396,398,-1,386,388,414,-1,414,388,390,-1,414,390,392,-1,380,382,414,-1,414,382,384,-1,414,384,386,-1,374,376,414,-1,414,376,378,-1,414,378,380,-1,368,370,414,-1,414,370,372,-1,414,372,374,-1,415,416,417,-1,417,416,418,-1,417,418,419,-1,419,418,420,-1,419,420,421,-1,421,420,422,-1,421,422,423,-1,423,422,424,-1,423,424,425,-1,425,424,426,-1,425,426,427,-1,427,426,428,-1,427,428,429,-1,429,428,430,-1,429,430,431,-1,431,430,432,-1,431,432,433,-1,433,432,434,-1,433,434,435,-1,435,434,436,-1,415,437,416,-1,416,437,438,-1,439,440,441,-1,439,441,442,-1,442,441,443,-1,442,443,444,-1,444,443,445,-1,444,445,446,-1,445,447,446,-1,446,447,448,-1,446,448,449,-1,449,448,450,-1,449,450,451,-1,451,450,452,-1,451,452,453,-1,453,452,454,-1,453,454,455,-1,455,454,456,-1,455,456,437,-1,437,456,438,-1,439,457,440,-1,440,457,458,-1,459,460,461,-1,461,460,462,-1,461,462,463,-1,463,462,464,-1,463,464,465,-1,465,464,466,-1,465,466,467,-1,467,466,468,-1,467,468,457,-1,457,468,458,-1,459,469,460,-1,460,469,470,-1,471,472,473,-1,473,472,474,-1,473,474,475,-1,475,474,476,-1,475,476,469,-1,469,476,470,-1,471,435,472,-1,472,435,436,-1,437,471,473,-1,471,437,435,-1,435,437,415,-1,435,415,417,-1,431,421,423,-1,417,419,435,-1,435,419,421,-1,435,421,433,-1,433,421,431,-1,473,475,437,-1,437,475,469,-1,437,469,455,-1,455,469,453,-1,461,457,459,-1,459,457,439,-1,459,439,469,-1,439,442,469,-1,469,442,444,-1,469,444,446,-1,425,427,423,-1,423,427,429,-1,423,429,431,-1,446,449,469,-1,469,449,451,-1,469,451,453,-1,463,465,461,-1,461,465,467,-1,461,467,457,-1,477,478,479,-1,479,478,480,-1,479,480,481,-1,481,480,482,-1,481,482,483,-1,483,482,484,-1,483,484,485,-1,485,484,486,-1,485,486,487,-1,487,486,488,-1,487,488,489,-1,489,488,490,-1,489,490,491,-1,491,490,492,-1,491,492,493,-1,493,492,494,-1,493,494,495,-1,495,494,496,-1,495,496,497,-1,497,496,498,-1,477,499,478,-1,478,499,500,-1,501,502,503,-1,501,503,504,-1,504,503,505,-1,504,505,506,-1,506,505,507,-1,506,507,508,-1,507,509,508,-1,508,509,510,-1,508,510,511,-1,511,510,512,-1,511,512,513,-1,513,512,514,-1,513,514,515,-1,515,514,516,-1,515,516,517,-1,517,516,518,-1,517,518,499,-1,499,518,500,-1,519,520,501,-1,501,520,521,-1,501,521,502,-1,522,523,524,-1,524,523,525,-1,524,525,526,-1,526,525,527,-1,526,527,528,-1,528,527,529,-1,528,529,530,-1,530,529,531,-1,530,531,519,-1,519,531,520,-1,522,532,523,-1,523,532,533,-1,534,535,536,-1,536,535,537,-1,536,537,538,-1,538,537,539,-1,538,539,532,-1,532,539,533,-1,497,498,534,-1,534,498,540,-1,534,540,535,-1,495,497,477,-1,477,497,499,-1,499,497,534,-1,499,534,536,-1,536,538,499,-1,499,538,532,-1,499,532,517,-1,489,491,477,-1,477,491,493,-1,477,493,495,-1,522,519,532,-1,532,519,501,-1,532,501,504,-1,504,506,532,-1,532,506,508,-1,532,508,511,-1,477,479,489,-1,489,479,481,-1,489,481,487,-1,487,481,483,-1,487,483,485,-1,522,524,519,-1,519,524,526,-1,519,526,530,-1,530,526,528,-1,511,513,532,-1,532,513,515,-1,532,515,517,-1,541,542,543,-1,543,542,544,-1,545,546,547,-1,547,546,548,-1,547,548,549,-1,549,548,550,-1,549,550,551,-1,551,550,552,-1,551,552,553,-1,553,552,554,-1,553,554,555,-1,555,554,556,-1,555,556,557,-1,556,558,557,-1,557,558,559,-1,557,559,560,-1,560,559,561,-1,560,561,562,-1,562,561,563,-1,562,563,564,-1,564,563,565,-1,564,565,542,-1,542,565,544,-1,566,546,545,-1,566,545,567,-1,567,545,568,-1,567,568,569,-1,570,571,572,-1,572,571,573,-1,572,573,574,-1,574,573,575,-1,574,575,576,-1,576,575,577,-1,576,577,578,-1,578,577,579,-1,578,579,580,-1,580,579,581,-1,580,581,582,-1,582,581,583,-1,582,583,584,-1,584,583,585,-1,584,585,568,-1,568,585,569,-1,570,586,571,-1,571,586,587,-1,588,589,590,-1,590,589,591,-1,590,591,592,-1,592,591,593,-1,592,593,594,-1,594,593,595,-1,594,595,596,-1,596,595,597,-1,596,597,586,-1,586,597,587,-1,589,588,598,-1,598,588,541,-1,598,541,543,-1,564,542,549,-1,541,588,568,-1,572,582,570,-1,570,582,584,-1,570,584,568,-1,549,542,547,-1,588,590,568,-1,568,590,592,-1,568,592,594,-1,541,568,542,-1,542,568,545,-1,542,545,547,-1,594,596,568,-1,568,596,586,-1,568,586,570,-1,572,574,582,-1,582,574,576,-1,582,576,580,-1,580,576,578,-1,557,560,549,-1,549,560,562,-1,549,562,564,-1,557,549,555,-1,555,549,551,-1,555,551,553,-1,599,600,601,-1,601,600,602,-1,601,602,603,-1,603,602,604,-1,603,604,605,-1,605,604,606,-1,605,606,607,-1,607,606,608,-1,607,608,609,-1,609,608,610,-1,609,610,611,-1,611,610,612,-1,611,612,613,-1,613,612,614,-1,613,614,615,-1,615,614,616,-1,615,616,617,-1,617,616,618,-1,600,599,619,-1,619,599,620,-1,619,620,621,-1,622,623,624,-1,624,623,625,-1,624,625,626,-1,626,625,627,-1,626,627,628,-1,628,627,629,-1,628,629,620,-1,620,629,621,-1,622,630,623,-1,623,630,631,-1,632,633,634,-1,634,633,635,-1,634,635,636,-1,636,635,637,-1,636,637,638,-1,638,637,639,-1,638,639,630,-1,630,639,631,-1,633,632,640,-1,640,632,641,-1,640,641,642,-1,643,644,645,-1,645,644,646,-1,645,646,647,-1,647,646,648,-1,647,648,649,-1,649,648,650,-1,649,650,651,-1,651,650,652,-1,651,652,653,-1,653,652,654,-1,653,654,655,-1,655,654,656,-1,655,656,657,-1,657,656,658,-1,657,658,659,-1,659,658,660,-1,659,660,641,-1,641,660,642,-1,643,617,644,-1,644,617,618,-1,626,628,620,-1,626,620,624,-1,643,620,617,-1,617,620,599,-1,609,611,599,-1,645,659,643,-1,643,659,641,-1,643,641,620,-1,620,641,632,-1,603,605,607,-1,632,634,636,-1,611,613,599,-1,599,613,615,-1,599,615,617,-1,636,638,632,-1,632,638,630,-1,632,630,620,-1,620,630,622,-1,620,622,624,-1,609,599,607,-1,607,599,601,-1,607,601,603,-1,655,649,653,-1,653,649,651,-1,645,647,659,-1,659,647,649,-1,659,649,657,-1,657,649,655,-1,661,662,663,-1,663,662,664,-1,663,664,665,-1,665,664,666,-1,665,666,667,-1,667,666,668,-1,667,668,669,-1,669,668,670,-1,669,670,671,-1,671,670,672,-1,671,672,673,-1,673,672,674,-1,673,674,675,-1,675,674,676,-1,675,676,677,-1,677,676,678,-1,677,678,679,-1,679,678,680,-1,679,680,681,-1,681,680,682,-1,662,661,683,-1,683,661,684,-1,683,684,685,-1,686,687,688,-1,688,687,689,-1,688,689,690,-1,690,689,691,-1,690,691,684,-1,684,691,685,-1,692,687,686,-1,692,686,693,-1,693,686,694,-1,693,694,695,-1,696,697,698,-1,698,697,699,-1,698,699,700,-1,700,699,701,-1,700,701,702,-1,702,701,703,-1,702,703,694,-1,694,703,695,-1,696,704,697,-1,697,704,705,-1,706,707,708,-1,708,707,709,-1,708,709,710,-1,710,709,711,-1,710,711,712,-1,712,711,713,-1,712,713,714,-1,714,713,715,-1,714,715,716,-1,716,715,717,-1,716,717,718,-1,718,717,719,-1,718,719,720,-1,720,719,721,-1,720,721,722,-1,722,721,723,-1,722,723,704,-1,704,723,705,-1,681,682,724,-1,724,725,681,-1,681,725,726,-1,681,726,706,-1,706,726,707,-1,696,681,706,-1,694,698,702,-1,702,698,700,-1,686,681,694,-1,694,681,696,-1,694,696,698,-1,708,722,706,-1,706,722,704,-1,706,704,696,-1,688,690,686,-1,686,690,684,-1,686,684,681,-1,681,684,661,-1,708,710,722,-1,722,710,712,-1,722,712,714,-1,714,716,722,-1,722,716,718,-1,722,718,720,-1,669,661,667,-1,667,661,663,-1,667,663,665,-1,669,671,661,-1,661,671,673,-1,661,673,675,-1,675,677,661,-1,661,677,679,-1,661,679,681,-1,727,728,729,-1,729,728,730,-1,729,730,731,-1,731,730,732,-1,731,732,733,-1,733,732,734,-1,733,734,735,-1,734,736,735,-1,735,736,737,-1,735,737,738,-1,738,737,739,-1,738,739,740,-1,740,739,741,-1,740,741,742,-1,742,741,743,-1,742,743,744,-1,744,743,745,-1,744,745,746,-1,746,745,747,-1,748,749,750,-1,748,750,727,-1,727,750,751,-1,727,751,728,-1,752,753,754,-1,754,753,755,-1,754,755,748,-1,748,755,749,-1,753,752,756,-1,756,752,757,-1,756,757,758,-1,759,760,761,-1,761,760,762,-1,761,762,757,-1,757,762,758,-1,760,759,763,-1,763,759,764,-1,763,764,765,-1,765,764,766,-1,767,768,769,-1,769,768,770,-1,769,770,771,-1,771,770,772,-1,771,772,773,-1,773,772,774,-1,773,774,775,-1,774,776,775,-1,775,776,777,-1,775,777,778,-1,778,777,779,-1,778,779,780,-1,780,779,781,-1,780,781,782,-1,782,781,783,-1,782,783,784,-1,784,783,785,-1,784,785,764,-1,764,785,766,-1,768,767,786,-1,786,767,787,-1,786,787,788,-1,789,790,791,-1,791,790,792,-1,791,792,787,-1,787,792,788,-1,790,789,793,-1,793,789,794,-1,793,794,795,-1,796,797,798,-1,798,797,799,-1,798,799,794,-1,794,799,795,-1,746,747,796,-1,796,747,800,-1,796,800,797,-1,746,796,727,-1,754,748,794,-1,789,791,757,-1,757,791,787,-1,757,787,761,-1,789,757,794,-1,794,757,752,-1,794,752,754,-1,727,796,748,-1,748,796,798,-1,748,798,794,-1,782,784,767,-1,767,784,764,-1,767,764,787,-1,787,764,759,-1,787,759,761,-1,727,729,746,-1,746,729,731,-1,746,731,733,-1,733,735,746,-1,746,735,738,-1,746,738,744,-1,744,738,740,-1,744,740,742,-1,778,771,775,-1,775,771,773,-1,767,769,782,-1,782,769,771,-1,782,771,780,-1,780,771,778,-1,801,802,803,-1,803,802,804,-1,803,804,805,-1,806,807,808,-1,808,807,809,-1,808,809,810,-1,810,809,811,-1,810,811,812,-1,812,811,813,-1,812,813,804,-1,804,813,805,-1,807,806,814,-1,814,806,815,-1,814,815,816,-1,816,815,817,-1,818,819,820,-1,820,819,821,-1,820,821,822,-1,822,821,823,-1,822,823,824,-1,824,823,825,-1,824,825,826,-1,826,825,827,-1,826,827,828,-1,828,827,829,-1,828,829,830,-1,830,829,831,-1,830,831,832,-1,832,831,833,-1,832,833,834,-1,834,833,835,-1,834,835,815,-1,815,835,817,-1,
        ]
    }
}
Shape{
    appearance Appearance {
        material  Material {
            diffuseColor 1.0 1.0 1.0
            specularColor 0.8784313725490196 0.8784313725490196 0.8784313725490196
            ambientIntensity 1.0
            transparency 0.0
            shininess 0.5
        }
    }
    geometry IndexedFaceSet {
        ccw TRUE
        solid FALSE
        coord DEF co Coordinate {
            point [
                1.2311 -2.5854 3.5433, 1.2311 -2.5854 3.5827, 1.4167 -1.2648 3.5827, 1.5686 -0.1845 3.5433, 1.4534 -1.004 3.5827, 1.5686 -0.1845 3.5827
            ]
        }
        coordIndex [
            0,1,2,-1,0,2,3,-1,3,2,4,-1,3,4,5,-1,
        ]
    }
}
Shape{
    appearance Appearance {
        material  Material {
            diffuseColor 1.0 1.0 1.0
            specularColor 0.5019607843137255 0.5019607843137255 0.5019607843137255
            ambientIntensity 1.0
            transparency 0.0
            shininess 0.5
        }
    }
    geometry IndexedFaceSet {
        ccw TRUE
        solid FALSE
        coord DEF co Coordinate {
            point [
                1.0937 -2.6261 3.5433, 1.0937 -2.6261 3.5827, 1.1086 -2.6394 3.5433, 1.1086 -2.6394 3.5827, 1.1264 -2.6485 3.5433, 1.1264 -2.6485 3.5827, 1.1458 -2.6529 3.5433, 1.1458 -2.6529 3.5827, 1.1658 -2.6522 3.5433, 1.1658 -2.6522 3.5827, 1.1849 -2.6465 3.5433, 1.1849 -2.6465 3.5827, 1.202 -2.6362 3.5433, 1.202 -2.6362 3.5827, 1.2159 -2.622 3.5433, 1.2159 -2.622 3.5827, 1.2259 -2.6047 3.5433, 1.2259 -2.6047 3.5827, 1.2311 -2.5854 3.5433, 1.2311 -2.5854 3.5827, 1.0895 -2.6213 3.5827, 0.7451 -2.225 3.5433, 0.7451 -2.225 3.5827, 1.0044 -0.3797 3.5433, 1.4563 -0.1027 3.5433, 1.0699 -0.2899 3.5433, 1.5686 -0.1845 3.5433, 1.5689 -0.1656 3.5433, 1.5648 -0.1472 3.5433, 1.0456 -0.3055 3.5433, 1.0259 -0.3266 3.5433, 1.0119 -0.3518 3.5433, 1.4929 -0.0948 3.5433, 1.5442 -0.1159 3.5433, 1.5115 -0.0977 3.5433, 1.529 -0.1048 3.5433, 1.5564 -0.1303 3.5433, 1.4741 -0.0966 3.5433, -1.0893 -2.2638 3.5827, -1.3309 -2.2638 3.5827, -1.3309 -2.2638 3.5433, -0.0032 -2.2638 3.5827, 0.7005 -2.2638 3.5433, 0.7005 -2.2638 3.5827, 1.0492 -2.6649 3.5433, 1.0492 -2.6649 3.5827, 0.9897 -2.7953 3.5433, 0.9897 -2.7953 3.5827, 1.0095 -2.7927 3.5433, 1.0095 -2.7927 3.5827, 1.028 -2.7853 3.5433, 1.028 -2.7853 3.5827, 1.0441 -2.7735 3.5433, 1.0441 -2.7735 3.5827, 1.0567 -2.758 3.5433, 1.0567 -2.758 3.5827, 1.0649 -2.7398 3.5433, 1.0649 -2.7398 3.5827, 1.0684 -2.7202 3.5433, 1.0684 -2.7202 3.5827, 1.0668 -2.7003 3.5433, 1.0668 -2.7003 3.5827, 1.0602 -2.6815 3.5433, 1.0602 -2.6815 3.5827, -1.7317 -2.7953 3.5827, -1.0893 -2.7953 3.5827, -1.7317 -2.7953 3.5433, -0.0032 -2.7953 3.5827, -1.7834 -2.6571 3.5433, -1.7834 -2.6571 3.5827, -1.7962 -2.6713 3.5433, -1.7962 -2.6713 3.5827, -1.8051 -2.6881 3.5433, -1.8051 -2.6881 3.5827, -1.8098 -2.7065 3.5433, -1.8098 -2.7065 3.5827, -1.8099 -2.7256 3.5433, -1.8099 -2.7256 3.5827, -1.8055 -2.7441 3.5433, -1.8055 -2.7441 3.5827, -1.7967 -2.761 3.5433, -1.7967 -2.761 3.5827, -1.7841 -2.7753 3.5433, -1.7841 -2.7753 3.5827, -1.7685 -2.7862 3.5433, -1.7685 -2.7862 3.5827, -1.7506 -2.793 3.5433, -1.7506 -2.793 3.5827, 1.9989 -2.5295 3.5433, 1.9989 -2.5295 3.5827, 1.9898 -2.4607 3.5433, 1.9898 -2.4607 3.5827, 1.9633 -2.3967 3.5433, 1.9633 -2.3967 3.5827, 1.921 -2.3416 3.5433, 1.921 -2.3416 3.5827, 1.866 -2.2994 3.5433, 1.866 -2.2994 3.5827, 1.8019 -2.2728 3.5433, 1.8019 -2.2728 3.5827, 1.7331 -2.2638 3.5433, 1.7331 -2.2638 3.5827, 1.6644 -2.2728 3.5433, 1.6644 -2.2728 3.5827, 1.6003 -2.2994 3.5433, 1.6003 -2.2994 3.5827, 1.5452 -2.3416 3.5433, 1.5452 -2.3416 3.5827, 1.503 -2.3967 3.5433, 1.503 -2.3967 3.5827, 1.4764 -2.4607 3.5433, 1.4764 -2.4607 3.5827, 1.4674 -2.5295 3.5433, 1.4674 -2.5295 3.5827, 1.4764 -2.5983 3.5433, 1.4764 -2.5983 3.5827, 1.503 -2.6624 3.5433, 1.503 -2.6624 3.5827, 1.5452 -2.7174 3.5433, 1.5452 -2.7174 3.5827, 1.6003 -2.7597 3.5433, 1.6003 -2.7597 3.5827, 1.6644 -2.7862 3.5433, 1.6644 -2.7862 3.5827, 1.7331 -2.7953 3.5433, 1.7331 -2.7953 3.5827, 1.8019 -2.7862 3.5433, 1.8019 -2.7862 3.5827, 1.866 -2.7597 3.5433, 1.866 -2.7597 3.5827, 1.921 -2.7174 3.5433, 1.921 -2.7174 3.5827, 1.9633 -2.6624 3.5433, 1.9633 -2.6624 3.5827, 1.9898 -2.5983 3.5433, 1.9898 -2.5983 3.5827, 1.7331 -2.5295 3.5433
            ]
        }
        coordIndex [
            0,1,2,-1,2,1,3,-1,2,3,4,-1,4,3,5,-1,4,5,6,-1,6,5,7,-1,6,7,8,-1,8,7,9,-1,8,9,10,-1,10,9,11,-1,10,11,12,-1,12,11,13,-1,12,13,14,-1,14,13,15,-1,14,15,16,-1,16,15,17,-1,16,17,18,-1,18,17,19,-1,1,0,20,-1,20,0,21,-1,20,21,22,-1,23,24,25,-1,26,27,24,-1,24,27,28,-1,25,29,23,-1,23,29,30,-1,23,30,31,-1,26,24,18,-1,18,24,23,-1,18,23,21,-1,12,14,2,-1,4,6,8,-1,21,0,18,-1,18,0,2,-1,18,2,16,-1,16,2,14,-1,32,33,34,-1,34,33,35,-1,28,36,24,-1,24,36,33,-1,24,33,37,-1,37,33,32,-1,4,8,2,-1,2,8,10,-1,2,10,12,-1,38,39,40,-1,38,40,41,-1,41,40,42,-1,41,42,43,-1,42,44,43,-1,43,44,45,-1,46,47,48,-1,48,47,49,-1,48,49,50,-1,50,49,51,-1,50,51,52,-1,52,51,53,-1,52,53,54,-1,54,53,55,-1,54,55,56,-1,56,55,57,-1,56,57,58,-1,58,57,59,-1,58,59,60,-1,60,59,61,-1,60,61,62,-1,62,61,63,-1,62,63,44,-1,44,63,45,-1,64,65,66,-1,66,65,67,-1,66,67,46,-1,46,67,47,-1,68,69,70,-1,70,69,71,-1,70,71,72,-1,72,71,73,-1,72,73,74,-1,74,73,75,-1,74,75,76,-1,76,75,77,-1,76,77,78,-1,78,77,79,-1,78,79,80,-1,80,79,81,-1,80,81,82,-1,82,81,83,-1,82,83,84,-1,84,83,85,-1,84,85,86,-1,86,85,87,-1,86,87,66,-1,66,87,64,-1,68,40,69,-1,69,40,39,-1,62,44,52,-1,52,44,50,-1,72,66,70,-1,70,66,68,-1,68,66,40,-1,40,66,46,-1,40,46,42,-1,72,74,66,-1,66,74,76,-1,66,76,86,-1,42,46,44,-1,44,46,48,-1,44,48,50,-1,52,54,56,-1,80,82,84,-1,56,58,52,-1,52,58,60,-1,52,60,62,-1,86,76,84,-1,84,76,78,-1,84,78,80,-1,88,89,90,-1,90,89,91,-1,90,91,92,-1,92,91,93,-1,92,93,94,-1,94,93,95,-1,94,95,96,-1,96,95,97,-1,96,97,98,-1,98,97,99,-1,98,99,100,-1,100,99,101,-1,100,101,102,-1,102,101,103,-1,102,103,104,-1,104,103,105,-1,104,105,106,-1,106,105,107,-1,106,107,108,-1,108,107,109,-1,108,109,110,-1,110,109,111,-1,110,111,112,-1,112,111,113,-1,112,113,114,-1,114,113,115,-1,114,115,116,-1,116,115,117,-1,116,117,118,-1,118,117,119,-1,118,119,120,-1,120,119,121,-1,120,121,122,-1,122,121,123,-1,122,123,124,-1,124,123,125,-1,124,125,126,-1,126,125,127,-1,126,127,128,-1,128,127,129,-1,128,129,130,-1,130,129,131,-1,130,131,132,-1,132,131,133,-1,132,133,134,-1,134,133,135,-1,134,135,88,-1,88,135,89,-1,132,134,136,-1,136,134,88,-1,136,88,90,-1,126,128,136,-1,136,128,130,-1,136,130,132,-1,120,122,136,-1,136,122,124,-1,136,124,126,-1,114,116,136,-1,136,116,118,-1,136,118,120,-1,108,110,136,-1,136,110,112,-1,136,112,114,-1,102,104,136,-1,136,104,106,-1,136,106,108,-1,96,98,136,-1,136,98,100,-1,136,100,102,-1,90,92,136,-1,136,92,94,-1,136,94,96,-1,
        ]
    }
}
Shape{
    appearance Appearance {
        material  Material {
            diffuseColor 1.0 1.0 1.0
            specularColor 0.30196078431372547 0.30196078431372547 0.30196078431372547
            ambientIntensity 1.0
            transparency 0.0
            shininess 0.5
        }
    }
    geometry IndexedFaceSet {
        ccw TRUE
        solid FALSE
        coord DEF co Coordinate {
            point [
                7.2047 2.7559 0.4331, 7.2047 3.5433 0.4331, 7.2047 3.0863 0.0394, 7.2047 3.5433 0.0394, 6.7477 3.5433 0.0394, 6.4173 3.5433 0.4331, 6.7477 3.7402 0.0394, 7.3228 3.7402 0.0394, 7.3432 3.7375 0.0394, 7.4016 3.0863 0.0394, 7.4016 3.6614 0.0394, 7.3989 3.6818 0.0394, 7.391 3.7008 0.0394, 7.3622 3.7296 0.0394, 7.3785 3.7171 0.0394, 6.4173 -3.5433 0.4331, 7.2047 -3.5433 0.4331, 6.7477 -3.5433 0.0394, 7.2047 -3.5433 0.0394, 7.2047 -2.7559 0.4331, 7.2047 -3.0863 0.0394, 7.2047 -3.4203 0.4331, 7.4016 -3.0863 0.0394, 6.7477 -3.7402 0.0394, 7.3228 -3.7402 0.0394, 7.3404 -3.7382 0.0394, 7.357 -3.7324 0.0394, 7.4016 -3.6614 0.0394, 7.3996 -3.6789 0.0394, 7.3938 -3.6956 0.0394, 7.3844 -3.7105 0.0394, 7.3719 -3.723 0.0394, -7.2047 -3.0863 0.0394, -7.2047 -2.7559 0.4331, -7.2047 -3.5433 0.0394, -7.2047 -3.4203 0.4331, -7.2047 -3.5433 0.4331, -6.7477 -3.5433 0.0394, -6.4173 -3.5433 0.4331, -7.4016 -3.0863 0.0394, -7.4016 -3.6614 0.0394, -6.7477 -3.7402 0.0394, -7.3228 -3.7402 0.0394, -7.3785 -3.7171 0.0394, -7.391 -3.7008 0.0394, -7.3989 -3.6818 0.0394, -7.3432 -3.7375 0.0394, -7.3622 -3.7296 0.0394, -6.4173 3.5433 0.4331, -7.2047 3.5433 0.4331, -6.7477 3.5433 0.0394, -7.2047 3.5433 0.0394, -7.2047 3.0863 0.0394, -7.2047 2.7559 0.4331, -7.4016 3.0863 0.0394, -7.4016 3.6614 0.0394, -7.3989 3.6818 0.0394, -6.7477 3.7402 0.0394, -7.3228 3.7402 0.0394, -7.3432 3.7375 0.0394, -7.3622 3.7296 0.0394, -7.391 3.7008 0.0394, -7.3785 3.7171 0.0394, -6.4173 -3.7402 0.4331, -7.4016 -2.7559 0.4331, -7.4016 2.7559 0.4331, -6.4173 3.7402 0.4331, 6.4173 -3.7402 0.4331, 7.4016 -2.7559 0.4331, 6.4173 3.7402 0.4331, 7.4016 2.7559 0.4331
            ]
        }
        coordIndex [
            0,1,2,-1,2,1,3,-1,4,3,5,-1,5,3,1,-1,4,6,3,-1,3,6,7,-1,3,7,8,-1,9,2,10,-1,10,2,3,-1,10,3,11,-1,11,3,12,-1,8,13,3,-1,3,13,14,-1,3,14,12,-1,15,16,17,-1,17,16,18,-1,19,20,21,-1,21,20,18,-1,21,18,16,-1,18,20,22,-1,23,17,24,-1,24,17,18,-1,24,18,25,-1,25,18,26,-1,22,27,18,-1,18,27,28,-1,18,28,29,-1,29,30,18,-1,18,30,31,-1,18,31,26,-1,32,33,34,-1,34,33,35,-1,34,35,36,-1,37,34,38,-1,38,34,36,-1,39,32,40,-1,40,32,34,-1,37,41,34,-1,34,41,42,-1,43,44,34,-1,34,44,45,-1,34,45,40,-1,42,46,34,-1,34,46,47,-1,34,47,43,-1,48,49,50,-1,50,49,51,-1,52,51,53,-1,53,51,49,-1,52,54,51,-1,51,54,55,-1,51,55,56,-1,57,50,58,-1,58,50,51,-1,58,51,59,-1,59,51,60,-1,56,61,51,-1,51,61,62,-1,51,62,60,-1,63,41,38,-1,38,41,37,-1,33,32,64,-1,64,32,39,-1,65,54,53,-1,53,54,52,-1,48,50,66,-1,66,50,57,-1,15,17,67,-1,67,17,23,-1,68,22,19,-1,19,22,20,-1,69,6,5,-1,5,6,4,-1,0,2,70,-1,70,2,9,-1,
        ]
    }
}
Shape{
    appearance Appearance {
        material  Material {
            diffuseColor 0.7686274509803922 0.7686274509803922 0.7686274509803922
            specularColor 0.615686274509804 0.615686274509804 0.615686274509804
            ambientIntensity 0.7686
            transparency 0.0
            shininess 0.5
        }
    }
    geometry IndexedFaceSet {
        ccw TRUE
        solid FALSE
        coord DEF co Coordinate {
            point [
                2.6004 3.0 0.4331, 2.597 3.026 -1.2598, 2.597 3.026 0.4331, 2.5869 3.0502 -1.2598, 2.5869 3.0502 0.4331, 2.571 3.071 -1.2598, 2.571 3.071 0.4331, 2.5502 3.0869 -1.2598, 2.5502 3.0869 0.4331, 2.526 3.097 -1.2598, 2.526 3.097 0.4331, 2.5 3.1004 -1.2598, 2.5 3.1004 0.4331, 2.474 3.097 -1.2598, 2.474 3.097 0.4331, 2.4498 3.0869 -1.2598, 2.4498 3.0869 0.4331, 2.429 3.071 -1.2598, 2.429 3.071 0.4331, 2.4131 3.0502 -1.2598, 2.4131 3.0502 0.4331, 2.403 3.026 -1.2598, 2.403 3.026 0.4331, 2.3996 3.0 -1.2598, 2.3996 3.0 0.4331, 2.403 2.974 -1.2598, 2.403 2.974 0.4331, 2.4131 2.9498 -1.2598, 2.4131 2.9498 0.4331, 2.429 2.929 -1.2598, 2.429 2.929 0.4331, 2.4498 2.9131 -1.2598, 2.4498 2.9131 0.4331, 2.474 2.903 -1.2598, 2.474 2.903 0.4331, 2.5 2.8996 -1.2598, 2.5 2.8996 0.4331, 2.526 2.903 -1.2598, 2.526 2.903 0.4331, 2.5502 2.9131 -1.2598, 2.5502 2.9131 0.4331, 2.571 2.929 -1.2598, 2.571 2.929 0.4331, 2.5869 2.9498 -1.2598, 2.5869 2.9498 0.4331, 2.597 2.974 -1.2598, 2.597 2.974 0.4331, 2.6004 3.0 -1.2598, 2.5 3.0 -1.2598, 1.6004 3.0 0.4331, 1.597 3.026 -1.2598, 1.597 3.026 0.4331, 1.5869 3.0502 -1.2598, 1.5869 3.0502 0.4331, 1.571 3.071 -1.2598, 1.571 3.071 0.4331, 1.5502 3.0869 -1.2598, 1.5502 3.0869 0.4331, 1.526 3.097 -1.2598, 1.526 3.097 0.4331, 1.5 3.1004 -1.2598, 1.5 3.1004 0.4331, 1.474 3.097 -1.2598, 1.474 3.097 0.4331, 1.4498 3.0869 -1.2598, 1.4498 3.0869 0.4331, 1.429 3.071 -1.2598, 1.429 3.071 0.4331, 1.4131 3.0502 -1.2598, 1.4131 3.0502 0.4331, 1.403 3.026 -1.2598, 1.403 3.026 0.4331, 1.3996 3.0 -1.2598, 1.3996 3.0 0.4331, 1.403 2.974 -1.2598, 1.403 2.974 0.4331, 1.4131 2.9498 -1.2598, 1.4131 2.9498 0.4331, 1.429 2.929 -1.2598, 1.429 2.929 0.4331, 1.4498 2.9131 -1.2598, 1.4498 2.9131 0.4331, 1.474 2.903 -1.2598, 1.474 2.903 0.4331, 1.5 2.8996 -1.2598, 1.5 2.8996 0.4331, 1.526 2.903 -1.2598, 1.526 2.903 0.4331, 1.5502 2.9131 -1.2598, 1.5502 2.9131 0.4331, 1.571 2.929 -1.2598, 1.571 2.929 0.4331, 1.5869 2.9498 -1.2598, 1.5869 2.9498 0.4331, 1.597 2.974 -1.2598, 1.597 2.974 0.4331, 1.6004 3.0 -1.2598, 1.5 3.0 -1.2598
            ]
        }
        coordIndex [
            0,1,2,-1,2,1,3,-1,2,3,4,-1,4,3,5,-1,4,5,6,-1,6,5,7,-1,6,7,8,-1,8,7,9,-1,8,9,10,-1,10,9,11,-1,10,11,12,-1,12,11,13,-1,12,13,14,-1,14,13,15,-1,14,15,16,-1,16,15,17,-1,16,17,18,-1,18,17,19,-1,18,19,20,-1,20,19,21,-1,20,21,22,-1,22,21,23,-1,22,23,24,-1,24,23,25,-1,24,25,26,-1,26,25,27,-1,26,27,28,-1,28,27,29,-1,28,29,30,-1,30,29,31,-1,30,31,32,-1,32,31,33,-1,32,33,34,-1,34,33,35,-1,34,35,36,-1,36,35,37,-1,36,37,38,-1,38,37,39,-1,38,39,40,-1,40,39,41,-1,40,41,42,-1,42,41,43,-1,42,43,44,-1,44,43,45,-1,44,45,46,-1,46,45,47,-1,46,47,0,-1,0,47,1,-1,27,25,48,-1,48,25,23,-1,48,23,21,-1,33,31,48,-1,48,31,29,-1,48,29,27,-1,39,37,48,-1,48,37,35,-1,48,35,33,-1,45,43,48,-1,48,43,41,-1,48,41,39,-1,3,1,48,-1,48,1,47,-1,48,47,45,-1,9,7,48,-1,48,7,5,-1,48,5,3,-1,15,13,48,-1,48,13,11,-1,48,11,9,-1,21,19,48,-1,48,19,17,-1,48,17,15,-1,49,50,51,-1,51,50,52,-1,51,52,53,-1,53,52,54,-1,53,54,55,-1,55,54,56,-1,55,56,57,-1,57,56,58,-1,57,58,59,-1,59,58,60,-1,59,60,61,-1,61,60,62,-1,61,62,63,-1,63,62,64,-1,63,64,65,-1,65,64,66,-1,65,66,67,-1,67,66,68,-1,67,68,69,-1,69,68,70,-1,69,70,71,-1,71,70,72,-1,71,72,73,-1,73,72,74,-1,73,74,75,-1,75,74,76,-1,75,76,77,-1,77,76,78,-1,77,78,79,-1,79,78,80,-1,79,80,81,-1,81,80,82,-1,81,82,83,-1,83,82,84,-1,83,84,85,-1,85,84,86,-1,85,86,87,-1,87,86,88,-1,87,88,89,-1,89,88,90,-1,89,90,91,-1,91,90,92,-1,91,92,93,-1,93,92,94,-1,93,94,95,-1,95,94,96,-1,95,96,49,-1,49,96,50,-1,76,74,97,-1,97,74,72,-1,97,72,70,-1,82,80,97,-1,97,80,78,-1,97,78,76,-1,88,86,97,-1,97,86,84,-1,97,84,82,-1,94,92,97,-1,97,92,90,-1,97,90,88,-1,52,50,97,-1,97,50,96,-1,97,96,94,-1,58,56,97,-1,97,56,54,-1,97,54,52,-1,64,62,97,-1,97,62,60,-1,97,60,58,-1,70,68,97,-1,97,68,66,-1,97,66,64,-1,
        ]
    }
}
Shape{
    appearance Appearance {
        material  Material {
            diffuseColor 1.0 1.0 1.0
            specularColor 0.30196078431372547 0.30196078431372547 0.30196078431372547
            ambientIntensity 1.0
            transparency 0.0
            shininess 0.5
        }
    }
    geometry IndexedFaceSet {
        ccw TRUE
        solid FALSE
        coord DEF co Coordinate {
            point [
                7.3228 -3.7402 3.5827, 7.3228 -3.7402 0.0394, 7.3404 -3.7382 0.0394, 7.3404 -3.7382 3.5827, 7.357 -3.7324 0.0394, 7.357 -3.7324 3.5827, 7.3719 -3.723 0.0394, 7.3719 -3.723 3.5827, 7.3844 -3.7105 0.0394, 7.3844 -3.7105 3.5827, 7.3938 -3.6956 0.0394, 7.3938 -3.6956 3.5827, 7.3996 -3.6789 0.0394, 7.3996 -3.6789 3.5827, 7.4016 -3.6614 0.0394, 7.4016 -3.6614 3.5827, 7.4016 3.6614 3.5827, 7.4016 3.6614 0.0394, 7.3989 3.6818 0.0394, 7.3989 3.6818 3.5827, 7.391 3.7008 0.0394, 7.391 3.7008 3.5827, 7.3785 3.7171 0.0394, 7.3785 3.7171 3.5827, 7.3622 3.7296 0.0394, 7.3622 3.7296 3.5827, 7.3432 3.7375 0.0394, 7.3432 3.7375 3.5827, 7.3228 3.7402 0.0394, 7.3228 3.7402 3.5827, -7.4016 -3.6614 3.5827, -7.4016 -3.6614 0.0394, -7.3989 -3.6818 0.0394, -7.3989 -3.6818 3.5827, -7.391 -3.7008 0.0394, -7.391 -3.7008 3.5827, -7.3785 -3.7171 0.0394, -7.3785 -3.7171 3.5827, -7.3622 -3.7296 0.0394, -7.3622 -3.7296 3.5827, -7.3432 -3.7375 0.0394, -7.3432 -3.7375 3.5827, -7.3228 -3.7402 0.0394, -7.3228 -3.7402 3.5827, -7.3228 3.7402 3.5827, -7.3228 3.7402 0.0394, -7.3432 3.7375 0.0394, -7.3432 3.7375 3.5827, -7.3622 3.7296 0.0394, -7.3622 3.7296 3.5827, -7.3785 3.7171 0.0394, -7.3785 3.7171 3.5827, -7.391 3.7008 0.0394, -7.391 3.7008 3.5827, -7.3989 3.6818 0.0394, -7.3989 3.6818 3.5827, -7.4016 3.6614 0.0394, -7.4016 3.6614 3.5827
            ]
        }
        coordIndex [
            0,1,2,-1,0,2,3,-1,3,2,4,-1,3,4,5,-1,5,4,6,-1,5,6,7,-1,7,6,8,-1,7,8,9,-1,9,8,10,-1,9,10,11,-1,11,10,12,-1,11,12,13,-1,13,12,14,-1,13,14,15,-1,16,17,18,-1,16,18,19,-1,19,18,20,-1,19,20,21,-1,21,20,22,-1,21,22,23,-1,23,22,24,-1,23,24,25,-1,25,24,26,-1,25,26,27,-1,27,26,28,-1,27,28,29,-1,30,31,32,-1,30,32,33,-1,33,32,34,-1,33,34,35,-1,35,34,36,-1,35,36,37,-1,37,36,38,-1,37,38,39,-1,39,38,40,-1,39,40,41,-1,41,40,42,-1,41,42,43,-1,44,45,46,-1,44,46,47,-1,47,46,48,-1,47,48,49,-1,49,48,50,-1,49,50,51,-1,51,50,52,-1,51,52,53,-1,53,52,54,-1,53,54,55,-1,55,54,56,-1,55,56,57,-1,
        ]
    }
}
Shape{
    appearance Appearance {
        material  Material {
            diffuseColor 0.2235294117647059 0.2235294117647059 0.2235294117647059
            specularColor 0.11372549019607843 0.11372549019607843 0.11372549019607843
            ambientIntensity 0.2235
            transparency 0.0
            shininess 0.5
        }
    }
    geometry IndexedFaceSet {
        ccw TRUE
        solid FALSE
        coord DEF co Coordinate {
            point [
                -0.6674 0.0884 0.4331, -0.6674 0.0884 0.437, -0.7107 -0.0226 0.4331, -0.821 -0.3053 0.437, -0.821 -0.3053 0.4331, -0.7634 -0.3053 0.437, -0.7634 -0.3053 0.4331, -0.7236 -0.1948 0.437, -0.7236 -0.1948 0.4331, -0.7107 -0.1948 0.4331, -0.5609 -0.1948 0.437, -0.5609 -0.1948 0.4331, -0.5233 -0.3053 0.437, -0.5233 -0.3053 0.4331, -0.4657 -0.3053 0.437, -0.4657 -0.3053 0.4331, -0.6146 0.0884 0.437, -0.6146 0.0884 0.4331, -0.5742 -0.1516 0.437, -0.7059 -0.1516 0.437, -0.6329 0.0128 0.437, -0.6367 0.0265 0.437, -0.6392 0.0404 0.437, -0.6405 0.0404 0.437, -0.6431 0.0265 0.437, -0.6466 0.0128 0.437, -0.5742 -0.1516 0.4331, -0.7059 -0.1516 0.4331, -0.6329 0.0128 0.4331, -0.6367 0.0265 0.4331, -0.6392 0.0404 0.4331, -0.6405 0.0404 0.4331, -0.6431 0.0265 0.4331, -0.6466 0.0128 0.4331, -0.2271 -0.3053 0.437, -0.12 -0.3053 0.437, -0.2271 -0.3053 0.4331, -0.12 -0.3053 0.4331, -0.12 0.0884 0.437, -0.12 0.0884 0.4331, -0.2311 0.0884 0.437, -0.2311 0.0884 0.4331, -0.4369 -0.1035 0.437, -0.4369 -0.1035 0.4331, -0.4341 -0.0664 0.4331, -0.4341 -0.0664 0.437, -0.4235 -0.0276 0.4331, -0.4235 -0.0276 0.437, -0.4052 0.0062 0.4331, -0.4052 0.0062 0.437, -0.3773 0.0371 0.4331, -0.3773 0.0371 0.437, -0.3769 0.0375 0.4331, -0.3769 0.0375 0.437, -0.3341 0.0662 0.4331, -0.3341 0.0662 0.437, -0.288 0.0823 0.4331, -0.288 0.0823 0.437, -0.2758 -0.301 0.4331, -0.2758 -0.301 0.437, -0.3212 -0.2875 0.4331, -0.3212 -0.2875 0.437, -0.3623 -0.2636 0.4331, -0.3623 -0.2636 0.437, -0.3947 -0.2326 0.4331, -0.3947 -0.2326 0.437, -0.4173 -0.1974 0.4331, -0.4173 -0.1974 0.437, -0.4314 -0.1562 0.4331, -0.4314 -0.1562 0.437, -0.3579 -0.01 0.437, -0.3388 0.0103 0.437, -0.31 0.0289 0.437, -0.2775 0.0403 0.437, -0.2309 0.0452 0.437, -0.1728 0.0452 0.437, -0.1728 -0.2621 0.437, -0.2287 -0.2621 0.437, -0.2703 -0.2582 0.437, -0.3034 -0.2479 0.437, -0.3302 -0.2319 0.437, -0.3523 -0.2101 0.437, -0.3689 -0.183 0.437, -0.3805 -0.146 0.437, -0.3841 -0.1046 0.437, -0.3808 -0.0654 0.437, -0.3716 -0.0343 0.437, -0.2309 0.0452 0.4331, -0.1728 0.0452 0.4331, -0.2775 0.0403 0.4331, -0.31 0.0289 0.4331, -0.3388 0.0103 0.4331, -0.3579 -0.01 0.4331, -0.3716 -0.0343 0.4331, -0.3808 -0.0654 0.4331, -0.3841 -0.1046 0.4331, -0.3805 -0.146 0.4331, -0.3689 -0.183 0.4331, -0.3523 -0.2101 0.4331, -0.3302 -0.2319 0.4331, -0.3034 -0.2479 0.4331, -0.2703 -0.2582 0.4331, -0.2287 -0.2621 0.4331, -0.1728 -0.2621 0.4331, -0.0432 -0.2621 0.437, -0.0432 -0.3053 0.437, -0.0432 -0.2621 0.4331, -0.0432 -0.3053 0.4331, 0.168 -0.3053 0.437, 0.168 -0.3053 0.4331, 0.168 0.0884 0.437, 0.168 0.0884 0.4331, -0.0336 0.0884 0.437, -0.0336 0.0884 0.4331, -0.0336 0.0452 0.437, -0.0336 0.0452 0.4331, 0.1152 0.0452 0.437, 0.1152 0.0452 0.4331, 0.1152 -0.0844 0.437, 0.1152 -0.0844 0.4331, -0.024 -0.0844 0.437, -0.024 -0.0844 0.4331, -0.024 -0.1276 0.437, -0.024 -0.1276 0.4331, 0.1152 -0.1276 0.437, 0.1152 -0.1276 0.4331, 0.1152 -0.2621 0.437, 0.1152 -0.2621 0.4331, 0.2449 -0.2417 0.437, 0.2449 -0.2849 0.437, 0.2449 -0.2417 0.4331, 0.2449 -0.2849 0.4331, 0.2868 -0.3021 0.437, 0.3424 -0.3099 0.437, 0.3532 -0.3101 0.437, 0.3424 -0.3099 0.4331, 0.3532 -0.3101 0.4331, 0.3266 -0.3077 0.4331, 0.3222 -0.3071 0.4331, 0.2868 -0.3021 0.4331, 0.3763 -0.3077 0.4331, 0.4017 -0.305 0.437, 0.4017 -0.305 0.4331, 0.4399 -0.2919 0.437, 0.4399 -0.2919 0.4331, 0.4715 -0.2717 0.437, 0.4715 -0.2717 0.4331, 0.5011 -0.2406 0.437, 0.5011 -0.2406 0.4331, 0.5221 -0.2031 0.437, 0.5221 -0.2031 0.4331, 0.5339 -0.1614 0.437, 0.5339 -0.1614 0.4331, 0.5377 -0.1159 0.437, 0.5377 -0.1159 0.4331, 0.3375 0.0932 0.437, 0.3375 0.0932 0.4331, 0.3771 0.09 0.4331, 0.3771 0.09 0.437, 0.4209 0.0772 0.4331, 0.4209 0.0772 0.437, 0.4583 0.0557 0.4331, 0.4583 0.0557 0.437, 0.4939 0.0215 0.4331, 0.4939 0.0215 0.437, 0.517 -0.0153 0.4331, 0.517 -0.0153 0.437, 0.5321 -0.0599 0.4331, 0.5321 -0.0599 0.437, 0.3222 0.0922 0.4331, 0.2904 0.09 0.437, 0.2904 0.09 0.4331, 0.2449 0.0776 0.437, 0.2449 0.0776 0.4331, 0.2449 0.0248 0.437, 0.2449 0.0248 0.4331, 0.2892 0.0438 0.437, 0.3371 0.05 0.437, 0.3371 0.05 0.4331, 0.3222 0.0481 0.4331, 0.2892 0.0438 0.4331, 0.4849 -0.1126 0.437, 0.4849 -0.1126 0.4331, 0.483 -0.082 0.4331, 0.483 -0.082 0.437, 0.4726 -0.0399 0.4331, 0.4726 -0.0399 0.437, 0.4563 -0.0095 0.4331, 0.4563 -0.0095 0.437, 0.4325 0.0168 0.4331, 0.4325 0.0168 0.437, 0.4053 0.035 0.4331, 0.4053 0.035 0.437, 0.3758 0.0457 0.4331, 0.3758 0.0457 0.437, 0.3459 -0.2669 0.437, 0.3459 -0.2669 0.4331, 0.3826 -0.2627 0.4331, 0.3826 -0.2627 0.437, 0.4113 -0.2522 0.4331, 0.4113 -0.2522 0.437, 0.4355 -0.2359 0.4331, 0.4355 -0.2359 0.437, 0.454 -0.2164 0.4331, 0.454 -0.2164 0.437, 0.4702 -0.1891 0.4331, 0.4702 -0.1891 0.437, 0.4809 -0.1552 0.4331, 0.4809 -0.1552 0.437, 0.3222 -0.2642 0.4331, 0.2937 -0.2611 0.437, 0.2937 -0.2611 0.4331, 0.2519 -0.2456 0.437, 0.2519 -0.2456 0.4331, 0.5713 -0.2621 0.437, 0.5713 -0.3053 0.437, 0.5713 -0.2621 0.4331, 0.5713 -0.3053 0.4331, 0.773 -0.3053 0.437, 0.773 -0.3053 0.4331, 0.773 0.0884 0.437, 0.773 0.0884 0.4331, 0.7202 0.0884 0.437, 0.7202 0.0884 0.4331, 0.7202 -0.2621 0.437, 0.7202 -0.2621 0.4331
            ]
        }
        coordIndex [
            0,1,2,-1,2,1,3,-1,2,3,4,-1,3,5,4,-1,4,5,6,-1,5,7,6,-1,6,7,8,-1,8,7,9,-1,9,7,10,-1,9,10,11,-1,10,12,11,-1,11,12,13,-1,12,14,13,-1,13,14,15,-1,14,16,15,-1,15,16,17,-1,16,1,17,-1,17,1,0,-1,18,10,19,-1,19,10,7,-1,20,16,18,-1,18,16,14,-1,18,14,10,-1,10,14,12,-1,20,21,16,-1,16,21,22,-1,16,22,1,-1,1,22,23,-1,1,23,24,-1,24,25,1,-1,1,25,19,-1,1,19,3,-1,3,19,7,-1,3,7,5,-1,18,19,26,-1,26,19,27,-1,20,18,28,-1,28,18,26,-1,20,28,29,-1,20,29,21,-1,21,29,30,-1,21,30,22,-1,23,22,31,-1,31,22,30,-1,23,31,32,-1,23,32,24,-1,24,32,33,-1,24,33,25,-1,19,25,27,-1,27,25,33,-1,34,35,36,-1,36,35,37,-1,35,38,37,-1,37,38,39,-1,38,40,39,-1,39,40,41,-1,42,43,44,-1,42,44,45,-1,45,44,46,-1,45,46,47,-1,47,46,48,-1,47,48,49,-1,49,48,50,-1,49,50,51,-1,51,50,52,-1,51,52,53,-1,53,52,54,-1,53,54,55,-1,55,54,56,-1,55,56,57,-1,57,56,41,-1,57,41,40,-1,34,36,58,-1,34,58,59,-1,59,58,60,-1,59,60,61,-1,61,60,62,-1,61,62,63,-1,63,62,64,-1,63,64,65,-1,65,64,66,-1,65,66,67,-1,67,66,68,-1,67,68,69,-1,69,68,43,-1,69,43,42,-1,47,49,70,-1,70,49,51,-1,70,51,71,-1,71,51,53,-1,71,53,72,-1,72,53,55,-1,72,55,73,-1,73,55,57,-1,73,57,74,-1,74,57,40,-1,74,40,75,-1,75,40,38,-1,75,38,76,-1,76,38,35,-1,76,35,77,-1,77,35,34,-1,77,34,78,-1,78,34,59,-1,78,59,79,-1,79,59,61,-1,79,61,80,-1,80,61,63,-1,80,63,81,-1,81,63,65,-1,81,65,82,-1,82,65,67,-1,82,67,83,-1,83,67,69,-1,83,69,84,-1,84,69,42,-1,84,42,85,-1,85,42,45,-1,85,45,86,-1,86,45,47,-1,86,47,70,-1,74,75,87,-1,87,75,88,-1,74,87,89,-1,74,89,73,-1,73,89,90,-1,73,90,72,-1,72,90,91,-1,72,91,71,-1,71,91,92,-1,71,92,70,-1,70,92,93,-1,70,93,86,-1,86,93,94,-1,86,94,85,-1,85,94,95,-1,85,95,84,-1,84,95,96,-1,84,96,83,-1,83,96,97,-1,83,97,82,-1,82,97,98,-1,82,98,81,-1,81,98,99,-1,81,99,80,-1,80,99,100,-1,80,100,79,-1,79,100,101,-1,79,101,78,-1,78,101,102,-1,78,102,77,-1,76,77,103,-1,103,77,102,-1,75,76,88,-1,88,76,103,-1,104,105,106,-1,106,105,107,-1,105,108,107,-1,107,108,109,-1,108,110,109,-1,109,110,111,-1,110,112,111,-1,111,112,113,-1,112,114,113,-1,113,114,115,-1,114,116,115,-1,115,116,117,-1,116,118,117,-1,117,118,119,-1,118,120,119,-1,119,120,121,-1,120,122,121,-1,121,122,123,-1,122,124,123,-1,123,124,125,-1,124,126,125,-1,125,126,127,-1,126,104,127,-1,127,104,106,-1,108,105,104,-1,104,126,108,-1,108,126,124,-1,108,124,110,-1,114,112,116,-1,116,112,110,-1,116,110,118,-1,118,110,124,-1,118,124,120,-1,120,124,122,-1,128,129,130,-1,130,129,131,-1,131,129,132,-1,133,134,135,-1,135,134,136,-1,135,137,133,-1,133,137,138,-1,133,138,132,-1,132,138,139,-1,132,139,131,-1,136,134,140,-1,140,134,141,-1,140,141,142,-1,142,141,143,-1,142,143,144,-1,144,143,145,-1,144,145,146,-1,146,145,147,-1,146,147,148,-1,148,147,149,-1,148,149,150,-1,150,149,151,-1,150,151,152,-1,152,151,153,-1,152,153,154,-1,155,156,157,-1,155,157,158,-1,158,157,159,-1,158,159,160,-1,160,159,161,-1,160,161,162,-1,162,161,163,-1,162,163,164,-1,164,163,165,-1,164,165,166,-1,166,165,167,-1,166,167,168,-1,168,167,154,-1,168,154,153,-1,156,155,169,-1,169,155,170,-1,169,170,171,-1,171,170,172,-1,171,172,173,-1,172,174,173,-1,173,174,175,-1,175,174,176,-1,177,178,179,-1,177,179,176,-1,176,179,180,-1,176,180,175,-1,181,182,183,-1,181,183,184,-1,184,183,185,-1,184,185,186,-1,186,185,187,-1,186,187,188,-1,188,187,189,-1,188,189,190,-1,190,189,191,-1,190,191,192,-1,192,191,193,-1,192,193,194,-1,194,193,178,-1,194,178,177,-1,195,196,197,-1,195,197,198,-1,198,197,199,-1,198,199,200,-1,200,199,201,-1,200,201,202,-1,202,201,203,-1,202,203,204,-1,204,203,205,-1,204,205,206,-1,206,205,207,-1,206,207,208,-1,208,207,182,-1,208,182,181,-1,196,195,209,-1,209,195,210,-1,209,210,211,-1,211,210,212,-1,211,212,213,-1,213,212,128,-1,213,128,130,-1,198,134,195,-1,195,134,133,-1,195,133,210,-1,210,133,132,-1,210,132,212,-1,212,132,129,-1,212,129,128,-1,174,172,176,-1,176,172,170,-1,176,170,177,-1,177,170,155,-1,177,155,194,-1,194,155,158,-1,194,158,192,-1,192,158,160,-1,192,160,190,-1,190,160,162,-1,190,162,188,-1,188,162,164,-1,188,164,186,-1,186,164,166,-1,186,166,184,-1,184,166,168,-1,184,168,181,-1,181,168,153,-1,181,153,208,-1,208,153,151,-1,208,151,206,-1,206,151,149,-1,206,149,204,-1,204,149,147,-1,204,147,202,-1,202,147,145,-1,202,145,200,-1,200,145,143,-1,200,143,198,-1,198,143,141,-1,198,141,134,-1,214,215,216,-1,216,215,217,-1,215,218,217,-1,217,218,219,-1,218,220,219,-1,219,220,221,-1,220,222,221,-1,221,222,223,-1,222,224,223,-1,223,224,225,-1,224,214,225,-1,225,214,216,-1,222,220,224,-1,224,220,218,-1,224,218,214,-1,214,218,215,-1,
        ]
    }
}
Shape{
    appearance Appearance {
        material  Material {
            diffuseColor 1.0 1.0 1.0
            specularColor 0.30196078431372547 0.30196078431372547 0.30196078431372547
            ambientIntensity 1.0
            transparency 0.0
            shininess 0.5
        }
    }
    geometry IndexedFaceSet {
        ccw TRUE
        solid FALSE
        coord DEF co Coordinate {
            point [
                -0.5742 -0.1516 0.4331, -0.7059 -0.1516 0.4331, -0.6329 0.0128 0.4331, -0.6466 0.0128 0.4331, -0.6367 0.0265 0.4331, -0.6431 0.0265 0.4331, -0.6392 0.0404 0.4331, -0.6405 0.0404 0.4331, -0.1728 0.0452 0.4331, -0.1728 -0.2621 0.4331, -0.2309 0.0452 0.4331, -0.2287 -0.2621 0.4331, -0.2703 -0.2582 0.4331, -0.3841 -0.1046 0.4331, -0.3808 -0.0654 0.4331, -0.3716 -0.0343 0.4331, -0.2775 0.0403 0.4331, -0.3034 -0.2479 0.4331, -0.3302 -0.2319 0.4331, -0.3523 -0.2101 0.4331, -0.3689 -0.183 0.4331, -0.3805 -0.146 0.4331, -0.3579 -0.01 0.4331, -0.3388 0.0103 0.4331, -0.31 0.0289 0.4331
            ]
        }
        coordIndex [
            0,1,2,-1,2,1,3,-1,2,3,4,-1,4,3,5,-1,4,5,6,-1,6,5,7,-1,8,9,10,-1,10,9,11,-1,10,11,12,-1,13,14,10,-1,10,14,15,-1,10,15,16,-1,12,17,10,-1,10,17,18,-1,10,18,19,-1,19,20,10,-1,10,20,21,-1,10,21,13,-1,22,23,15,-1,15,23,24,-1,15,24,16,-1,
        ]
    }
}