#VRML V2.0 utf8
# 3D model generated by kicad-lcsc-manager
# Based on easyeda2kicad.py v1.0.1

Shape{
    appearance Appearance {
        material  Material {
            diffuseColor 1.0 1.0 1.0
            specularColor 0.30196078431372547 0.30196078431372547 0.30196078431372547
            ambientIntensity 1.0
            transparency 0.0
            shininess 0.5
        }
    }
    geometry IndexedFaceSet {
        ccw TRUE
        solid FALSE
        coord DEF co Coordinate {
            point [
                -0.0972 1.2854 0.575, -0.0887 1.2854 0.574, -0.1154 1.2854 0.5758, 0.0174 1.2854 0.5768, 0.0166 1.2854 0.6969, 0.0662 1.2854 0.7304, -0.0571 1.2854 -0.0394, -0.1369 1.2854 -0.0394, -0.1369 1.2854 0.2419, 0.0662 1.2854 -0.0394, -0.0499 1.2854 -0.0394, -0.0499 1.2854 0.2419, -0.2599 1.2854 0.5619, -0.2555 1.2854 0.5535, -0.3548 1.2854 0.5535, -0.1369 1.2854 0.8852, -0.1369 1.2854 0.8868, -0.1316 1.2854 0.8868, -0.4055 1.2854 0.1772, -0.5038 1.2854 0.1772, -0.5038 1.2854 0.2419, -0.8311 1.2854 0.1772, -1.0472 1.2854 0.1772, -1.0472 1.2854 0.2419, -0.0003 1.2854 0.8873, -0.0003 1.2854 0.8868, -0.0499 1.2854 0.8868, 0.3954 1.2854 0.5781, 0.3979 1.2854 0.5734, 0.0662 1.2854 0.5734, 0.1692 1.2854 0.7948, 0.1462 1.2854 0.7751, 0.0662 1.2854 0.8868, 0.0662 1.2854 0.7647, 0.2772 1.2854 0.9, 0.2584 1.2854 0.8868, 0.2443 1.2854 0.8769, 0.2149 1.2854 0.8417, 0.1987 1.2854 0.8091, 0.1945 1.2854 0.8076, 0.4381 1.2854 0.9042, 0.3984 1.2854 0.9181, 1.0472 1.2854 2.7559, 0.0662 1.2854 2.7559, 0.3194 1.2854 0.9168, 0.3602 1.2854 0.9221, 1.0472 1.2854 0.8868, 0.4661 1.2854 0.8868, 0.4629 1.2854 0.8895, 1.0472 1.2854 0.7647, 0.6499 1.2854 0.7647, 0.6395 1.2854 0.7876, 0.6188 1.2854 0.8138, 0.554 1.2854 0.8501, 0.5203 1.2854 0.8541, 0.483 1.2854 0.8725, 0.5105 1.2854 0.8534, 0.5007 1.2854 0.8522, 0.613 1.2854 0.8192, 0.5857 1.2854 0.8381, 0.5979 1.2854 0.6005, 0.6244 1.2854 0.6234, 1.0472 1.2854 0.5734, 0.5525 1.2854 0.5734, 0.5564 1.2854 0.5819, 0.5672 1.2854 0.5852, 0.6438 1.2854 0.6514, 0.6558 1.2854 0.6832, 1.0472 1.2854 0.7304, 0.6596 1.2854 0.7167, 0.6593 1.2854 0.7249, 0.6583 1.2854 0.7304, 0.6534 1.2854 0.757, 0.548 1.2854 0.5635, 1.0472 1.2854 0.5535, 0.5399 1.2854 0.5535, 0.4359 1.2854 0.5328, 0.455 1.2854 0.5257, 0.0662 1.2854 0.2419, 0.5354 1.2854 0.5478, 1.0472 1.2854 0.2419, 0.5188 1.2854 0.535, 0.4757 1.2854 0.5233, 0.479 1.2854 0.5233, 0.4991 1.2854 0.5266, 0.0662 1.2854 0.5535, 0.4056 1.2854 0.5592, 0.4108 1.2854 0.5535, 0.4188 1.2854 0.5445, 0.2859 1.2854 0.6281, 0.28 1.2854 0.6303, 0.2697 1.2854 0.6789, 0.4107 1.2854 0.6654, 0.2958 1.2854 0.7244, 0.4255 1.2854 0.6791, 0.4435 1.2854 0.6889, 0.2912 1.2854 0.6244, 0.115 1.2854 0.6966, 0.1191 1.2854 0.6661, 0.1683 1.2854 0.7036, 0.1722 1.2854 0.72, 0.1776 1.2854 0.7304, 0.6042 1.2854 0.7304, 0.1705 1.2854 0.5962, 0.1967 1.2854 0.5836, 0.2734 1.2854 0.6311, 0.2726 1.2854 0.6311, 0.27 1.2854 0.6305, 0.13 1.2854 0.6392, 0.1471 1.2854 0.6157, 0.5989 1.2854 0.6839, 0.5889 1.2854 0.6665, 0.5456 1.2854 0.6574, 0.5737 1.2854 0.6507, 0.5552 1.2854 0.6391, 0.5138 1.2854 0.6854, 0.5313 1.2854 0.6734, 0.6058 1.2854 0.718, 0.6049 1.2854 0.7049, 0.4949 1.2854 0.6925, 0.4745 1.2854 0.6949, 0.4641 1.2854 0.6942, 0.1856 1.2854 0.6511, 0.1761 1.2854 0.6643, 0.1701 1.2854 0.6795, 0.1679 1.2854 0.6961, 0.3001 1.2854 0.6048, 0.2998 1.2854 0.6082, 0.3896 1.2854 0.6166, 0.2981 1.2854 0.6147, 0.2947 1.2854 0.6205, 0.2859 1.2854 0.5813, 0.2914 1.2854 0.5852, 0.2934 1.2854 0.5873, 0.2971 1.2854 0.5927, 0.2993 1.2854 0.5985, 0.3902 1.2854 0.5992, 0.3897 1.2854 0.608, 0.2683 1.2854 0.6302, 0.2299 1.2854 0.63, 0.2145 1.2854 0.6328, 0.2251 1.2854 0.5778, 0.2755 1.2854 0.5782, 0.2803 1.2854 0.579, 0.1994 1.2854 0.6397, 0.1867 1.2854 0.6499, 0.2409 1.2854 0.7633, 0.5957 1.2854 0.7577, 0.6031 1.2854 0.7387, 0.234 1.2854 0.7632, 0.18 1.2854 0.7348, 0.1898 1.2854 0.7459, 0.203 1.2854 0.7552, 0.2178 1.2854 0.7611, 0.2589 1.2854 0.8147, 0.278 1.2854 0.8378, 0.4747 1.2854 0.7897, 0.2802 1.2854 0.8398, 0.304 1.2854 0.8566, 0.4614 1.2854 0.8166, 0.5907 1.2854 0.7647, 0.4808 1.2854 0.7931, 0.2412 1.2854 0.7647, 0.2459 1.2854 0.7871, 0.4999 1.2854 0.8002, 0.5198 1.2854 0.8028, 0.5287 1.2854 0.8024, 0.4421 1.2854 0.8393, 0.3307 1.2854 0.8671, 0.4191 1.2854 0.8559, 0.3597 1.2854 0.8708, 0.3911 1.2854 0.867, 0.5498 1.2854 0.7976, 0.5689 1.2854 0.7876, 0.5837 1.2854 0.7746, 0.1389 1.2854 0.7647, 0.1289 1.2854 0.7507, 0.121 1.2854 0.7304, 0.1187 1.2854 0.7245, -0.5038 1.2854 0.7304, -0.5535 1.2854 0.6928, -0.5701 1.2854 0.6927, -0.507 1.2854 0.5734, -0.5038 1.2854 0.5734, -0.5069 1.2854 0.5731, -0.5038 1.2854 0.5535, -0.524 1.2854 0.5729, -0.5242 1.2854 0.5734, -0.5978 1.2854 0.5724, -0.8311 1.2854 0.5535, -0.615 1.2854 0.5723, -0.5975 1.2854 0.5734, -0.5858 1.2854 0.6054, -0.5358 1.2854 0.6057, -0.3548 1.2854 0.6943, -0.3779 1.2854 0.6941, -0.3912 1.2854 0.7304, -0.3778 1.2854 0.6803, -0.3548 1.2854 0.642, -0.3741 1.2854 0.6419, -0.3799 1.2854 0.5877, -0.3798 1.2854 0.574, -0.3912 1.2854 0.5734, -0.3548 1.2854 0.5878, -0.374 1.2854 0.6281, -0.3548 1.2854 0.6282, -0.3311 1.2854 0.6284, -0.3308 1.2854 0.588, -0.3548 1.2854 0.6804, -0.3314 1.2854 0.6806, -0.3311 1.2854 0.6422, -0.3548 1.2854 0.5734, -0.3548 1.2854 0.5741, -0.3152 1.2854 0.5744, -0.256 1.2854 0.5962, -0.2578 1.2854 0.5891, -0.2582 1.2854 0.5891, -0.2996 1.2854 0.6603, -0.2421 1.2854 0.7304, -0.284 1.2854 0.6604, -0.2421 1.2854 0.6371, -0.2601 1.2854 0.596, -0.2589 1.2854 0.592, -0.1585 1.2854 0.5757, -0.1509 1.2854 0.5786, -0.1369 1.2854 0.5734, -0.151 1.2854 0.5941, -0.1514 1.2854 0.6382, -0.152 1.2854 0.6436, -0.1369 1.2854 0.7304, -0.1536 1.2854 0.6278, -0.152 1.2854 0.6324, -0.1571 1.2854 0.5903, -0.1585 1.2854 0.5898, -0.1585 1.2854 0.6217, -0.1556 1.2854 0.6246, -0.158 1.2854 0.622, -0.1745 1.2854 0.5734, -0.1741 1.2854 0.5734, -0.1585 1.2854 0.5535, -0.1738 1.2854 0.5734, -0.1585 1.2854 0.5734, -0.1599 1.2854 0.5752, -0.2053 1.2854 0.6591, -0.2052 1.2854 0.6445, -0.2131 1.2854 0.5734, -0.1612 1.2854 0.6564, -0.1661 1.2854 0.6593, -0.1585 1.2854 0.7304, -0.1538 1.2854 0.6484, -0.1567 1.2854 0.6525, -0.1585 1.2854 0.6541, -0.2082 1.2854 0.5925, -0.2063 1.2854 0.5877, -0.2035 1.2854 0.5838, -0.1745 1.2854 0.6621, -0.185 1.2854 0.6631, -0.2131 1.2854 0.7304, -0.1955 1.2854 0.6621, -0.204 1.2854 0.6127, -0.2068 1.2854 0.6086, -0.2084 1.2854 0.6041, -0.209 1.2854 0.5985, -0.1992 1.2854 0.58, -0.1956 1.2854 0.5779, -0.1876 1.2854 0.5749, -0.1834 1.2854 0.6509, -0.179 1.2854 0.6506, -0.1669 1.2854 0.6395, -0.1749 1.2854 0.6495, -0.1715 1.2854 0.6478, -0.167 1.2854 0.6375, -0.1676 1.2854 0.6351, -0.1687 1.2854 0.6331, -0.1701 1.2854 0.6315, -0.1754 1.2854 0.6281, -0.193 1.2854 0.6498, -0.1847 1.2854 0.624, -0.2015 1.2854 0.6467, -0.1905 1.2854 0.6216, -0.2005 1.2854 0.616, -0.1693 1.2854 0.6458, -0.168 1.2854 0.6439, -0.1672 1.2854 0.6419, -0.1665 1.2854 0.5868, -0.174 1.2854 0.6131, -0.1651 1.2854 0.6173, -0.1757 1.2854 0.5857, -0.1763 1.2854 0.5857, -0.1838 1.2854 0.6089, -0.1841 1.2854 0.5865, -0.1935 1.2854 0.5971, -0.1934 1.2854 0.599, -0.1879 1.2854 0.5879, -0.1893 1.2854 0.5887, -0.1911 1.2854 0.5902, -0.1924 1.2854 0.5921, -0.1932 1.2854 0.5943, -0.1927 1.2854 0.6014, -0.1915 1.2854 0.6034, -0.1897 1.2854 0.6053, -0.3912 1.2854 0.8868, -0.4044 1.2854 0.8844, -0.421 1.2854 0.8843, -0.3578 1.2854 0.7647, -0.3579 1.2854 0.7647, -0.3548 1.2854 0.7647, -0.3912 1.2854 0.8503, -0.375 1.2854 0.7647, -0.375 1.2854 0.7645, -0.3548 1.2854 0.7304, -0.316 1.2854 0.6945, -0.3912 1.2854 0.7647, -0.3912 1.2854 0.7973, -0.3867 1.2854 0.7973, -0.4368 1.2854 0.797, -0.4485 1.2854 0.7647, -0.4488 1.2854 0.764, -0.4659 1.2854 0.7639, -0.4656 1.2854 0.7647, -0.5038 1.2854 0.7647, -0.5038 1.2854 0.8868, -0.2421 1.2854 0.8868, -0.2131 1.2854 0.8868, -0.2288 1.2854 0.8857, -0.2131 1.2854 0.8858, -0.2131 1.2854 0.7794, -0.2308 1.2854 0.7793, -0.225 1.2854 0.8197, -0.225 1.2854 0.8335, -0.2287 1.2854 0.8719, -0.2131 1.2854 0.8335, -0.2131 1.2854 0.8198, -0.182 1.2854 0.82, -0.1817 1.2854 0.7796, -0.2131 1.2854 0.872, -0.1824 1.2854 0.8722, -0.1821 1.2854 0.8338, -0.1661 1.2854 0.766, -0.1585 1.2854 0.7647, -0.2131 1.2854 0.7647, -0.167 1.2854 0.8861, -0.1585 1.2854 0.8868, -0.2421 1.2854 0.7647, -0.2307 1.2854 0.7656, -0.2131 1.2854 0.7657, 0.0005 1.2854 0.7809, -0.0473 1.2854 0.7806, -0.0499 1.2854 0.7647, -0.0472 1.2854 0.7669, 0.0161 1.2854 0.7673, 0.0152 1.2854 0.8868, 0.0152 1.2854 0.8874, -0.0499 1.2854 2.7559, -0.3675 1.2854 0.148, -0.3714 1.2854 0.1575, -0.3548 1.2854 0.2419, -0.3661 1.2854 0.1378, -0.3777 1.2854 0.1656, -0.3858 1.2854 0.1719, -0.3912 1.2854 0.2419, 0.4055 1.2854 0.1772, 0.3953 1.2854 0.1758, 1.0472 1.2854 0.1772, 0.3858 1.2854 0.1719, 0.3777 1.2854 0.1656, 0.3714 1.2854 0.1575, 0.3661 1.2854 -0.0394, 0.3661 1.2854 0.1378, 0.3675 1.2854 0.148, -0.3912 1.2854 0.1741, -0.3953 1.2854 0.1758, -0.1429 1.2854 0.8834, -0.1428 1.2854 0.8672, -0.1293 1.2854 0.8726, -0.1145 1.2854 0.8745, -0.1369 1.2854 0.7837, -0.1422 1.2854 0.786, -0.1415 1.2854 0.8679, -0.1369 1.2854 0.8697, -0.1088 1.2854 0.8743, -0.0984 1.2854 0.8721, -0.0891 1.2854 0.8676, -0.0709 1.2854 0.8419, -0.0688 1.2854 0.8254, -0.1112 1.2854 0.7782, -0.0817 1.2854 0.8614, -0.0809 1.2854 0.8605, -0.1303 1.2854 0.7808, -0.1167 1.2854 0.7784, -0.075 1.2854 0.8522, -0.069 1.2854 0.8199, -0.071 1.2854 0.8081, -0.075 1.2854 0.7985, -0.0804 1.2854 0.7911, -0.0838 1.2854 0.7878, -0.1008 1.2854 0.7793, -0.0919 1.2854 0.7824, -0.1302 1.2854 0.8872, -0.1369 1.2854 2.7559, -0.1145 1.2854 0.8885, -0.0571 1.2854 2.7559, -0.0991 1.2854 0.8868, -0.0571 1.2854 0.8868, -0.0615 1.2854 0.8598, -0.0702 1.2854 0.8711, -0.0732 1.2854 0.874, -0.0845 1.2854 0.8818, -0.0971 1.2854 0.8865, -0.0557 1.2854 0.8465, -0.0571 1.2854 0.8498, -0.0571 1.2854 0.799, -0.0548 1.2854 0.805, -0.0526 1.2854 0.8246, -0.0528 1.2854 0.8309, -0.1015 1.2854 0.7648, -0.0886 1.2854 0.7676, -0.0571 1.2854 0.7647, -0.0773 1.2854 0.773, -0.0677 1.2854 0.7811, -0.0667 1.2854 0.7822, -0.0596 1.2854 0.7925, -0.1125 1.2854 0.7647, -0.1088 1.2854 0.7644, -0.1027 1.2854 0.7647, -0.1421 1.2854 0.7712, -0.1401 1.2854 0.7702, -0.1369 1.2854 0.7647, -0.1369 1.2854 0.7691, -0.1271 1.2854 0.766, -0.2421 1.2854 0.5734, -0.2421 1.2854 0.5963, -0.2172 1.2854 0.6609, -0.234 1.2854 0.6608, -0.2503 1.2854 0.5751, -0.2496 1.2854 0.5734, -0.2436 1.2854 0.5595, -0.2131 1.2854 0.5535, -0.24 1.2854 0.5535, -0.2405 1.2854 0.5541, -0.2421 1.2854 0.5569, -0.2421 1.2854 0.2419, -0.2421 1.2854 0.5381, -0.2412 1.2854 0.5375, -0.2352 1.2854 0.5353, -0.2291 1.2854 0.5346, -0.2131 1.2854 0.2419, -0.2319 1.2854 0.548, -0.2352 1.2854 0.5492, -0.2281 1.2854 0.5475, -0.2226 1.2854 0.5483, -0.2377 1.2854 0.551, -0.2195 1.2854 0.5493, -0.2194 1.2854 0.5359, -0.2258 1.2854 0.5348, -0.253 1.2854 0.5486, -0.2475 1.2854 0.5421, -0.2464 1.2854 0.5411, -0.2646 1.2854 0.5734, -0.3661 1.2854 -0.0394, -0.3548 1.2854 -0.0394, -0.2421 1.2854 -0.0394, -0.2131 1.2854 -0.0394, -0.1585 1.2854 0.2419, -0.1585 1.2854 -0.0394, -0.3912 1.2854 0.5535, -0.8311 1.2854 0.2419, -0.0499 1.2854 0.5535, -0.0499 1.2854 0.5734, -0.0571 1.2854 0.2419, -0.1369 1.2854 0.5535, -0.0571 1.2854 0.5535, -0.0571 1.2854 0.5734, -0.0414 1.2854 0.6305, 0.0016 1.2854 0.6308, 0.0018 1.2854 0.5904, -0.0499 1.2854 0.7304, -0.0452 1.2854 0.6826, -0.0453 1.2854 0.6964, -0.0472 1.2854 0.59, -0.0415 1.2854 0.6442, 0.0015 1.2854 0.6445, 0.0012 1.2854 0.683, -0.0471 1.2854 0.5763, -0.0682 1.2854 0.6174, -0.0704 1.2854 0.6413, -0.0651 1.2854 0.6131, -0.0629 1.2854 0.6079, -0.1207 1.2854 0.6578, -0.1246 1.2854 0.6539, -0.1001 1.2854 0.6637, -0.1095 1.2854 0.6627, -0.1157 1.2854 0.6607, -0.0642 1.2854 0.5872, -0.0624 1.2854 0.5923, -0.0848 1.2854 0.662, -0.0571 1.2854 0.7304, -0.0736 1.2854 0.6577, -0.0705 1.2854 0.6559, -0.1155 1.2854 0.5891, -0.1151 1.2854 0.5891, -0.1113 1.2854 0.5838, -0.0729 1.2854 0.6213, -0.0796 1.2854 0.6245, -0.0792 1.2854 0.647, -0.0904 1.2854 0.627, -0.1037 1.2854 0.6509, -0.0986 1.2854 0.6515, -0.0886 1.2854 0.6504, -0.1276 1.2854 0.6489, -0.1299 1.2854 0.6419, -0.1309 1.2854 0.6309, -0.1063 1.2854 0.5792, -0.1032 1.2854 0.5773, -0.1305 1.2854 0.5757, -0.074 1.2854 0.5773, -0.0689 1.2854 0.5809, -0.0673 1.2854 0.5826, -0.1158 1.2854 0.6304, -0.1153 1.2854 0.637, -0.1138 1.2854 0.6424, -0.1121 1.2854 0.6455, -0.0797 1.2854 0.5751, -0.0617 1.2854 0.5992, -0.0618 1.2854 0.6015, -0.1098 1.2854 0.6479, -0.1072 1.2854 0.6497, -0.4024 1.2854 0.5738, -0.4972 1.2854 0.613, -0.4912 1.2854 0.6006, -0.4822 1.2854 0.5901, -0.4696 1.2854 0.5812, -0.4559 1.2854 0.5759, -0.4355 1.2854 0.5736, -0.4033 1.2854 0.6939, -0.4376 1.2854 0.6937, -0.4559 1.2854 0.6915, -0.4703 1.2854 0.6861, -0.4829 1.2854 0.6774, -0.4871 1.2854 0.6733, -0.4944 1.2854 0.6627, -0.4988 1.2854 0.6512, -0.5007 1.2854 0.6347, -0.5003 1.2854 0.627, -0.3512 1.2854 0.8186, -0.3482 1.2854 0.8046, -0.3454 1.2854 0.8543, -0.3497 1.2854 0.8428, -0.3548 1.2854 0.8868, -0.3516 1.2854 0.8263, -0.3422 1.2854 0.7922, -0.3332 1.2854 0.7817, -0.3206 1.2854 0.7727, -0.2885 1.2854 0.8853, -0.3068 1.2854 0.8831, -0.3213 1.2854 0.8777, -0.3068 1.2854 0.7675, -0.2864 1.2854 0.7652, -0.2534 1.2854 0.7654, -0.2542 1.2854 0.8855, -0.3338 1.2854 0.869, -0.338 1.2854 0.8649, -0.6145 1.2854 0.5734, -0.8311 1.2854 0.5734, -0.8311 1.2854 0.7304, -0.8311 1.2854 0.7647, -0.8311 1.2854 0.8868, -1.0472 1.2854 0.5535, -1.0472 1.2854 0.5734, -1.0472 1.2854 0.7304, -1.0472 1.2854 0.7647, -1.0472 1.2854 0.8868, -1.0472 1.2854 2.7559, -0.8311 1.2854 2.7559, -0.5038 1.2854 2.7559, -0.3912 1.2854 2.7559, -0.3548 1.2854 2.7559, -0.2421 1.2854 2.7559, -0.2131 1.2854 2.7559, -0.1585 1.2854 2.7559, -0.3858 -1.6687 0.1575, -0.3858 -1.6647 0.167, -0.3858 1.2658 -0.0197, -0.3858 -1.6749 0.1493, -0.3858 -1.1463 0.1575, -0.3858 -1.14 0.1493, -0.3858 -1.1319 0.1431, -0.3858 -1.8602 0.1378, -0.3858 -1.7028 0.1378, -0.3858 -1.8602 -0.0197, -0.3858 -1.6926 0.1391, -0.3858 -1.6831 0.1431, -0.3858 1.2658 0.1378, -0.3858 -1.1122 0.1378, -0.3858 -1.1224 0.1391, -0.3858 -1.6634 0.5315, -0.3858 -1.1516 0.5315, -0.3858 -1.6634 0.1772, -0.3858 -1.1516 0.1772, -0.3858 -1.1502 0.167, -1.1732 -1.7028 0.1378, -1.1732 -1.8602 0.1378, -1.1732 -1.8602 -0.0197, -1.1732 0.8327 -0.0197, -1.1732 -1.6647 0.167, -1.1732 -1.6687 0.1575, -1.1732 -1.1224 0.1391, -1.1732 -1.1122 0.1378, -1.1732 0.8327 0.1378, -1.1732 -1.1319 0.1431, -1.1732 -1.14 0.1493, -1.1732 -1.1463 0.1575, -1.1732 -1.6749 0.1493, -1.1732 -1.6831 0.1431, -1.1732 -1.6926 0.1391, -1.1732 -1.1516 0.1772, -1.1732 -1.1516 0.5315, -1.1732 -1.6634 0.5315, -1.1732 -1.1502 0.167, -1.1732 -1.6634 0.1772, 0.4055 -1.8602 0.1575, 0.4055 -1.7028 0.1575, 1.1535 -1.8602 0.1575, 1.1535 -1.7028 0.1575, 1.0151 0.2315 0.1575, 1.0472 0.8524 0.1575, 1.0157 0.2264 0.1575, 1.0157 -0.2067 0.1575, 1.0131 0.2362 0.1575, 1.01 0.2403 0.1575, 1.0059 0.2434 0.1575, 1.0012 0.2454 0.1575, 0.9961 0.2461 0.1575, 1.0472 1.2658 0.1575, 0.4055 1.2658 0.1575, 0.563 0.2461 0.1575, 0.5579 0.2454 0.1575, 0.5531 0.2434 0.1575, 0.5491 0.2403 0.1575, 0.5459 0.2362 0.1575, 1.0012 -0.2257 0.1575, 1.0059 -0.2237 0.1575, 1.1535 -1.1122 0.1575, 1.01 -0.2206 0.1575, 1.0131 -0.2165 0.1575, 1.0151 -0.2118 0.1575, 1.1535 0.8524 0.1575, 0.544 -0.2118 0.1575, 0.5459 -0.2165 0.1575, 0.4055 -1.1122 0.1575, 0.5491 -0.2206 0.1575, 0.5531 -0.2237 0.1575, 0.544 0.2315 0.1575, 0.5433 0.2264 0.1575, 0.5433 -0.2067 0.1575, 0.5579 -0.2257 0.1575, 0.563 -0.2264 0.1575, 0.9961 -0.2264 0.1575, -1.1535 -1.7028 0.1575, -0.4055 -1.7028 0.1575, -1.1535 -1.8602 0.1575, -0.4055 -1.8602 0.1575, -1.0276 0.8327 0.1575, -1.0276 1.2658 0.1575, -0.4055 1.2658 0.1575, -1.01 -0.2206 0.1575, -1.0059 -0.2237 0.1575, -1.1535 -1.1122 0.1575, -1.0131 -0.2165 0.1575, -0.5531 0.2434 0.1575, -0.5579 0.2454 0.1575, -0.563 0.2461 0.1575, -0.9961 0.2461 0.1575, -1.1535 0.8327 0.1575, -1.0012 0.2454 0.1575, -1.0059 0.2434 0.1575, -0.544 0.2315 0.1575, -0.5459 0.2362 0.1575, -0.5491 0.2403 0.1575, -0.5579 -0.2257 0.1575, -0.5531 -0.2237 0.1575, -0.4055 -1.1122 0.1575, -0.5491 -0.2206 0.1575, -0.5459 -0.2165 0.1575, -1.01 0.2403 0.1575, -1.0131 0.2362 0.1575, -1.0151 0.2315 0.1575, -1.0012 -0.2257 0.1575, -0.9961 -0.2264 0.1575, -0.563 -0.2264 0.1575, -0.544 -0.2118 0.1575, -0.5433 -0.2067 0.1575, -0.5433 0.2264 0.1575, -1.0157 0.2264 0.1575, -1.0157 -0.2067 0.1575, -1.0151 -0.2118 0.1575, 1.1929 -1.8799 0.1378, 1.1929 -1.8799 -0.0394, 1.4213 -1.8799 -0.0394, -0.3714 -1.8799 0.1575, -0.3675 -1.8799 0.148, 0.3714 -1.8799 0.1575, -0.3777 -1.8799 0.1656, 0.4055 -1.8799 0.1772, 1.1535 -1.8799 0.1772, 1.4213 -1.8799 1.2205, 1.1637 -1.8799 0.1758, 1.1732 -1.8799 0.1719, 1.1814 -1.8799 0.1656, 1.1876 -1.8799 0.1575, 1.1916 -1.8799 0.148, 0.3777 -1.8799 0.1656, -1.4213 -1.8799 1.2205, 0.3858 -1.8799 0.1719, 0.3953 -1.8799 0.1758, -0.3661 -1.8799 -0.0394, 0.3661 -1.8799 -0.0394, -0.3661 -1.8799 0.1378, 0.3661 -1.8799 0.1378, 0.3675 -1.8799 0.148, -1.1814 -1.8799 0.1656, -1.1732 -1.8799 0.1719, -1.1637 -1.8799 0.1758, -1.1535 -1.8799 0.1772, -1.1929 -1.8799 -0.0394, -1.1929 -1.8799 0.1378, -1.4213 -1.8799 -0.0394, -1.1916 -1.8799 0.148, -1.1876 -1.8799 0.1575, -0.4055 -1.8799 0.1772, -0.3953 -1.8799 0.1758, -0.3858 -1.8799 0.1719, 1.1929 0.8524 -0.0394, 1.5591 0.7146 -0.0394, 1.5591 -1.7421 -0.0394, 1.5544 -1.7778 -0.0394, 1.5406 -1.811 -0.0394, 1.4213 0.8524 -0.0394, 1.4569 0.8477 -0.0394, 1.4902 0.8339 -0.0394, 1.5187 -1.8396 -0.0394, 1.4902 -1.8615 -0.0394, 1.4569 -1.8752 -0.0394, 1.5187 0.812 -0.0394, 1.5406 0.7835 -0.0394, 1.5544 0.7502 -0.0394, 1.1732 0.8524 0.1378, 1.1726 0.8524 0.1429, 1.1675 0.8524 0.1517, 1.1634 0.8524 0.1548, 1.4213 0.8524 1.2205, 1.1586 0.8524 0.1568, 1.0472 0.8524 1.2205, 1.1706 0.8524 0.1476, 1.1732 0.8524 -0.0197, 1.1737 0.8524 -0.0241, 1.1806 0.8524 -0.0351, 1.1844 0.8524 -0.0374, 1.1885 0.8524 -0.0389, 1.1775 0.8524 -0.032, 1.1752 0.8524 -0.0282, 1.0472 1.3033 3.5433, 1.0472 1.0944 3.5433, 1.0472 0.8524 2.7953, 1.0472 1.2848 0.1721, 1.0472 1.0889 3.5411, 1.0472 1.0877 3.5396, 1.0472 1.0868 3.5378, 1.0472 1.2708 0.1582, 1.0472 1.2756 0.1601, 1.0472 1.3108 3.5378, 1.0472 1.31 3.5396, 1.0472 1.0924 3.5431, 1.0472 1.0905 3.5423, 1.0472 1.5453 2.7953, 1.0472 1.5453 2.7559, 1.0472 1.2797 0.1632, 1.0472 1.2828 0.1673, 1.0472 1.3087 3.5411, 1.0472 1.3071 3.5423, 1.0472 1.3053 3.5431, -1.1929 0.8524 0.1378, -1.1929 0.8524 -0.0394, -1.4213 0.8524 -0.0394, -1.4213 0.8524 1.2205, -1.1637 0.8524 0.1758, -1.1732 0.8524 0.1719, -1.1535 0.8524 0.1772, -1.0472 0.8524 1.2205, -1.0472 0.8524 0.1772, -1.1814 0.8524 0.1656, -1.1876 0.8524 0.1575, -1.1916 0.8524 0.148, -1.4569 -1.8752 -0.0394, -1.4902 -1.8615 -0.0394, -1.5187 -1.8396 -0.0394, -1.5406 -1.811 -0.0394, -1.5544 -1.7778 -0.0394, -1.5591 -1.7421 -0.0394, -1.5591 0.7146 -0.0394, -1.5544 0.7502 -0.0394, -1.4569 0.8477 -0.0394, -1.4902 0.8339 -0.0394, -1.5406 0.7835 -0.0394, -1.5187 0.812 -0.0394, -1.0472 1.0868 3.5378, -1.0472 1.0877 3.5396, -1.0472 1.0889 3.5411, -1.0472 1.0905 3.5423, -1.0472 1.31 3.5396, -1.0472 1.3108 3.5378, -1.0472 1.3033 3.5433, -1.0472 0.8524 2.7953, -1.0472 1.0924 3.5431, -1.0472 1.0944 3.5433, -1.0472 1.5453 2.7953, -1.0472 1.5453 2.7559, -1.0472 1.3053 3.5431, -1.0472 1.3071 3.5423, -1.0472 1.3087 3.5411, -1.5591 -1.7421 1.2205, -1.5591 0.7146 1.2205, 1.5591 -1.7421 1.2205, 1.5591 0.7146 1.2205, 1.0131 0.2362 1.2205, 1.0151 0.2315 1.2205, -1.0012 -0.2257 1.2205, -1.4569 -1.8752 1.2205, -0.9961 -0.2264 1.2205, -0.563 -0.2264 1.2205, 1.4902 -1.8615 1.2205, 1.5187 -1.8396 1.2205, 1.0059 -0.2237 1.2205, -1.5406 -1.811 1.2205, -1.5187 -1.8396 1.2205, -1.4902 -1.8615 1.2205, -1.0059 -0.2237 1.2205, -1.01 -0.2206 1.2205, 0.5459 0.2362 1.2205, 0.5491 0.2403 1.2205, -0.5491 0.2403 1.2205, -1.5544 -1.7778 1.2205, -1.0059 0.2434 1.2205, -1.4569 0.8477 1.2205, -1.01 0.2403 1.2205, -1.4902 0.8339 1.2205, -1.5187 0.812 1.2205, 1.0151 -0.2118 1.2205, 1.0157 -0.2067 1.2205, 1.0157 0.2264 1.2205, -1.5406 0.7835 1.2205, -1.5544 0.7502 1.2205, -1.0131 0.2362 1.2205, -1.0151 0.2315 1.2205, -1.0157 0.2264 1.2205, 0.5531 -0.2237 1.2205, 0.5491 -0.2206 1.2205, -0.5531 -0.2237 1.2205, 1.0131 -0.2165 1.2205, 1.01 -0.2206 1.2205, 1.5544 -1.7778 1.2205, 1.5406 -1.811 1.2205, -1.0131 -0.2165 1.2205, -1.0151 -0.2118 1.2205, -1.0157 -0.2067 1.2205, -1.0012 0.2454 1.2205, -0.9961 0.2461 1.2205, 1.01 0.2403 1.2205, 1.5544 0.7502 1.2205, 1.5406 0.7835 1.2205, -0.563 0.2461 1.2205, -0.5579 0.2454 1.2205, 0.563 -0.2264 1.2205, 0.5579 -0.2257 1.2205, -0.5579 -0.2257 1.2205, 0.5531 0.2434 1.2205, 1.5187 0.812 1.2205, 1.4902 0.8339 1.2205, 1.4569 -1.8752 1.2205, 1.0012 -0.2257 1.2205, 0.9961 -0.2264 1.2205, 0.5433 -0.2067 1.2205, 0.544 -0.2118 1.2205, 0.5459 -0.2165 1.2205, 0.5433 0.2264 1.2205, 0.544 0.2315 1.2205, 0.563 0.2461 1.2205, 0.9961 0.2461 1.2205, 1.0012 0.2454 1.2205, 1.0059 0.2434 1.2205, 0.5579 0.2454 1.2205, -0.5459 0.2362 1.2205, -0.544 0.2315 1.2205, -0.5433 0.2264 1.2205, -0.5433 -0.2067 1.2205, -0.544 -0.2118 1.2205, -0.5459 -0.2165 1.2205, -0.5491 -0.2206 1.2205, 1.4569 0.8477 1.2205, -0.5531 0.2434 1.2205, 0.3858 -1.7028 0.1378, 0.3858 -1.8602 0.1378, 0.3858 -1.8602 -0.0197, 0.3858 -1.1122 0.1378, 0.3858 -1.1224 0.1391, 0.3858 -1.6647 0.167, 0.3858 1.2658 0.1378, 0.3858 1.2658 -0.0197, 0.3858 -1.6687 0.1575, 0.3858 -1.1319 0.1431, 0.3858 -1.14 0.1493, 0.3858 -1.1463 0.1575, 0.3858 -1.6749 0.1493, 0.3858 -1.6831 0.1431, 0.3858 -1.6926 0.1391, 0.3858 -1.1516 0.1772, 0.3858 -1.1516 0.5315, 0.3858 -1.6634 0.5315, 0.3858 -1.1502 0.167, 0.3858 -1.6634 0.1772, 1.1732 -1.1122 0.1378, 1.1732 -1.1463 0.1575, 1.1732 -1.14 0.1493, 1.1732 -1.6647 0.167, 1.1732 -1.1319 0.1431, 1.1732 -1.1224 0.1391, 1.1732 -1.8602 0.1378, 1.1732 -1.7028 0.1378, 1.1732 -1.8602 -0.0197, 1.1732 -1.6926 0.1391, 1.1732 -1.6831 0.1431, 1.1732 -1.6749 0.1493, 1.1732 -1.6687 0.1575, 1.1732 -1.6634 0.5315, 1.1732 -1.1516 0.5315, 1.1732 -1.6634 0.1772, 1.1732 -1.1516 0.1772, 1.1732 -1.1502 0.167, -0.4055 -1.6831 0.5315, -0.4055 -1.6831 0.1772, -1.1535 -1.6831 0.5315, -1.1535 -1.6831 0.1772, -1.1535 -1.1319 0.5315, -1.1535 -1.1319 0.1772, -0.4055 -1.1319 0.5315, -0.4055 -1.1319 0.1772, -1.1535 -1.1516 0.5512, -0.4055 -1.1516 0.5512, -1.1535 -1.6634 0.5512, -0.4055 -1.6634 0.5512, 1.1535 -1.6831 0.1772, 0.4055 -1.6831 0.1772, 1.1535 -1.6831 0.5512, 0.4055 -1.6831 0.5512, 0.4055 -1.1319 0.1772, 1.1535 -1.1319 0.1772, 0.4055 -1.1319 0.5512, 1.1535 -1.1319 0.5512, 1.1739 -1.8653 -0.0248, 1.1738 -1.8646 -0.0241, 1.1759 -1.8701 -0.0295, 1.1753 -1.8687 -0.0282, 1.1831 -1.8772 -0.0366, 1.1806 -1.8756 -0.0351, 1.179 -1.8742 -0.0336, 1.1777 -1.8724 -0.0319, 1.1844 -1.878 -0.0374, 1.1878 -1.8792 -0.0387, 1.1885 -1.8794 -0.0389, 1.1907 -1.8798 -0.0392, 1.174 -1.8653 0.1378, 1.1885 -1.8794 0.1378, 1.1752 -1.8688 0.1378, 1.176 -1.87 0.1378, 1.1775 -1.8725 0.1378, 1.1791 -1.8741 0.1378, 1.1806 -1.8756 0.1378, 1.1831 -1.8772 0.1378, 1.1844 -1.878 0.1378, 1.1878 -1.8792 0.1378, 1.1737 -1.8646 0.1378, 1.1726 -1.7028 0.1429, 1.1726 -1.8602 0.1429, 1.1706 -1.7028 0.1476, 1.1706 -1.8602 0.1476, 1.1675 -1.7028 0.1517, 1.1675 -1.8602 0.1517, 1.1634 -1.7028 0.1548, 1.1634 -1.8602 0.1548, 1.1586 -1.7028 0.1568, 1.1586 -1.8602 0.1568, 1.1873 -1.8794 0.1469, 1.1833 -1.878 0.1458, 1.1797 -1.8756 0.1448, 1.1767 -1.8725 0.144, 1.1744 -1.8688 0.1434, 1.173 -1.8646 0.143, 1.1838 -1.8794 0.1553, 1.1802 -1.878 0.1532, 1.177 -1.8756 0.1513, 1.1743 -1.8725 0.1498, 1.1723 -1.8688 0.1486, 1.171 -1.8646 0.1479, 1.1783 -1.8794 0.1625, 1.1753 -1.878 0.1596, 1.1727 -1.8756 0.157, 1.1705 -1.8725 0.1548, 1.1688 -1.8688 0.1531, 1.1678 -1.8646 0.1521, 1.171 -1.8794 0.1681, 1.169 -1.878 0.1645, 1.1671 -1.8756 0.1613, 1.1655 -1.8725 0.1586, 1.1644 -1.8688 0.1565, 1.1636 -1.8646 0.1553, 1.1626 -1.8794 0.1716, 1.1615 -1.878 0.1676, 1.1606 -1.8756 0.164, 1.1597 -1.8725 0.161, 1.1591 -1.8688 0.1587, 1.1588 -1.8646 0.1573, 1.1535 -1.8794 0.1728, 1.1535 -1.878 0.1686, 1.1535 -1.8756 0.1649, 1.1535 -1.8725 0.1618, 1.1535 -1.8688 0.1594, 1.1535 -1.8646 0.158, 1.1586 -1.6824 0.1772, 1.1535 -1.6837 0.1721, 1.1586 -1.6831 0.1719, 1.1535 -1.6857 0.1673, 1.1586 -1.6851 0.167, 1.1535 -1.6888 0.1632, 1.1586 -1.6884 0.1628, 1.1535 -1.6929 0.1601, 1.1586 -1.6926 0.1595, 1.1535 -1.6977 0.1582, 1.1586 -1.6975 0.1575, 1.1634 -1.6804 0.1772, 1.1634 -1.6812 0.1714, 1.1634 -1.6834 0.166, 1.1634 -1.687 0.1614, 1.1634 -1.6916 0.1578, 1.1634 -1.697 0.1556, 1.1675 -1.6773 0.1772, 1.1675 -1.6782 0.1706, 1.1675 -1.6807 0.1644, 1.1675 -1.6848 0.1592, 1.1675 -1.69 0.1551, 1.1675 -1.6962 0.1526, 1.1706 -1.6732 0.1772, 1.1706 -1.6742 0.1695, 1.1706 -1.6772 0.1624, 1.1706 -1.6819 0.1563, 1.1706 -1.688 0.1516, 1.1706 -1.6951 0.1486, 1.1726 -1.6685 0.1772, 1.1726 -1.6696 0.1683, 1.1726 -1.6731 0.16, 1.1726 -1.6785 0.1529, 1.1726 -1.6856 0.1475, 1.1726 -1.6939 0.1441, 0.4055 -1.8794 0.1728, 0.4055 -1.878 0.1686, 0.4055 -1.8756 0.1649, 0.4055 -1.8725 0.1618, 0.4055 -1.8688 0.1594, 0.4055 -1.8646 0.158, 0.3863 -1.7028 0.1422, 0.3865 -1.8602 0.1429, 0.3866 -1.7028 0.1429, 0.3878 -1.7028 0.1463, 0.3885 -1.8602 0.1476, 0.3886 -1.7028 0.1476, 0.3901 -1.7028 0.1501, 0.3916 -1.8602 0.1517, 0.3917 -1.7028 0.1516, 0.3932 -1.7028 0.1532, 0.3957 -1.8602 0.1548, 0.3957 -1.7028 0.1547, 0.397 -1.7028 0.1555, 0.4004 -1.8602 0.1568, 0.4004 -1.7028 0.1567, 0.4011 -1.7028 0.157, 0.4055 -1.6837 0.1721, 0.4055 -1.6857 0.1673, 0.4055 -1.6888 0.1632, 0.4055 -1.6929 0.1601, 0.4055 -1.6977 0.1582, 1.1726 -1.6685 0.5366, 1.1706 -1.6732 0.5413, 1.1675 -1.6773 0.5454, 1.1655 -1.679 0.5471, 1.1634 -1.6804 0.5485, 1.1611 -1.6816 0.5497, 1.1586 -1.6824 0.5505, 1.1561 -1.6829 0.551, 0.4003 -1.8646 0.1573, 0.3717 -1.8794 0.1469, 0.3705 -1.8794 0.1378, 0.3712 -1.8792 0.1378, 0.3757 -1.878 0.1458, 0.3747 -1.878 0.1378, 0.3759 -1.8772 0.1378, 0.3793 -1.8756 0.1448, 0.3784 -1.8756 0.1378, 0.38 -1.8741 0.1378, 0.3823 -1.8725 0.144, 0.3965 -1.8794 0.1716, 0.3975 -1.878 0.1676, 0.3985 -1.8756 0.164, 0.3993 -1.8725 0.161, 0.3999 -1.8688 0.1587, 0.388 -1.8794 0.1681, 0.3901 -1.878 0.1645, 0.392 -1.8756 0.1613, 0.3935 -1.8725 0.1586, 0.3947 -1.8688 0.1565, 0.3808 -1.8794 0.1625, 0.3837 -1.878 0.1596, 0.3864 -1.8756 0.157, 0.3886 -1.8725 0.1548, 0.3902 -1.8688 0.1531, 0.3752 -1.8794 0.1553, 0.3788 -1.878 0.1532, 0.382 -1.8756 0.1513, 0.3847 -1.8725 0.1498, 0.3868 -1.8688 0.1486, 0.3846 -1.8688 0.1434, 0.3815 -1.8725 0.1378, 0.3831 -1.87 0.1378, 0.3839 -1.8688 0.1378, 0.3851 -1.8653 0.1378, 0.3954 -1.8646 0.1553, 0.3912 -1.8646 0.1521, 0.388 -1.8646 0.1479, 0.386 -1.8646 0.143, 0.3853 -1.8646 0.1378, 0.3863 -1.6937 0.1434, 0.3866 -1.6685 0.1772, 0.3878 -1.6719 0.1772, 0.3878 -1.673 0.1692, 0.3878 -1.6948 0.1474, 0.3886 -1.6732 0.1772, 0.3901 -1.6757 0.1772, 0.3901 -1.6766 0.1702, 0.3901 -1.6957 0.151, 0.3917 -1.6772 0.1772, 0.3932 -1.6788 0.1772, 0.3932 -1.6796 0.171, 0.3932 -1.6965 0.154, 0.3957 -1.6803 0.1772, 0.397 -1.6811 0.1772, 0.397 -1.6819 0.1716, 0.397 -1.6972 0.1563, 0.4004 -1.6823 0.1772, 0.4011 -1.6826 0.1772, 0.4011 -1.6833 0.1719, 0.4011 -1.6975 0.1577, 0.4011 -1.6927 0.1597, 0.4011 -1.6885 0.1629, 0.4011 -1.6853 0.1671, 0.397 -1.6919 0.1584, 0.397 -1.6875 0.1619, 0.397 -1.684 0.1663, 0.3932 -1.6908 0.1564, 0.3932 -1.6858 0.1602, 0.3932 -1.682 0.1652, 0.3901 -1.6892 0.1537, 0.3901 -1.6836 0.158, 0.3901 -1.6793 0.1636, 0.3878 -1.6873 0.1505, 0.3878 -1.681 0.1554, 0.3878 -1.6761 0.1618, 0.3863 -1.6853 0.1469, 0.3863 -1.678 0.1524, 0.3863 -1.6725 0.1597, 0.3863 -1.669 0.1681, 0.3863 -1.6678 0.1772, 1.1726 -1.1465 0.5366, 1.1706 -1.1417 0.5413, 1.1675 -1.1377 0.5454, 1.1655 -1.136 0.5471, 1.1634 -1.1345 0.5485, 1.1611 -1.1334 0.5497, 1.1586 -1.1326 0.5505, 1.1561 -1.1321 0.551, 0.3852 -1.8653 -0.0248, 0.3832 -1.8701 -0.0295, 0.3801 -1.8742 -0.0336, 0.3781 -1.8759 -0.0353, 0.376 -1.8773 -0.0367, 0.3737 -1.8784 -0.0379, 0.3712 -1.8792 -0.0387, 0.3687 -1.8798 -0.0392, 0.4029 -1.6829 0.551, 0.4004 -1.6824 0.5505, 0.398 -1.6816 0.5497, 0.3957 -1.6804 0.5485, 0.3935 -1.679 0.5471, 0.3916 -1.6773 0.5454, 0.3885 -1.6732 0.5413, 0.3865 -1.6685 0.5366, 1.1579 -1.1324 0.1772, 1.1586 -1.1326 0.1772, 1.1621 -1.1338 0.1772, 1.1633 -1.1346 0.1772, 1.1658 -1.1362 0.1772, 1.1674 -1.1377 0.1772, 1.1689 -1.1393 0.1772, 1.1705 -1.1418 0.1772, 1.1713 -1.143 0.1772, 1.1725 -1.1465 0.1772, 1.1727 -1.1472 0.1772, 1.1727 -1.1122 0.1422, 1.1725 -1.1122 0.1429, 1.1713 -1.1122 0.1463, 1.1705 -1.1122 0.1476, 1.1689 -1.1122 0.1501, 1.1674 -1.1122 0.1516, 1.1658 -1.1122 0.1532, 1.1633 -1.1122 0.1547, 1.1621 -1.1122 0.1555, 1.1586 -1.1122 0.1567, 1.1579 -1.1122 0.157, 0.3781 1.2814 -0.0353, 0.3801 1.2797 -0.0336, 0.3832 1.2756 -0.0295, 0.3852 1.2708 -0.0248, 0.376 1.2828 -0.0367, 0.3737 1.2839 -0.0379, 0.3712 1.2848 -0.0387, 0.3687 1.2853 -0.0392, 0.4029 -1.1321 0.551, 0.4004 -1.1326 0.5505, 0.398 -1.1334 0.5497, 0.3957 -1.1345 0.5485, 0.3935 -1.136 0.5471, 0.3916 -1.1377 0.5454, 0.3885 -1.1417 0.5413, 0.3865 -1.1465 0.5366, 1.1727 -1.1213 0.1434, 1.1713 -1.142 0.1692, 1.1713 -1.1202 0.1474, 1.1689 -1.1384 0.1702, 1.1689 -1.1192 0.151, 1.1658 -1.1354 0.171, 1.1658 -1.1184 0.154, 1.1621 -1.1331 0.1716, 1.1621 -1.1178 0.1563, 1.1579 -1.1317 0.1719, 1.1535 -1.1173 0.1582, 1.1579 -1.1174 0.1577, 1.1535 -1.122 0.1601, 1.1579 -1.1223 0.1597, 1.1535 -1.1261 0.1632, 1.1579 -1.1265 0.1629, 1.1535 -1.1292 0.1673, 1.1579 -1.1297 0.1671, 1.1535 -1.1312 0.1721, 1.1621 -1.123 0.1584, 1.1621 -1.1275 0.1619, 1.1621 -1.1309 0.1663, 1.1658 -1.1242 0.1564, 1.1658 -1.1292 0.1602, 1.1658 -1.133 0.1652, 1.1689 -1.1258 0.1537, 1.1689 -1.1314 0.158, 1.1689 -1.1357 0.1636, 1.1713 -1.1276 0.1505, 1.1713 -1.134 0.1554, 1.1713 -1.1389 0.1618, 1.1727 -1.1297 0.1469, 1.1727 -1.1369 0.1524, 1.1727 -1.1425 0.1597, 1.1727 -1.146 0.1681, 0.4055 1.2701 0.158, 0.4055 1.2708 0.1582, 0.4055 1.2743 0.1594, 0.4055 1.2755 0.1602, 0.4055 1.278 0.1618, 0.4055 1.2796 0.1633, 0.4055 1.2811 0.1649, 0.4055 1.2827 0.1674, 0.4055 1.2835 0.1686, 0.4055 1.2847 0.1721, 0.4055 1.2849 0.1728, 0.3705 1.2849 0.1378, 0.3712 1.2847 0.1378, 0.3747 1.2835 0.1378, 0.3759 1.2827 0.1378, 0.3784 1.2811 0.1378, 0.38 1.2796 0.1378, 0.3815 1.278 0.1378, 0.3831 1.2755 0.1378, 0.3839 1.2743 0.1378, 0.3851 1.2708 0.1378, 0.3853 1.2701 0.1378, 0.3865 -1.1465 0.1772, 0.3885 -1.1417 0.1772, 0.3916 -1.1377 0.1772, 0.3957 -1.1345 0.1772, 0.4004 -1.1326 0.1772, 0.4055 -1.1312 0.1721, 0.4055 -1.1292 0.1673, 0.4055 -1.1261 0.1632, 0.4055 -1.122 0.1601, 0.4055 -1.1173 0.1582, 0.3965 1.2849 0.1716, 0.3717 1.2849 0.1469, 0.3757 1.2835 0.1458, 0.3975 1.2835 0.1676, 0.3793 1.2811 0.1448, 0.3985 1.2811 0.164, 0.3823 1.278 0.144, 0.3993 1.278 0.161, 0.3846 1.2743 0.1434, 0.3752 1.2849 0.1553, 0.3788 1.2835 0.1532, 0.382 1.2811 0.1513, 0.3847 1.278 0.1498, 0.3868 1.2743 0.1486, 0.3808 1.2849 0.1625, 0.3837 1.2835 0.1596, 0.3864 1.2811 0.157, 0.3886 1.278 0.1548, 0.3902 1.2743 0.1531, 0.388 1.2849 0.1681, 0.3901 1.2835 0.1645, 0.392 1.2811 0.1613, 0.3935 1.278 0.1586, 0.3947 1.2743 0.1565, 0.3999 1.2743 0.1587, 0.386 1.2701 0.143, 0.388 1.2701 0.1479, 0.3912 1.2701 0.1521, 0.3954 1.2701 0.1553, 0.4003 1.2701 0.1573, 0.3865 1.2658 0.1429, 0.3885 1.2658 0.1476, 0.3916 1.2658 0.1517, 0.3957 1.2658 0.1548, 0.4004 1.2658 0.1568, 0.4004 -1.1319 0.1719, 0.4004 -1.1298 0.167, 0.4004 -1.1266 0.1628, 0.4004 -1.1224 0.1595, 0.4004 -1.1175 0.1575, 0.4004 -1.1122 0.1568, 0.3957 -1.1338 0.1714, 0.3957 -1.1315 0.166, 0.3957 -1.128 0.1614, 0.3957 -1.1234 0.1578, 0.3957 -1.118 0.1556, 0.3957 -1.1122 0.1548, 0.3916 -1.1368 0.1706, 0.3916 -1.1342 0.1644, 0.3916 -1.1302 0.1592, 0.3916 -1.1249 0.1551, 0.3916 -1.1188 0.1526, 0.3916 -1.1122 0.1517, 0.3885 -1.1407 0.1695, 0.3885 -1.1378 0.1624, 0.3885 -1.1331 0.1563, 0.3885 -1.127 0.1516, 0.3885 -1.1198 0.1486, 0.3885 -1.1122 0.1476, 0.3865 -1.1453 0.1683, 0.3865 -1.1419 0.16, 0.3865 -1.1364 0.1529, 0.3865 -1.1293 0.1475, 0.3865 -1.1211 0.1441, 0.3865 -1.1122 0.1429, -1.0471 1.2853 0.175, -1.0471 0.8522 0.175, -1.0468 1.2849 0.1728, -1.0468 0.8519 0.1728, -1.0461 1.2843 0.1707, -1.0461 0.8513 0.1707, -1.0453 1.2835 0.1686, -1.0453 0.8504 0.1686, -1.0429 1.2811 0.1649, -1.0429 0.8481 0.1649, -1.0398 1.278 0.1618, -1.0398 0.845 0.1618, -1.0361 1.2743 0.1594, -1.0361 0.8412 0.1594, -1.0319 1.2701 0.158, -1.0319 0.8371 0.158, -1.1535 0.837 0.1581, -1.1535 0.8378 0.1582, -1.1535 0.8412 0.1596, -1.1535 0.8425 0.1601, -1.1535 0.8449 0.1619, -1.1535 0.8466 0.1632, -1.1535 0.8518 0.1728, -1.1535 0.8479 0.165, -1.1535 0.8497 0.1673, -1.1535 0.8503 0.1687, -1.1535 0.8517 0.1721, -1.1903 0.8522 -0.0392, -1.1878 0.8517 0.1378, -1.1831 0.8497 0.1378, -1.1854 0.8509 -0.0379, -1.1878 0.8517 -0.0387, -1.179 0.8466 -0.0336, -1.1809 0.8483 -0.0353, -1.1831 0.8497 -0.0367, -1.179 0.8466 0.1378, -1.1759 0.8425 0.1378, -1.1759 0.8425 -0.0295, -1.1739 0.8378 0.1378, -1.1739 0.8378 -0.0248, -0.3832 1.2756 0.1378, -0.3838 1.2742 -0.0282, -0.3852 1.2708 0.1378, -0.3852 1.2708 -0.0248, -0.3853 1.2701 -0.0241, -0.3801 1.2797 0.1378, -0.3814 1.2779 -0.0319, -0.3832 1.2756 -0.0295, -0.376 1.2828 0.1378, -0.3784 1.2811 -0.0351, -0.3801 1.2797 -0.0336, -0.3712 1.2848 0.1378, -0.3747 1.2835 -0.0374, -0.3759 1.2827 -0.0366, -0.3683 1.2853 -0.0392, -0.3705 1.2849 -0.0389, -0.3712 1.2848 -0.0387, -0.4055 1.2849 0.1728, -0.4055 1.2848 0.1721, -0.4055 1.2834 0.1687, -0.4055 1.2828 0.1673, -0.4055 1.281 0.165, -0.4055 1.2797 0.1632, -0.4055 1.2779 0.1619, -0.4055 1.2756 0.1601, -0.4055 1.2742 0.1596, -0.4055 1.2708 0.1582, -0.4055 1.2701 0.1581, -1.1624 0.8517 0.1709, -1.1612 0.8497 0.1663, -1.1601 0.8466 0.1624, -1.1593 0.8425 0.1594, -1.1867 0.8517 0.1467, -1.1821 0.8497 0.1454, -1.1781 0.8466 0.1444, -1.1751 0.8425 0.1436, -1.1732 0.8378 0.1431, -1.1832 0.8517 0.1549, -1.1791 0.8497 0.1526, -1.1756 0.8466 0.1505, -1.1729 0.8425 0.149, -1.1712 0.8378 0.148, -1.1778 0.8517 0.162, -1.1744 0.8497 0.1587, -1.1715 0.8466 0.1558, -1.1693 0.8425 0.1536, -1.1679 0.8378 0.1522, -1.1707 0.8517 0.1675, -1.1683 0.8497 0.1634, -1.1663 0.8466 0.1598, -1.1647 0.8425 0.1571, -1.1637 0.8378 0.1554, -1.1588 0.8378 0.1575, -1.1726 0.8327 0.1429, -1.1706 0.8327 0.1476, -1.1675 0.8327 0.1517, -1.1634 0.8327 0.1548, -1.1586 0.8327 0.1568, -1.179 -1.8742 -0.0336, -1.1809 -1.8759 -0.0353, -1.1831 -1.8773 -0.0367, -1.1854 -1.8784 -0.0379, -1.1878 -1.8792 -0.0387, -1.1903 -1.8798 -0.0392, -1.1759 -1.8701 -0.0295, -1.1739 -1.8653 -0.0248, -0.3853 -1.8646 -0.0241, -0.3838 -1.8687 -0.0282, -0.3852 -1.8653 -0.0248, -0.3814 -1.8724 -0.0319, -0.3832 -1.8701 -0.0295, -0.3784 -1.8756 -0.0351, -0.3801 -1.8742 -0.0336, -0.3759 -1.8772 -0.0366, -0.3747 -1.878 -0.0374, -0.3712 -1.8792 -0.0387, -0.3705 -1.8794 -0.0389, -0.3683 -1.8798 -0.0392, -0.3966 1.2848 0.1709, -0.3979 1.2828 0.1663, -0.3989 1.2797 0.1624, -0.3997 1.2756 0.1594, -0.4002 1.2708 0.1575, -0.4004 1.2658 0.1568, -0.3884 1.2848 0.1675, -0.3907 1.2828 0.1634, -0.3928 1.2797 0.1598, -0.3944 1.2756 0.1571, -0.3953 1.2708 0.1554, -0.3957 1.2658 0.1548, -0.3813 1.2848 0.162, -0.3846 1.2828 0.1587, -0.3875 1.2797 0.1558, -0.3897 1.2756 0.1536, -0.3911 1.2708 0.1522, -0.3916 1.2658 0.1517, -0.3758 1.2848 0.1549, -0.3799 1.2828 0.1526, -0.3835 1.2797 0.1505, -0.3862 1.2756 0.149, -0.3879 1.2708 0.148, -0.3885 1.2658 0.1476, -0.3724 1.2848 0.1467, -0.377 1.2828 0.1454, -0.3809 1.2797 0.1444, -0.384 1.2756 0.1436, -0.3858 1.2708 0.1431, -0.3865 1.2658 0.1429, -1.1726 -1.1122 0.1429, -1.1706 -1.1122 0.1476, -1.1675 -1.1122 0.1517, -1.1634 -1.1122 0.1548, -1.1586 -1.1122 0.1568, -1.1739 -1.8653 0.1378, -1.1759 -1.8701 0.1378, -1.179 -1.8742 0.1378, -1.1831 -1.8773 0.1378, -1.1878 -1.8792 0.1378, -1.1535 -1.8793 0.1728, -0.4055 -1.8793 0.1728, -0.4055 -1.8792 0.1721, -1.1535 -1.8792 0.1721, -0.4055 -1.8778 0.1687, -1.1535 -1.8778 0.1687, -0.4055 -1.8773 0.1673, -1.1535 -1.8773 0.1673, -0.4055 -1.8755 0.165, -1.1535 -1.8755 0.165, -0.4055 -1.8742 0.1632, -1.1535 -1.8742 0.1632, -0.4055 -1.8724 0.1619, -1.1535 -1.8724 0.1619, -0.4055 -1.8701 0.1601, -1.1535 -1.8701 0.1601, -0.4055 -1.8687 0.1596, -1.1535 -1.8687 0.1596, -0.4055 -1.8653 0.1582, -1.1535 -1.8653 0.1582, -0.4055 -1.8646 0.1581, -1.1535 -1.8646 0.1581, -0.3712 -1.8792 0.1378, -0.376 -1.8773 0.1378, -0.3801 -1.8742 0.1378, -0.3832 -1.8701 0.1378, -0.3852 -1.8653 0.1378, -0.3863 -1.1122 0.1422, -0.3866 -1.1122 0.1429, -0.3878 -1.1122 0.1463, -0.3886 -1.1122 0.1476, -0.3901 -1.1122 0.1501, -0.3917 -1.1122 0.1516, -0.3932 -1.1122 0.1532, -0.3957 -1.1122 0.1547, -0.397 -1.1122 0.1555, -0.4004 -1.1122 0.1567, -0.4011 -1.1122 0.157, -1.1535 -1.1312 0.1721, -0.4055 -1.1312 0.1721, -1.1535 -1.1292 0.1673, -0.4055 -1.1292 0.1673, -1.1535 -1.1261 0.1632, -0.4055 -1.1261 0.1632, -1.1535 -1.122 0.1601, -0.4055 -1.122 0.1601, -1.1535 -1.1173 0.1582, -0.4055 -1.1173 0.1582, -1.1586 -1.1326 0.1772, -1.1586 -1.1319 0.1719, -1.1586 -1.1298 0.167, -1.1586 -1.1266 0.1628, -1.1586 -1.1224 0.1595, -1.1586 -1.1175 0.1575, -1.1634 -1.1345 0.1772, -1.1634 -1.1338 0.1714, -1.1634 -1.1315 0.166, -1.1634 -1.128 0.1614, -1.1634 -1.1234 0.1578, -1.1634 -1.118 0.1556, -1.1675 -1.1377 0.1772, -1.1675 -1.1368 0.1706, -1.1675 -1.1342 0.1644, -1.1675 -1.1302 0.1592, -1.1675 -1.1249 0.1551, -1.1675 -1.1188 0.1526, -1.1706 -1.1417 0.1772, -1.1706 -1.1407 0.1695, -1.1706 -1.1378 0.1624, -1.1706 -1.1331 0.1563, -1.1706 -1.127 0.1516, -1.1706 -1.1198 0.1486, -1.1726 -1.1465 0.1772, -1.1726 -1.1453 0.1683, -1.1726 -1.1419 0.16, -1.1726 -1.1364 0.1529, -1.1726 -1.1293 0.1475, -1.1726 -1.1211 0.1441, -1.1624 -1.8792 0.1709, -1.1612 -1.8773 0.1663, -1.1601 -1.8742 0.1624, -1.1593 -1.8701 0.1594, -1.1588 -1.8653 0.1575, -1.1586 -1.8602 0.1568, -1.1707 -1.8792 0.1675, -1.1683 -1.8773 0.1634, -1.1663 -1.8742 0.1598, -1.1647 -1.8701 0.1571, -1.1637 -1.8653 0.1554, -1.1634 -1.8602 0.1548, -1.1778 -1.8792 0.162, -1.1744 -1.8773 0.1587, -1.1715 -1.8742 0.1558, -1.1693 -1.8701 0.1536, -1.1679 -1.8653 0.1522, -1.1675 -1.8602 0.1517, -1.1832 -1.8792 0.1549, -1.1791 -1.8773 0.1526, -1.1756 -1.8742 0.1505, -1.1729 -1.8701 0.149, -1.1712 -1.8653 0.148, -1.1706 -1.8602 0.1476, -1.1867 -1.8792 0.1467, -1.1821 -1.8773 0.1454, -1.1781 -1.8742 0.1444, -1.1751 -1.8701 0.1436, -1.1732 -1.8653 0.1431, -1.1726 -1.8602 0.1429, -0.3966 -1.8792 0.1709, -0.3979 -1.8773 0.1663, -0.3989 -1.8742 0.1624, -0.3997 -1.8701 0.1594, -0.3724 -1.8792 0.1467, -0.377 -1.8773 0.1454, -0.3809 -1.8742 0.1444, -0.384 -1.8701 0.1436, -0.3858 -1.8653 0.1431, -0.3758 -1.8792 0.1549, -0.3799 -1.8773 0.1526, -0.3835 -1.8742 0.1505, -0.3862 -1.8701 0.149, -0.3879 -1.8653 0.148, -0.3813 -1.8792 0.162, -0.3846 -1.8773 0.1587, -0.3875 -1.8742 0.1558, -0.3897 -1.8701 0.1536, -0.3911 -1.8653 0.1522, -0.3884 -1.8792 0.1675, -0.3907 -1.8773 0.1634, -0.3928 -1.8742 0.1598, -0.3944 -1.8701 0.1571, -0.3953 -1.8653 0.1554, -0.4002 -1.8653 0.1575, -0.3865 -1.8602 0.1429, -0.3885 -1.8602 0.1476, -0.3916 -1.8602 0.1517, -0.3957 -1.8602 0.1548, -0.4004 -1.8602 0.1568, -0.3863 -1.1213 0.1434, -0.3866 -1.1465 0.1772, -0.3878 -1.143 0.1772, -0.3878 -1.142 0.1692, -0.3878 -1.1202 0.1474, -0.3886 -1.1418 0.1772, -0.3901 -1.1393 0.1772, -0.3901 -1.1384 0.1702, -0.3901 -1.1192 0.151, -0.3917 -1.1377 0.1772, -0.3932 -1.1362 0.1772, -0.3932 -1.1354 0.171, -0.3932 -1.1184 0.154, -0.3957 -1.1346 0.1772, -0.397 -1.1338 0.1772, -0.397 -1.1331 0.1716, -0.397 -1.1178 0.1563, -0.4004 -1.1326 0.1772, -0.4011 -1.1324 0.1772, -0.4011 -1.1317 0.1719, -0.4011 -1.1174 0.1577, -0.4011 -1.1223 0.1597, -0.4011 -1.1265 0.1629, -0.4011 -1.1297 0.1671, -0.397 -1.123 0.1584, -0.397 -1.1275 0.1619, -0.397 -1.1309 0.1663, -0.3932 -1.1242 0.1564, -0.3932 -1.1292 0.1602, -0.3932 -1.133 0.1652, -0.3901 -1.1258 0.1537, -0.3901 -1.1314 0.158, -0.3901 -1.1357 0.1636, -0.3878 -1.1276 0.1505, -0.3878 -1.134 0.1554, -0.3878 -1.1389 0.1618, -0.3863 -1.1297 0.1469, -0.3863 -1.1369 0.1524, -0.3863 -1.1425 0.1597, -0.3863 -1.146 0.1681, -0.3863 -1.1472 0.1772, -1.1586 -1.1326 0.5315, -1.1634 -1.1345 0.5315, -1.1675 -1.1377 0.5315, -1.1706 -1.1417 0.5315, -1.1726 -1.1465 0.5315, -1.1727 -1.7028 0.1422, -1.1725 -1.7028 0.1429, -1.1713 -1.7028 0.1463, -1.1705 -1.7028 0.1476, -1.1689 -1.7028 0.1501, -1.1674 -1.7028 0.1516, -1.1658 -1.7028 0.1532, -1.1633 -1.7028 0.1547, -1.1621 -1.7028 0.1555, -1.1586 -1.7028 0.1567, -1.1579 -1.7028 0.157, -0.4055 -1.6837 0.1721, -1.1535 -1.6837 0.1721, -0.4055 -1.6857 0.1673, -1.1535 -1.6857 0.1673, -0.4055 -1.6888 0.1632, -1.1535 -1.6888 0.1632, -0.4055 -1.6929 0.1601, -1.1535 -1.6929 0.1601, -0.4055 -1.6977 0.1582, -1.1535 -1.6977 0.1582, -0.3865 -1.7028 0.1429, -0.3885 -1.7028 0.1476, -0.3916 -1.7028 0.1517, -0.3957 -1.7028 0.1548, -0.4004 -1.7028 0.1568, -0.3865 -1.1465 0.5315, -0.3885 -1.1417 0.5315, -0.3916 -1.1377 0.5315, -0.3957 -1.1345 0.5315, -0.4004 -1.1326 0.5315, -1.1535 -1.1325 0.5359, -0.4055 -1.1325 0.5359, -1.1535 -1.1326 0.5366, -0.4055 -1.1326 0.5366, -1.1535 -1.134 0.54, -0.4055 -1.134 0.54, -1.1535 -1.1345 0.5413, -0.4055 -1.1345 0.5413, -1.1535 -1.1363 0.5437, -0.4055 -1.1363 0.5437, -1.1535 -1.1377 0.5454, -0.4055 -1.1377 0.5454, -1.1535 -1.1394 0.5468, -0.4055 -1.1394 0.5468, -1.1535 -1.1417 0.5485, -0.4055 -1.1417 0.5485, -1.1535 -1.1431 0.5491, -0.4055 -1.1431 0.5491, -1.1535 -1.1465 0.5505, -0.4055 -1.1465 0.5505, -1.1535 -1.1472 0.5506, -0.4055 -1.1472 0.5506, -1.1561 -1.1326 0.5359, -1.1549 -1.1326 0.5364, -1.1561 -1.1345 0.541, -1.1571 -1.1326 0.5351, -1.1585 -1.1326 0.5328, -1.1631 -1.1345 0.534, -1.167 -1.1377 0.5351, -1.1656 -1.1377 0.5385, -1.1585 -1.1345 0.54, -1.1571 -1.1377 0.5449, -1.158 -1.1326 0.534, -1.17 -1.1417 0.5359, -1.1683 -1.1417 0.54, -1.1656 -1.1417 0.5436, -1.1621 -1.1345 0.5364, -1.1605 -1.1345 0.5385, -1.1634 -1.1377 0.5413, -1.1605 -1.1377 0.5436, -1.1621 -1.1417 0.5463, -1.158 -1.1417 0.548, -1.1585 -1.1465 0.5499, -1.1719 -1.1465 0.5364, -1.17 -1.1465 0.541, -1.167 -1.1465 0.5449, -1.1631 -1.1465 0.548, -1.1726 -1.1516 0.5366, -1.1706 -1.1516 0.5413, -1.1675 -1.1516 0.5454, -1.1634 -1.1516 0.5485, -1.1586 -1.1516 0.5505, -1.1727 -1.6937 0.1434, -1.1725 -1.6685 0.1772, -1.1713 -1.6719 0.1772, -1.1713 -1.673 0.1692, -1.1713 -1.6948 0.1474, -1.1705 -1.6732 0.1772, -1.1689 -1.6757 0.1772, -1.1689 -1.6766 0.1702, -1.1689 -1.6957 0.151, -1.1674 -1.6772 0.1772, -1.1658 -1.6788 0.1772, -1.1658 -1.6796 0.171, -1.1658 -1.6965 0.154, -1.1633 -1.6803 0.1772, -1.1621 -1.6811 0.1772, -1.1621 -1.6819 0.1716, -1.1621 -1.6972 0.1563, -1.1586 -1.6823 0.1772, -1.1579 -1.6826 0.1772, -1.1579 -1.6833 0.1719, -1.1579 -1.6975 0.1577, -1.1579 -1.6927 0.1597, -1.1579 -1.6885 0.1629, -1.1579 -1.6853 0.1671, -1.1621 -1.6919 0.1584, -1.1621 -1.6875 0.1619, -1.1621 -1.684 0.1663, -1.1658 -1.6908 0.1564, -1.1658 -1.6858 0.1602, -1.1658 -1.682 0.1652, -1.1689 -1.6892 0.1537, -1.1689 -1.6836 0.158, -1.1689 -1.6793 0.1636, -1.1713 -1.6873 0.1505, -1.1713 -1.681 0.1554, -1.1713 -1.6761 0.1618, -1.1727 -1.6853 0.1469, -1.1727 -1.678 0.1524, -1.1727 -1.6725 0.1597, -1.1727 -1.669 0.1681, -1.1727 -1.6678 0.1772, -0.4004 -1.6824 0.1772, -0.4004 -1.6831 0.1719, -0.4004 -1.6851 0.167, -0.4004 -1.6884 0.1628, -0.4004 -1.6926 0.1595, -0.4004 -1.6975 0.1575, -0.3957 -1.6804 0.1772, -0.3957 -1.6812 0.1714, -0.3957 -1.6834 0.166, -0.3957 -1.687 0.1614, -0.3957 -1.6916 0.1578, -0.3957 -1.697 0.1556, -0.3916 -1.6773 0.1772, -0.3916 -1.6782 0.1706, -0.3916 -1.6807 0.1644, -0.3916 -1.6848 0.1592, -0.3916 -1.69 0.1551, -0.3916 -1.6962 0.1526, -0.3885 -1.6732 0.1772, -0.3885 -1.6742 0.1695, -0.3885 -1.6772 0.1624, -0.3885 -1.6819 0.1563, -0.3885 -1.688 0.1516, -0.3885 -1.6951 0.1486, -0.3865 -1.6685 0.1772, -0.3865 -1.6696 0.1683, -0.3865 -1.6731 0.16, -0.3865 -1.6785 0.1529, -0.3865 -1.6856 0.1475, -0.3865 -1.6939 0.1441, -0.4006 -1.1465 0.5499, -0.4011 -1.1417 0.548, -0.4019 -1.1377 0.5449, -0.403 -1.1345 0.541, -0.4042 -1.1326 0.5364, -0.4011 -1.1326 0.534, -0.4019 -1.1326 0.5351, -0.4006 -1.1326 0.5328, -0.403 -1.1326 0.5359, -0.396 -1.1345 0.534, -0.397 -1.1345 0.5364, -0.3986 -1.1345 0.5385, -0.4006 -1.1345 0.54, -0.3921 -1.1377 0.5351, -0.3935 -1.1377 0.5385, -0.3957 -1.1377 0.5413, -0.3986 -1.1377 0.5436, -0.389 -1.1417 0.5359, -0.3907 -1.1417 0.54, -0.3935 -1.1417 0.5436, -0.397 -1.1417 0.5463, -0.3871 -1.1465 0.5364, -0.389 -1.1465 0.541, -0.3921 -1.1465 0.5449, -0.396 -1.1465 0.548, -0.3865 -1.1516 0.5366, -0.3885 -1.1516 0.5413, -0.3916 -1.1516 0.5454, -0.3957 -1.1516 0.5485, -0.4004 -1.1516 0.5505, -1.1726 -1.6634 0.5366, -1.1706 -1.6634 0.5413, -1.1675 -1.6634 0.5454, -1.1634 -1.6634 0.5485, -1.1586 -1.6634 0.5505, -1.1726 -1.6685 0.5315, -1.1706 -1.6732 0.5315, -1.1675 -1.6773 0.5315, -1.1634 -1.6804 0.5315, -1.1586 -1.6824 0.5315, -0.4004 -1.6824 0.5315, -0.3957 -1.6804 0.5315, -0.3916 -1.6773 0.5315, -0.3885 -1.6732 0.5315, -0.3865 -1.6685 0.5315, -0.3865 -1.6634 0.5366, -0.3885 -1.6634 0.5413, -0.3916 -1.6634 0.5454, -0.3957 -1.6634 0.5485, -0.4004 -1.6634 0.5505, -1.1561 -1.6824 0.5359, -1.1549 -1.6824 0.5364, -1.1571 -1.6824 0.5351, -1.158 -1.6824 0.534, -1.1585 -1.6824 0.5328, -1.1535 -1.681 0.54, -1.1535 -1.6824 0.5366, -1.1535 -1.6786 0.5437, -1.1535 -1.6804 0.5413, -1.1561 -1.6804 0.541, -1.1535 -1.6756 0.5468, -1.1535 -1.6773 0.5454, -1.1571 -1.6773 0.5449, -1.1535 -1.6719 0.5491, -1.1535 -1.6732 0.5485, -1.158 -1.6732 0.548, -1.1535 -1.6678 0.5506, -1.1535 -1.6685 0.5505, -1.1585 -1.6685 0.5499, -1.1631 -1.6685 0.548, -1.167 -1.6685 0.5449, -1.17 -1.6685 0.541, -1.1719 -1.6685 0.5364, -1.1621 -1.6732 0.5463, -1.1656 -1.6732 0.5436, -1.1683 -1.6732 0.54, -1.17 -1.6732 0.5359, -1.1605 -1.6773 0.5436, -1.1634 -1.6773 0.5413, -1.1656 -1.6773 0.5385, -1.167 -1.6773 0.5351, -1.1585 -1.6804 0.54, -1.1605 -1.6804 0.5385, -1.1621 -1.6804 0.5364, -1.1631 -1.6804 0.534, -1.1535 -1.6825 0.5359, -0.389 -1.6685 0.541, -0.3921 -1.6685 0.5449, -0.396 -1.6685 0.548, -0.4055 -1.6678 0.5506, -0.4006 -1.6685 0.5499, -0.4055 -1.6685 0.5505, -0.4055 -1.6719 0.5491, -0.4011 -1.6732 0.548, -0.4055 -1.6732 0.5485, -0.403 -1.6804 0.541, -0.4055 -1.6786 0.5437, -0.4019 -1.6773 0.5449, -0.4055 -1.6773 0.5454, -0.4055 -1.6756 0.5468, -0.4042 -1.6824 0.5364, -0.4055 -1.681 0.54, -0.4055 -1.6804 0.5413, -0.3907 -1.6732 0.54, -0.3935 -1.6732 0.5436, -0.3935 -1.6773 0.5385, -0.3957 -1.6773 0.5413, -0.397 -1.6804 0.5364, -0.3986 -1.6804 0.5385, -0.4011 -1.6824 0.534, -0.4019 -1.6824 0.5351, -0.4006 -1.6824 0.5328, -0.396 -1.6804 0.534, -0.3921 -1.6773 0.5351, -0.389 -1.6732 0.5359, -0.3871 -1.6685 0.5364, -0.4055 -1.6825 0.5359, -0.4055 -1.6824 0.5366, -0.397 -1.6732 0.5463, -0.3986 -1.6773 0.5436, -0.4006 -1.6804 0.54, -0.403 -1.6824 0.5359
            ]
        }
        coordIndex [
            0,1,2,-1,3,4,5,-1,6,7,8,-1,9,10,11,-1,12,13,14,-1,15,16,17,-1,18,19,20,-1,21,22,23,-1,24,25,26,-1,27,28,29,-1,30,31,32,-1,32,31,33,-1,34,35,32,-1,32,35,36,-1,32,36,37,-1,37,38,32,-1,32,38,39,-1,32,39,30,-1,40,41,42,-1,43,44,34,-1,42,41,43,-1,43,41,45,-1,43,45,44,-1,46,47,42,-1,42,47,48,-1,42,48,40,-1,49,50,46,-1,46,50,51,-1,46,51,52,-1,46,53,47,-1,47,53,54,-1,47,54,55,-1,55,54,56,-1,55,56,57,-1,52,58,46,-1,46,58,59,-1,46,59,53,-1,60,61,62,-1,63,64,62,-1,62,64,65,-1,62,65,60,-1,61,66,62,-1,62,66,67,-1,62,67,68,-1,68,67,69,-1,69,70,68,-1,68,70,71,-1,68,71,49,-1,49,71,72,-1,49,72,50,-1,63,62,73,-1,73,62,74,-1,73,74,75,-1,76,77,78,-1,75,74,79,-1,79,74,80,-1,79,80,81,-1,82,83,80,-1,80,83,84,-1,80,84,81,-1,29,28,85,-1,28,86,85,-1,85,86,87,-1,85,87,78,-1,78,87,88,-1,78,88,76,-1,89,90,91,-1,92,93,94,-1,94,93,95,-1,89,91,96,-1,97,98,29,-1,99,100,93,-1,93,100,101,-1,93,101,102,-1,29,103,104,-1,90,105,91,-1,91,105,106,-1,91,106,107,-1,98,108,29,-1,29,108,109,-1,29,109,103,-1,110,111,112,-1,112,111,113,-1,112,113,114,-1,115,102,116,-1,116,102,117,-1,116,117,112,-1,112,117,118,-1,112,118,110,-1,115,119,102,-1,102,119,120,-1,102,120,93,-1,93,120,121,-1,93,121,95,-1,122,123,91,-1,91,123,124,-1,91,124,93,-1,93,124,125,-1,93,125,99,-1,126,127,128,-1,128,127,129,-1,128,129,91,-1,91,129,130,-1,91,130,96,-1,131,132,27,-1,27,132,133,-1,133,134,27,-1,27,134,135,-1,27,135,136,-1,136,135,126,-1,136,126,137,-1,137,126,128,-1,107,138,91,-1,91,138,139,-1,91,139,140,-1,104,141,29,-1,29,141,142,-1,29,142,27,-1,27,142,143,-1,27,143,131,-1,140,144,91,-1,91,144,145,-1,91,145,122,-1,146,147,148,-1,148,102,146,-1,146,102,101,-1,146,101,149,-1,149,101,150,-1,150,151,149,-1,149,151,152,-1,149,152,153,-1,154,155,156,-1,155,157,156,-1,156,157,158,-1,156,158,159,-1,160,156,161,-1,147,146,160,-1,160,146,162,-1,160,162,156,-1,156,162,163,-1,156,163,154,-1,161,164,160,-1,160,164,165,-1,160,165,166,-1,159,158,167,-1,167,158,168,-1,167,168,169,-1,169,168,170,-1,169,170,171,-1,172,173,166,-1,166,173,174,-1,166,174,160,-1,31,175,33,-1,33,175,176,-1,33,176,5,-1,5,176,177,-1,5,177,178,-1,179,180,181,-1,180,179,182,-1,182,179,183,-1,182,183,184,-1,184,183,185,-1,184,185,186,-1,187,186,188,-1,188,186,189,-1,188,189,190,-1,188,191,187,-1,187,191,192,-1,187,192,193,-1,194,195,196,-1,196,195,197,-1,198,199,197,-1,200,201,202,-1,203,200,204,-1,204,205,203,-1,203,205,206,-1,203,206,207,-1,197,208,198,-1,198,208,209,-1,198,209,210,-1,202,201,211,-1,211,201,212,-1,211,212,213,-1,214,215,216,-1,217,218,219,-1,219,218,220,-1,219,220,221,-1,221,220,214,-1,221,214,222,-1,222,214,216,-1,223,224,225,-1,225,224,226,-1,227,228,229,-1,230,231,226,-1,232,233,234,-1,230,226,235,-1,232,234,226,-1,226,234,236,-1,226,236,235,-1,237,238,239,-1,239,238,240,-1,239,240,241,-1,241,240,242,-1,241,242,223,-1,243,244,245,-1,246,247,248,-1,228,249,229,-1,229,249,250,-1,229,250,248,-1,248,250,251,-1,248,251,246,-1,252,253,245,-1,245,253,254,-1,247,255,248,-1,248,255,256,-1,248,256,257,-1,257,256,258,-1,257,258,243,-1,259,260,244,-1,244,260,261,-1,244,261,245,-1,245,261,262,-1,245,262,252,-1,254,263,245,-1,245,263,264,-1,245,264,265,-1,266,267,268,-1,268,267,269,-1,268,269,270,-1,268,271,266,-1,266,271,272,-1,266,272,273,-1,273,274,266,-1,266,274,275,-1,266,275,276,-1,276,275,277,-1,276,277,278,-1,278,277,279,-1,278,279,244,-1,244,279,280,-1,244,280,259,-1,281,282,270,-1,270,282,283,-1,270,283,268,-1,284,285,233,-1,233,285,286,-1,233,286,234,-1,284,287,285,-1,285,287,288,-1,285,288,289,-1,289,288,290,-1,289,291,292,-1,290,293,289,-1,289,293,294,-1,289,294,295,-1,295,296,289,-1,289,296,297,-1,289,297,291,-1,292,298,289,-1,289,298,299,-1,289,299,300,-1,301,302,303,-1,304,305,306,-1,306,305,307,-1,308,309,196,-1,196,309,310,-1,196,310,194,-1,194,310,311,-1,196,312,308,-1,308,312,313,-1,308,313,314,-1,315,313,316,-1,316,313,312,-1,316,312,317,-1,317,312,196,-1,317,196,318,-1,318,196,179,-1,318,179,319,-1,319,179,320,-1,319,320,303,-1,303,320,321,-1,303,321,301,-1,322,323,324,-1,324,323,325,-1,326,327,328,-1,328,327,329,-1,329,327,330,-1,329,330,331,-1,328,332,326,-1,326,332,333,-1,326,333,334,-1,330,335,331,-1,331,335,336,-1,331,336,337,-1,338,339,340,-1,325,323,341,-1,341,323,342,-1,341,342,338,-1,324,330,322,-1,322,330,327,-1,322,327,343,-1,343,327,344,-1,343,344,340,-1,340,344,345,-1,340,345,338,-1,25,346,26,-1,26,346,347,-1,26,347,348,-1,348,347,349,-1,348,349,350,-1,32,351,352,-1,34,32,43,-1,43,32,352,-1,43,352,353,-1,354,355,356,-1,354,356,357,-1,355,358,356,-1,356,358,359,-1,356,359,360,-1,361,362,78,-1,77,82,78,-1,78,82,80,-1,78,80,361,-1,361,80,363,-1,362,364,78,-1,78,364,365,-1,78,365,366,-1,367,9,368,-1,368,9,78,-1,368,78,369,-1,369,78,366,-1,359,370,360,-1,360,370,371,-1,360,371,18,-1,16,15,342,-1,342,15,372,-1,342,372,373,-1,374,375,376,-1,338,342,339,-1,339,342,373,-1,339,373,377,-1,377,373,378,-1,377,378,376,-1,376,378,379,-1,376,379,374,-1,375,380,376,-1,376,380,381,-1,376,381,382,-1,383,384,385,-1,382,386,376,-1,376,386,387,-1,376,387,388,-1,388,387,389,-1,389,387,385,-1,385,387,390,-1,385,390,383,-1,384,391,385,-1,385,391,392,-1,385,392,393,-1,393,394,385,-1,385,394,395,-1,385,395,396,-1,396,395,397,-1,398,399,400,-1,400,399,401,-1,400,401,402,-1,403,404,405,-1,405,406,403,-1,403,406,407,-1,403,407,408,-1,26,409,403,-1,403,409,410,-1,403,410,404,-1,411,412,348,-1,348,412,413,-1,348,413,26,-1,26,413,414,-1,26,414,409,-1,415,416,417,-1,417,416,418,-1,417,418,419,-1,419,420,417,-1,417,420,421,-1,417,421,411,-1,422,423,229,-1,229,423,424,-1,377,425,339,-1,339,425,426,-1,339,426,427,-1,427,426,428,-1,427,428,429,-1,430,431,245,-1,245,431,432,-1,243,245,257,-1,257,245,432,-1,257,432,218,-1,218,432,433,-1,218,433,220,-1,434,431,435,-1,435,431,430,-1,435,430,436,-1,437,438,245,-1,245,438,439,-1,245,439,430,-1,430,439,440,-1,430,440,436,-1,441,442,443,-1,443,444,441,-1,441,444,445,-1,441,445,446,-1,447,448,449,-1,449,448,450,-1,448,451,450,-1,450,451,438,-1,450,438,452,-1,452,438,437,-1,452,437,453,-1,453,437,446,-1,453,446,454,-1,454,446,445,-1,455,456,356,-1,356,456,441,-1,441,456,457,-1,441,457,442,-1,12,14,458,-1,459,357,460,-1,460,357,356,-1,460,356,461,-1,461,356,441,-1,461,441,462,-1,462,441,446,-1,265,237,245,-1,245,237,239,-1,245,239,437,-1,437,239,463,-1,437,463,446,-1,446,463,464,-1,446,464,462,-1,360,465,356,-1,356,465,14,-1,356,14,455,-1,455,14,13,-1,186,185,189,-1,189,185,20,-1,189,20,466,-1,466,20,19,-1,466,19,21,-1,9,11,78,-1,78,11,467,-1,78,467,85,-1,85,467,468,-1,85,468,29,-1,6,8,469,-1,469,8,470,-1,469,470,471,-1,471,470,225,-1,471,225,472,-1,223,225,241,-1,241,225,470,-1,241,470,239,-1,239,470,8,-1,239,8,463,-1,463,8,7,-1,463,7,464,-1,465,202,14,-1,14,202,211,-1,14,211,458,-1,458,211,213,-1,458,213,217,-1,217,213,311,-1,217,311,218,-1,218,311,310,-1,473,474,475,-1,468,476,477,-1,477,476,478,-1,475,479,473,-1,473,479,468,-1,473,468,480,-1,480,468,477,-1,480,477,481,-1,481,477,482,-1,479,483,468,-1,468,483,3,-1,468,3,29,-1,29,3,5,-1,29,5,97,-1,97,5,178,-1,484,485,486,-1,486,485,487,-1,229,488,489,-1,490,491,229,-1,229,491,492,-1,229,492,488,-1,472,493,494,-1,495,496,497,-1,497,496,498,-1,415,417,424,-1,424,417,496,-1,424,496,229,-1,229,496,495,-1,229,495,490,-1,499,500,2,-1,2,500,501,-1,484,502,485,-1,485,502,503,-1,485,503,504,-1,504,503,505,-1,506,507,505,-1,505,507,508,-1,505,508,504,-1,489,509,229,-1,229,509,510,-1,229,510,511,-1,501,512,2,-1,2,512,513,-1,2,513,0,-1,231,227,226,-1,226,227,229,-1,226,229,225,-1,225,229,511,-1,225,511,514,-1,515,516,472,-1,472,516,517,-1,472,517,493,-1,518,519,505,-1,505,519,520,-1,505,520,521,-1,514,2,225,-1,225,2,1,-1,225,1,472,-1,472,1,522,-1,472,522,515,-1,494,523,472,-1,472,523,524,-1,472,524,496,-1,496,524,487,-1,496,487,498,-1,498,487,485,-1,521,525,505,-1,505,525,526,-1,505,526,506,-1,527,196,202,-1,202,196,197,-1,202,197,200,-1,200,197,199,-1,200,199,204,-1,528,529,183,-1,183,529,530,-1,530,531,183,-1,183,531,532,-1,183,532,533,-1,18,20,360,-1,360,20,185,-1,360,185,465,-1,465,185,183,-1,465,183,202,-1,202,183,533,-1,202,533,527,-1,527,534,196,-1,196,534,535,-1,196,535,179,-1,179,535,536,-1,179,536,537,-1,537,538,179,-1,179,538,539,-1,179,539,540,-1,540,541,179,-1,179,541,542,-1,179,542,183,-1,183,542,543,-1,183,543,528,-1,351,32,350,-1,350,32,33,-1,350,33,348,-1,348,33,5,-1,348,5,476,-1,476,5,4,-1,476,4,478,-1,411,348,417,-1,417,348,476,-1,417,476,496,-1,496,476,468,-1,496,468,472,-1,472,468,467,-1,472,467,471,-1,471,467,11,-1,471,11,469,-1,469,11,10,-1,469,10,6,-1,309,304,310,-1,310,304,306,-1,310,306,218,-1,218,306,343,-1,218,343,257,-1,257,343,340,-1,257,340,248,-1,248,340,339,-1,248,339,229,-1,229,339,427,-1,229,427,422,-1,422,427,429,-1,544,545,306,-1,546,547,548,-1,548,547,549,-1,545,550,306,-1,306,550,551,-1,306,551,552,-1,322,553,548,-1,548,553,554,-1,548,554,555,-1,552,556,306,-1,306,556,557,-1,306,557,343,-1,343,557,558,-1,343,558,322,-1,322,558,559,-1,322,559,553,-1,555,560,548,-1,548,560,561,-1,548,561,546,-1,302,301,307,-1,307,301,548,-1,307,548,306,-1,306,548,549,-1,306,549,544,-1,190,189,562,-1,562,189,563,-1,562,563,181,-1,181,563,564,-1,181,564,179,-1,179,564,565,-1,179,565,320,-1,320,565,566,-1,320,566,321,-1,21,23,466,-1,466,23,567,-1,466,567,189,-1,189,567,568,-1,189,568,563,-1,563,568,569,-1,563,569,564,-1,564,569,570,-1,564,570,565,-1,565,570,571,-1,565,571,566,-1,408,402,403,-1,403,402,401,-1,403,401,26,-1,26,401,353,-1,26,353,24,-1,24,353,352,-1,571,572,566,-1,566,572,573,-1,566,573,321,-1,321,573,574,-1,321,574,301,-1,301,574,575,-1,301,575,548,-1,548,575,576,-1,548,576,322,-1,322,576,577,-1,322,577,323,-1,323,577,578,-1,323,578,342,-1,342,578,579,-1,342,579,16,-1,16,579,399,-1,16,399,17,-1,17,399,398,-1,580,581,582,-1,580,582,583,-1,584,585,581,-1,581,585,586,-1,587,588,589,-1,589,588,590,-1,589,590,582,-1,582,590,591,-1,582,591,583,-1,592,582,593,-1,593,582,581,-1,593,581,594,-1,594,581,586,-1,595,596,597,-1,597,596,598,-1,597,598,581,-1,581,598,599,-1,581,599,584,-1,600,601,602,-1,603,604,605,-1,606,604,607,-1,607,604,603,-1,607,603,608,-1,606,609,604,-1,604,609,610,-1,604,610,611,-1,605,612,603,-1,603,612,613,-1,603,613,602,-1,602,613,614,-1,602,614,600,-1,615,616,617,-1,611,618,604,-1,604,618,615,-1,604,615,619,-1,619,615,617,-1,620,621,622,-1,622,621,623,-1,624,625,626,-1,626,625,627,-1,624,628,625,-1,625,628,629,-1,625,629,630,-1,630,631,625,-1,625,631,632,-1,625,632,633,-1,633,632,634,-1,634,632,635,-1,634,635,636,-1,636,637,634,-1,634,637,638,-1,634,638,639,-1,640,641,642,-1,642,641,643,-1,642,643,644,-1,644,645,642,-1,642,645,627,-1,642,627,646,-1,646,627,625,-1,647,648,649,-1,649,648,650,-1,649,650,651,-1,639,652,634,-1,634,652,653,-1,634,653,649,-1,649,653,654,-1,649,654,647,-1,651,655,649,-1,649,655,656,-1,649,656,642,-1,642,656,657,-1,642,657,640,-1,658,659,660,-1,660,659,661,-1,662,663,664,-1,665,666,667,-1,665,667,668,-1,669,670,664,-1,664,670,671,-1,664,671,662,-1,662,671,672,-1,662,672,673,-1,673,672,674,-1,673,674,675,-1,676,677,664,-1,664,677,678,-1,664,678,669,-1,679,680,681,-1,681,680,682,-1,681,682,683,-1,675,684,673,-1,673,684,685,-1,673,685,686,-1,666,687,667,-1,667,687,688,-1,667,688,681,-1,681,688,689,-1,681,689,679,-1,683,690,681,-1,681,690,691,-1,681,691,664,-1,664,691,692,-1,664,692,676,-1,686,693,673,-1,673,693,694,-1,673,694,667,-1,667,694,695,-1,667,695,668,-1,696,697,698,-1,699,700,701,-1,699,701,702,-1,703,704,705,-1,705,704,706,-1,705,706,707,-1,707,708,705,-1,705,708,709,-1,705,709,698,-1,698,709,710,-1,698,710,696,-1,701,711,712,-1,712,711,713,-1,712,713,705,-1,705,713,714,-1,705,714,703,-1,715,716,717,-1,717,716,718,-1,717,718,700,-1,700,718,719,-1,700,719,701,-1,720,721,712,-1,712,721,722,-1,712,722,723,-1,724,725,726,-1,726,725,727,-1,726,727,712,-1,712,727,728,-1,712,728,720,-1,723,729,712,-1,712,729,730,-1,712,730,701,-1,701,730,731,-1,701,731,702,-1,732,733,697,-1,697,733,734,-1,697,734,698,-1,698,734,735,-1,698,735,736,-1,732,737,733,-1,733,737,738,-1,733,738,739,-1,736,740,698,-1,698,740,741,-1,698,741,742,-1,739,743,733,-1,733,743,744,-1,733,744,745,-1,716,715,367,-1,367,715,459,-1,746,747,737,-1,748,749,750,-1,750,749,751,-1,750,751,752,-1,752,751,646,-1,752,646,625,-1,737,747,750,-1,750,747,753,-1,750,753,748,-1,746,737,754,-1,754,737,732,-1,754,732,755,-1,756,732,757,-1,757,732,758,-1,756,759,732,-1,732,759,760,-1,732,760,755,-1,761,762,42,-1,42,763,363,-1,363,763,752,-1,363,752,764,-1,765,766,42,-1,42,766,767,-1,42,767,763,-1,625,633,752,-1,752,633,768,-1,752,768,769,-1,761,770,771,-1,762,772,42,-1,42,772,773,-1,42,773,765,-1,770,761,774,-1,774,761,42,-1,774,42,775,-1,769,776,752,-1,752,776,777,-1,752,777,764,-1,771,778,761,-1,761,778,779,-1,761,779,780,-1,781,782,783,-1,784,785,786,-1,785,784,787,-1,787,784,788,-1,787,788,789,-1,786,790,784,-1,784,790,791,-1,784,791,783,-1,783,791,792,-1,783,792,781,-1,782,724,726,-1,793,794,726,-1,726,794,795,-1,726,795,796,-1,796,797,726,-1,726,797,798,-1,726,798,782,-1,782,798,799,-1,782,799,783,-1,783,799,800,-1,783,800,801,-1,801,800,802,-1,802,800,803,-1,802,803,804,-1,22,789,788,-1,805,806,572,-1,572,806,807,-1,572,807,808,-1,809,810,811,-1,22,788,572,-1,572,788,812,-1,572,812,805,-1,808,813,572,-1,572,813,814,-1,572,814,811,-1,811,810,572,-1,572,810,815,-1,572,815,816,-1,817,818,811,-1,811,818,819,-1,811,819,809,-1,820,821,798,-1,798,821,799,-1,734,733,822,-1,822,733,823,-1,823,824,825,-1,826,827,828,-1,828,827,712,-1,828,712,829,-1,830,831,832,-1,833,834,826,-1,826,834,835,-1,826,835,827,-1,820,836,837,-1,838,839,840,-1,836,820,826,-1,826,820,841,-1,826,841,833,-1,842,784,843,-1,842,843,844,-1,844,843,845,-1,844,845,846,-1,847,822,848,-1,848,822,823,-1,848,823,849,-1,849,823,825,-1,846,850,844,-1,844,850,851,-1,844,851,852,-1,852,851,821,-1,852,821,853,-1,853,821,854,-1,855,856,857,-1,847,858,822,-1,822,858,859,-1,822,859,860,-1,860,859,832,-1,860,832,861,-1,861,832,831,-1,837,862,820,-1,820,862,863,-1,820,863,821,-1,821,863,864,-1,821,864,854,-1,784,842,788,-1,788,842,865,-1,788,865,866,-1,824,823,867,-1,867,823,868,-1,867,868,869,-1,866,870,788,-1,788,870,871,-1,788,871,752,-1,872,873,705,-1,873,855,705,-1,705,855,857,-1,705,857,712,-1,712,857,874,-1,712,874,829,-1,875,876,877,-1,830,832,878,-1,878,832,879,-1,878,879,705,-1,705,879,880,-1,705,880,872,-1,881,840,882,-1,882,840,883,-1,881,884,840,-1,840,884,885,-1,840,885,838,-1,886,887,869,-1,887,888,869,-1,869,888,889,-1,869,889,867,-1,876,875,869,-1,869,875,890,-1,869,890,886,-1,883,840,856,-1,856,840,891,-1,856,891,892,-1,892,893,856,-1,856,893,894,-1,856,894,895,-1,895,896,856,-1,856,896,897,-1,856,897,857,-1,877,898,875,-1,875,898,750,-1,875,750,752,-1,871,899,752,-1,752,899,840,-1,752,840,875,-1,875,840,839,-1,812,788,763,-1,763,788,752,-1,900,901,902,-1,903,904,905,-1,906,903,907,-1,907,903,905,-1,907,905,908,-1,904,909,905,-1,905,909,910,-1,905,910,911,-1,908,912,907,-1,907,912,913,-1,907,913,902,-1,902,913,914,-1,902,914,900,-1,915,916,917,-1,911,918,905,-1,905,918,915,-1,905,915,919,-1,919,915,917,-1,920,746,754,-1,921,922,923,-1,923,922,924,-1,923,924,925,-1,926,927,928,-1,928,927,929,-1,928,929,754,-1,754,929,930,-1,754,930,931,-1,931,932,754,-1,754,932,923,-1,754,923,920,-1,920,923,925,-1,933,934,935,-1,935,934,936,-1,935,936,923,-1,923,936,937,-1,923,937,921,-1,938,939,940,-1,940,939,941,-1,942,943,944,-1,944,943,945,-1,946,947,948,-1,948,947,949,-1,950,951,952,-1,952,951,953,-1,954,955,956,-1,956,955,957,-1,956,957,953,-1,953,957,952,-1,572,816,42,-1,42,816,775,-1,774,775,815,-1,815,775,816,-1,762,761,814,-1,814,761,811,-1,770,774,810,-1,810,774,815,-1,805,812,767,-1,767,812,763,-1,805,767,766,-1,805,766,806,-1,806,766,765,-1,806,765,807,-1,807,765,773,-1,807,773,808,-1,808,773,772,-1,808,772,813,-1,813,772,762,-1,813,762,814,-1,770,810,809,-1,770,809,771,-1,771,809,819,-1,771,819,778,-1,778,819,818,-1,778,818,779,-1,779,818,817,-1,779,817,780,-1,780,817,811,-1,780,811,761,-1,928,754,755,-1,760,958,755,-1,755,958,959,-1,755,959,928,-1,759,960,760,-1,760,960,961,-1,760,961,958,-1,962,963,756,-1,756,963,964,-1,756,964,759,-1,759,964,965,-1,759,965,960,-1,962,756,966,-1,966,756,757,-1,966,757,967,-1,967,757,758,-1,967,758,968,-1,968,758,969,-1,969,758,732,-1,969,732,697,-1,959,958,970,-1,697,696,969,-1,969,696,971,-1,970,958,972,-1,972,958,961,-1,972,961,973,-1,973,961,960,-1,973,960,974,-1,974,960,965,-1,974,965,975,-1,975,965,964,-1,975,964,976,-1,976,964,963,-1,976,963,977,-1,977,963,962,-1,977,962,978,-1,978,962,966,-1,978,966,979,-1,979,966,967,-1,979,967,971,-1,971,967,968,-1,971,968,969,-1,959,970,928,-1,928,970,980,-1,928,980,926,-1,927,926,981,-1,981,926,982,-1,981,982,983,-1,983,982,984,-1,983,984,985,-1,985,984,986,-1,985,986,987,-1,987,986,988,-1,987,988,989,-1,989,988,990,-1,989,990,623,-1,623,990,622,-1,696,710,971,-1,971,710,991,-1,971,991,979,-1,979,991,992,-1,993,977,992,-1,992,977,978,-1,992,978,979,-1,994,975,993,-1,993,975,976,-1,993,976,977,-1,995,973,994,-1,994,973,974,-1,994,974,975,-1,996,970,995,-1,995,970,972,-1,995,972,973,-1,982,926,996,-1,996,926,980,-1,996,980,970,-1,710,709,991,-1,991,709,997,-1,991,997,992,-1,992,997,998,-1,992,998,993,-1,993,998,999,-1,993,999,994,-1,994,999,1000,-1,994,1000,995,-1,995,1000,1001,-1,995,1001,996,-1,996,1001,1002,-1,996,1002,982,-1,982,1002,984,-1,709,708,997,-1,997,708,1003,-1,997,1003,998,-1,998,1003,1004,-1,998,1004,999,-1,999,1004,1005,-1,999,1005,1000,-1,1000,1005,1006,-1,1000,1006,1001,-1,1001,1006,1007,-1,1001,1007,1002,-1,1002,1007,1008,-1,1002,1008,984,-1,984,1008,986,-1,708,707,1003,-1,1003,707,1009,-1,1003,1009,1004,-1,1004,1009,1010,-1,1004,1010,1005,-1,1005,1010,1011,-1,1005,1011,1006,-1,1006,1011,1012,-1,1006,1012,1007,-1,1007,1012,1013,-1,1007,1013,1008,-1,1008,1013,1014,-1,1008,1014,986,-1,986,1014,988,-1,707,706,1009,-1,1009,706,1015,-1,1009,1015,1010,-1,1010,1015,1016,-1,1010,1016,1011,-1,1011,1016,1017,-1,1011,1017,1012,-1,1012,1017,1018,-1,1012,1018,1013,-1,1013,1018,1019,-1,1013,1019,1014,-1,1014,1019,1020,-1,1014,1020,988,-1,988,1020,990,-1,706,704,1015,-1,1015,704,1021,-1,1015,1021,1016,-1,1016,1021,1022,-1,1016,1022,1017,-1,1017,1022,1023,-1,1017,1023,1018,-1,1018,1023,1024,-1,1018,1024,1019,-1,1019,1024,1025,-1,1019,1025,1020,-1,1020,1025,1026,-1,1020,1026,990,-1,990,1026,622,-1,950,1027,1028,-1,1028,1027,1029,-1,1028,1029,1030,-1,1030,1029,1031,-1,1030,1031,1032,-1,1032,1031,1033,-1,1032,1033,1034,-1,1034,1033,1035,-1,1034,1035,1036,-1,1036,1035,1037,-1,1036,1037,623,-1,623,1037,989,-1,1027,1038,1029,-1,1029,1038,1039,-1,1029,1039,1031,-1,1031,1039,1040,-1,1031,1040,1033,-1,1033,1040,1041,-1,1033,1041,1035,-1,1035,1041,1042,-1,1035,1042,1037,-1,1037,1042,1043,-1,1037,1043,989,-1,989,1043,987,-1,1038,1044,1039,-1,1039,1044,1045,-1,1039,1045,1040,-1,1040,1045,1046,-1,1040,1046,1041,-1,1041,1046,1047,-1,1041,1047,1042,-1,1042,1047,1048,-1,1042,1048,1043,-1,1043,1048,1049,-1,1043,1049,987,-1,987,1049,985,-1,1044,1050,1045,-1,1045,1050,1051,-1,1045,1051,1046,-1,1046,1051,1052,-1,1046,1052,1047,-1,1047,1052,1053,-1,1047,1053,1048,-1,1048,1053,1054,-1,1048,1054,1049,-1,1049,1054,1055,-1,1049,1055,985,-1,985,1055,983,-1,1050,1056,1051,-1,1051,1056,1057,-1,1051,1057,1052,-1,1052,1057,1058,-1,1052,1058,1053,-1,1053,1058,1059,-1,1053,1059,1054,-1,1054,1059,1060,-1,1054,1060,1055,-1,1055,1060,1061,-1,1055,1061,983,-1,983,1061,981,-1,1056,935,1057,-1,1057,935,923,-1,1057,923,1058,-1,1058,923,932,-1,1058,932,1059,-1,1059,932,931,-1,1059,931,1060,-1,1060,931,930,-1,1060,930,1061,-1,1061,930,929,-1,1061,929,981,-1,981,929,927,-1,704,703,1062,-1,704,1062,1021,-1,1021,1062,1063,-1,1021,1063,1022,-1,1022,1063,1064,-1,1022,1064,1023,-1,1023,1064,1065,-1,1023,1065,1024,-1,1024,1065,1066,-1,1024,1066,1025,-1,1025,1066,1067,-1,1025,1067,1026,-1,1026,1067,620,-1,1026,620,622,-1,900,1068,901,-1,901,1068,1069,-1,1068,1070,1069,-1,1069,1070,1071,-1,1069,1071,1072,-1,1071,1073,1072,-1,1072,1073,1074,-1,1072,1074,1075,-1,1074,1076,1075,-1,1075,1076,1077,-1,1075,1077,1078,-1,1077,1079,1078,-1,1078,1079,1080,-1,1078,1080,1081,-1,1081,1080,1082,-1,1081,1082,620,-1,620,1082,1083,-1,620,1083,621,-1,951,950,1028,-1,951,1028,1084,-1,1084,1028,1030,-1,1084,1030,1085,-1,1085,1030,1032,-1,1085,1032,1086,-1,1086,1032,1034,-1,1086,1034,1087,-1,1087,1034,1036,-1,1087,1036,1088,-1,1088,1036,623,-1,1088,623,621,-1,933,935,1056,-1,933,1056,1089,-1,1089,1056,1050,-1,1089,1050,1090,-1,1090,1050,1044,-1,1090,1044,1091,-1,1091,1044,1092,-1,1092,1044,1038,-1,1092,1038,1093,-1,1093,1038,1094,-1,1094,1038,1027,-1,1094,1027,1095,-1,1095,1027,1096,-1,1096,1027,950,-1,1096,950,952,-1,620,1067,1097,-1,1098,719,718,-1,718,1099,1098,-1,1098,1099,1100,-1,1098,1100,1101,-1,1100,1102,1101,-1,1101,1102,1103,-1,1101,1103,1104,-1,1103,1105,1104,-1,1104,1105,1106,-1,1104,1106,1107,-1,703,714,1062,-1,1062,714,1108,-1,1062,1108,1063,-1,1063,1108,1109,-1,1063,1109,1064,-1,1064,1109,1110,-1,1064,1110,1065,-1,1065,1110,1111,-1,1065,1111,1066,-1,1066,1111,1112,-1,1066,1112,1067,-1,714,713,1108,-1,1108,713,1113,-1,1108,1113,1109,-1,1109,1113,1114,-1,1109,1114,1110,-1,1110,1114,1115,-1,1110,1115,1111,-1,1111,1115,1116,-1,1111,1116,1112,-1,1112,1116,1117,-1,713,711,1113,-1,1113,711,1118,-1,1113,1118,1114,-1,1114,1118,1119,-1,1114,1119,1115,-1,1115,1119,1120,-1,1115,1120,1116,-1,1116,1120,1121,-1,1116,1121,1117,-1,1117,1121,1122,-1,711,701,1118,-1,1118,701,1123,-1,1118,1123,1119,-1,1119,1123,1124,-1,1119,1124,1120,-1,1120,1124,1125,-1,1120,1125,1121,-1,1121,1125,1126,-1,1121,1126,1122,-1,1122,1126,1127,-1,701,719,1123,-1,1123,719,1098,-1,1123,1098,1124,-1,1124,1098,1101,-1,1124,1101,1125,-1,1125,1101,1104,-1,1125,1104,1126,-1,1126,1104,1107,-1,1126,1107,1127,-1,1127,1107,1128,-1,1106,1129,1107,-1,1107,1129,1130,-1,1107,1130,1128,-1,1128,1130,1131,-1,1128,1131,1132,-1,1067,1112,1097,-1,1097,1112,1117,-1,1097,1117,1133,-1,1133,1117,1122,-1,1133,1122,1134,-1,1134,1122,1127,-1,1134,1127,1135,-1,1135,1127,1128,-1,1135,1128,1136,-1,1136,1128,1132,-1,1136,1132,1137,-1,620,1097,1081,-1,1081,1097,1133,-1,1081,1133,1078,-1,1078,1133,1134,-1,1078,1134,1075,-1,1075,1134,1135,-1,1075,1135,1072,-1,1072,1135,1136,-1,1072,1136,1069,-1,1069,1136,1137,-1,1069,1137,901,-1,1070,1068,1138,-1,1139,1140,1141,-1,1073,1071,1142,-1,1143,1144,1145,-1,1076,1074,1146,-1,1147,1148,1149,-1,1079,1077,1150,-1,1151,1152,1153,-1,1082,1080,1154,-1,1155,1156,1157,-1,621,1083,1088,-1,1088,1083,1158,-1,1088,1158,1087,-1,1087,1158,1159,-1,1087,1159,1086,-1,1086,1159,1160,-1,1086,1160,1085,-1,1085,1160,1161,-1,1085,1161,1084,-1,1084,1161,1157,-1,1084,1157,951,-1,951,1157,1156,-1,1083,1082,1158,-1,1158,1082,1154,-1,1158,1154,1159,-1,1159,1154,1162,-1,1159,1162,1160,-1,1160,1162,1163,-1,1160,1163,1161,-1,1161,1163,1164,-1,1161,1164,1157,-1,1157,1164,1153,-1,1157,1153,1155,-1,1155,1153,1152,-1,1080,1079,1154,-1,1154,1079,1150,-1,1154,1150,1162,-1,1162,1150,1165,-1,1162,1165,1163,-1,1163,1165,1166,-1,1163,1166,1164,-1,1164,1166,1167,-1,1164,1167,1153,-1,1153,1167,1149,-1,1153,1149,1151,-1,1151,1149,1148,-1,1077,1076,1150,-1,1150,1076,1146,-1,1150,1146,1165,-1,1165,1146,1168,-1,1165,1168,1166,-1,1166,1168,1169,-1,1166,1169,1167,-1,1167,1169,1170,-1,1167,1170,1149,-1,1149,1170,1145,-1,1149,1145,1147,-1,1147,1145,1144,-1,1074,1073,1146,-1,1146,1073,1142,-1,1146,1142,1168,-1,1168,1142,1171,-1,1168,1171,1169,-1,1169,1171,1172,-1,1169,1172,1170,-1,1170,1172,1173,-1,1170,1173,1145,-1,1145,1173,1141,-1,1145,1141,1143,-1,1143,1141,1140,-1,1071,1070,1142,-1,1142,1070,1138,-1,1142,1138,1171,-1,1171,1138,1174,-1,1171,1174,1172,-1,1172,1174,1175,-1,1172,1175,1173,-1,1173,1175,1176,-1,1173,1176,1141,-1,1141,1176,1177,-1,1141,1177,1139,-1,1139,1177,1178,-1,1068,900,1138,-1,1138,900,914,-1,1138,914,1174,-1,1174,914,913,-1,1174,913,1175,-1,1175,913,912,-1,1175,912,1176,-1,1176,912,908,-1,1176,908,1177,-1,1177,908,905,-1,1177,905,1178,-1,1178,905,919,-1,934,933,1089,-1,934,1089,1179,-1,1179,1089,1090,-1,1179,1090,1180,-1,1180,1090,1091,-1,1180,1091,1181,-1,1181,1091,1182,-1,1182,1091,1092,-1,1182,1092,1183,-1,1092,1093,1183,-1,1183,1093,1094,-1,1183,1094,1184,-1,1184,1094,1095,-1,1184,1095,1185,-1,1185,1095,1096,-1,1185,1096,1186,-1,1186,1096,952,-1,1186,952,957,-1,1187,902,901,-1,901,1137,1187,-1,1187,1137,1132,-1,1187,1132,1188,-1,1132,1131,1188,-1,1188,1131,1130,-1,1188,1130,1189,-1,1130,1129,1189,-1,1189,1129,1106,-1,1189,1106,1190,-1,1190,1106,1105,-1,1190,1105,1191,-1,1191,1105,1103,-1,1191,1103,1192,-1,1192,1103,1102,-1,1192,1102,1193,-1,1193,1102,1100,-1,1193,1100,1194,-1,1194,1100,1099,-1,1194,1099,716,-1,716,1099,718,-1,953,951,1195,-1,1195,951,1156,-1,1195,1156,1196,-1,1196,1156,1155,-1,1196,1155,1197,-1,1197,1155,1152,-1,1197,1152,1198,-1,1198,1152,1151,-1,1198,1151,1199,-1,1199,1151,1148,-1,1199,1148,1200,-1,1148,1147,1200,-1,1200,1147,1144,-1,1200,1144,1201,-1,1201,1144,1143,-1,1201,1143,1202,-1,1143,1140,1202,-1,1202,1140,1139,-1,1202,1139,917,-1,917,1139,1178,-1,917,1178,919,-1,957,955,1186,-1,1186,955,1203,-1,1186,1203,1185,-1,1185,1203,1204,-1,1185,1204,1184,-1,1184,1204,1205,-1,1184,1205,1183,-1,1183,1205,1206,-1,1183,1206,1182,-1,1182,1206,1207,-1,1182,1207,1181,-1,1207,1208,1181,-1,1181,1208,1209,-1,1181,1209,1180,-1,1180,1209,1210,-1,1180,1210,1179,-1,1210,1211,1179,-1,1179,1211,1212,-1,1179,1212,934,-1,934,1212,1213,-1,934,1213,936,-1,920,1214,746,-1,746,1214,747,-1,1214,1215,747,-1,747,1215,1216,-1,747,1216,753,-1,1216,1217,753,-1,753,1217,1218,-1,753,1218,748,-1,748,1218,1219,-1,748,1219,749,-1,1219,1220,749,-1,749,1220,1221,-1,749,1221,751,-1,1221,1222,751,-1,751,1222,1223,-1,751,1223,646,-1,646,1223,1224,-1,646,1224,642,-1,1225,1226,1189,-1,1189,1226,1227,-1,1189,1227,1188,-1,1188,1227,1228,-1,1188,1228,1187,-1,1187,1228,907,-1,1187,907,902,-1,1189,1190,1225,-1,1225,1190,1191,-1,1225,1191,1229,-1,1229,1191,1192,-1,1229,1192,1230,-1,1230,1192,1193,-1,1230,1193,1231,-1,1231,1193,1194,-1,1231,1194,1232,-1,1232,1194,716,-1,1232,716,367,-1,956,953,1233,-1,1233,953,1195,-1,1233,1195,1234,-1,1195,1196,1234,-1,1234,1196,1197,-1,1234,1197,1235,-1,1235,1197,1198,-1,1235,1198,1236,-1,1236,1198,1199,-1,1236,1199,1237,-1,1237,1199,1238,-1,1199,1200,1238,-1,1238,1200,1201,-1,1238,1201,1239,-1,1239,1201,1202,-1,1239,1202,1240,-1,1240,1202,917,-1,1240,917,916,-1,1215,1214,1241,-1,1212,1211,1242,-1,1217,1216,1243,-1,1210,1209,1244,-1,1219,1218,1245,-1,1208,1207,1246,-1,1221,1220,1247,-1,1206,1205,1248,-1,1223,1222,1249,-1,1204,1203,1250,-1,642,1224,1251,-1,1251,1224,1252,-1,1251,1252,1253,-1,1253,1252,1254,-1,1253,1254,1255,-1,1255,1254,1256,-1,1255,1256,1257,-1,1257,1256,1258,-1,1257,1258,1259,-1,1259,1258,1250,-1,1259,1250,955,-1,955,1250,1203,-1,1224,1223,1252,-1,1252,1223,1249,-1,1252,1249,1254,-1,1254,1249,1260,-1,1254,1260,1256,-1,1256,1260,1261,-1,1256,1261,1258,-1,1258,1261,1262,-1,1258,1262,1250,-1,1250,1262,1248,-1,1250,1248,1204,-1,1204,1248,1205,-1,1222,1221,1249,-1,1249,1221,1247,-1,1249,1247,1260,-1,1260,1247,1263,-1,1260,1263,1261,-1,1261,1263,1264,-1,1261,1264,1262,-1,1262,1264,1265,-1,1262,1265,1248,-1,1248,1265,1246,-1,1248,1246,1206,-1,1206,1246,1207,-1,1220,1219,1247,-1,1247,1219,1245,-1,1247,1245,1263,-1,1263,1245,1266,-1,1263,1266,1264,-1,1264,1266,1267,-1,1264,1267,1265,-1,1265,1267,1268,-1,1265,1268,1246,-1,1246,1268,1244,-1,1246,1244,1208,-1,1208,1244,1209,-1,1218,1217,1245,-1,1245,1217,1243,-1,1245,1243,1266,-1,1266,1243,1269,-1,1266,1269,1267,-1,1267,1269,1270,-1,1267,1270,1268,-1,1268,1270,1271,-1,1268,1271,1244,-1,1244,1271,1242,-1,1244,1242,1210,-1,1210,1242,1211,-1,1216,1215,1243,-1,1243,1215,1241,-1,1243,1241,1269,-1,1269,1241,1272,-1,1269,1272,1270,-1,1270,1272,1273,-1,1270,1273,1271,-1,1271,1273,1274,-1,1271,1274,1242,-1,1242,1274,1275,-1,1242,1275,1212,-1,1212,1275,1213,-1,1214,920,1241,-1,1241,920,925,-1,1241,925,1272,-1,1272,925,924,-1,1272,924,1273,-1,1273,924,922,-1,1273,922,1274,-1,1274,922,921,-1,1274,921,1275,-1,1275,921,937,-1,1275,937,1213,-1,1213,937,936,-1,634,1276,633,-1,633,1276,768,-1,1276,1277,768,-1,768,1277,1278,-1,768,1278,769,-1,1278,1279,769,-1,769,1279,1280,-1,769,1280,776,-1,776,1280,1281,-1,776,1281,777,-1,1281,1282,777,-1,777,1282,1283,-1,777,1283,764,-1,1283,1284,764,-1,764,1284,1285,-1,764,1285,363,-1,363,1285,1286,-1,363,1286,361,-1,367,368,1232,-1,1232,368,1287,-1,1232,1287,1231,-1,1231,1287,1288,-1,1231,1288,1230,-1,1230,1288,1289,-1,1230,1289,1229,-1,1229,1289,1290,-1,1229,1290,1225,-1,1225,1290,1291,-1,1225,1291,1226,-1,1291,1292,1226,-1,1226,1292,1293,-1,1226,1293,1227,-1,1293,1294,1227,-1,1227,1294,1295,-1,1227,1295,1228,-1,1228,1295,1296,-1,1228,1296,907,-1,907,1296,1297,-1,907,1297,906,-1,916,915,1298,-1,916,1298,1240,-1,1240,1298,1299,-1,1240,1299,1239,-1,1239,1299,1300,-1,1239,1300,1238,-1,1238,1300,1237,-1,1237,1300,1301,-1,1237,1301,1236,-1,1236,1301,1235,-1,1235,1301,1302,-1,1235,1302,1234,-1,1234,1302,1233,-1,1233,1302,954,-1,1233,954,956,-1,955,954,1303,-1,955,1303,1259,-1,1259,1303,1304,-1,1259,1304,1257,-1,1257,1304,1305,-1,1257,1305,1255,-1,1255,1305,1306,-1,1255,1306,1253,-1,1253,1306,1307,-1,1253,1307,1251,-1,1251,1307,649,-1,1251,649,642,-1,1308,362,361,-1,368,369,1287,-1,1287,369,1309,-1,1287,1309,1288,-1,1288,1309,1310,-1,361,1286,1308,-1,1308,1286,1285,-1,1308,1285,1311,-1,1312,1290,1310,-1,1310,1290,1289,-1,1310,1289,1288,-1,1285,1284,1311,-1,1311,1284,1283,-1,1311,1283,1313,-1,1314,1292,1312,-1,1312,1292,1291,-1,1312,1291,1290,-1,1283,1282,1313,-1,1313,1282,1281,-1,1313,1281,1315,-1,1296,1295,1316,-1,1316,1295,1294,-1,1316,1294,1314,-1,1314,1294,1293,-1,1314,1293,1292,-1,369,366,1309,-1,1309,366,1317,-1,1309,1317,1310,-1,1310,1317,1318,-1,1310,1318,1312,-1,1312,1318,1319,-1,1312,1319,1314,-1,1314,1319,1320,-1,1314,1320,1316,-1,1316,1320,1321,-1,366,365,1317,-1,1317,365,1322,-1,1317,1322,1318,-1,1318,1322,1323,-1,1318,1323,1319,-1,1319,1323,1324,-1,1319,1324,1320,-1,1320,1324,1325,-1,1320,1325,1321,-1,1321,1325,1326,-1,365,364,1322,-1,1322,364,1327,-1,1322,1327,1323,-1,1323,1327,1328,-1,1323,1328,1324,-1,1324,1328,1329,-1,1324,1329,1325,-1,1325,1329,1330,-1,1325,1330,1326,-1,1326,1330,1331,-1,364,362,1327,-1,1327,362,1308,-1,1327,1308,1328,-1,1328,1308,1311,-1,1328,1311,1329,-1,1329,1311,1313,-1,1329,1313,1330,-1,1330,1313,1315,-1,1330,1315,1331,-1,1331,1315,1332,-1,906,1297,1333,-1,1333,1297,1296,-1,1281,1280,1315,-1,1315,1280,1279,-1,1315,1279,1332,-1,1332,1279,1278,-1,1332,1278,1277,-1,1296,1316,1333,-1,1333,1316,1321,-1,1333,1321,1334,-1,1334,1321,1326,-1,1334,1326,1335,-1,1335,1326,1331,-1,1335,1331,1336,-1,1336,1331,1332,-1,1336,1332,1337,-1,1337,1332,1277,-1,1337,1277,1276,-1,906,1333,1338,-1,1338,1333,1334,-1,1338,1334,1339,-1,1339,1334,1335,-1,1339,1335,1340,-1,1340,1335,1336,-1,1340,1336,1341,-1,1341,1336,1337,-1,1341,1337,1342,-1,1342,1337,1276,-1,1342,1276,634,-1,954,1302,1303,-1,1303,1302,1343,-1,1303,1343,1304,-1,1304,1343,1344,-1,1304,1344,1305,-1,1305,1344,1345,-1,1305,1345,1306,-1,1306,1345,1346,-1,1306,1346,1307,-1,1307,1346,1347,-1,1307,1347,649,-1,649,1347,1348,-1,1302,1301,1343,-1,1343,1301,1349,-1,1343,1349,1344,-1,1344,1349,1350,-1,1344,1350,1345,-1,1345,1350,1351,-1,1345,1351,1346,-1,1346,1351,1352,-1,1346,1352,1347,-1,1347,1352,1353,-1,1347,1353,1348,-1,1348,1353,1354,-1,1301,1300,1349,-1,1349,1300,1355,-1,1349,1355,1350,-1,1350,1355,1356,-1,1350,1356,1351,-1,1351,1356,1357,-1,1351,1357,1352,-1,1352,1357,1358,-1,1352,1358,1353,-1,1353,1358,1359,-1,1353,1359,1354,-1,1354,1359,1360,-1,1300,1299,1355,-1,1355,1299,1361,-1,1355,1361,1356,-1,1356,1361,1362,-1,1356,1362,1357,-1,1357,1362,1363,-1,1357,1363,1358,-1,1358,1363,1364,-1,1358,1364,1359,-1,1359,1364,1365,-1,1359,1365,1360,-1,1360,1365,1366,-1,1299,1298,1361,-1,1361,1298,1367,-1,1361,1367,1362,-1,1362,1367,1368,-1,1362,1368,1363,-1,1363,1368,1369,-1,1363,1369,1364,-1,1364,1369,1370,-1,1364,1370,1365,-1,1365,1370,1371,-1,1365,1371,1366,-1,1366,1371,1372,-1,1298,915,1367,-1,1367,915,918,-1,1367,918,1368,-1,1368,918,911,-1,1368,911,1369,-1,1369,911,910,-1,1369,910,1370,-1,1370,910,909,-1,1370,909,1371,-1,1371,909,904,-1,1371,904,1372,-1,1372,904,903,-1,903,906,1372,-1,1372,906,1338,-1,1372,1338,1366,-1,1366,1338,1339,-1,1366,1339,1360,-1,1360,1339,1340,-1,1360,1340,1354,-1,1354,1340,1341,-1,1354,1341,1348,-1,1348,1341,1342,-1,1348,1342,649,-1,649,1342,634,-1,789,22,1373,-1,789,1373,1374,-1,1374,1373,1375,-1,1374,1375,1376,-1,1376,1375,1377,-1,1376,1377,1378,-1,1378,1377,1379,-1,1378,1379,1380,-1,1380,1379,1381,-1,1380,1381,1382,-1,1382,1381,1383,-1,1382,1383,1384,-1,1384,1383,1385,-1,1384,1385,1386,-1,1386,1385,1387,-1,1386,1387,1388,-1,1388,1387,663,-1,1388,663,662,-1,662,673,1389,-1,662,1389,1388,-1,1388,1389,1390,-1,1388,1390,1386,-1,1390,1391,1386,-1,1386,1391,1392,-1,1386,1392,1384,-1,1392,1393,1384,-1,1384,1393,1394,-1,1384,1394,1382,-1,1395,787,789,-1,1394,1396,1382,-1,1382,1396,1397,-1,1382,1397,1380,-1,1380,1397,1398,-1,1380,1398,1378,-1,1378,1398,1399,-1,1378,1399,1376,-1,1376,1399,1395,-1,1376,1395,1374,-1,1374,1395,789,-1,782,781,1400,-1,1400,781,1401,-1,1402,1403,1401,-1,1401,1403,1404,-1,1401,1404,1400,-1,1405,1406,1402,-1,1402,1406,1407,-1,1402,1407,1403,-1,1402,1408,1405,-1,1405,1408,1409,-1,1405,1409,1410,-1,1410,1409,1411,-1,1410,1411,1412,-1,1412,1411,608,-1,1412,608,603,-1,1413,1414,1415,-1,1415,1414,1416,-1,1415,1416,592,-1,592,1416,1417,-1,592,1417,582,-1,1418,1419,1413,-1,1413,1419,1420,-1,1413,1420,1414,-1,1421,1422,1418,-1,1418,1422,1423,-1,1418,1423,1419,-1,1424,1425,1421,-1,1421,1425,1426,-1,1421,1426,1422,-1,459,1427,357,-1,357,1427,1428,-1,357,1428,1424,-1,1424,1428,1429,-1,1424,1429,1425,-1,22,18,1373,-1,1373,18,1430,-1,1373,1430,1375,-1,1375,1430,1377,-1,1377,1430,1431,-1,1377,1431,1379,-1,1379,1431,1432,-1,1379,1432,1381,-1,1432,1433,1381,-1,1381,1433,1434,-1,1381,1434,1383,-1,1434,1435,1383,-1,1383,1435,1436,-1,1383,1436,1385,-1,1436,1437,1385,-1,1385,1437,1438,-1,1385,1438,1387,-1,1387,1438,1439,-1,1439,1440,1387,-1,1387,1440,664,-1,1387,664,663,-1,787,1395,785,-1,785,1395,1441,-1,1395,1399,1441,-1,1441,1399,1398,-1,1441,1398,1442,-1,1398,1397,1442,-1,1442,1397,1396,-1,1442,1396,1443,-1,1396,1394,1443,-1,1443,1394,1393,-1,1443,1393,1444,-1,781,792,1401,-1,1401,792,1445,-1,1401,1445,1402,-1,1402,1445,1446,-1,1402,1446,1408,-1,1408,1446,1447,-1,1408,1447,1409,-1,1409,1447,1448,-1,1409,1448,1411,-1,1411,1448,1449,-1,1411,1449,608,-1,792,791,1445,-1,1445,791,1450,-1,1445,1450,1446,-1,1446,1450,1451,-1,1446,1451,1447,-1,1447,1451,1452,-1,1447,1452,1448,-1,1448,1452,1453,-1,1448,1453,1449,-1,1449,1453,1454,-1,791,790,1450,-1,1450,790,1455,-1,1450,1455,1451,-1,1451,1455,1456,-1,1451,1456,1452,-1,1452,1456,1457,-1,1452,1457,1453,-1,1453,1457,1458,-1,1453,1458,1454,-1,1454,1458,1459,-1,790,786,1455,-1,1455,786,1460,-1,1455,1460,1456,-1,1456,1460,1461,-1,1456,1461,1457,-1,1457,1461,1462,-1,1457,1462,1458,-1,1458,1462,1463,-1,1458,1463,1459,-1,1459,1463,1464,-1,786,785,1460,-1,1460,785,1441,-1,1460,1441,1461,-1,1461,1441,1442,-1,1461,1442,1462,-1,1462,1442,1443,-1,1462,1443,1463,-1,1463,1443,1444,-1,1463,1444,1464,-1,1464,1444,1465,-1,1393,1392,1444,-1,1444,1392,1391,-1,1444,1391,1465,-1,1465,1391,1390,-1,1465,1390,1389,-1,608,1449,1466,-1,1466,1449,1454,-1,1466,1454,1467,-1,1467,1454,1459,-1,1467,1459,1468,-1,1468,1459,1464,-1,1468,1464,1469,-1,1469,1464,1465,-1,1469,1465,1470,-1,1470,1465,1389,-1,1470,1389,673,-1,1471,1472,1406,-1,1406,1472,1473,-1,1406,1473,1407,-1,1407,1473,1474,-1,1407,1474,1403,-1,1403,1474,1475,-1,1403,1475,1404,-1,1404,1475,1476,-1,1404,1476,1400,-1,1400,1476,724,-1,1400,724,782,-1,1406,1405,1471,-1,1471,1405,1410,-1,1471,1410,1477,-1,1477,1410,1412,-1,1477,1412,1478,-1,1478,1412,603,-1,1478,603,602,-1,582,1417,589,-1,589,1417,1479,-1,1414,1480,1481,-1,1479,1417,1481,-1,1481,1417,1416,-1,1481,1416,1414,-1,1419,1482,1483,-1,1480,1414,1483,-1,1483,1414,1420,-1,1483,1420,1419,-1,1422,1484,1485,-1,1482,1419,1485,-1,1485,1419,1423,-1,1485,1423,1422,-1,1484,1422,1486,-1,1486,1422,1426,-1,1486,1426,1487,-1,1487,1426,1425,-1,1487,1425,1488,-1,1488,1425,1429,-1,1488,1429,1489,-1,1429,1428,1489,-1,1489,1428,1427,-1,1489,1427,1490,-1,1490,1427,459,-1,1490,459,715,-1,18,371,1430,-1,1430,371,1491,-1,1430,1491,1431,-1,1431,1491,1432,-1,1432,1491,1492,-1,1432,1492,1433,-1,1433,1492,1434,-1,1434,1492,1493,-1,1434,1493,1435,-1,1435,1493,1436,-1,1436,1493,1494,-1,1436,1494,1437,-1,1437,1494,1438,-1,1438,1494,1495,-1,1438,1495,1439,-1,1439,1495,1440,-1,1440,1495,1496,-1,1440,1496,664,-1,371,359,1491,-1,1491,359,1497,-1,1491,1497,1492,-1,1492,1497,1498,-1,1492,1498,1493,-1,1493,1498,1499,-1,1493,1499,1494,-1,1494,1499,1500,-1,1494,1500,1495,-1,1495,1500,1501,-1,1495,1501,1496,-1,1496,1501,1502,-1,359,358,1497,-1,1497,358,1503,-1,1497,1503,1498,-1,1498,1503,1504,-1,1498,1504,1499,-1,1499,1504,1505,-1,1499,1505,1500,-1,1500,1505,1506,-1,1500,1506,1501,-1,1501,1506,1507,-1,1501,1507,1502,-1,1502,1507,1508,-1,358,355,1503,-1,1503,355,1509,-1,1503,1509,1504,-1,1504,1509,1510,-1,1504,1510,1505,-1,1505,1510,1511,-1,1505,1511,1506,-1,1506,1511,1512,-1,1506,1512,1507,-1,1507,1512,1513,-1,1507,1513,1508,-1,1508,1513,1514,-1,355,354,1509,-1,1509,354,1515,-1,1509,1515,1510,-1,1510,1515,1516,-1,1510,1516,1511,-1,1511,1516,1517,-1,1511,1517,1512,-1,1512,1517,1518,-1,1512,1518,1513,-1,1513,1518,1519,-1,1513,1519,1514,-1,1514,1519,1520,-1,354,357,1515,-1,1515,357,1424,-1,1515,1424,1516,-1,1516,1424,1421,-1,1516,1421,1517,-1,1517,1421,1418,-1,1517,1418,1518,-1,1518,1418,1413,-1,1518,1413,1519,-1,1519,1413,1415,-1,1519,1415,1520,-1,1520,1415,592,-1,607,608,1521,-1,1521,608,1466,-1,1521,1466,1522,-1,1522,1466,1467,-1,1522,1467,1523,-1,1523,1467,1468,-1,1523,1468,1524,-1,1524,1468,1469,-1,1524,1469,1525,-1,1525,1469,1470,-1,1525,1470,667,-1,667,1470,673,-1,602,601,1526,-1,602,1526,1478,-1,1478,1526,1527,-1,1478,1527,1477,-1,1477,1527,1528,-1,1477,1528,1471,-1,1471,1528,1472,-1,1472,1528,1529,-1,1472,1529,1473,-1,1473,1529,1474,-1,1474,1529,1530,-1,1474,1530,1475,-1,1475,1530,1476,-1,1476,1530,725,-1,1476,725,724,-1,723,1531,729,-1,729,1531,1532,-1,1532,1531,1533,-1,1533,1531,1534,-1,1533,1534,1535,-1,1535,1534,1536,-1,1535,1536,1537,-1,1537,1536,1538,-1,1537,1538,1539,-1,1539,1538,1540,-1,1539,1540,1541,-1,1541,1540,1542,-1,1541,1542,1543,-1,1543,1542,1544,-1,1543,1544,1545,-1,1545,1544,1546,-1,1545,1546,1547,-1,1547,1546,1548,-1,1547,1548,1549,-1,1549,1548,1550,-1,1549,1550,1551,-1,1550,1552,1551,-1,1551,1552,660,-1,1551,660,661,-1,715,717,1490,-1,1490,717,1489,-1,1489,717,1488,-1,1488,717,1553,-1,1488,1553,1487,-1,1487,1553,1554,-1,1487,1554,1486,-1,1555,1556,1483,-1,1483,1482,1555,-1,1555,1482,1485,-1,1555,1485,1554,-1,1554,1485,1484,-1,1554,1484,1486,-1,1557,587,589,-1,589,1479,1557,-1,1557,1479,1481,-1,1557,1481,1556,-1,1556,1481,1480,-1,1556,1480,1483,-1,593,1558,592,-1,592,1558,1520,-1,1558,1559,1520,-1,1520,1559,1560,-1,1520,1560,1514,-1,1560,1561,1514,-1,1514,1561,1562,-1,1514,1562,1508,-1,1508,1562,1563,-1,1508,1563,1502,-1,1563,1564,1502,-1,1502,1564,1565,-1,1502,1565,1496,-1,1565,1566,1496,-1,1496,1566,1567,-1,1496,1567,664,-1,664,1567,1568,-1,664,1568,681,-1,945,943,1569,-1,945,1569,1570,-1,1570,1569,1571,-1,1570,1571,1572,-1,1572,1571,1573,-1,1572,1573,1574,-1,1574,1573,1575,-1,1574,1575,1576,-1,1576,1575,1577,-1,1576,1577,1578,-1,1578,1577,667,-1,1578,667,681,-1,943,1579,1569,-1,1569,1579,1580,-1,1569,1580,1571,-1,1571,1580,1581,-1,1571,1581,1573,-1,1573,1581,1582,-1,1573,1582,1575,-1,1575,1582,1583,-1,1575,1583,1577,-1,1577,1583,1584,-1,1577,1584,667,-1,667,1584,1525,-1,1579,1585,1580,-1,1580,1585,1586,-1,1580,1586,1581,-1,1581,1586,1587,-1,1581,1587,1582,-1,1582,1587,1588,-1,1582,1588,1583,-1,1583,1588,1589,-1,1583,1589,1584,-1,1584,1589,1590,-1,1584,1590,1525,-1,1525,1590,1524,-1,1585,1591,1586,-1,1586,1591,1592,-1,1586,1592,1587,-1,1587,1592,1593,-1,1587,1593,1588,-1,1588,1593,1594,-1,1588,1594,1589,-1,1589,1594,1595,-1,1589,1595,1590,-1,1590,1595,1596,-1,1590,1596,1524,-1,1524,1596,1523,-1,1591,1597,1592,-1,1592,1597,1598,-1,1592,1598,1593,-1,1593,1598,1599,-1,1593,1599,1594,-1,1594,1599,1600,-1,1594,1600,1595,-1,1595,1600,1601,-1,1595,1601,1596,-1,1596,1601,1602,-1,1596,1602,1523,-1,1523,1602,1522,-1,1597,1603,1598,-1,1598,1603,1604,-1,1598,1604,1599,-1,1599,1604,1605,-1,1599,1605,1600,-1,1600,1605,1606,-1,1600,1606,1601,-1,1601,1606,1607,-1,1601,1607,1602,-1,1602,1607,1608,-1,1602,1608,1522,-1,1522,1608,1521,-1,1603,615,1604,-1,1604,615,618,-1,1604,618,1605,-1,1605,618,611,-1,1605,611,1606,-1,1606,611,610,-1,1606,610,1607,-1,1607,610,609,-1,1607,609,1608,-1,1608,609,606,-1,1608,606,1521,-1,1521,606,607,-1,723,722,1531,-1,1531,722,1609,-1,1531,1609,1534,-1,1534,1609,1536,-1,1536,1609,1610,-1,1536,1610,1538,-1,1538,1610,1540,-1,1540,1610,1611,-1,1540,1611,1542,-1,1542,1611,1544,-1,1544,1611,1612,-1,1544,1612,1546,-1,1546,1612,1548,-1,1548,1612,1613,-1,1548,1613,1550,-1,1550,1613,1552,-1,1552,1613,1614,-1,1552,1614,660,-1,722,721,1609,-1,1609,721,1615,-1,1609,1615,1610,-1,1610,1615,1616,-1,1610,1616,1611,-1,1611,1616,1617,-1,1611,1617,1612,-1,1612,1617,1618,-1,1612,1618,1613,-1,1613,1618,1619,-1,1613,1619,1614,-1,1614,1619,1620,-1,721,720,1615,-1,1615,720,1621,-1,1615,1621,1616,-1,1616,1621,1622,-1,1616,1622,1617,-1,1617,1622,1623,-1,1617,1623,1618,-1,1618,1623,1624,-1,1618,1624,1619,-1,1619,1624,1625,-1,1619,1625,1620,-1,1620,1625,1626,-1,720,728,1621,-1,1621,728,1627,-1,1621,1627,1622,-1,1622,1627,1628,-1,1622,1628,1623,-1,1623,1628,1629,-1,1623,1629,1624,-1,1624,1629,1630,-1,1624,1630,1625,-1,1625,1630,1631,-1,1625,1631,1626,-1,1626,1631,1632,-1,728,727,1627,-1,1627,727,1633,-1,1627,1633,1628,-1,1628,1633,1634,-1,1628,1634,1629,-1,1629,1634,1635,-1,1629,1635,1630,-1,1630,1635,1636,-1,1630,1636,1631,-1,1631,1636,1637,-1,1631,1637,1632,-1,1632,1637,1638,-1,727,725,1633,-1,1633,725,1530,-1,1633,1530,1634,-1,1634,1530,1529,-1,1634,1529,1635,-1,1635,1529,1528,-1,1635,1528,1636,-1,1636,1528,1527,-1,1636,1527,1637,-1,1637,1527,1526,-1,1637,1526,1638,-1,1638,1526,601,-1,729,1532,730,-1,730,1532,1639,-1,1532,1533,1639,-1,1639,1533,1535,-1,1639,1535,1640,-1,1535,1537,1640,-1,1640,1537,1539,-1,1640,1539,1641,-1,1539,1541,1641,-1,1641,1541,1543,-1,1641,1543,1642,-1,717,700,1553,-1,1553,700,1643,-1,1553,1643,1554,-1,1554,1643,1644,-1,1554,1644,1555,-1,1555,1644,1645,-1,1555,1645,1556,-1,1556,1645,1646,-1,1556,1646,1557,-1,1557,1646,1647,-1,1557,1647,587,-1,700,699,1643,-1,1643,699,1648,-1,1643,1648,1644,-1,1644,1648,1649,-1,1644,1649,1645,-1,1645,1649,1650,-1,1645,1650,1646,-1,1646,1650,1651,-1,1646,1651,1647,-1,1647,1651,1652,-1,699,702,1648,-1,1648,702,1653,-1,1648,1653,1649,-1,1649,1653,1654,-1,1649,1654,1650,-1,1650,1654,1655,-1,1650,1655,1651,-1,1651,1655,1656,-1,1651,1656,1652,-1,1652,1656,1657,-1,702,731,1653,-1,1653,731,1658,-1,1653,1658,1654,-1,1654,1658,1659,-1,1654,1659,1655,-1,1655,1659,1660,-1,1655,1660,1656,-1,1656,1660,1661,-1,1656,1661,1657,-1,1657,1661,1662,-1,731,730,1658,-1,1658,730,1639,-1,1658,1639,1659,-1,1659,1639,1640,-1,1659,1640,1660,-1,1660,1640,1641,-1,1660,1641,1661,-1,1661,1641,1642,-1,1661,1642,1662,-1,1662,1642,1663,-1,1543,1545,1642,-1,1642,1545,1547,-1,1642,1547,1663,-1,1663,1547,1549,-1,1663,1549,1551,-1,587,1647,1664,-1,1664,1647,1652,-1,1664,1652,1665,-1,1665,1652,1657,-1,1665,1657,1666,-1,1666,1657,1662,-1,1666,1662,1667,-1,1667,1662,1663,-1,1667,1663,1668,-1,1668,1663,1551,-1,1668,1551,661,-1,1559,1558,1669,-1,1670,1671,1672,-1,1561,1560,1673,-1,1674,1675,1676,-1,1563,1562,1677,-1,1678,1679,1680,-1,1565,1564,1681,-1,1682,1683,1684,-1,1567,1566,1685,-1,1686,1687,1688,-1,681,1568,1578,-1,1578,1568,1689,-1,1578,1689,1576,-1,1576,1689,1690,-1,1576,1690,1574,-1,1574,1690,1691,-1,1574,1691,1572,-1,1572,1691,1692,-1,1572,1692,1570,-1,1570,1692,1688,-1,1570,1688,945,-1,945,1688,1687,-1,1568,1567,1689,-1,1689,1567,1685,-1,1689,1685,1690,-1,1690,1685,1693,-1,1690,1693,1691,-1,1691,1693,1694,-1,1691,1694,1692,-1,1692,1694,1695,-1,1692,1695,1688,-1,1688,1695,1684,-1,1688,1684,1686,-1,1686,1684,1683,-1,1566,1565,1685,-1,1685,1565,1681,-1,1685,1681,1693,-1,1693,1681,1696,-1,1693,1696,1694,-1,1694,1696,1697,-1,1694,1697,1695,-1,1695,1697,1698,-1,1695,1698,1684,-1,1684,1698,1680,-1,1684,1680,1682,-1,1682,1680,1679,-1,1564,1563,1681,-1,1681,1563,1677,-1,1681,1677,1696,-1,1696,1677,1699,-1,1696,1699,1697,-1,1697,1699,1700,-1,1697,1700,1698,-1,1698,1700,1701,-1,1698,1701,1680,-1,1680,1701,1676,-1,1680,1676,1678,-1,1678,1676,1675,-1,1562,1561,1677,-1,1677,1561,1673,-1,1677,1673,1699,-1,1699,1673,1702,-1,1699,1702,1700,-1,1700,1702,1703,-1,1700,1703,1701,-1,1701,1703,1704,-1,1701,1704,1676,-1,1676,1704,1672,-1,1676,1672,1674,-1,1674,1672,1671,-1,1560,1559,1673,-1,1673,1559,1669,-1,1673,1669,1702,-1,1702,1669,1705,-1,1702,1705,1703,-1,1703,1705,1706,-1,1703,1706,1704,-1,1704,1706,1707,-1,1704,1707,1672,-1,1672,1707,1708,-1,1672,1708,1670,-1,1670,1708,1709,-1,1558,593,1669,-1,1669,593,594,-1,1669,594,1705,-1,1705,594,586,-1,1705,586,1706,-1,1706,586,585,-1,1706,585,1707,-1,1707,585,584,-1,1707,584,1708,-1,1708,584,599,-1,1708,599,1709,-1,1709,599,598,-1,943,942,1579,-1,1579,942,1710,-1,1579,1710,1585,-1,1585,1710,1711,-1,1585,1711,1591,-1,1591,1711,1712,-1,1591,1712,1597,-1,1597,1712,1713,-1,1597,1713,1603,-1,1603,1713,1714,-1,1603,1714,615,-1,615,1714,616,-1,600,1715,601,-1,601,1715,1638,-1,1715,1716,1638,-1,1638,1716,1717,-1,1638,1717,1632,-1,1717,1718,1632,-1,1632,1718,1719,-1,1632,1719,1626,-1,1719,1720,1626,-1,1626,1720,1721,-1,1626,1721,1620,-1,1721,1722,1620,-1,1620,1722,1723,-1,1620,1723,1614,-1,1614,1723,1724,-1,1614,1724,660,-1,660,1724,1725,-1,660,1725,658,-1,941,939,1726,-1,941,1726,1727,-1,1727,1726,1728,-1,1727,1728,1729,-1,1729,1728,1730,-1,1729,1730,1731,-1,1731,1730,1732,-1,1731,1732,1733,-1,1733,1732,1734,-1,1733,1734,1735,-1,1735,1734,659,-1,1735,659,658,-1,588,587,1736,-1,1736,587,1664,-1,1736,1664,1737,-1,1737,1664,1665,-1,1737,1665,1738,-1,1738,1665,1666,-1,1738,1666,1739,-1,1739,1666,1667,-1,1739,1667,1740,-1,1740,1667,1668,-1,1740,1668,659,-1,659,1668,661,-1,1709,598,596,-1,1709,596,1670,-1,1670,596,1741,-1,1670,1741,1671,-1,1671,1741,1674,-1,1674,1741,1742,-1,1674,1742,1675,-1,1675,1742,1743,-1,1675,1743,1678,-1,1678,1743,1679,-1,1679,1743,1744,-1,1679,1744,1682,-1,1682,1744,1683,-1,1683,1744,1745,-1,1683,1745,1686,-1,1686,1745,1687,-1,1687,1745,944,-1,1687,944,945,-1,942,944,1746,-1,1746,944,1747,-1,1746,1747,1748,-1,1748,1747,1749,-1,1748,1749,1750,-1,1750,1749,1751,-1,1750,1751,1752,-1,1752,1751,1753,-1,1752,1753,1754,-1,1754,1753,1755,-1,1754,1755,1756,-1,1756,1755,1757,-1,1756,1757,1758,-1,1758,1757,1759,-1,1758,1759,1760,-1,1760,1759,1761,-1,1760,1761,1762,-1,1762,1761,1763,-1,1762,1763,1764,-1,1764,1763,1765,-1,1764,1765,1766,-1,1766,1765,1767,-1,1766,1767,946,-1,946,1767,947,-1,1768,1769,1770,-1,1769,1768,942,-1,1771,942,1768,-1,942,1772,1710,-1,1746,1769,942,-1,1773,1711,1710,-1,1712,1711,1774,-1,1774,1711,1773,-1,1774,1773,1775,-1,1746,1748,1769,-1,1769,1748,1750,-1,1769,1750,1770,-1,1770,1750,1752,-1,1770,1752,1754,-1,1771,1768,1776,-1,1776,1768,1770,-1,1776,1770,1777,-1,1777,1770,1754,-1,1777,1754,1756,-1,1778,942,1771,-1,1713,1712,1779,-1,1779,1712,1774,-1,1779,1774,1780,-1,1780,1774,1775,-1,1780,1775,1781,-1,1772,1778,1782,-1,1782,1778,1783,-1,1782,1783,1784,-1,1784,1783,1785,-1,1784,1785,1786,-1,1786,1785,1787,-1,1786,1787,1788,-1,1778,1771,1783,-1,1783,1771,1776,-1,1783,1776,1785,-1,1785,1776,1777,-1,1785,1777,1787,-1,1787,1777,1756,-1,1787,1756,1758,-1,1772,942,1778,-1,1714,1713,1789,-1,1789,1713,1779,-1,1789,1779,1790,-1,1790,1779,1780,-1,1790,1780,1791,-1,1791,1780,1781,-1,1791,1781,1792,-1,616,1714,1793,-1,1793,1714,1789,-1,1793,1789,1794,-1,1794,1789,1790,-1,1794,1790,1795,-1,1795,1790,1791,-1,1795,1791,1796,-1,1796,1791,1792,-1,1796,1792,1797,-1,1758,1760,1787,-1,1787,1760,1762,-1,1787,1762,1788,-1,1788,1762,1764,-1,1788,1764,1766,-1,1710,1772,1773,-1,1773,1772,1782,-1,1773,1782,1775,-1,1775,1782,1784,-1,1775,1784,1781,-1,1781,1784,1786,-1,1781,1786,1792,-1,1792,1786,1788,-1,1792,1788,1797,-1,1797,1788,1766,-1,1797,1766,946,-1,1716,1715,1798,-1,1799,1800,1801,-1,1718,1717,1802,-1,1803,1804,1805,-1,1720,1719,1806,-1,1807,1808,1809,-1,1722,1721,1810,-1,1811,1812,1813,-1,1724,1723,1814,-1,1815,1816,1817,-1,658,1725,1735,-1,1735,1725,1818,-1,1735,1818,1733,-1,1733,1818,1819,-1,1733,1819,1731,-1,1731,1819,1820,-1,1731,1820,1729,-1,1729,1820,1821,-1,1729,1821,1727,-1,1727,1821,1817,-1,1727,1817,941,-1,941,1817,1816,-1,1725,1724,1818,-1,1818,1724,1814,-1,1818,1814,1819,-1,1819,1814,1822,-1,1819,1822,1820,-1,1820,1822,1823,-1,1820,1823,1821,-1,1821,1823,1824,-1,1821,1824,1817,-1,1817,1824,1813,-1,1817,1813,1815,-1,1815,1813,1812,-1,1723,1722,1814,-1,1814,1722,1810,-1,1814,1810,1822,-1,1822,1810,1825,-1,1822,1825,1823,-1,1823,1825,1826,-1,1823,1826,1824,-1,1824,1826,1827,-1,1824,1827,1813,-1,1813,1827,1809,-1,1813,1809,1811,-1,1811,1809,1808,-1,1721,1720,1810,-1,1810,1720,1806,-1,1810,1806,1825,-1,1825,1806,1828,-1,1825,1828,1826,-1,1826,1828,1829,-1,1826,1829,1827,-1,1827,1829,1830,-1,1827,1830,1809,-1,1809,1830,1805,-1,1809,1805,1807,-1,1807,1805,1804,-1,1719,1718,1806,-1,1806,1718,1802,-1,1806,1802,1828,-1,1828,1802,1831,-1,1828,1831,1829,-1,1829,1831,1832,-1,1829,1832,1830,-1,1830,1832,1833,-1,1830,1833,1805,-1,1805,1833,1801,-1,1805,1801,1803,-1,1803,1801,1800,-1,1717,1716,1802,-1,1802,1716,1798,-1,1802,1798,1831,-1,1831,1798,1834,-1,1831,1834,1832,-1,1832,1834,1835,-1,1832,1835,1833,-1,1833,1835,1836,-1,1833,1836,1801,-1,1801,1836,1837,-1,1801,1837,1799,-1,1799,1837,1838,-1,1715,600,1798,-1,1798,600,614,-1,1798,614,1834,-1,1834,614,613,-1,1834,613,1835,-1,1835,613,612,-1,1835,612,1836,-1,1836,612,605,-1,1836,605,1837,-1,1837,605,604,-1,1837,604,1838,-1,1838,604,619,-1,939,1839,1726,-1,1726,1839,1840,-1,1726,1840,1728,-1,1728,1840,1841,-1,1728,1841,1730,-1,1730,1841,1842,-1,1730,1842,1732,-1,1732,1842,1843,-1,1732,1843,1734,-1,1734,1843,1844,-1,1734,1844,659,-1,659,1844,1740,-1,1839,1845,1840,-1,1840,1845,1846,-1,1840,1846,1841,-1,1841,1846,1847,-1,1841,1847,1842,-1,1842,1847,1848,-1,1842,1848,1843,-1,1843,1848,1849,-1,1843,1849,1844,-1,1844,1849,1850,-1,1844,1850,1740,-1,1740,1850,1739,-1,1845,1851,1846,-1,1846,1851,1852,-1,1846,1852,1847,-1,1847,1852,1853,-1,1847,1853,1848,-1,1848,1853,1854,-1,1848,1854,1849,-1,1849,1854,1855,-1,1849,1855,1850,-1,1850,1855,1856,-1,1850,1856,1739,-1,1739,1856,1738,-1,1851,1857,1852,-1,1852,1857,1858,-1,1852,1858,1853,-1,1853,1858,1859,-1,1853,1859,1854,-1,1854,1859,1860,-1,1854,1860,1855,-1,1855,1860,1861,-1,1855,1861,1856,-1,1856,1861,1862,-1,1856,1862,1738,-1,1738,1862,1737,-1,1857,1863,1858,-1,1858,1863,1864,-1,1858,1864,1859,-1,1859,1864,1865,-1,1859,1865,1860,-1,1860,1865,1866,-1,1860,1866,1861,-1,1861,1866,1867,-1,1861,1867,1862,-1,1862,1867,1868,-1,1862,1868,1737,-1,1737,1868,1736,-1,1863,597,1864,-1,1864,597,581,-1,1864,581,1865,-1,1865,581,580,-1,1865,580,1866,-1,1866,580,583,-1,1866,583,1867,-1,1867,583,591,-1,1867,591,1868,-1,1868,591,590,-1,1868,590,1736,-1,1736,590,588,-1,1767,1765,1869,-1,1763,1761,1870,-1,1759,1757,1871,-1,1755,1753,1872,-1,1751,1749,1873,-1,944,1874,1875,-1,1876,1874,944,-1,1745,1876,944,-1,944,1877,1873,-1,1749,1747,1873,-1,1873,1747,944,-1,1875,1877,944,-1,1745,1744,1876,-1,1876,1744,1878,-1,1876,1878,1874,-1,1874,1878,1879,-1,1874,1879,1875,-1,1875,1879,1880,-1,1875,1880,1877,-1,1877,1880,1881,-1,1877,1881,1873,-1,1873,1881,1872,-1,1873,1872,1751,-1,1751,1872,1753,-1,1744,1743,1878,-1,1878,1743,1882,-1,1878,1882,1879,-1,1879,1882,1883,-1,1879,1883,1880,-1,1880,1883,1884,-1,1880,1884,1881,-1,1881,1884,1885,-1,1881,1885,1872,-1,1872,1885,1871,-1,1872,1871,1755,-1,1755,1871,1757,-1,1743,1742,1882,-1,1882,1742,1886,-1,1882,1886,1883,-1,1883,1886,1887,-1,1883,1887,1884,-1,1884,1887,1888,-1,1884,1888,1885,-1,1885,1888,1889,-1,1885,1889,1871,-1,1871,1889,1870,-1,1871,1870,1759,-1,1759,1870,1761,-1,1742,1741,1886,-1,1886,1741,1890,-1,1886,1890,1887,-1,1887,1890,1891,-1,1887,1891,1888,-1,1888,1891,1892,-1,1888,1892,1889,-1,1889,1892,1893,-1,1889,1893,1870,-1,1870,1893,1869,-1,1870,1869,1763,-1,1763,1869,1765,-1,1741,596,1890,-1,1890,596,1894,-1,1890,1894,1891,-1,1891,1894,1895,-1,1891,1895,1892,-1,1892,1895,1896,-1,1892,1896,1893,-1,1893,1896,1897,-1,1893,1897,1869,-1,1869,1897,1898,-1,1869,1898,1767,-1,1767,1898,947,-1,617,616,1899,-1,1899,616,1793,-1,1899,1793,1900,-1,1900,1793,1794,-1,1900,1794,1901,-1,1901,1794,1795,-1,1901,1795,1902,-1,1902,1795,1796,-1,1902,1796,1903,-1,1903,1796,1797,-1,1903,1797,948,-1,948,1797,946,-1,1838,619,617,-1,1838,617,1799,-1,1799,617,1904,-1,1799,1904,1800,-1,1800,1904,1803,-1,1803,1904,1905,-1,1803,1905,1804,-1,1804,1905,1906,-1,1804,1906,1807,-1,1807,1906,1808,-1,1808,1906,1907,-1,1808,1907,1811,-1,1811,1907,1812,-1,1812,1907,1908,-1,1812,1908,1815,-1,1815,1908,1816,-1,1816,1908,940,-1,1816,940,941,-1,939,938,1839,-1,1839,938,1909,-1,1839,1909,1845,-1,1845,1909,1910,-1,1845,1910,1851,-1,1851,1910,1911,-1,1851,1911,1857,-1,1857,1911,1912,-1,1857,1912,1863,-1,1863,1912,1913,-1,1863,1913,597,-1,597,1913,595,-1,596,595,1894,-1,1894,595,1914,-1,1894,1914,1895,-1,1895,1914,1915,-1,1895,1915,1896,-1,1896,1915,1916,-1,1896,1916,1897,-1,1897,1916,1917,-1,1897,1917,1898,-1,1898,1917,1918,-1,1898,1918,947,-1,947,1918,949,-1,1919,1920,940,-1,1919,940,1921,-1,1922,1921,940,-1,1923,1922,940,-1,1908,1923,940,-1,1924,1925,1920,-1,1926,1927,1928,-1,1929,1930,1931,-1,1932,1933,1934,-1,1935,1936,1937,-1,948,1935,1903,-1,1903,1935,1937,-1,1903,1937,1902,-1,1902,1937,1938,-1,1902,1938,1901,-1,1901,1938,1939,-1,1901,1939,1900,-1,1900,1939,1940,-1,1900,1940,1899,-1,1899,1940,1941,-1,1899,1941,617,-1,617,1941,1904,-1,1936,1932,1937,-1,1937,1932,1934,-1,1937,1934,1938,-1,1938,1934,1942,-1,1938,1942,1939,-1,1939,1942,1943,-1,1939,1943,1940,-1,1940,1943,1944,-1,1940,1944,1941,-1,1941,1944,1945,-1,1941,1945,1904,-1,1904,1945,1905,-1,1933,1929,1934,-1,1934,1929,1931,-1,1934,1931,1942,-1,1942,1931,1946,-1,1942,1946,1943,-1,1943,1946,1947,-1,1943,1947,1944,-1,1944,1947,1948,-1,1944,1948,1945,-1,1945,1948,1949,-1,1945,1949,1905,-1,1905,1949,1906,-1,1930,1926,1931,-1,1931,1926,1928,-1,1931,1928,1946,-1,1946,1928,1950,-1,1946,1950,1947,-1,1947,1950,1951,-1,1947,1951,1948,-1,1948,1951,1952,-1,1948,1952,1949,-1,1949,1952,1953,-1,1949,1953,1906,-1,1906,1953,1907,-1,1927,1924,1928,-1,1928,1924,1920,-1,1928,1920,1950,-1,1950,1920,1919,-1,1950,1919,1951,-1,1951,1919,1921,-1,1951,1921,1952,-1,1952,1921,1922,-1,1952,1922,1953,-1,1953,1922,1923,-1,1953,1923,1907,-1,1907,1923,1908,-1,1925,1954,1920,-1,1920,1954,940,-1,1916,1915,1955,-1,1917,1916,1956,-1,1918,1917,1957,-1,949,1918,1958,-1,1958,1918,1959,-1,1958,1959,1960,-1,1960,1959,1961,-1,1961,1959,1962,-1,1961,1962,1963,-1,1964,1965,1966,-1,1966,1965,1967,-1,1966,1967,1962,-1,1962,1967,1968,-1,1962,1968,1963,-1,1969,1970,1964,-1,1964,1970,1971,-1,1964,1971,1965,-1,1916,1955,1956,-1,1956,1955,1972,-1,1956,1972,1973,-1,1973,1972,1974,-1,1973,1974,1975,-1,1975,1974,1976,-1,1975,1976,1977,-1,1977,1976,1978,-1,1977,1978,1979,-1,938,1978,1980,-1,1980,1978,1976,-1,1980,1976,1981,-1,1981,1976,1974,-1,1981,1974,1982,-1,1982,1974,1972,-1,1982,1972,1983,-1,1983,1972,1955,-1,1983,1955,1984,-1,1984,1955,1915,-1,1984,1915,1914,-1,938,1980,1909,-1,1909,1980,1981,-1,1909,1981,1910,-1,1910,1981,1982,-1,1910,1982,1911,-1,1911,1982,1983,-1,1911,1983,1912,-1,1912,1983,1984,-1,1912,1984,1913,-1,1913,1984,1914,-1,1913,1914,595,-1,1979,1978,938,-1,938,1985,1969,-1,1969,1985,1986,-1,1969,1986,1970,-1,1918,1957,1959,-1,1959,1957,1987,-1,1959,1987,1962,-1,1962,1987,1988,-1,1962,1988,1966,-1,1966,1988,1989,-1,1966,1989,1964,-1,1964,1989,1990,-1,1964,1990,1969,-1,1969,1990,938,-1,1917,1956,1957,-1,1957,1956,1973,-1,1957,1973,1987,-1,1987,1973,1975,-1,1987,1975,1988,-1,1988,1975,1977,-1,1988,1977,1989,-1,1989,1977,1979,-1,1989,1979,1990,-1,1990,1979,938,-1,938,940,1985,-1,1985,940,1954,-1,1985,1954,1986,-1,1986,1954,1925,-1,1986,1925,1970,-1,1970,1925,1924,-1,1970,1924,1971,-1,1971,1924,1927,-1,1971,1927,1965,-1,1965,1927,1926,-1,1965,1926,1967,-1,1967,1926,1930,-1,1967,1930,1968,-1,1968,1930,1929,-1,1968,1929,1963,-1,1963,1929,1933,-1,1963,1933,1961,-1,1961,1933,1932,-1,1961,1932,1960,-1,1960,1932,1936,-1,1960,1936,1958,-1,1958,1936,1935,-1,1958,1935,949,-1,949,1935,948,-1,
        ]
    }
}
Shape{
    appearance Appearance {
        material  Material {
            diffuseColor 0.9490196078431372 0.7607843137254902 0.1803921568627451
            specularColor 0.7607843137254902 0.6078431372549019 0.1450980392156863
            ambientIntensity 0.7509
            transparency 0.0
            shininess 0.5
        }
    }
    geometry IndexedFaceSet {
        ccw TRUE
        solid FALSE
        coord DEF co Coordinate {
            point [
                -0.942 0.1724 4.0551, -0.942 -0.1527 4.0551, -0.617 0.1724 4.0551, -0.617 -0.1527 4.0551, -0.563 0.2461 1.2205, -0.9961 0.2461 1.2205, -0.563 0.2461 3.8583, -0.9961 0.2461 3.8583, -1.0157 -0.2067 3.8583, -1.0157 0.2264 3.8583, -1.0157 -0.2067 1.2205, -1.0157 0.2264 1.2205, -0.9961 -0.2264 1.2205, -0.563 -0.2264 1.2205, -0.9961 -0.2264 3.8583, -0.563 -0.2264 3.8583, -0.5433 -0.2067 1.2205, -0.5433 0.2264 1.2205, -0.5433 -0.2067 3.8583, -0.5433 0.2264 3.8583, -0.5433 0.2264 0.1575, -0.5433 -0.2067 0.1575, -0.5433 0.2264 -1.1811, -0.5433 -0.2067 -1.1811, -0.9961 -0.2264 -1.1811, -0.563 -0.2264 -1.1811, -0.9961 -0.2264 0.1575, -0.563 -0.2264 0.1575, -1.0157 0.2264 -1.1811, -1.0157 -0.2067 -1.1811, -1.0157 0.2264 0.1575, -1.0157 -0.2067 0.1575, -0.9961 0.2461 0.1575, -0.563 0.2461 0.1575, -0.9961 0.2461 -1.1811, -0.563 0.2461 -1.1811, -0.942 -0.1527 -1.378, -0.942 0.1724 -1.378, -0.617 -0.1527 -1.378, -0.617 0.1724 -1.378, -0.9969 0.246 3.8583, -0.942 0.1912 4.0411, -0.617 0.1912 4.0411, -0.5622 0.246 3.8583, -1.0157 -0.2075 3.8583, -0.9609 -0.1527 4.0411, -0.9609 0.1724 4.0411, -1.0157 0.2272 3.8583, -0.5433 0.2272 3.8583, -0.5982 0.1724 4.0411, -0.5982 -0.1527 4.0411, -0.5433 -0.2075 3.8583, -0.5622 -0.2264 3.8583, -0.617 -0.1715 4.0411, -0.942 -0.1715 4.0411, -0.9969 -0.2264 3.8583, -0.9969 -0.2264 -1.1812, -0.942 -0.1715 -1.3639, -0.617 -0.1715 -1.3639, -0.5622 -0.2264 -1.1812, -0.5433 -0.2075 -1.1812, -0.5982 -0.1527 -1.3639, -0.5982 0.1724 -1.3639, -0.5433 0.2272 -1.1812, -1.0157 0.2272 -1.1812, -0.9609 0.1724 -1.3639, -0.9609 -0.1527 -1.3639, -1.0157 -0.2075 -1.1812, -0.5622 0.246 -1.1812, -0.617 0.1912 -1.3639, -0.942 0.1912 -1.3639, -0.9969 0.246 -1.1812, -0.5579 0.2453 -1.1817, -0.5579 0.2454 0.1575, -0.5574 0.2452 -1.1817, -0.5531 0.2434 0.1575, -0.5532 0.2434 -1.1821, -0.5529 0.2433 -1.1821, -0.5491 0.2403 0.1575, -0.5491 0.2403 -1.1822, -0.5461 0.2365 -1.1821, -0.5459 0.2362 0.1575, -0.546 0.2362 -1.1821, -0.5441 0.232 -1.1817, -0.544 0.2315 0.1575, -0.544 0.2315 -1.1817, -1.015 0.2315 -1.1817, -1.0151 0.2315 0.1575, -1.0149 0.232 -1.1817, -1.0131 0.2362 0.1575, -1.0131 0.2362 -1.1821, -1.013 0.2365 -1.1821, -1.01 0.2403 0.1575, -1.01 0.2403 -1.1822, -1.0061 0.2433 -1.1821, -1.0059 0.2434 0.1575, -1.0059 0.2434 -1.1821, -1.0017 0.2452 -1.1817, -1.0012 0.2454 0.1575, -1.0011 0.2453 -1.1817, -0.608 0.1882 -1.3657, -0.5991 0.177 -1.365, -0.5993 0.1774 -1.3651, -0.6012 0.1814 -1.3657, -0.6053 0.186 -1.3659, -0.6017 0.182 -1.3658, -0.6042 0.1852 -1.366, -0.6042 0.1852 -1.366, -0.6097 0.189 -1.3654, -0.6101 0.1892 -1.3654, -0.6124 0.1903 -1.365, -0.6152 0.1908 -1.3644, -0.6131 0.1904 -1.3649, -0.942 0.1773 -1.3773, -0.942 0.1892 -1.3684, -0.617 0.1892 -1.3684, -0.942 0.1892 -1.3685, -0.617 0.1892 -1.3685, -0.942 0.1861 -1.3724, -0.617 0.1861 -1.3724, -0.942 0.186 -1.3724, -0.617 0.186 -1.3724, -0.942 0.1821 -1.3754, -0.617 0.1821 -1.3754, -0.942 0.182 -1.3754, -0.617 0.182 -1.3754, -0.942 0.1774 -1.3773, -0.617 0.1774 -1.3773, -0.617 0.1773 -1.3773, -0.9493 0.189 -1.3654, -0.949 0.1892 -1.3654, -0.9467 0.1903 -1.365, -0.946 0.1904 -1.3649, -0.9439 0.1908 -1.3644, -0.9548 0.1852 -1.366, -0.9538 0.186 -1.3659, -0.9511 0.1882 -1.3657, -0.9549 0.1852 -1.366, -0.9574 0.182 -1.3658, -0.9579 0.1814 -1.3657, -0.9598 0.1774 -1.3651, -0.9599 0.177 -1.365, -0.544 -0.2118 -1.1817, -0.544 -0.2118 0.1575, -0.5441 -0.2123 -1.1817, -0.5459 -0.2165 0.1575, -0.546 -0.2165 -1.1821, -0.5461 -0.2168 -1.1821, -0.5491 -0.2206 0.1575, -0.5491 -0.2206 -1.1822, -0.5529 -0.2236 -1.1821, -0.5531 -0.2237 0.1575, -0.5532 -0.2237 -1.1821, -0.5574 -0.2256 -1.1817, -0.5579 -0.2257 0.1575, -0.5579 -0.2256 -1.1817, -0.6001 0.1724 -1.3684, -0.6007 0.1774 -1.3681, -0.6023 0.1821 -1.3671, -0.6072 0.1861 -1.3684, -0.612 0.1892 -1.3671, -0.6144 0.1892 -1.3681, -0.6002 0.1724 -1.3685, -0.6037 0.1774 -1.3719, -0.6033 0.1724 -1.3724, -0.6033 0.1724 -1.3724, -0.6076 0.1774 -1.3748, -0.6073 0.1724 -1.3754, -0.6074 0.1724 -1.3754, -0.6122 0.1774 -1.3767, -0.612 0.1724 -1.3773, -0.612 0.1724 -1.3773, -0.6126 0.1821 -1.3748, -0.6086 0.1821 -1.3732, -0.6051 0.1821 -1.3705, -0.6101 0.1861 -1.3705, -0.6134 0.1861 -1.3719, -0.949 0.1861 -1.3705, -0.9505 0.1821 -1.3732, -0.954 0.1821 -1.3705, -0.9584 0.1774 -1.3681, -0.9567 0.1821 -1.3671, -0.947 0.1892 -1.3671, -0.9446 0.1892 -1.3681, -0.9519 0.1861 -1.3684, -0.9471 0.1724 -1.3773, -0.9469 0.1774 -1.3767, -0.947 0.1724 -1.3773, -0.9517 0.1724 -1.3754, -0.9517 0.1724 -1.3754, -0.9514 0.1774 -1.3748, -0.9557 0.1724 -1.3724, -0.9553 0.1774 -1.3719, -0.9589 0.1724 -1.3684, -0.9588 0.1724 -1.3685, -0.9558 0.1724 -1.3724, -0.9464 0.1821 -1.3748, -0.9456 0.1861 -1.3719, -1.0011 -0.2256 -1.1817, -1.0012 -0.2257 0.1575, -1.0017 -0.2256 -1.1817, -1.0059 -0.2237 0.1575, -1.0059 -0.2237 -1.1821, -1.0061 -0.2236 -1.1821, -1.01 -0.2206 0.1575, -1.01 -0.2206 -1.1822, -1.013 -0.2168 -1.1821, -1.0131 -0.2165 0.1575, -1.0131 -0.2165 -1.1821, -1.0149 -0.2123 -1.1817, -1.0151 -0.2118 0.1575, -1.015 -0.2118 -1.1817, -0.6152 -0.1712 -1.3644, -0.6131 -0.1707 -1.3649, -0.6124 -0.1706 -1.365, -0.6101 -0.1695 -1.3654, -0.6097 -0.1693 -1.3654, -0.6042 -0.1655 -1.366, -0.6053 -0.1663 -1.3659, -0.608 -0.1685 -1.3657, -0.6042 -0.1655 -1.366, -0.6017 -0.1623 -1.3658, -0.6012 -0.1617 -1.3657, -0.5993 -0.1577 -1.3651, -0.5991 -0.1573 -1.365, -0.6001 -0.1527 -1.3684, -0.6002 -0.1527 -1.3685, -0.6033 -0.1527 -1.3724, -0.6033 -0.1527 -1.3724, -0.6073 -0.1527 -1.3754, -0.6074 -0.1527 -1.3754, -0.612 -0.1527 -1.3773, -0.612 -0.1527 -1.3773, -0.947 -0.1527 -1.3773, -0.9589 -0.1527 -1.3684, -0.9588 -0.1527 -1.3685, -0.9558 -0.1527 -1.3724, -0.9557 -0.1527 -1.3724, -0.9517 -0.1527 -1.3754, -0.9517 -0.1527 -1.3754, -0.9471 -0.1527 -1.3773, -0.9511 -0.1685 -1.3657, -0.9599 -0.1573 -1.365, -0.9598 -0.1577 -1.3651, -0.9579 -0.1617 -1.3657, -0.9538 -0.1663 -1.3659, -0.9574 -0.1623 -1.3658, -0.9549 -0.1655 -1.366, -0.9548 -0.1655 -1.366, -0.9493 -0.1693 -1.3654, -0.949 -0.1695 -1.3654, -0.9467 -0.1706 -1.365, -0.9439 -0.1712 -1.3644, -0.946 -0.1707 -1.3649, -0.6122 -0.1577 -1.3767, -0.6076 -0.1577 -1.3748, -0.6037 -0.1577 -1.3719, -0.6007 -0.1577 -1.3681, -0.612 -0.1695 -1.3671, -0.6144 -0.1695 -1.3681, -0.6101 -0.1664 -1.3705, -0.6051 -0.1624 -1.3705, -0.6072 -0.1664 -1.3684, -0.6023 -0.1624 -1.3671, -0.617 -0.1695 -1.3684, -0.617 -0.1695 -1.3685, -0.6134 -0.1664 -1.3719, -0.617 -0.1664 -1.3724, -0.617 -0.1663 -1.3724, -0.6126 -0.1624 -1.3748, -0.617 -0.1624 -1.3754, -0.617 -0.1623 -1.3754, -0.6086 -0.1624 -1.3732, -0.617 -0.1577 -1.3773, -0.617 -0.1577 -1.3773, -0.9553 -0.1577 -1.3719, -0.9514 -0.1577 -1.3748, -0.9584 -0.1577 -1.3681, -0.9567 -0.1624 -1.3671, -0.9519 -0.1664 -1.3684, -0.947 -0.1695 -1.3671, -0.942 -0.1695 -1.3684, -0.9446 -0.1695 -1.3681, -0.942 -0.1695 -1.3685, -0.9456 -0.1664 -1.3719, -0.9464 -0.1624 -1.3748, -0.942 -0.1663 -1.3724, -0.942 -0.1664 -1.3724, -0.942 -0.1577 -1.3773, -0.942 -0.1577 -1.3773, -0.9469 -0.1577 -1.3767, -0.942 -0.1623 -1.3754, -0.942 -0.1624 -1.3754, -0.9505 -0.1624 -1.3732, -0.949 -0.1664 -1.3705, -0.954 -0.1624 -1.3705, -0.5579 -0.2256 3.8588, -0.5579 -0.2257 1.2205, -0.5574 -0.2256 3.8589, -0.5531 -0.2237 1.2205, -0.5532 -0.2237 3.8592, -0.5529 -0.2236 3.8593, -0.5491 -0.2206 1.2205, -0.5491 -0.2206 3.8594, -0.5461 -0.2168 3.8593, -0.5459 -0.2165 1.2205, -0.546 -0.2165 3.8592, -0.5441 -0.2123 3.8589, -0.544 -0.2118 1.2205, -0.544 -0.2118 3.8588, -1.015 -0.2118 3.8588, -1.0151 -0.2118 1.2205, -1.0149 -0.2123 3.8589, -1.0131 -0.2165 1.2205, -1.0131 -0.2165 3.8592, -1.013 -0.2168 3.8593, -1.01 -0.2206 1.2205, -1.01 -0.2206 3.8594, -1.0061 -0.2236 3.8593, -1.0059 -0.2237 1.2205, -1.0059 -0.2237 3.8592, -1.0017 -0.2256 3.8589, -1.0012 -0.2257 1.2205, -1.0011 -0.2256 3.8588, -0.5991 -0.1573 4.0422, -0.5993 -0.1577 4.0423, -0.6012 -0.1617 4.0429, -0.6017 -0.1623 4.0429, -0.6042 -0.1655 4.0431, -0.6042 -0.1655 4.0431, -0.6053 -0.1663 4.0431, -0.608 -0.1685 4.0429, -0.6097 -0.1693 4.0426, -0.6101 -0.1695 4.0426, -0.6124 -0.1706 4.0422, -0.6152 -0.1712 4.0415, -0.6131 -0.1707 4.042, -0.942 -0.1577 4.0545, -0.942 -0.1695 4.0456, -0.617 -0.1695 4.0456, -0.942 -0.1695 4.0457, -0.617 -0.1695 4.0457, -0.942 -0.1664 4.0495, -0.617 -0.1664 4.0495, -0.942 -0.1663 4.0496, -0.617 -0.1663 4.0496, -0.942 -0.1624 4.0526, -0.617 -0.1624 4.0526, -0.942 -0.1623 4.0526, -0.617 -0.1623 4.0526, -0.942 -0.1577 4.0545, -0.617 -0.1577 4.0545, -0.617 -0.1577 4.0545, -0.9493 -0.1693 4.0426, -0.949 -0.1695 4.0426, -0.9467 -0.1706 4.0422, -0.946 -0.1707 4.042, -0.9439 -0.1712 4.0415, -0.9548 -0.1655 4.0431, -0.9538 -0.1663 4.0431, -0.9511 -0.1685 4.0429, -0.9549 -0.1655 4.0431, -0.9574 -0.1623 4.0429, -0.9579 -0.1617 4.0429, -0.9598 -0.1577 4.0423, -0.9599 -0.1573 4.0422, -0.544 0.2315 3.8588, -0.544 0.2315 1.2205, -0.5441 0.232 3.8589, -0.5459 0.2362 1.2205, -0.546 0.2362 3.8592, -0.5461 0.2365 3.8593, -0.5491 0.2403 1.2205, -0.5491 0.2403 3.8594, -0.5529 0.2433 3.8593, -0.5531 0.2434 1.2205, -0.5532 0.2434 3.8592, -0.5574 0.2452 3.8589, -0.5579 0.2454 1.2205, -0.5579 0.2453 3.8588, -0.6002 -0.1527 4.0457, -0.6033 -0.1527 4.0495, -0.6037 -0.1577 4.0491, -0.6033 -0.1527 4.0496, -0.6073 -0.1527 4.0526, -0.6076 -0.1577 4.052, -0.6001 -0.1527 4.0456, -0.6007 -0.1577 4.0452, -0.6023 -0.1624 4.0443, -0.6072 -0.1664 4.0455, -0.612 -0.1695 4.0443, -0.6144 -0.1695 4.0452, -0.6134 -0.1664 4.0491, -0.6126 -0.1624 4.052, -0.6122 -0.1577 4.0538, -0.612 -0.1527 4.0545, -0.612 -0.1527 4.0545, -0.6074 -0.1527 4.0526, -0.6086 -0.1624 4.0503, -0.6101 -0.1664 4.0477, -0.6051 -0.1624 4.0477, -0.947 -0.1527 4.0545, -0.9471 -0.1527 4.0545, -0.9469 -0.1577 4.0538, -0.9517 -0.1527 4.0526, -0.9517 -0.1527 4.0526, -0.9514 -0.1577 4.052, -0.9557 -0.1527 4.0496, -0.9558 -0.1527 4.0495, -0.9553 -0.1577 4.0491, -0.9588 -0.1527 4.0457, -0.9589 -0.1527 4.0456, -0.9584 -0.1577 4.0452, -0.947 -0.1695 4.0443, -0.9446 -0.1695 4.0452, -0.949 -0.1664 4.0477, -0.954 -0.1624 4.0477, -0.9519 -0.1664 4.0455, -0.9567 -0.1624 4.0443, -0.9456 -0.1664 4.0491, -0.9464 -0.1624 4.052, -0.9505 -0.1624 4.0503, -1.0011 0.2453 3.8588, -1.0012 0.2454 1.2205, -1.0017 0.2452 3.8589, -1.0059 0.2434 1.2205, -1.0059 0.2434 3.8592, -1.0061 0.2433 3.8593, -1.01 0.2403 1.2205, -1.01 0.2403 3.8594, -1.013 0.2365 3.8593, -1.0131 0.2362 1.2205, -1.0131 0.2362 3.8592, -1.0149 0.232 3.8589, -1.0151 0.2315 1.2205, -1.015 0.2315 3.8588, -0.6097 0.189 4.0426, -0.6101 0.1892 4.0426, -0.6124 0.1903 4.0422, -0.6131 0.1904 4.042, -0.6152 0.1908 4.0415, -0.6042 0.1852 4.0431, -0.6053 0.186 4.0431, -0.608 0.1882 4.0429, -0.6042 0.1852 4.0431, -0.6017 0.182 4.0429, -0.6012 0.1814 4.0429, -0.5993 0.1774 4.0423, -0.5991 0.177 4.0422, -0.6001 0.1724 4.0456, -0.6002 0.1724 4.0457, -0.6033 0.1724 4.0495, -0.6033 0.1724 4.0496, -0.6073 0.1724 4.0526, -0.6074 0.1724 4.0526, -0.612 0.1724 4.0545, -0.612 0.1724 4.0545, -0.947 0.1724 4.0545, -0.9589 0.1724 4.0456, -0.9588 0.1724 4.0457, -0.9558 0.1724 4.0495, -0.9557 0.1724 4.0496, -0.9517 0.1724 4.0526, -0.9517 0.1724 4.0526, -0.9471 0.1724 4.0545, -0.9599 0.177 4.0422, -0.9598 0.1774 4.0423, -0.9579 0.1814 4.0429, -0.9574 0.182 4.0429, -0.9549 0.1852 4.0431, -0.9548 0.1852 4.0431, -0.9538 0.186 4.0431, -0.9511 0.1882 4.0429, -0.9493 0.189 4.0426, -0.949 0.1892 4.0426, -0.9467 0.1903 4.0422, -0.9439 0.1908 4.0415, -0.946 0.1904 4.042, -0.6101 0.1861 4.0477, -0.6086 0.1821 4.0503, -0.6051 0.1821 4.0477, -0.6007 0.1774 4.0452, -0.6023 0.1821 4.0443, -0.612 0.1892 4.0443, -0.6144 0.1892 4.0452, -0.6072 0.1861 4.0455, -0.6122 0.1774 4.0538, -0.617 0.1773 4.0545, -0.6076 0.1774 4.052, -0.6037 0.1774 4.0491, -0.6126 0.1821 4.052, -0.617 0.182 4.0526, -0.617 0.1774 4.0545, -0.6134 0.1861 4.0491, -0.617 0.186 4.0496, -0.617 0.1821 4.0526, -0.617 0.1892 4.0456, -0.617 0.1892 4.0457, -0.617 0.1861 4.0495, -0.9584 0.1774 4.0452, -0.9567 0.1821 4.0443, -0.9519 0.1861 4.0455, -0.947 0.1892 4.0443, -0.9446 0.1892 4.0452, -0.942 0.1892 4.0456, -0.9553 0.1774 4.0491, -0.9514 0.1774 4.052, -0.942 0.1773 4.0545, -0.9469 0.1774 4.0538, -0.942 0.1774 4.0545, -0.942 0.182 4.0526, -0.9464 0.1821 4.052, -0.9505 0.1821 4.0503, -0.954 0.1821 4.0477, -0.949 0.1861 4.0477, -0.9456 0.1861 4.0491, -0.942 0.1821 4.0526, -0.942 0.186 4.0496, -0.942 0.1861 4.0495, -0.942 0.1892 4.0457, 0.617 0.1724 4.0551, 0.617 -0.1527 4.0551, 0.942 0.1724 4.0551, 0.942 -0.1527 4.0551, 0.9961 0.2461 1.2205, 0.563 0.2461 1.2205, 0.9961 0.2461 3.8583, 0.563 0.2461 3.8583, 0.5433 -0.2067 3.8583, 0.5433 0.2264 3.8583, 0.5433 -0.2067 1.2205, 0.5433 0.2264 1.2205, 0.563 -0.2264 1.2205, 0.9961 -0.2264 1.2205, 0.563 -0.2264 3.8583, 0.9961 -0.2264 3.8583, 1.0157 -0.2067 1.2205, 1.0157 0.2264 1.2205, 1.0157 -0.2067 3.8583, 1.0157 0.2264 3.8583, 1.0157 0.2264 0.1575, 1.0157 -0.2067 0.1575, 1.0157 0.2264 -1.1811, 1.0157 -0.2067 -1.1811, 0.563 -0.2264 -1.1811, 0.9961 -0.2264 -1.1811, 0.563 -0.2264 0.1575, 0.9961 -0.2264 0.1575, 0.5433 0.2264 -1.1811, 0.5433 -0.2067 -1.1811, 0.5433 0.2264 0.1575, 0.5433 -0.2067 0.1575, 0.563 0.2461 0.1575, 0.9961 0.2461 0.1575, 0.563 0.2461 -1.1811, 0.9961 0.2461 -1.1811, 0.617 -0.1527 -1.378, 0.617 0.1724 -1.378, 0.942 -0.1527 -1.378, 0.942 0.1724 -1.378, 0.5622 0.246 3.8583, 0.617 0.1912 4.0411, 0.942 0.1912 4.0411, 0.9969 0.246 3.8583, 0.5433 -0.2075 3.8583, 0.5982 -0.1527 4.0411, 0.5982 0.1724 4.0411, 0.5433 0.2272 3.8583, 1.0157 0.2272 3.8583, 0.9609 0.1724 4.0411, 0.9609 -0.1527 4.0411, 1.0157 -0.2075 3.8583, 0.9969 -0.2264 3.8583, 0.942 -0.1715 4.0411, 0.617 -0.1715 4.0411, 0.5622 -0.2264 3.8583, 0.5622 -0.2264 -1.1812, 0.617 -0.1715 -1.3639, 0.942 -0.1715 -1.3639, 0.9969 -0.2264 -1.1812, 1.0157 -0.2075 -1.1812, 0.9609 -0.1527 -1.3639, 0.9609 0.1724 -1.3639, 1.0157 0.2272 -1.1812, 0.5433 0.2272 -1.1812, 0.5982 0.1724 -1.3639, 0.5982 -0.1527 -1.3639, 0.5433 -0.2075 -1.1812, 0.9969 0.246 -1.1812, 0.942 0.1912 -1.3639, 0.617 0.1912 -1.3639, 0.5622 0.246 -1.1812, 1.0011 0.2453 -1.1817, 1.0012 0.2454 0.1575, 1.0017 0.2452 -1.1817, 1.0059 0.2434 0.1575, 1.0059 0.2434 -1.1821, 1.0061 0.2433 -1.1821, 1.01 0.2403 0.1575, 1.01 0.2403 -1.1822, 1.013 0.2365 -1.1821, 1.0131 0.2362 0.1575, 1.0131 0.2362 -1.1821, 1.0149 0.232 -1.1817, 1.0151 0.2315 0.1575, 1.015 0.2315 -1.1817, 0.544 0.2315 -1.1817, 0.544 0.2315 0.1575, 0.5441 0.232 -1.1817, 0.5459 0.2362 0.1575, 0.546 0.2362 -1.1821, 0.5461 0.2365 -1.1821, 0.5491 0.2403 0.1575, 0.5491 0.2403 -1.1822, 0.5529 0.2433 -1.1821, 0.5531 0.2434 0.1575, 0.5532 0.2434 -1.1821, 0.5574 0.2452 -1.1817, 0.5579 0.2454 0.1575, 0.5579 0.2453 -1.1817, 0.9599 0.177 -1.365, 0.9598 0.1774 -1.3651, 0.9579 0.1814 -1.3657, 0.9574 0.182 -1.3658, 0.9549 0.1852 -1.366, 0.9548 0.1852 -1.366, 0.9538 0.186 -1.3659, 0.9511 0.1882 -1.3657, 0.9493 0.189 -1.3654, 0.949 0.1892 -1.3654, 0.9467 0.1903 -1.365, 0.9439 0.1908 -1.3644, 0.946 0.1904 -1.3649, 0.617 0.1773 -1.3773, 0.617 0.1892 -1.3684, 0.942 0.1892 -1.3684, 0.617 0.1892 -1.3685, 0.942 0.1892 -1.3685, 0.617 0.1861 -1.3724, 0.942 0.1861 -1.3724, 0.617 0.186 -1.3724, 0.942 0.186 -1.3724, 0.617 0.1821 -1.3754, 0.942 0.1821 -1.3754, 0.617 0.182 -1.3754, 0.942 0.182 -1.3754, 0.617 0.1774 -1.3773, 0.942 0.1774 -1.3773, 0.942 0.1773 -1.3773, 0.6152 0.1908 -1.3644, 0.6131 0.1904 -1.3649, 0.6124 0.1903 -1.365, 0.6101 0.1892 -1.3654, 0.6097 0.189 -1.3654, 0.6042 0.1852 -1.366, 0.6053 0.186 -1.3659, 0.608 0.1882 -1.3657, 0.6042 0.1852 -1.366, 0.6017 0.182 -1.3658, 0.6012 0.1814 -1.3657, 0.5993 0.1774 -1.3651, 0.5991 0.177 -1.365, 1.015 -0.2118 -1.1817, 1.0151 -0.2118 0.1575, 1.0149 -0.2123 -1.1817, 1.0131 -0.2165 0.1575, 1.0131 -0.2165 -1.1821, 1.013 -0.2168 -1.1821, 1.01 -0.2206 0.1575, 1.01 -0.2206 -1.1822, 1.0061 -0.2236 -1.1821, 1.0059 -0.2237 0.1575, 1.0059 -0.2237 -1.1821, 1.0017 -0.2256 -1.1817, 1.0012 -0.2257 0.1575, 1.0011 -0.2256 -1.1817, 0.9589 0.1724 -1.3684, 0.9584 0.1774 -1.3681, 0.9567 0.1821 -1.3671, 0.9519 0.1861 -1.3684, 0.947 0.1892 -1.3671, 0.9446 0.1892 -1.3681, 0.9588 0.1724 -1.3685, 0.9553 0.1774 -1.3719, 0.9558 0.1724 -1.3724, 0.9557 0.1724 -1.3724, 0.9514 0.1774 -1.3748, 0.9517 0.1724 -1.3754, 0.9517 0.1724 -1.3754, 0.9469 0.1774 -1.3767, 0.9471 0.1724 -1.3773, 0.947 0.1724 -1.3773, 0.9464 0.1821 -1.3748, 0.9505 0.1821 -1.3732, 0.954 0.1821 -1.3705, 0.949 0.1861 -1.3705, 0.9456 0.1861 -1.3719, 0.6101 0.1861 -1.3705, 0.6086 0.1821 -1.3732, 0.6051 0.1821 -1.3705, 0.6007 0.1774 -1.3681, 0.6023 0.1821 -1.3671, 0.612 0.1892 -1.3671, 0.6144 0.1892 -1.3681, 0.6072 0.1861 -1.3684, 0.612 0.1724 -1.3773, 0.6122 0.1774 -1.3767, 0.612 0.1724 -1.3773, 0.6074 0.1724 -1.3754, 0.6073 0.1724 -1.3754, 0.6076 0.1774 -1.3748, 0.6033 0.1724 -1.3724, 0.6037 0.1774 -1.3719, 0.6001 0.1724 -1.3684, 0.6002 0.1724 -1.3685, 0.6033 0.1724 -1.3724, 0.6126 0.1821 -1.3748, 0.6134 0.1861 -1.3719, 0.5579 -0.2256 -1.1817, 0.5579 -0.2257 0.1575, 0.5574 -0.2256 -1.1817, 0.5531 -0.2237 0.1575, 0.5532 -0.2237 -1.1821, 0.5529 -0.2236 -1.1821, 0.5491 -0.2206 0.1575, 0.5491 -0.2206 -1.1822, 0.5461 -0.2168 -1.1821, 0.5459 -0.2165 0.1575, 0.546 -0.2165 -1.1821, 0.5441 -0.2123 -1.1817, 0.544 -0.2118 0.1575, 0.544 -0.2118 -1.1817, 0.9493 -0.1693 -1.3654, 0.949 -0.1695 -1.3654, 0.9467 -0.1706 -1.365, 0.946 -0.1707 -1.3649, 0.9439 -0.1712 -1.3644, 0.9548 -0.1655 -1.366, 0.9538 -0.1663 -1.3659, 0.9511 -0.1685 -1.3657, 0.9549 -0.1655 -1.366, 0.9574 -0.1623 -1.3658, 0.9579 -0.1617 -1.3657, 0.9598 -0.1577 -1.3651, 0.9599 -0.1573 -1.365, 0.9589 -0.1527 -1.3684, 0.9588 -0.1527 -1.3685, 0.9558 -0.1527 -1.3724, 0.9557 -0.1527 -1.3724, 0.9517 -0.1527 -1.3754, 0.9517 -0.1527 -1.3754, 0.9471 -0.1527 -1.3773, 0.947 -0.1527 -1.3773, 0.612 -0.1527 -1.3773, 0.6001 -0.1527 -1.3684, 0.6002 -0.1527 -1.3685, 0.6033 -0.1527 -1.3724, 0.6033 -0.1527 -1.3724, 0.6073 -0.1527 -1.3754, 0.6074 -0.1527 -1.3754, 0.612 -0.1527 -1.3773, 0.608 -0.1685 -1.3657, 0.5991 -0.1573 -1.365, 0.5993 -0.1577 -1.3651, 0.6012 -0.1617 -1.3657, 0.6053 -0.1663 -1.3659, 0.6017 -0.1623 -1.3658, 0.6042 -0.1655 -1.366, 0.6042 -0.1655 -1.366, 0.6097 -0.1693 -1.3654, 0.6101 -0.1695 -1.3654, 0.6124 -0.1706 -1.365, 0.6152 -0.1712 -1.3644, 0.6131 -0.1707 -1.3649, 0.9469 -0.1577 -1.3767, 0.9514 -0.1577 -1.3748, 0.9553 -0.1577 -1.3719, 0.9584 -0.1577 -1.3681, 0.947 -0.1695 -1.3671, 0.9446 -0.1695 -1.3681, 0.949 -0.1664 -1.3705, 0.954 -0.1624 -1.3705, 0.9519 -0.1664 -1.3684, 0.9567 -0.1624 -1.3671, 0.942 -0.1695 -1.3684, 0.942 -0.1695 -1.3685, 0.9456 -0.1664 -1.3719, 0.942 -0.1664 -1.3724, 0.942 -0.1663 -1.3724, 0.9464 -0.1624 -1.3748, 0.942 -0.1624 -1.3754, 0.942 -0.1623 -1.3754, 0.9505 -0.1624 -1.3732, 0.942 -0.1577 -1.3773, 0.942 -0.1577 -1.3773, 0.6037 -0.1577 -1.3719, 0.6076 -0.1577 -1.3748, 0.6007 -0.1577 -1.3681, 0.6023 -0.1624 -1.3671, 0.6072 -0.1664 -1.3684, 0.612 -0.1695 -1.3671, 0.617 -0.1695 -1.3684, 0.6144 -0.1695 -1.3681, 0.617 -0.1695 -1.3685, 0.6134 -0.1664 -1.3719, 0.6126 -0.1624 -1.3748, 0.617 -0.1663 -1.3724, 0.617 -0.1664 -1.3724, 0.617 -0.1577 -1.3773, 0.617 -0.1577 -1.3773, 0.6122 -0.1577 -1.3767, 0.617 -0.1623 -1.3754, 0.617 -0.1624 -1.3754, 0.6086 -0.1624 -1.3732, 0.6101 -0.1664 -1.3705, 0.6051 -0.1624 -1.3705, 1.0011 -0.2256 3.8588, 1.0012 -0.2257 1.2205, 1.0017 -0.2256 3.8589, 1.0059 -0.2237 1.2205, 1.0059 -0.2237 3.8592, 1.0061 -0.2236 3.8593, 1.01 -0.2206 1.2205, 1.01 -0.2206 3.8594, 1.013 -0.2168 3.8593, 1.0131 -0.2165 1.2205, 1.0131 -0.2165 3.8592, 1.0149 -0.2123 3.8589, 1.0151 -0.2118 1.2205, 1.015 -0.2118 3.8588, 0.544 -0.2118 3.8588, 0.544 -0.2118 1.2205, 0.5441 -0.2123 3.8589, 0.5459 -0.2165 1.2205, 0.546 -0.2165 3.8592, 0.5461 -0.2168 3.8593, 0.5491 -0.2206 1.2205, 0.5491 -0.2206 3.8594, 0.5529 -0.2236 3.8593, 0.5531 -0.2237 1.2205, 0.5532 -0.2237 3.8592, 0.5574 -0.2256 3.8589, 0.5579 -0.2257 1.2205, 0.5579 -0.2256 3.8588, 0.9599 -0.1573 4.0422, 0.9598 -0.1577 4.0423, 0.9579 -0.1617 4.0429, 0.9574 -0.1623 4.0429, 0.9549 -0.1655 4.0431, 0.9548 -0.1655 4.0431, 0.9538 -0.1663 4.0431, 0.9511 -0.1685 4.0429, 0.9493 -0.1693 4.0426, 0.949 -0.1695 4.0426, 0.9467 -0.1706 4.0422, 0.9439 -0.1712 4.0415, 0.946 -0.1707 4.042, 0.617 -0.1577 4.0545, 0.617 -0.1695 4.0456, 0.942 -0.1695 4.0456, 0.617 -0.1695 4.0457, 0.942 -0.1695 4.0457, 0.617 -0.1664 4.0495, 0.942 -0.1664 4.0495, 0.617 -0.1663 4.0496, 0.942 -0.1663 4.0496, 0.617 -0.1624 4.0526, 0.942 -0.1624 4.0526, 0.617 -0.1623 4.0526, 0.942 -0.1623 4.0526, 0.617 -0.1577 4.0545, 0.942 -0.1577 4.0545, 0.942 -0.1577 4.0545, 0.6097 -0.1693 4.0426, 0.6101 -0.1695 4.0426, 0.6124 -0.1706 4.0422, 0.6131 -0.1707 4.042, 0.6152 -0.1712 4.0415, 0.6042 -0.1655 4.0431, 0.6053 -0.1663 4.0431, 0.608 -0.1685 4.0429, 0.6042 -0.1655 4.0431, 0.6017 -0.1623 4.0429, 0.6012 -0.1617 4.0429, 0.5993 -0.1577 4.0423, 0.5991 -0.1573 4.0422, 1.015 0.2315 3.8588, 1.0151 0.2315 1.2205, 1.0149 0.232 3.8589, 1.0131 0.2362 1.2205, 1.0131 0.2362 3.8592, 1.013 0.2365 3.8593, 1.01 0.2403 1.2205, 1.01 0.2403 3.8594, 1.0061 0.2433 3.8593, 1.0059 0.2434 1.2205, 1.0059 0.2434 3.8592, 1.0017 0.2452 3.8589, 1.0012 0.2454 1.2205, 1.0011 0.2453 3.8588, 0.9588 -0.1527 4.0457, 0.9558 -0.1527 4.0495, 0.9553 -0.1577 4.0491, 0.9557 -0.1527 4.0496, 0.9517 -0.1527 4.0526, 0.9514 -0.1577 4.052, 0.9589 -0.1527 4.0456, 0.9584 -0.1577 4.0452, 0.9567 -0.1624 4.0443, 0.9519 -0.1664 4.0455, 0.947 -0.1695 4.0443, 0.9446 -0.1695 4.0452, 0.9456 -0.1664 4.0491, 0.9464 -0.1624 4.052, 0.9469 -0.1577 4.0538, 0.947 -0.1527 4.0545, 0.9471 -0.1527 4.0545, 0.9517 -0.1527 4.0526, 0.9505 -0.1624 4.0503, 0.949 -0.1664 4.0477, 0.954 -0.1624 4.0477, 0.612 -0.1527 4.0545, 0.612 -0.1527 4.0545, 0.6122 -0.1577 4.0538, 0.6074 -0.1527 4.0526, 0.6073 -0.1527 4.0526, 0.6076 -0.1577 4.052, 0.6033 -0.1527 4.0496, 0.6033 -0.1527 4.0495, 0.6037 -0.1577 4.0491, 0.6002 -0.1527 4.0457, 0.6001 -0.1527 4.0456, 0.6007 -0.1577 4.0452, 0.612 -0.1695 4.0443, 0.6144 -0.1695 4.0452, 0.6101 -0.1664 4.0477, 0.6051 -0.1624 4.0477, 0.6072 -0.1664 4.0455, 0.6023 -0.1624 4.0443, 0.6134 -0.1664 4.0491, 0.6126 -0.1624 4.052, 0.6086 -0.1624 4.0503, 0.5579 0.2453 3.8588, 0.5579 0.2454 1.2205, 0.5574 0.2452 3.8589, 0.5531 0.2434 1.2205, 0.5532 0.2434 3.8592, 0.5529 0.2433 3.8593, 0.5491 0.2403 1.2205, 0.5491 0.2403 3.8594, 0.5461 0.2365 3.8593, 0.5459 0.2362 1.2205, 0.546 0.2362 3.8592, 0.5441 0.232 3.8589, 0.544 0.2315 1.2205, 0.544 0.2315 3.8588, 0.9493 0.189 4.0426, 0.949 0.1892 4.0426, 0.9467 0.1903 4.0422, 0.946 0.1904 4.042, 0.9439 0.1908 4.0415, 0.9548 0.1852 4.0431, 0.9538 0.186 4.0431, 0.9511 0.1882 4.0429, 0.9549 0.1852 4.0431, 0.9574 0.182 4.0429, 0.9579 0.1814 4.0429, 0.9598 0.1774 4.0423, 0.9599 0.177 4.0422, 0.9589 0.1724 4.0456, 0.9588 0.1724 4.0457, 0.9558 0.1724 4.0495, 0.9557 0.1724 4.0496, 0.9517 0.1724 4.0526, 0.9517 0.1724 4.0526, 0.9471 0.1724 4.0545, 0.947 0.1724 4.0545, 0.612 0.1724 4.0545, 0.6001 0.1724 4.0456, 0.6002 0.1724 4.0457, 0.6033 0.1724 4.0495, 0.6033 0.1724 4.0496, 0.6073 0.1724 4.0526, 0.6074 0.1724 4.0526, 0.612 0.1724 4.0545, 0.5991 0.177 4.0422, 0.5993 0.1774 4.0423, 0.6012 0.1814 4.0429, 0.6017 0.182 4.0429, 0.6042 0.1852 4.0431, 0.6042 0.1852 4.0431, 0.6053 0.186 4.0431, 0.608 0.1882 4.0429, 0.6097 0.189 4.0426, 0.6101 0.1892 4.0426, 0.6124 0.1903 4.0422, 0.6152 0.1908 4.0415, 0.6131 0.1904 4.042, 0.949 0.1861 4.0477, 0.9505 0.1821 4.0503, 0.954 0.1821 4.0477, 0.9584 0.1774 4.0452, 0.9567 0.1821 4.0443, 0.947 0.1892 4.0443, 0.9446 0.1892 4.0452, 0.9519 0.1861 4.0455, 0.9469 0.1774 4.0538, 0.942 0.1773 4.0545, 0.9514 0.1774 4.052, 0.9553 0.1774 4.0491, 0.9464 0.1821 4.052, 0.942 0.182 4.0526, 0.942 0.1774 4.0545, 0.9456 0.1861 4.0491, 0.942 0.186 4.0496, 0.942 0.1821 4.0526, 0.942 0.1892 4.0456, 0.942 0.1892 4.0457, 0.942 0.1861 4.0495, 0.6007 0.1774 4.0452, 0.6023 0.1821 4.0443, 0.6072 0.1861 4.0455, 0.612 0.1892 4.0443, 0.6144 0.1892 4.0452, 0.617 0.1892 4.0456, 0.6037 0.1774 4.0491, 0.6076 0.1774 4.052, 0.617 0.1773 4.0545, 0.6122 0.1774 4.0538, 0.617 0.1774 4.0545, 0.617 0.182 4.0526, 0.6126 0.1821 4.052, 0.6086 0.1821 4.0503, 0.6051 0.1821 4.0477, 0.6101 0.1861 4.0477, 0.6134 0.1861 4.0491, 0.617 0.1821 4.0526, 0.617 0.186 4.0496, 0.617 0.1861 4.0495, 0.617 0.1892 4.0457
            ]
        }
        coordIndex [
            0,1,2,-1,2,1,3,-1,4,5,6,-1,6,5,7,-1,8,9,10,-1,10,9,11,-1,12,13,14,-1,14,13,15,-1,16,17,18,-1,18,17,19,-1,20,21,22,-1,22,21,23,-1,24,25,26,-1,26,25,27,-1,28,29,30,-1,30,29,31,-1,32,33,34,-1,34,33,35,-1,36,37,38,-1,38,37,39,-1,40,41,7,-1,7,41,42,-1,7,42,6,-1,6,42,43,-1,44,45,8,-1,8,45,46,-1,8,46,9,-1,9,46,47,-1,19,48,49,-1,19,49,18,-1,18,49,50,-1,18,50,51,-1,15,52,53,-1,15,53,14,-1,14,53,54,-1,14,54,55,-1,56,57,24,-1,24,57,58,-1,24,58,25,-1,25,58,59,-1,23,60,61,-1,23,61,22,-1,22,61,62,-1,22,62,63,-1,64,65,28,-1,28,65,66,-1,28,66,29,-1,29,66,67,-1,35,68,69,-1,35,69,34,-1,34,69,70,-1,34,70,71,-1,68,35,33,-1,68,33,72,-1,72,33,73,-1,72,73,74,-1,74,73,75,-1,74,75,76,-1,76,75,77,-1,77,75,78,-1,77,78,79,-1,79,78,80,-1,80,78,81,-1,80,81,82,-1,82,81,83,-1,83,81,84,-1,83,84,85,-1,20,22,84,-1,84,22,63,-1,84,63,85,-1,64,28,30,-1,64,30,86,-1,86,30,87,-1,86,87,88,-1,88,87,89,-1,88,89,90,-1,90,89,91,-1,91,89,92,-1,91,92,93,-1,93,92,94,-1,94,92,95,-1,94,95,96,-1,96,95,97,-1,97,95,98,-1,97,98,99,-1,32,34,98,-1,98,34,71,-1,98,71,99,-1,76,77,100,-1,80,82,101,-1,101,82,83,-1,101,83,62,-1,62,83,85,-1,62,85,63,-1,101,102,80,-1,80,102,103,-1,80,103,79,-1,100,77,104,-1,103,105,79,-1,79,105,106,-1,79,106,77,-1,77,106,107,-1,77,107,104,-1,100,108,76,-1,76,108,109,-1,76,109,74,-1,74,109,110,-1,74,110,72,-1,111,69,68,-1,72,110,68,-1,68,110,112,-1,68,112,111,-1,39,37,113,-1,70,69,114,-1,114,69,115,-1,114,115,116,-1,116,115,117,-1,116,117,118,-1,118,117,119,-1,118,119,120,-1,120,119,121,-1,120,121,122,-1,122,121,123,-1,122,123,124,-1,124,123,125,-1,124,125,126,-1,126,125,127,-1,126,127,113,-1,113,127,128,-1,113,128,39,-1,129,94,130,-1,130,94,96,-1,130,96,131,-1,131,96,97,-1,131,97,132,-1,132,97,99,-1,132,99,133,-1,133,99,71,-1,133,71,70,-1,134,93,135,-1,135,93,94,-1,135,94,136,-1,136,94,129,-1,134,137,93,-1,93,137,138,-1,93,138,91,-1,91,138,139,-1,91,139,90,-1,90,139,140,-1,90,140,88,-1,88,140,141,-1,88,141,86,-1,86,141,65,-1,86,65,64,-1,60,23,21,-1,60,21,142,-1,142,21,143,-1,142,143,144,-1,144,143,145,-1,144,145,146,-1,146,145,147,-1,147,145,148,-1,147,148,149,-1,149,148,150,-1,150,148,151,-1,150,151,152,-1,152,151,153,-1,153,151,154,-1,153,154,155,-1,27,25,154,-1,154,25,59,-1,154,59,155,-1,101,62,156,-1,157,102,101,-1,158,105,103,-1,105,158,106,-1,100,104,159,-1,159,104,107,-1,110,109,160,-1,160,109,108,-1,110,160,112,-1,112,160,161,-1,112,161,111,-1,111,161,115,-1,111,115,69,-1,101,156,157,-1,157,156,162,-1,157,162,163,-1,162,164,163,-1,163,164,165,-1,163,165,166,-1,165,167,166,-1,166,167,168,-1,166,168,169,-1,169,168,170,-1,169,170,171,-1,171,39,128,-1,171,128,169,-1,169,128,127,-1,169,127,125,-1,125,172,169,-1,169,172,173,-1,169,173,166,-1,166,173,174,-1,166,174,163,-1,163,174,158,-1,163,158,157,-1,157,158,103,-1,157,103,102,-1,106,158,107,-1,107,158,174,-1,107,174,159,-1,159,174,173,-1,159,173,175,-1,175,173,172,-1,175,172,176,-1,125,123,172,-1,172,123,121,-1,172,121,176,-1,176,121,119,-1,176,119,117,-1,100,159,108,-1,108,159,175,-1,108,175,160,-1,160,175,176,-1,160,176,161,-1,161,176,117,-1,161,117,115,-1,177,178,179,-1,141,140,180,-1,139,138,181,-1,131,132,182,-1,183,133,70,-1,134,135,184,-1,184,135,136,-1,184,136,129,-1,139,181,140,-1,185,186,187,-1,187,186,113,-1,187,113,37,-1,188,189,190,-1,190,189,191,-1,190,191,192,-1,65,141,193,-1,193,141,180,-1,193,180,194,-1,194,180,192,-1,194,192,195,-1,195,192,191,-1,196,124,186,-1,186,124,126,-1,186,126,113,-1,140,181,180,-1,180,181,179,-1,180,179,192,-1,192,179,178,-1,192,178,190,-1,197,120,196,-1,196,120,122,-1,196,122,124,-1,138,137,181,-1,181,137,134,-1,181,134,179,-1,179,134,184,-1,179,184,177,-1,177,184,129,-1,177,129,182,-1,182,129,130,-1,182,130,131,-1,70,114,183,-1,183,114,116,-1,183,116,197,-1,197,116,118,-1,197,118,120,-1,185,188,186,-1,186,188,190,-1,186,190,196,-1,196,190,178,-1,196,178,197,-1,197,178,177,-1,197,177,183,-1,183,177,182,-1,183,182,133,-1,133,182,132,-1,56,24,26,-1,56,26,198,-1,198,26,199,-1,198,199,200,-1,200,199,201,-1,200,201,202,-1,202,201,203,-1,203,201,204,-1,203,204,205,-1,205,204,206,-1,206,204,207,-1,206,207,208,-1,208,207,209,-1,209,207,210,-1,209,210,211,-1,31,29,210,-1,210,29,67,-1,210,67,211,-1,155,59,58,-1,58,212,155,-1,155,212,213,-1,155,213,153,-1,153,213,214,-1,153,214,152,-1,152,214,215,-1,152,215,150,-1,150,215,216,-1,217,149,218,-1,218,149,150,-1,218,150,219,-1,219,150,216,-1,217,220,149,-1,149,220,221,-1,149,221,147,-1,147,221,222,-1,147,222,146,-1,146,222,223,-1,146,223,144,-1,144,223,224,-1,144,224,142,-1,142,224,61,-1,142,61,60,-1,38,39,171,-1,62,61,156,-1,156,61,225,-1,156,225,162,-1,162,225,226,-1,162,226,164,-1,164,226,227,-1,164,227,165,-1,165,227,228,-1,165,228,167,-1,167,228,229,-1,167,229,168,-1,168,229,230,-1,168,230,170,-1,170,230,231,-1,170,231,171,-1,171,231,232,-1,171,232,38,-1,37,36,233,-1,66,65,234,-1,234,65,193,-1,234,193,235,-1,235,193,194,-1,235,194,236,-1,236,194,195,-1,236,195,237,-1,237,195,191,-1,237,191,238,-1,238,191,189,-1,238,189,239,-1,239,189,188,-1,239,188,240,-1,240,188,185,-1,240,185,233,-1,233,185,187,-1,233,187,37,-1,202,203,241,-1,206,208,242,-1,242,208,209,-1,242,209,66,-1,66,209,211,-1,66,211,67,-1,242,243,206,-1,206,243,244,-1,206,244,205,-1,241,203,245,-1,244,246,205,-1,205,246,247,-1,205,247,203,-1,203,247,248,-1,203,248,245,-1,241,249,202,-1,202,249,250,-1,202,250,200,-1,200,250,251,-1,200,251,198,-1,252,57,56,-1,198,251,56,-1,56,251,253,-1,56,253,252,-1,232,231,254,-1,230,229,255,-1,228,227,256,-1,226,225,257,-1,214,213,258,-1,259,212,58,-1,260,216,258,-1,258,216,215,-1,258,215,214,-1,261,217,262,-1,262,217,218,-1,262,218,219,-1,222,221,263,-1,263,221,220,-1,222,263,223,-1,223,263,257,-1,223,257,224,-1,224,257,225,-1,224,225,61,-1,58,264,259,-1,259,264,265,-1,259,265,266,-1,265,267,266,-1,266,267,268,-1,266,268,269,-1,268,270,269,-1,269,270,271,-1,269,271,254,-1,227,226,256,-1,256,226,257,-1,256,257,261,-1,261,257,263,-1,261,263,217,-1,217,263,220,-1,229,228,255,-1,255,228,256,-1,255,256,272,-1,272,256,261,-1,272,261,260,-1,260,261,262,-1,260,262,216,-1,216,262,219,-1,231,230,254,-1,254,230,255,-1,254,255,269,-1,269,255,272,-1,269,272,266,-1,266,272,260,-1,266,260,259,-1,259,260,258,-1,259,258,212,-1,212,258,213,-1,38,232,273,-1,273,232,254,-1,273,254,274,-1,274,254,271,-1,235,236,275,-1,237,238,276,-1,66,234,242,-1,242,234,277,-1,278,244,277,-1,277,244,243,-1,277,243,242,-1,248,247,278,-1,278,247,246,-1,278,246,244,-1,279,249,241,-1,280,253,251,-1,57,252,281,-1,281,252,282,-1,281,282,283,-1,283,282,284,-1,285,286,284,-1,284,286,287,-1,284,287,283,-1,288,289,290,-1,290,289,291,-1,290,291,285,-1,285,291,292,-1,285,292,286,-1,36,288,233,-1,233,288,290,-1,233,290,240,-1,240,290,239,-1,238,239,276,-1,276,239,290,-1,276,290,293,-1,293,290,285,-1,293,285,294,-1,294,285,284,-1,294,284,280,-1,280,284,282,-1,280,282,253,-1,253,282,252,-1,236,237,275,-1,275,237,276,-1,275,276,295,-1,295,276,293,-1,295,293,279,-1,279,293,294,-1,279,294,249,-1,249,294,280,-1,249,280,250,-1,250,280,251,-1,234,235,277,-1,277,235,275,-1,277,275,278,-1,278,275,295,-1,278,295,248,-1,248,295,279,-1,248,279,245,-1,245,279,241,-1,36,38,273,-1,58,57,264,-1,264,57,281,-1,264,281,265,-1,265,281,283,-1,265,283,267,-1,267,283,287,-1,267,287,268,-1,268,287,286,-1,268,286,270,-1,270,286,292,-1,270,292,271,-1,271,292,291,-1,271,291,274,-1,274,291,289,-1,274,289,273,-1,273,289,288,-1,273,288,36,-1,52,15,13,-1,52,13,296,-1,296,13,297,-1,296,297,298,-1,298,297,299,-1,298,299,300,-1,300,299,301,-1,301,299,302,-1,301,302,303,-1,303,302,304,-1,304,302,305,-1,304,305,306,-1,306,305,307,-1,307,305,308,-1,307,308,309,-1,16,18,308,-1,308,18,51,-1,308,51,309,-1,44,8,10,-1,44,10,310,-1,310,10,311,-1,310,311,312,-1,312,311,313,-1,312,313,314,-1,314,313,315,-1,315,313,316,-1,315,316,317,-1,317,316,318,-1,318,316,319,-1,318,319,320,-1,320,319,321,-1,321,319,322,-1,321,322,323,-1,12,14,322,-1,322,14,55,-1,322,55,323,-1,304,306,324,-1,324,306,307,-1,324,307,50,-1,50,307,309,-1,50,309,51,-1,324,325,304,-1,304,325,326,-1,304,326,303,-1,326,327,303,-1,303,327,328,-1,303,328,301,-1,301,328,329,-1,301,329,330,-1,330,331,301,-1,301,331,332,-1,301,332,300,-1,300,332,333,-1,300,333,298,-1,298,333,334,-1,298,334,296,-1,53,52,335,-1,335,52,296,-1,335,296,336,-1,336,296,334,-1,3,1,337,-1,54,53,338,-1,338,53,339,-1,338,339,340,-1,340,339,341,-1,340,341,342,-1,342,341,343,-1,342,343,344,-1,344,343,345,-1,344,345,346,-1,346,345,347,-1,346,347,348,-1,348,347,349,-1,348,349,350,-1,350,349,351,-1,350,351,337,-1,337,351,352,-1,337,352,3,-1,353,318,354,-1,354,318,320,-1,354,320,355,-1,355,320,321,-1,355,321,356,-1,356,321,323,-1,356,323,357,-1,357,323,55,-1,357,55,54,-1,358,317,359,-1,359,317,318,-1,359,318,360,-1,360,318,353,-1,358,361,317,-1,317,361,362,-1,317,362,315,-1,315,362,363,-1,315,363,314,-1,314,363,364,-1,314,364,312,-1,312,364,365,-1,312,365,310,-1,310,365,45,-1,310,45,44,-1,48,19,17,-1,48,17,366,-1,366,17,367,-1,366,367,368,-1,368,367,369,-1,368,369,370,-1,370,369,371,-1,371,369,372,-1,371,372,373,-1,373,372,374,-1,374,372,375,-1,374,375,376,-1,376,375,377,-1,377,375,378,-1,377,378,379,-1,4,6,378,-1,378,6,43,-1,378,43,379,-1,380,381,382,-1,383,384,385,-1,50,386,324,-1,324,386,387,-1,388,326,387,-1,387,326,325,-1,387,325,324,-1,329,328,388,-1,388,328,327,-1,388,327,326,-1,389,332,331,-1,390,336,334,-1,53,335,339,-1,339,335,391,-1,339,391,341,-1,341,391,392,-1,393,345,392,-1,392,345,343,-1,392,343,341,-1,352,351,394,-1,394,351,349,-1,394,349,393,-1,393,349,347,-1,393,347,345,-1,3,352,395,-1,395,352,394,-1,395,394,396,-1,396,394,397,-1,384,397,385,-1,385,397,394,-1,385,394,398,-1,398,394,393,-1,398,393,399,-1,399,393,392,-1,399,392,390,-1,390,392,391,-1,390,391,336,-1,336,391,335,-1,381,383,382,-1,382,383,385,-1,382,385,400,-1,400,385,398,-1,400,398,389,-1,389,398,399,-1,389,399,332,-1,332,399,390,-1,332,390,333,-1,333,390,334,-1,386,380,387,-1,387,380,382,-1,387,382,388,-1,388,382,400,-1,388,400,329,-1,329,400,389,-1,329,389,330,-1,330,389,331,-1,401,402,403,-1,404,405,406,-1,407,408,409,-1,410,411,412,-1,355,356,413,-1,414,357,54,-1,415,353,413,-1,413,353,354,-1,413,354,355,-1,416,358,417,-1,417,358,359,-1,417,359,360,-1,363,362,418,-1,418,362,361,-1,363,418,364,-1,364,418,412,-1,364,412,365,-1,365,412,411,-1,365,411,45,-1,54,338,414,-1,414,338,340,-1,414,340,419,-1,340,342,419,-1,419,342,344,-1,419,344,420,-1,344,346,420,-1,420,346,348,-1,420,348,403,-1,408,410,409,-1,409,410,412,-1,409,412,416,-1,416,412,418,-1,416,418,358,-1,358,418,361,-1,405,407,406,-1,406,407,409,-1,406,409,421,-1,421,409,416,-1,421,416,415,-1,415,416,417,-1,415,417,353,-1,353,417,360,-1,402,404,403,-1,403,404,406,-1,403,406,420,-1,420,406,421,-1,420,421,419,-1,419,421,415,-1,419,415,414,-1,414,415,413,-1,414,413,357,-1,357,413,356,-1,1,401,337,-1,337,401,403,-1,337,403,350,-1,350,403,348,-1,40,7,5,-1,40,5,422,-1,422,5,423,-1,422,423,424,-1,424,423,425,-1,424,425,426,-1,426,425,427,-1,427,425,428,-1,427,428,429,-1,429,428,430,-1,430,428,431,-1,430,431,432,-1,432,431,433,-1,433,431,434,-1,433,434,435,-1,11,9,434,-1,434,9,47,-1,434,47,435,-1,436,374,437,-1,437,374,376,-1,437,376,438,-1,438,376,377,-1,438,377,439,-1,439,377,379,-1,439,379,440,-1,440,379,43,-1,440,43,42,-1,441,373,442,-1,442,373,374,-1,442,374,443,-1,443,374,436,-1,441,444,373,-1,373,444,445,-1,373,445,371,-1,371,445,446,-1,371,446,370,-1,370,446,447,-1,370,447,368,-1,368,447,448,-1,368,448,366,-1,366,448,49,-1,366,49,48,-1,2,3,395,-1,50,49,386,-1,386,49,449,-1,386,449,380,-1,380,449,450,-1,380,450,381,-1,381,450,451,-1,381,451,383,-1,383,451,452,-1,383,452,384,-1,384,452,453,-1,384,453,397,-1,397,453,454,-1,397,454,396,-1,396,454,455,-1,396,455,395,-1,395,455,456,-1,395,456,2,-1,1,0,457,-1,46,45,458,-1,458,45,411,-1,458,411,459,-1,459,411,410,-1,459,410,460,-1,460,410,408,-1,460,408,461,-1,461,408,407,-1,461,407,462,-1,462,407,405,-1,462,405,463,-1,463,405,404,-1,463,404,464,-1,464,404,402,-1,464,402,457,-1,457,402,401,-1,457,401,1,-1,430,432,465,-1,465,432,433,-1,465,433,46,-1,46,433,435,-1,46,435,47,-1,465,466,430,-1,430,466,467,-1,430,467,429,-1,467,468,429,-1,429,468,469,-1,429,469,427,-1,427,469,470,-1,427,470,471,-1,471,472,427,-1,427,472,473,-1,427,473,426,-1,426,473,474,-1,426,474,424,-1,424,474,475,-1,424,475,422,-1,41,40,476,-1,476,40,422,-1,476,422,477,-1,477,422,475,-1,478,479,480,-1,448,447,481,-1,446,445,482,-1,438,439,483,-1,484,440,42,-1,441,442,485,-1,485,442,443,-1,485,443,436,-1,446,482,447,-1,455,486,456,-1,456,486,487,-1,456,487,2,-1,454,453,488,-1,488,453,452,-1,488,452,489,-1,49,448,449,-1,449,448,481,-1,449,481,450,-1,450,481,489,-1,450,489,451,-1,451,489,452,-1,490,491,486,-1,486,491,492,-1,486,492,487,-1,447,482,481,-1,481,482,480,-1,481,480,489,-1,489,480,479,-1,489,479,488,-1,493,494,490,-1,490,494,495,-1,490,495,491,-1,445,444,482,-1,482,444,441,-1,482,441,480,-1,480,441,485,-1,480,485,478,-1,478,485,436,-1,478,436,483,-1,483,436,437,-1,483,437,438,-1,42,496,484,-1,484,496,497,-1,484,497,493,-1,493,497,498,-1,493,498,494,-1,455,454,486,-1,486,454,488,-1,486,488,490,-1,490,488,479,-1,490,479,493,-1,493,479,478,-1,493,478,484,-1,484,478,483,-1,484,483,440,-1,440,483,439,-1,465,46,458,-1,499,466,465,-1,500,468,467,-1,468,500,469,-1,472,471,501,-1,501,471,470,-1,475,474,502,-1,502,474,473,-1,475,502,477,-1,477,502,503,-1,477,503,476,-1,476,503,504,-1,476,504,41,-1,465,458,499,-1,499,458,459,-1,499,459,505,-1,459,460,505,-1,505,460,461,-1,505,461,506,-1,457,0,507,-1,461,462,506,-1,506,462,463,-1,506,463,508,-1,508,463,464,-1,508,464,457,-1,457,507,508,-1,508,507,509,-1,508,509,510,-1,510,511,508,-1,508,511,512,-1,508,512,506,-1,506,512,513,-1,506,513,505,-1,505,513,500,-1,505,500,499,-1,499,500,467,-1,499,467,466,-1,469,500,470,-1,470,500,513,-1,470,513,501,-1,501,513,512,-1,501,512,514,-1,514,512,511,-1,514,511,515,-1,510,516,511,-1,511,516,517,-1,511,517,515,-1,515,517,518,-1,515,518,519,-1,472,501,473,-1,473,501,514,-1,473,514,502,-1,502,514,515,-1,502,515,503,-1,503,515,519,-1,503,519,504,-1,0,2,487,-1,42,41,496,-1,496,41,504,-1,496,504,497,-1,497,504,519,-1,497,519,498,-1,498,519,518,-1,498,518,494,-1,494,518,517,-1,494,517,495,-1,495,517,516,-1,495,516,491,-1,491,516,510,-1,491,510,492,-1,492,510,509,-1,492,509,487,-1,487,509,507,-1,487,507,0,-1,520,521,522,-1,522,521,523,-1,524,525,526,-1,526,525,527,-1,528,529,530,-1,530,529,531,-1,532,533,534,-1,534,533,535,-1,536,537,538,-1,538,537,539,-1,540,541,542,-1,542,541,543,-1,544,545,546,-1,546,545,547,-1,548,549,550,-1,550,549,551,-1,552,553,554,-1,554,553,555,-1,556,557,558,-1,558,557,559,-1,527,560,561,-1,527,561,526,-1,526,561,562,-1,526,562,563,-1,564,565,528,-1,528,565,566,-1,528,566,529,-1,529,566,567,-1,539,568,569,-1,539,569,538,-1,538,569,570,-1,538,570,571,-1,572,573,535,-1,535,573,574,-1,535,574,534,-1,534,574,575,-1,576,577,544,-1,544,577,578,-1,544,578,545,-1,545,578,579,-1,543,580,581,-1,543,581,542,-1,542,581,582,-1,542,582,583,-1,548,584,585,-1,548,585,549,-1,549,585,586,-1,549,586,587,-1,555,588,589,-1,555,589,554,-1,554,589,590,-1,554,590,591,-1,588,555,553,-1,588,553,592,-1,592,553,593,-1,592,593,594,-1,594,593,595,-1,594,595,596,-1,596,595,597,-1,597,595,598,-1,597,598,599,-1,599,598,600,-1,600,598,601,-1,600,601,602,-1,602,601,603,-1,603,601,604,-1,603,604,605,-1,540,542,604,-1,604,542,583,-1,604,583,605,-1,584,548,550,-1,584,550,606,-1,606,550,607,-1,606,607,608,-1,608,607,609,-1,608,609,610,-1,610,609,611,-1,611,609,612,-1,611,612,613,-1,613,612,614,-1,614,612,615,-1,614,615,616,-1,616,615,617,-1,617,615,618,-1,617,618,619,-1,552,554,618,-1,618,554,591,-1,618,591,619,-1,600,602,620,-1,620,602,603,-1,620,603,582,-1,582,603,605,-1,582,605,583,-1,620,621,600,-1,600,621,622,-1,600,622,599,-1,622,623,599,-1,599,623,624,-1,599,624,597,-1,597,624,625,-1,597,625,626,-1,626,627,597,-1,597,627,628,-1,597,628,596,-1,596,628,629,-1,596,629,594,-1,594,629,630,-1,594,630,592,-1,589,588,631,-1,631,588,592,-1,631,592,632,-1,632,592,630,-1,559,557,633,-1,590,589,634,-1,634,589,635,-1,634,635,636,-1,636,635,637,-1,636,637,638,-1,638,637,639,-1,638,639,640,-1,640,639,641,-1,640,641,642,-1,642,641,643,-1,642,643,644,-1,644,643,645,-1,644,645,646,-1,646,645,647,-1,646,647,633,-1,633,647,648,-1,633,648,559,-1,619,591,590,-1,590,649,619,-1,619,649,650,-1,619,650,617,-1,617,650,651,-1,617,651,616,-1,616,651,652,-1,616,652,614,-1,614,652,653,-1,654,613,655,-1,655,613,614,-1,655,614,656,-1,656,614,653,-1,654,657,613,-1,613,657,658,-1,613,658,611,-1,611,658,659,-1,611,659,610,-1,610,659,660,-1,610,660,608,-1,608,660,661,-1,608,661,606,-1,606,661,585,-1,606,585,584,-1,580,543,541,-1,580,541,662,-1,662,541,663,-1,662,663,664,-1,664,663,665,-1,664,665,666,-1,666,665,667,-1,667,665,668,-1,667,668,669,-1,669,668,670,-1,670,668,671,-1,670,671,672,-1,672,671,673,-1,673,671,674,-1,673,674,675,-1,547,545,674,-1,674,545,579,-1,674,579,675,-1,620,582,676,-1,677,621,620,-1,678,623,622,-1,623,678,624,-1,627,626,679,-1,679,626,625,-1,630,629,680,-1,680,629,628,-1,630,680,632,-1,632,680,681,-1,632,681,631,-1,631,681,635,-1,631,635,589,-1,620,676,677,-1,677,676,682,-1,677,682,683,-1,682,684,683,-1,683,684,685,-1,683,685,686,-1,685,687,686,-1,686,687,688,-1,686,688,689,-1,689,688,690,-1,689,690,691,-1,691,559,648,-1,691,648,689,-1,689,648,647,-1,689,647,645,-1,645,692,689,-1,689,692,693,-1,689,693,686,-1,686,693,694,-1,686,694,683,-1,683,694,678,-1,683,678,677,-1,677,678,622,-1,677,622,621,-1,624,678,625,-1,625,678,694,-1,625,694,679,-1,679,694,693,-1,679,693,695,-1,695,693,692,-1,695,692,696,-1,645,643,692,-1,692,643,641,-1,692,641,696,-1,696,641,639,-1,696,639,637,-1,627,679,628,-1,628,679,695,-1,628,695,680,-1,680,695,696,-1,680,696,681,-1,681,696,637,-1,681,637,635,-1,697,698,699,-1,661,660,700,-1,659,658,701,-1,651,650,702,-1,703,649,590,-1,654,655,704,-1,704,655,656,-1,704,656,653,-1,659,701,660,-1,705,706,707,-1,707,706,633,-1,707,633,557,-1,708,709,710,-1,710,709,711,-1,710,711,712,-1,585,661,713,-1,713,661,700,-1,713,700,714,-1,714,700,712,-1,714,712,715,-1,715,712,711,-1,716,644,706,-1,706,644,646,-1,706,646,633,-1,660,701,700,-1,700,701,699,-1,700,699,712,-1,712,699,698,-1,712,698,710,-1,717,640,716,-1,716,640,642,-1,716,642,644,-1,658,657,701,-1,701,657,654,-1,701,654,699,-1,699,654,704,-1,699,704,697,-1,697,704,653,-1,697,653,702,-1,702,653,652,-1,702,652,651,-1,590,634,703,-1,703,634,636,-1,703,636,717,-1,717,636,638,-1,717,638,640,-1,705,708,706,-1,706,708,710,-1,706,710,716,-1,716,710,698,-1,716,698,717,-1,717,698,697,-1,717,697,703,-1,703,697,702,-1,703,702,649,-1,649,702,650,-1,576,544,546,-1,576,546,718,-1,718,546,719,-1,718,719,720,-1,720,719,721,-1,720,721,722,-1,722,721,723,-1,723,721,724,-1,723,724,725,-1,725,724,726,-1,726,724,727,-1,726,727,728,-1,728,727,729,-1,729,727,730,-1,729,730,731,-1,551,549,730,-1,730,549,587,-1,730,587,731,-1,732,670,733,-1,733,670,672,-1,733,672,734,-1,734,672,673,-1,734,673,735,-1,735,673,675,-1,735,675,736,-1,736,675,579,-1,736,579,578,-1,737,669,738,-1,738,669,670,-1,738,670,739,-1,739,670,732,-1,737,740,669,-1,669,740,741,-1,669,741,667,-1,667,741,742,-1,667,742,666,-1,666,742,743,-1,666,743,664,-1,664,743,744,-1,664,744,662,-1,662,744,581,-1,662,581,580,-1,558,559,691,-1,582,581,676,-1,676,581,745,-1,676,745,682,-1,682,745,746,-1,682,746,684,-1,684,746,747,-1,684,747,685,-1,685,747,748,-1,685,748,687,-1,687,748,749,-1,687,749,688,-1,688,749,750,-1,688,750,690,-1,690,750,751,-1,690,751,691,-1,691,751,752,-1,691,752,558,-1,557,556,753,-1,586,585,754,-1,754,585,713,-1,754,713,755,-1,755,713,714,-1,755,714,756,-1,756,714,715,-1,756,715,757,-1,757,715,711,-1,757,711,758,-1,758,711,709,-1,758,709,759,-1,759,709,708,-1,759,708,760,-1,760,708,705,-1,760,705,753,-1,753,705,707,-1,753,707,557,-1,722,723,761,-1,726,728,762,-1,762,728,729,-1,762,729,586,-1,586,729,731,-1,586,731,587,-1,762,763,726,-1,726,763,764,-1,726,764,725,-1,761,723,765,-1,764,766,725,-1,725,766,767,-1,725,767,723,-1,723,767,768,-1,723,768,765,-1,761,769,722,-1,722,769,770,-1,722,770,720,-1,720,770,771,-1,720,771,718,-1,772,577,576,-1,718,771,576,-1,576,771,773,-1,576,773,772,-1,752,751,774,-1,750,749,775,-1,748,747,776,-1,746,745,777,-1,734,735,778,-1,779,736,578,-1,780,732,778,-1,778,732,733,-1,778,733,734,-1,781,737,782,-1,782,737,738,-1,782,738,739,-1,742,741,783,-1,783,741,740,-1,742,783,743,-1,743,783,777,-1,743,777,744,-1,744,777,745,-1,744,745,581,-1,578,784,779,-1,779,784,785,-1,779,785,786,-1,785,787,786,-1,786,787,788,-1,786,788,789,-1,788,790,789,-1,789,790,791,-1,789,791,774,-1,747,746,776,-1,776,746,777,-1,776,777,781,-1,781,777,783,-1,781,783,737,-1,737,783,740,-1,749,748,775,-1,775,748,776,-1,775,776,792,-1,792,776,781,-1,792,781,780,-1,780,781,782,-1,780,782,732,-1,732,782,739,-1,751,750,774,-1,774,750,775,-1,774,775,789,-1,789,775,792,-1,789,792,786,-1,786,792,780,-1,786,780,779,-1,779,780,778,-1,779,778,736,-1,736,778,735,-1,558,752,793,-1,793,752,774,-1,793,774,794,-1,794,774,791,-1,755,756,795,-1,757,758,796,-1,586,754,762,-1,762,754,797,-1,798,764,797,-1,797,764,763,-1,797,763,762,-1,768,767,798,-1,798,767,766,-1,798,766,764,-1,799,769,761,-1,800,773,771,-1,577,772,801,-1,801,772,802,-1,801,802,803,-1,803,802,804,-1,805,806,804,-1,804,806,807,-1,804,807,803,-1,808,809,810,-1,810,809,811,-1,810,811,805,-1,805,811,812,-1,805,812,806,-1,556,808,753,-1,753,808,810,-1,753,810,760,-1,760,810,759,-1,758,759,796,-1,796,759,810,-1,796,810,813,-1,813,810,805,-1,813,805,814,-1,814,805,804,-1,814,804,800,-1,800,804,802,-1,800,802,773,-1,773,802,772,-1,756,757,795,-1,795,757,796,-1,795,796,815,-1,815,796,813,-1,815,813,799,-1,799,813,814,-1,799,814,769,-1,769,814,800,-1,769,800,770,-1,770,800,771,-1,754,755,797,-1,797,755,795,-1,797,795,798,-1,798,795,815,-1,798,815,768,-1,768,815,799,-1,768,799,765,-1,765,799,761,-1,556,558,793,-1,578,577,784,-1,784,577,801,-1,784,801,785,-1,785,801,803,-1,785,803,787,-1,787,803,807,-1,787,807,788,-1,788,807,806,-1,788,806,790,-1,790,806,812,-1,790,812,791,-1,791,812,811,-1,791,811,794,-1,794,811,809,-1,794,809,793,-1,793,809,808,-1,793,808,556,-1,572,535,533,-1,572,533,816,-1,816,533,817,-1,816,817,818,-1,818,817,819,-1,818,819,820,-1,820,819,821,-1,821,819,822,-1,821,822,823,-1,823,822,824,-1,824,822,825,-1,824,825,826,-1,826,825,827,-1,827,825,828,-1,827,828,829,-1,536,538,828,-1,828,538,571,-1,828,571,829,-1,564,528,530,-1,564,530,830,-1,830,530,831,-1,830,831,832,-1,832,831,833,-1,832,833,834,-1,834,833,835,-1,835,833,836,-1,835,836,837,-1,837,836,838,-1,838,836,839,-1,838,839,840,-1,840,839,841,-1,841,839,842,-1,841,842,843,-1,532,534,842,-1,842,534,575,-1,842,575,843,-1,824,826,844,-1,844,826,827,-1,844,827,570,-1,570,827,829,-1,570,829,571,-1,844,845,824,-1,824,845,846,-1,824,846,823,-1,846,847,823,-1,823,847,848,-1,823,848,821,-1,821,848,849,-1,821,849,850,-1,850,851,821,-1,821,851,852,-1,821,852,820,-1,820,852,853,-1,820,853,818,-1,818,853,854,-1,818,854,816,-1,573,572,855,-1,855,572,816,-1,855,816,856,-1,856,816,854,-1,523,521,857,-1,574,573,858,-1,858,573,859,-1,858,859,860,-1,860,859,861,-1,860,861,862,-1,862,861,863,-1,862,863,864,-1,864,863,865,-1,864,865,866,-1,866,865,867,-1,866,867,868,-1,868,867,869,-1,868,869,870,-1,870,869,871,-1,870,871,857,-1,857,871,872,-1,857,872,523,-1,873,838,874,-1,874,838,840,-1,874,840,875,-1,875,840,841,-1,875,841,876,-1,876,841,843,-1,876,843,877,-1,877,843,575,-1,877,575,574,-1,878,837,879,-1,879,837,838,-1,879,838,880,-1,880,838,873,-1,878,881,837,-1,837,881,882,-1,837,882,835,-1,835,882,883,-1,835,883,834,-1,834,883,884,-1,834,884,832,-1,832,884,885,-1,832,885,830,-1,830,885,565,-1,830,565,564,-1,568,539,537,-1,568,537,886,-1,886,537,887,-1,886,887,888,-1,888,887,889,-1,888,889,890,-1,890,889,891,-1,891,889,892,-1,891,892,893,-1,893,892,894,-1,894,892,895,-1,894,895,896,-1,896,895,897,-1,897,895,898,-1,897,898,899,-1,524,526,898,-1,898,526,563,-1,898,563,899,-1,900,901,902,-1,903,904,905,-1,570,906,844,-1,844,906,907,-1,908,846,907,-1,907,846,845,-1,907,845,844,-1,849,848,908,-1,908,848,847,-1,908,847,846,-1,909,852,851,-1,910,856,854,-1,573,855,859,-1,859,855,911,-1,859,911,861,-1,861,911,912,-1,913,865,912,-1,912,865,863,-1,912,863,861,-1,872,871,914,-1,914,871,869,-1,914,869,913,-1,913,869,867,-1,913,867,865,-1,523,872,915,-1,915,872,914,-1,915,914,916,-1,916,914,917,-1,904,917,905,-1,905,917,914,-1,905,914,918,-1,918,914,913,-1,918,913,919,-1,919,913,912,-1,919,912,910,-1,910,912,911,-1,910,911,856,-1,856,911,855,-1,901,903,902,-1,902,903,905,-1,902,905,920,-1,920,905,918,-1,920,918,909,-1,909,918,919,-1,909,919,852,-1,852,919,910,-1,852,910,853,-1,853,910,854,-1,906,900,907,-1,907,900,902,-1,907,902,908,-1,908,902,920,-1,908,920,849,-1,849,920,909,-1,849,909,850,-1,850,909,851,-1,921,922,923,-1,924,925,926,-1,927,928,929,-1,930,931,932,-1,875,876,933,-1,934,877,574,-1,935,873,933,-1,933,873,874,-1,933,874,875,-1,936,878,937,-1,937,878,879,-1,937,879,880,-1,883,882,938,-1,938,882,881,-1,883,938,884,-1,884,938,932,-1,884,932,885,-1,885,932,931,-1,885,931,565,-1,574,858,934,-1,934,858,860,-1,934,860,939,-1,860,862,939,-1,939,862,864,-1,939,864,940,-1,864,866,940,-1,940,866,868,-1,940,868,923,-1,928,930,929,-1,929,930,932,-1,929,932,936,-1,936,932,938,-1,936,938,878,-1,878,938,881,-1,925,927,926,-1,926,927,929,-1,926,929,941,-1,941,929,936,-1,941,936,935,-1,935,936,937,-1,935,937,873,-1,873,937,880,-1,922,924,923,-1,923,924,926,-1,923,926,940,-1,940,926,941,-1,940,941,939,-1,939,941,935,-1,939,935,934,-1,934,935,933,-1,934,933,877,-1,877,933,876,-1,521,921,857,-1,857,921,923,-1,857,923,870,-1,870,923,868,-1,560,527,525,-1,560,525,942,-1,942,525,943,-1,942,943,944,-1,944,943,945,-1,944,945,946,-1,946,945,947,-1,947,945,948,-1,947,948,949,-1,949,948,950,-1,950,948,951,-1,950,951,952,-1,952,951,953,-1,953,951,954,-1,953,954,955,-1,531,529,954,-1,954,529,567,-1,954,567,955,-1,956,894,957,-1,957,894,896,-1,957,896,958,-1,958,896,897,-1,958,897,959,-1,959,897,899,-1,959,899,960,-1,960,899,563,-1,960,563,562,-1,961,893,962,-1,962,893,894,-1,962,894,963,-1,963,894,956,-1,961,964,893,-1,893,964,965,-1,893,965,891,-1,891,965,966,-1,891,966,890,-1,890,966,967,-1,890,967,888,-1,888,967,968,-1,888,968,886,-1,886,968,569,-1,886,569,568,-1,522,523,915,-1,570,569,906,-1,906,569,969,-1,906,969,900,-1,900,969,970,-1,900,970,901,-1,901,970,971,-1,901,971,903,-1,903,971,972,-1,903,972,904,-1,904,972,973,-1,904,973,917,-1,917,973,974,-1,917,974,916,-1,916,974,975,-1,916,975,915,-1,915,975,976,-1,915,976,522,-1,521,520,977,-1,566,565,978,-1,978,565,931,-1,978,931,979,-1,979,931,930,-1,979,930,980,-1,980,930,928,-1,980,928,981,-1,981,928,927,-1,981,927,982,-1,982,927,925,-1,982,925,983,-1,983,925,924,-1,983,924,984,-1,984,924,922,-1,984,922,977,-1,977,922,921,-1,977,921,521,-1,950,952,985,-1,985,952,953,-1,985,953,566,-1,566,953,955,-1,566,955,567,-1,985,986,950,-1,950,986,987,-1,950,987,949,-1,987,988,949,-1,949,988,989,-1,949,989,947,-1,947,989,990,-1,947,990,991,-1,991,992,947,-1,947,992,993,-1,947,993,946,-1,946,993,994,-1,946,994,944,-1,944,994,995,-1,944,995,942,-1,561,560,996,-1,996,560,942,-1,996,942,997,-1,997,942,995,-1,998,999,1000,-1,968,967,1001,-1,966,965,1002,-1,958,959,1003,-1,1004,960,562,-1,961,962,1005,-1,1005,962,963,-1,1005,963,956,-1,966,1002,967,-1,975,1006,976,-1,976,1006,1007,-1,976,1007,522,-1,974,973,1008,-1,1008,973,972,-1,1008,972,1009,-1,569,968,969,-1,969,968,1001,-1,969,1001,970,-1,970,1001,1009,-1,970,1009,971,-1,971,1009,972,-1,1010,1011,1006,-1,1006,1011,1012,-1,1006,1012,1007,-1,967,1002,1001,-1,1001,1002,1000,-1,1001,1000,1009,-1,1009,1000,999,-1,1009,999,1008,-1,1013,1014,1010,-1,1010,1014,1015,-1,1010,1015,1011,-1,965,964,1002,-1,1002,964,961,-1,1002,961,1000,-1,1000,961,1005,-1,1000,1005,998,-1,998,1005,956,-1,998,956,1003,-1,1003,956,957,-1,1003,957,958,-1,562,1016,1004,-1,1004,1016,1017,-1,1004,1017,1013,-1,1013,1017,1018,-1,1013,1018,1014,-1,975,974,1006,-1,1006,974,1008,-1,1006,1008,1010,-1,1010,1008,999,-1,1010,999,1013,-1,1013,999,998,-1,1013,998,1004,-1,1004,998,1003,-1,1004,1003,960,-1,960,1003,959,-1,985,566,978,-1,1019,986,985,-1,1020,988,987,-1,988,1020,989,-1,992,991,1021,-1,1021,991,990,-1,995,994,1022,-1,1022,994,993,-1,995,1022,997,-1,997,1022,1023,-1,997,1023,996,-1,996,1023,1024,-1,996,1024,561,-1,985,978,1019,-1,1019,978,979,-1,1019,979,1025,-1,979,980,1025,-1,1025,980,981,-1,1025,981,1026,-1,977,520,1027,-1,981,982,1026,-1,1026,982,983,-1,1026,983,1028,-1,1028,983,984,-1,1028,984,977,-1,977,1027,1028,-1,1028,1027,1029,-1,1028,1029,1030,-1,1030,1031,1028,-1,1028,1031,1032,-1,1028,1032,1026,-1,1026,1032,1033,-1,1026,1033,1025,-1,1025,1033,1020,-1,1025,1020,1019,-1,1019,1020,987,-1,1019,987,986,-1,989,1020,990,-1,990,1020,1033,-1,990,1033,1021,-1,1021,1033,1032,-1,1021,1032,1034,-1,1034,1032,1031,-1,1034,1031,1035,-1,1030,1036,1031,-1,1031,1036,1037,-1,1031,1037,1035,-1,1035,1037,1038,-1,1035,1038,1039,-1,992,1021,993,-1,993,1021,1034,-1,993,1034,1022,-1,1022,1034,1035,-1,1022,1035,1023,-1,1023,1035,1039,-1,1023,1039,1024,-1,520,522,1007,-1,562,561,1016,-1,1016,561,1024,-1,1016,1024,1017,-1,1017,1024,1039,-1,1017,1039,1018,-1,1018,1039,1038,-1,1018,1038,1014,-1,1014,1038,1037,-1,1014,1037,1015,-1,1015,1037,1036,-1,1015,1036,1011,-1,1011,1036,1030,-1,1011,1030,1012,-1,1012,1030,1029,-1,1012,1029,1007,-1,1007,1029,1027,-1,1007,1027,520,-1,
        ]
    }
}
Shape{
    appearance Appearance {
        material  Material {
            diffuseColor 1.0 1.0 1.0
            specularColor 0.30196078431372547 0.30196078431372547 0.30196078431372547
            ambientIntensity 1.0
            transparency 0.0
            shininess 0.5
        }
    }
    geometry IndexedFaceSet {
        ccw TRUE
        solid FALSE
        coord DEF co Coordinate {
            point [
                -1.5591 -1.7421 1.2205, -1.5591 -1.7421 -0.0394, -1.5544 -1.7778 -0.0394, -1.5544 -1.7778 1.2205, -1.5406 -1.811 -0.0394, -1.5406 -1.811 1.2205, -1.5187 -1.8396 -0.0394, -1.5187 -1.8396 1.2205, -1.4902 -1.8615 -0.0394, -1.4902 -1.8615 1.2205, -1.4569 -1.8752 -0.0394, -1.4569 -1.8752 1.2205, -1.4213 -1.8799 -0.0394, -1.4213 -1.8799 1.2205, -1.4213 0.8524 1.2205, -1.4213 0.8524 -0.0394, -1.4569 0.8477 -0.0394, -1.4569 0.8477 1.2205, -1.4902 0.8339 -0.0394, -1.4902 0.8339 1.2205, -1.5187 0.812 -0.0394, -1.5187 0.812 1.2205, -1.5406 0.7835 -0.0394, -1.5406 0.7835 1.2205, -1.5544 0.7502 -0.0394, -1.5544 0.7502 1.2205, -1.5591 0.7146 -0.0394, -1.5591 0.7146 1.2205, 1.4213 -1.8799 1.2205, 1.4213 -1.8799 -0.0394, 1.4569 -1.8752 -0.0394, 1.4569 -1.8752 1.2205, 1.4902 -1.8615 -0.0394, 1.4902 -1.8615 1.2205, 1.5187 -1.8396 -0.0394, 1.5187 -1.8396 1.2205, 1.5406 -1.811 -0.0394, 1.5406 -1.811 1.2205, 1.5544 -1.7778 -0.0394, 1.5544 -1.7778 1.2205, 1.5591 -1.7421 -0.0394, 1.5591 -1.7421 1.2205, 1.5591 0.7146 1.2205, 1.5591 0.7146 -0.0394, 1.5544 0.7502 -0.0394, 1.5544 0.7502 1.2205, 1.5406 0.7835 -0.0394, 1.5406 0.7835 1.2205, 1.5187 0.812 -0.0394, 1.5187 0.812 1.2205, 1.4902 0.8339 -0.0394, 1.4902 0.8339 1.2205, 1.4569 0.8477 -0.0394, 1.4569 0.8477 1.2205, 1.4213 0.8524 -0.0394, 1.4213 0.8524 1.2205
            ]
        }
        coordIndex [
            0,1,2,-1,0,2,3,-1,3,2,4,-1,3,4,5,-1,5,4,6,-1,5,6,7,-1,7,6,8,-1,7,8,9,-1,9,8,10,-1,9,10,11,-1,11,10,12,-1,11,12,13,-1,14,15,16,-1,14,16,17,-1,17,16,18,-1,17,18,19,-1,19,18,20,-1,19,20,21,-1,21,20,22,-1,21,22,23,-1,23,22,24,-1,23,24,25,-1,25,24,26,-1,25,26,27,-1,28,29,30,-1,28,30,31,-1,31,30,32,-1,31,32,33,-1,33,32,34,-1,33,34,35,-1,35,34,36,-1,35,36,37,-1,37,36,38,-1,37,38,39,-1,39,38,40,-1,39,40,41,-1,42,43,44,-1,42,44,45,-1,45,44,46,-1,45,46,47,-1,47,46,48,-1,47,48,49,-1,49,48,50,-1,49,50,51,-1,51,50,52,-1,51,52,53,-1,53,52,54,-1,53,54,55,-1,
        ]
    }
}
Shape{
    appearance Appearance {
        material  Material {
            diffuseColor 0.0 0.0 0.0
            specularColor 0.0 0.0 0.0
            ambientIntensity 0.0
            transparency 0.0
            shininess 0.5
        }
    }
    geometry IndexedFaceSet {
        ccw TRUE
        solid FALSE
        coord DEF co Coordinate {
            point [
                -0.0473 1.2858 0.7806, -0.0472 1.2858 0.7669, -0.0473 1.2854 0.7806, -0.0472 1.2854 0.7669, 0.0005 1.2858 0.7809, 0.0005 1.2854 0.7809, -0.0003 1.2858 0.8873, -0.0003 1.2854 0.8868, -0.0003 1.2854 0.8873, 0.0152 1.2858 0.8874, 0.0152 1.2854 0.8874, 0.0161 1.2854 0.7673, 0.0161 1.2858 0.7673, 0.0152 1.2854 0.8868, -0.1421 1.2854 0.7712, -0.1421 1.2858 0.7712, -0.1401 1.2858 0.7702, -0.1088 1.2858 0.7644, -0.1088 1.2854 0.7644, -0.1125 1.2854 0.7647, -0.1271 1.2858 0.766, -0.1271 1.2854 0.766, -0.1369 1.2854 0.7691, -0.1401 1.2854 0.7702, -0.1422 1.2858 0.786, -0.1422 1.2854 0.786, -0.1369 1.2854 0.7837, -0.1303 1.2858 0.7808, -0.1303 1.2854 0.7808, -0.1167 1.2854 0.7784, -0.1167 1.2858 0.7784, -0.1112 1.2854 0.7782, -0.1112 1.2858 0.7782, -0.1008 1.2854 0.7793, -0.1008 1.2858 0.7793, -0.0919 1.2854 0.7824, -0.0919 1.2858 0.7824, -0.0838 1.2854 0.7878, -0.0838 1.2858 0.7878, -0.0804 1.2854 0.7911, -0.0804 1.2858 0.7911, -0.075 1.2854 0.7985, -0.075 1.2858 0.7985, -0.071 1.2854 0.8081, -0.071 1.2858 0.8081, -0.069 1.2854 0.8199, -0.069 1.2858 0.8199, -0.0688 1.2854 0.8254, -0.0688 1.2858 0.8254, -0.0709 1.2854 0.8419, -0.0709 1.2858 0.8419, -0.075 1.2854 0.8522, -0.075 1.2858 0.8522, -0.0809 1.2854 0.8605, -0.0809 1.2858 0.8605, -0.0817 1.2854 0.8614, -0.0817 1.2858 0.8614, -0.0891 1.2854 0.8676, -0.0891 1.2858 0.8676, -0.0984 1.2854 0.8721, -0.0984 1.2858 0.8721, -0.1088 1.2854 0.8743, -0.1088 1.2858 0.8743, -0.1145 1.2854 0.8745, -0.1145 1.2858 0.8745, -0.1428 1.2854 0.8672, -0.1428 1.2858 0.8672, -0.1415 1.2858 0.8679, -0.1293 1.2854 0.8726, -0.1293 1.2858 0.8726, -0.1369 1.2854 0.8697, -0.1415 1.2854 0.8679, -0.1429 1.2858 0.8834, -0.1429 1.2854 0.8834, -0.1316 1.2854 0.8868, -0.1302 1.2858 0.8872, -0.1369 1.2854 0.8852, -0.1302 1.2854 0.8872, -0.1145 1.2854 0.8885, -0.1145 1.2858 0.8885, -0.0971 1.2858 0.8865, -0.0991 1.2854 0.8868, -0.0971 1.2854 0.8865, -0.0845 1.2854 0.8818, -0.0845 1.2858 0.8818, -0.0732 1.2854 0.874, -0.0732 1.2858 0.874, -0.0702 1.2854 0.8711, -0.0702 1.2858 0.8711, -0.0615 1.2854 0.8598, -0.0615 1.2858 0.8598, -0.0571 1.2854 0.8498, -0.0557 1.2858 0.8465, -0.0557 1.2854 0.8465, -0.0528 1.2854 0.8309, -0.0528 1.2858 0.8309, -0.0526 1.2854 0.8246, -0.0526 1.2858 0.8246, -0.0548 1.2854 0.805, -0.0548 1.2858 0.805, -0.0571 1.2854 0.799, -0.0596 1.2858 0.7925, -0.0596 1.2854 0.7925, -0.0667 1.2854 0.7822, -0.0667 1.2858 0.7822, -0.0677 1.2854 0.7811, -0.0677 1.2858 0.7811, -0.1027 1.2854 0.7647, -0.1015 1.2858 0.7648, -0.1015 1.2854 0.7648, -0.0886 1.2858 0.7676, -0.0886 1.2854 0.7676, -0.0773 1.2858 0.773, -0.0773 1.2854 0.773, -0.2308 1.2858 0.7793, -0.2307 1.2858 0.7656, -0.2308 1.2854 0.7793, -0.2307 1.2854 0.7656, -0.1817 1.2854 0.7796, -0.1817 1.2858 0.7796, -0.2131 1.2854 0.7794, -0.182 1.2858 0.82, -0.182 1.2854 0.82, -0.225 1.2854 0.8197, -0.225 1.2858 0.8197, -0.2131 1.2854 0.8198, -0.225 1.2858 0.8335, -0.225 1.2854 0.8335, -0.1821 1.2854 0.8338, -0.1821 1.2858 0.8338, -0.2131 1.2854 0.8335, -0.1824 1.2858 0.8722, -0.1824 1.2854 0.8722, -0.2287 1.2854 0.8719, -0.2287 1.2858 0.8719, -0.2131 1.2854 0.872, -0.2288 1.2858 0.8857, -0.2288 1.2854 0.8857, -0.167 1.2854 0.8861, -0.167 1.2858 0.8861, -0.2131 1.2854 0.8858, -0.1661 1.2858 0.766, -0.1661 1.2854 0.766, -0.2131 1.2854 0.7657, -0.3332 1.2858 0.7817, -0.3208 1.2858 0.7898, -0.3206 1.2858 0.7727, -0.313 1.2858 0.7845, -0.3068 1.2858 0.7675, -0.3031 1.2858 0.7807, -0.2864 1.2858 0.7652, -0.2864 1.2858 0.7789, -0.2534 1.2858 0.7654, -0.269 1.2858 0.779, -0.2542 1.2858 0.8855, -0.2697 1.2858 0.8716, -0.2885 1.2858 0.8853, -0.2878 1.2858 0.8714, -0.2891 1.2858 0.8714, -0.3068 1.2858 0.8831, -0.3045 1.2858 0.8693, -0.3213 1.2858 0.8777, -0.3146 1.2858 0.8653, -0.3338 1.2858 0.869, -0.3224 1.2858 0.8599, -0.338 1.2858 0.8649, -0.3257 1.2858 0.8566, -0.3454 1.2858 0.8543, -0.3303 1.2858 0.8498, -0.3497 1.2858 0.8428, -0.3336 1.2858 0.841, -0.3516 1.2858 0.8263, -0.3353 1.2858 0.826, -0.3512 1.2858 0.8186, -0.3348 1.2858 0.8176, -0.3482 1.2858 0.8046, -0.3323 1.2858 0.8068, -0.3422 1.2858 0.7922, -0.328 1.2858 0.798, -0.3222 1.2858 0.7911, -0.2864 1.2854 0.7652, -0.2534 1.2854 0.7654, -0.3068 1.2854 0.7675, -0.3206 1.2854 0.7727, -0.3332 1.2854 0.7817, -0.3422 1.2854 0.7922, -0.3482 1.2854 0.8046, -0.3512 1.2854 0.8186, -0.3516 1.2854 0.8263, -0.3497 1.2854 0.8428, -0.3454 1.2854 0.8543, -0.338 1.2854 0.8649, -0.3338 1.2854 0.869, -0.3213 1.2854 0.8777, -0.3068 1.2854 0.8831, -0.2885 1.2854 0.8853, -0.2542 1.2854 0.8855, -0.2878 1.2854 0.8714, -0.2697 1.2854 0.8716, -0.269 1.2854 0.779, -0.2864 1.2854 0.7789, -0.3222 1.2854 0.7911, -0.3208 1.2854 0.7898, -0.313 1.2854 0.7845, -0.3031 1.2854 0.7807, -0.3353 1.2854 0.826, -0.3348 1.2854 0.8176, -0.3323 1.2854 0.8068, -0.328 1.2854 0.798, -0.3224 1.2854 0.8599, -0.3257 1.2854 0.8566, -0.3303 1.2854 0.8498, -0.3336 1.2854 0.841, -0.2891 1.2854 0.8714, -0.3045 1.2854 0.8693, -0.3146 1.2854 0.8653
            ]
        }
        coordIndex [
            0,1,2,-1,2,1,3,-1,4,0,5,-1,5,0,2,-1,4,5,6,-1,6,5,7,-1,6,7,8,-1,9,6,10,-1,10,6,8,-1,11,12,13,-1,13,12,9,-1,13,9,10,-1,1,12,3,-1,3,12,11,-1,6,9,4,-1,4,9,12,-1,4,12,0,-1,0,12,1,-1,14,15,16,-1,17,18,19,-1,17,19,20,-1,19,21,20,-1,20,21,22,-1,20,22,16,-1,16,22,23,-1,16,23,14,-1,24,15,25,-1,25,15,14,-1,24,25,26,-1,24,26,27,-1,26,28,27,-1,27,28,29,-1,27,29,30,-1,30,29,31,-1,30,31,32,-1,32,31,33,-1,32,33,34,-1,34,33,35,-1,34,35,36,-1,36,35,37,-1,36,37,38,-1,38,37,39,-1,38,39,40,-1,40,39,41,-1,40,41,42,-1,42,41,43,-1,42,43,44,-1,44,43,45,-1,44,45,46,-1,46,45,47,-1,46,47,48,-1,48,47,49,-1,48,49,50,-1,50,49,51,-1,50,51,52,-1,52,51,53,-1,52,53,54,-1,54,53,55,-1,54,55,56,-1,56,55,57,-1,56,57,58,-1,58,57,59,-1,58,59,60,-1,60,59,61,-1,60,61,62,-1,62,61,63,-1,62,63,64,-1,65,66,67,-1,64,63,68,-1,64,68,69,-1,69,68,70,-1,69,70,67,-1,67,70,71,-1,67,71,65,-1,72,66,73,-1,73,66,65,-1,74,75,76,-1,76,75,72,-1,76,72,73,-1,74,77,75,-1,75,77,78,-1,75,78,79,-1,80,79,81,-1,81,79,78,-1,81,82,80,-1,80,82,83,-1,80,83,84,-1,84,83,85,-1,84,85,86,-1,86,85,87,-1,86,87,88,-1,88,87,89,-1,88,89,90,-1,90,89,91,-1,90,91,92,-1,91,93,92,-1,92,93,94,-1,92,94,95,-1,95,94,96,-1,95,96,97,-1,97,96,98,-1,97,98,99,-1,99,98,100,-1,99,100,101,-1,100,102,101,-1,101,102,103,-1,101,103,104,-1,104,103,105,-1,104,105,106,-1,18,17,107,-1,107,17,108,-1,107,108,109,-1,109,108,110,-1,109,110,111,-1,111,110,112,-1,111,112,113,-1,113,112,106,-1,113,106,105,-1,58,60,80,-1,50,52,90,-1,90,52,88,-1,80,60,79,-1,97,48,95,-1,95,48,50,-1,95,50,92,-1,92,50,90,-1,60,62,79,-1,79,62,64,-1,79,64,75,-1,75,64,69,-1,75,69,72,-1,72,69,67,-1,72,67,66,-1,15,24,16,-1,16,24,27,-1,16,27,20,-1,20,27,30,-1,20,30,17,-1,17,30,32,-1,17,32,108,-1,108,32,34,-1,108,34,110,-1,110,34,36,-1,110,36,112,-1,112,36,38,-1,112,38,106,-1,106,38,40,-1,106,40,104,-1,104,40,42,-1,104,42,101,-1,101,42,99,-1,99,42,44,-1,99,44,97,-1,97,44,46,-1,97,46,48,-1,52,54,88,-1,88,54,56,-1,88,56,86,-1,86,56,58,-1,86,58,84,-1,84,58,80,-1,114,115,116,-1,116,115,117,-1,118,119,120,-1,120,119,114,-1,120,114,116,-1,121,119,122,-1,122,119,118,-1,123,124,125,-1,125,124,121,-1,125,121,122,-1,126,124,127,-1,127,124,123,-1,128,129,130,-1,130,129,126,-1,130,126,127,-1,131,129,132,-1,132,129,128,-1,133,134,135,-1,135,134,131,-1,135,131,132,-1,136,134,137,-1,137,134,133,-1,138,139,140,-1,140,139,136,-1,140,136,137,-1,141,139,142,-1,142,139,138,-1,117,115,143,-1,143,115,141,-1,143,141,142,-1,141,115,114,-1,114,119,141,-1,141,119,121,-1,141,121,139,-1,134,136,131,-1,131,136,139,-1,131,139,129,-1,129,139,121,-1,129,121,126,-1,126,121,124,-1,144,145,146,-1,146,145,147,-1,146,147,148,-1,148,147,149,-1,148,149,150,-1,150,149,151,-1,150,151,152,-1,152,151,153,-1,152,153,154,-1,154,153,155,-1,154,155,156,-1,155,157,156,-1,156,157,158,-1,156,158,159,-1,159,158,160,-1,159,160,161,-1,161,160,162,-1,161,162,163,-1,163,162,164,-1,163,164,165,-1,165,164,166,-1,165,166,167,-1,167,166,168,-1,167,168,169,-1,169,168,170,-1,169,170,171,-1,171,170,172,-1,171,172,173,-1,173,172,174,-1,173,174,175,-1,175,174,176,-1,175,176,177,-1,177,176,178,-1,177,178,144,-1,144,178,179,-1,144,179,145,-1,150,152,180,-1,180,152,181,-1,150,180,182,-1,150,182,148,-1,148,182,183,-1,148,183,146,-1,146,183,184,-1,146,184,144,-1,144,184,185,-1,144,185,177,-1,177,185,186,-1,177,186,175,-1,175,186,187,-1,175,187,173,-1,173,187,188,-1,173,188,171,-1,171,188,189,-1,171,189,169,-1,169,189,190,-1,169,190,167,-1,167,190,191,-1,167,191,165,-1,165,191,192,-1,165,192,163,-1,163,192,193,-1,163,193,161,-1,161,193,194,-1,161,194,159,-1,159,194,195,-1,159,195,156,-1,154,156,196,-1,196,156,195,-1,152,154,181,-1,181,154,196,-1,157,155,197,-1,197,155,198,-1,155,153,198,-1,198,153,199,-1,153,151,199,-1,199,151,200,-1,179,201,202,-1,179,202,145,-1,145,202,203,-1,145,203,147,-1,147,203,204,-1,147,204,149,-1,149,204,200,-1,149,200,151,-1,172,205,206,-1,172,206,174,-1,174,206,207,-1,174,207,176,-1,176,207,208,-1,176,208,178,-1,178,208,201,-1,178,201,179,-1,164,209,210,-1,164,210,166,-1,166,210,211,-1,166,211,168,-1,168,211,212,-1,168,212,170,-1,170,212,205,-1,170,205,172,-1,157,197,213,-1,157,213,158,-1,158,213,214,-1,158,214,160,-1,160,214,215,-1,160,215,162,-1,162,215,209,-1,162,209,164,-1,
        ]
    }
}
Shape{
    appearance Appearance {
        material  Material {
            diffuseColor 1.0 1.0 1.0
            specularColor 0.30196078431372547 0.30196078431372547 0.30196078431372547
            ambientIntensity 1.0
            transparency 0.0
            shininess 0.5
        }
    }
    geometry IndexedFaceSet {
        ccw TRUE
        solid FALSE
        coord DEF co Coordinate {
            point [
                -0.313 1.2854 0.7845, -0.3208 1.2854 0.7898, -0.2891 1.2854 0.8714, -0.2697 1.2854 0.8716, -0.269 1.2854 0.779, -0.2878 1.2854 0.8714, -0.2864 1.2854 0.7789, -0.3031 1.2854 0.7807, -0.3222 1.2854 0.7911, -0.328 1.2854 0.798, -0.3323 1.2854 0.8068, -0.3353 1.2854 0.826, -0.3224 1.2854 0.8599, -0.3146 1.2854 0.8653, -0.3336 1.2854 0.841, -0.3303 1.2854 0.8498, -0.3257 1.2854 0.8566, -0.3348 1.2854 0.8176, -0.3045 1.2854 0.8693
            ]
        }
        coordIndex [
            0,1,2,-1,3,4,5,-1,5,4,6,-1,5,6,2,-1,2,6,7,-1,2,7,0,-1,1,8,2,-1,2,8,9,-1,2,9,10,-1,11,12,13,-1,14,15,11,-1,11,15,16,-1,11,16,12,-1,10,17,2,-1,2,17,11,-1,2,11,18,-1,18,11,13,-1,
        ]
    }
}
Shape{
    appearance Appearance {
        material  Material {
            diffuseColor 0.0 0.0 0.0
            specularColor 0.0 0.0 0.0
            ambientIntensity 0.0
            transparency 0.0
            shininess 0.5
        }
    }
    geometry IndexedFaceSet {
        ccw TRUE
        solid FALSE
        coord DEF co Coordinate {
            point [
                -0.3918 1.2858 0.8108, -0.4101 1.2858 0.8606, -0.4044 1.2858 0.8844, -0.3578 1.2858 0.7647, -0.375 1.2858 0.7645, -0.3867 1.2858 0.7973, -0.4111 1.2858 0.8642, -0.4121 1.2858 0.869, -0.421 1.2858 0.8843, -0.4125 1.2858 0.869, -0.4134 1.2858 0.8639, -0.4143 1.2858 0.8606, -0.4321 1.2858 0.8106, -0.4659 1.2858 0.7639, -0.4488 1.2858 0.764, -0.4368 1.2858 0.797, -0.421 1.2854 0.8843, -0.4656 1.2854 0.7647, -0.4659 1.2854 0.7639, -0.4044 1.2854 0.8844, -0.3579 1.2854 0.7647, -0.3578 1.2854 0.7647, -0.3912 1.2854 0.8503, -0.375 1.2854 0.7645, -0.3867 1.2854 0.7973, -0.375 1.2854 0.7647, -0.4368 1.2854 0.797, -0.3912 1.2854 0.7973, -0.4485 1.2854 0.7647, -0.4488 1.2854 0.764, -0.3918 1.2854 0.8108, -0.4321 1.2854 0.8106, -0.4143 1.2854 0.8606, -0.4125 1.2854 0.869, -0.4134 1.2854 0.8639, -0.4121 1.2854 0.869, -0.4101 1.2854 0.8606, -0.4111 1.2854 0.8642
            ]
        }
        coordIndex [
            0,1,2,-1,3,4,5,-1,1,6,2,-1,2,6,7,-1,2,7,8,-1,8,7,9,-1,8,9,10,-1,10,11,8,-1,8,11,12,-1,8,12,13,-1,14,13,15,-1,15,13,12,-1,15,12,5,-1,5,12,0,-1,5,0,3,-1,3,0,2,-1,16,8,17,-1,17,8,13,-1,17,13,18,-1,2,8,19,-1,19,8,16,-1,20,21,3,-1,20,3,22,-1,22,3,2,-1,22,2,19,-1,4,3,23,-1,23,3,21,-1,24,5,25,-1,25,5,4,-1,25,4,23,-1,26,15,27,-1,27,15,5,-1,27,5,24,-1,15,26,14,-1,14,26,28,-1,14,28,29,-1,13,14,18,-1,18,14,29,-1,0,12,30,-1,30,12,31,-1,12,11,31,-1,31,11,32,-1,9,33,34,-1,9,34,10,-1,10,34,32,-1,10,32,11,-1,9,7,33,-1,33,7,35,-1,1,36,37,-1,1,37,6,-1,6,37,35,-1,6,35,7,-1,1,0,36,-1,36,0,30,-1,
        ]
    }
}
Shape{
    appearance Appearance {
        material  Material {
            diffuseColor 1.0 1.0 1.0
            specularColor 0.30196078431372547 0.30196078431372547 0.30196078431372547
            ambientIntensity 1.0
            transparency 0.0
            shininess 0.5
        }
    }
    geometry IndexedFaceSet {
        ccw TRUE
        solid FALSE
        coord DEF co Coordinate {
            point [
                -0.4125 1.2854 0.869, -0.4121 1.2854 0.869, -0.4134 1.2854 0.8639, -0.4111 1.2854 0.8642, -0.4143 1.2854 0.8606, -0.4101 1.2854 0.8606, -0.4321 1.2854 0.8106, -0.3918 1.2854 0.8108
            ]
        }
        coordIndex [
            0,1,2,-1,2,1,3,-1,2,3,4,-1,4,3,5,-1,4,5,6,-1,6,5,7,-1,
        ]
    }
}
Shape{
    appearance Appearance {
        material  Material {
            diffuseColor 0.0 0.0 0.0
            specularColor 0.0 0.0 0.0
            ambientIntensity 0.0
            transparency 0.0
            shininess 0.5
        }
    }
    geometry IndexedFaceSet {
        ccw TRUE
        solid FALSE
        coord DEF co Coordinate {
            point [
                -0.0472 1.2858 0.59, -0.0471 1.2858 0.5763, -0.0472 1.2854 0.59, -0.0471 1.2854 0.5763, 0.0018 1.2858 0.5904, 0.0018 1.2854 0.5904, 0.0016 1.2858 0.6308, 0.0016 1.2854 0.6308, -0.0414 1.2858 0.6305, -0.0414 1.2854 0.6305, -0.0415 1.2858 0.6442, -0.0415 1.2854 0.6442, 0.0015 1.2858 0.6445, 0.0015 1.2854 0.6445, 0.0012 1.2858 0.683, 0.0012 1.2854 0.683, -0.0452 1.2858 0.6826, -0.0452 1.2854 0.6826, -0.0453 1.2858 0.6964, -0.0453 1.2854 0.6964, 0.0166 1.2858 0.6969, 0.0166 1.2854 0.6969, 0.0174 1.2858 0.5768, 0.0174 1.2854 0.5768, -0.1154 1.2858 0.5758, -0.1305 1.2858 0.5757, -0.1155 1.2858 0.5891, -0.1309 1.2858 0.6309, -0.0956 1.2858 0.6163, -0.1157 1.2858 0.6189, -0.1157 1.2858 0.6107, -0.1151 1.2858 0.5891, -0.1072 1.2858 0.5914, -0.1113 1.2858 0.5838, -0.1029 1.2858 0.5885, -0.1157 1.2858 0.6097, -0.1146 1.2858 0.603, -0.1124 1.2858 0.5976, -0.1091 1.2858 0.5932, -0.0796 1.2858 0.6245, -0.0729 1.2858 0.6213, -0.0824 1.2858 0.6122, -0.081 1.2858 0.6111, -0.1158 1.2858 0.6304, -0.1153 1.2858 0.637, -0.1299 1.2858 0.6419, -0.1138 1.2858 0.6424, -0.1276 1.2858 0.6489, -0.1121 1.2858 0.6455, -0.1246 1.2858 0.6539, -0.1098 1.2858 0.6479, -0.1207 1.2858 0.6578, -0.1072 1.2858 0.6497, -0.1157 1.2858 0.6607, -0.1037 1.2858 0.6509, -0.1095 1.2858 0.6627, -0.0986 1.2858 0.6515, -0.1001 1.2858 0.6637, -0.0886 1.2858 0.6504, -0.0848 1.2858 0.662, -0.0792 1.2858 0.647, -0.0736 1.2858 0.6577, -0.0704 1.2858 0.6413, -0.0705 1.2858 0.6559, -0.0792 1.2858 0.6089, -0.0682 1.2858 0.6174, -0.0779 1.2858 0.6061, -0.0651 1.2858 0.6131, -0.0771 1.2858 0.6027, -0.08 1.2858 0.5916, -0.0689 1.2858 0.5809, -0.0813 1.2858 0.5903, -0.074 1.2858 0.5773, -0.0842 1.2858 0.5882, -0.0797 1.2858 0.5751, -0.0876 1.2858 0.5869, -0.0887 1.2858 0.574, -0.0927 1.2858 0.5863, -0.0972 1.2858 0.575, -0.0984 1.2858 0.5869, -0.1032 1.2858 0.5773, -0.1063 1.2858 0.5792, -0.0855 1.2858 0.6139, -0.0904 1.2858 0.627, -0.0629 1.2858 0.6079, -0.0618 1.2858 0.6015, -0.077 1.2858 0.6003, -0.0617 1.2858 0.5992, -0.0773 1.2858 0.5969, -0.0624 1.2858 0.5923, -0.0783 1.2858 0.5941, -0.0642 1.2858 0.5872, -0.0673 1.2858 0.5826, -0.1001 1.2854 0.6637, -0.0848 1.2854 0.662, -0.0736 1.2854 0.6577, -0.0705 1.2854 0.6559, -0.0704 1.2854 0.6413, -0.0792 1.2854 0.647, -0.0886 1.2854 0.6504, -0.0986 1.2854 0.6515, -0.1037 1.2854 0.6509, -0.1072 1.2854 0.6497, -0.1098 1.2854 0.6479, -0.1121 1.2854 0.6455, -0.1138 1.2854 0.6424, -0.1153 1.2854 0.637, -0.1158 1.2854 0.6304, -0.0904 1.2854 0.627, -0.0796 1.2854 0.6245, -0.0729 1.2854 0.6213, -0.0682 1.2854 0.6174, -0.0651 1.2854 0.6131, -0.0629 1.2854 0.6079, -0.0618 1.2854 0.6015, -0.0617 1.2854 0.5992, -0.0624 1.2854 0.5923, -0.0642 1.2854 0.5872, -0.0673 1.2854 0.5826, -0.0689 1.2854 0.5809, -0.074 1.2854 0.5773, -0.0797 1.2854 0.5751, -0.0887 1.2854 0.574, -0.0972 1.2854 0.575, -0.1032 1.2854 0.5773, -0.1063 1.2854 0.5792, -0.1113 1.2854 0.5838, -0.1151 1.2854 0.5891, -0.1155 1.2854 0.5891, -0.1154 1.2854 0.5758, -0.1305 1.2854 0.5757, -0.1309 1.2854 0.6309, -0.1299 1.2854 0.6419, -0.1276 1.2854 0.6489, -0.1246 1.2854 0.6539, -0.1207 1.2854 0.6578, -0.1157 1.2854 0.6607, -0.1095 1.2854 0.6627, -0.081 1.2854 0.6111, -0.0824 1.2854 0.6122, -0.0855 1.2854 0.6139, -0.0956 1.2854 0.6163, -0.077 1.2854 0.6003, -0.0771 1.2854 0.6027, -0.0779 1.2854 0.6061, -0.0792 1.2854 0.6089, -0.0813 1.2854 0.5903, -0.08 1.2854 0.5916, -0.0783 1.2854 0.5941, -0.0773 1.2854 0.5969, -0.0927 1.2854 0.5863, -0.0876 1.2854 0.5869, -0.0842 1.2854 0.5882, -0.1091 1.2854 0.5932, -0.1072 1.2854 0.5914, -0.1029 1.2854 0.5885, -0.0984 1.2854 0.5869, -0.1157 1.2854 0.6107, -0.1157 1.2854 0.6097, -0.1146 1.2854 0.603, -0.1124 1.2854 0.5976, -0.1157 1.2854 0.6189
            ]
        }
        coordIndex [
            0,1,2,-1,2,1,3,-1,4,0,5,-1,5,0,2,-1,6,4,7,-1,7,4,5,-1,8,6,9,-1,9,6,7,-1,10,8,11,-1,11,8,9,-1,12,10,13,-1,13,10,11,-1,14,12,15,-1,15,12,13,-1,16,14,17,-1,17,14,15,-1,18,16,19,-1,19,16,17,-1,20,18,21,-1,21,18,19,-1,22,20,23,-1,23,20,21,-1,1,22,3,-1,3,22,23,-1,22,1,0,-1,0,4,22,-1,22,4,6,-1,22,6,20,-1,16,18,14,-1,14,18,20,-1,14,20,12,-1,12,20,6,-1,12,6,10,-1,10,6,8,-1,24,25,26,-1,26,25,27,-1,28,29,27,-1,27,29,30,-1,31,32,33,-1,33,32,34,-1,30,35,27,-1,27,35,36,-1,27,36,26,-1,26,36,37,-1,26,37,31,-1,31,37,38,-1,31,38,32,-1,39,40,41,-1,41,40,42,-1,43,27,44,-1,44,27,45,-1,44,45,46,-1,46,45,47,-1,46,47,48,-1,48,47,49,-1,48,49,50,-1,50,49,51,-1,50,51,52,-1,52,51,53,-1,52,53,54,-1,54,53,55,-1,54,55,56,-1,56,55,57,-1,56,57,58,-1,58,57,59,-1,58,59,60,-1,60,59,61,-1,60,61,62,-1,62,61,63,-1,42,40,64,-1,64,40,65,-1,64,65,66,-1,66,65,67,-1,66,67,68,-1,69,70,71,-1,71,70,72,-1,71,72,73,-1,73,72,74,-1,73,74,75,-1,75,74,76,-1,75,76,77,-1,77,76,78,-1,77,78,79,-1,79,78,80,-1,79,80,34,-1,34,80,81,-1,34,81,33,-1,28,27,82,-1,82,27,43,-1,82,43,41,-1,41,43,83,-1,41,83,39,-1,67,84,68,-1,68,84,85,-1,68,85,86,-1,86,85,87,-1,86,87,88,-1,88,87,89,-1,88,89,90,-1,90,89,91,-1,90,91,69,-1,69,91,92,-1,69,92,70,-1,57,93,94,-1,57,94,59,-1,59,94,95,-1,59,95,61,-1,61,95,96,-1,61,96,63,-1,62,63,97,-1,97,63,96,-1,62,97,98,-1,62,98,60,-1,60,98,99,-1,60,99,58,-1,58,99,100,-1,58,100,56,-1,56,100,101,-1,56,101,54,-1,54,101,102,-1,54,102,52,-1,52,102,103,-1,52,103,50,-1,50,103,104,-1,50,104,48,-1,48,104,105,-1,48,105,46,-1,46,105,106,-1,46,106,44,-1,44,106,107,-1,44,107,43,-1,83,43,108,-1,108,43,107,-1,83,108,109,-1,83,109,39,-1,39,109,110,-1,39,110,40,-1,40,110,111,-1,40,111,65,-1,65,111,112,-1,65,112,67,-1,67,112,113,-1,67,113,84,-1,84,113,114,-1,84,114,85,-1,85,114,115,-1,85,115,87,-1,87,115,116,-1,87,116,89,-1,89,116,117,-1,89,117,91,-1,91,117,118,-1,91,118,92,-1,92,118,119,-1,92,119,70,-1,70,119,120,-1,70,120,72,-1,72,120,121,-1,72,121,74,-1,74,121,122,-1,74,122,76,-1,76,122,123,-1,76,123,78,-1,78,123,124,-1,78,124,80,-1,80,124,125,-1,80,125,81,-1,81,125,126,-1,81,126,33,-1,33,126,127,-1,33,127,31,-1,26,31,128,-1,128,31,127,-1,24,26,129,-1,129,26,128,-1,25,24,130,-1,130,24,129,-1,27,25,131,-1,131,25,130,-1,27,131,132,-1,27,132,45,-1,45,132,133,-1,45,133,47,-1,47,133,134,-1,47,134,49,-1,49,134,135,-1,49,135,51,-1,51,135,136,-1,51,136,53,-1,53,136,137,-1,53,137,55,-1,55,137,93,-1,55,93,57,-1,42,138,139,-1,42,139,41,-1,41,139,140,-1,41,140,82,-1,82,140,141,-1,82,141,28,-1,86,142,143,-1,86,143,68,-1,68,143,144,-1,68,144,66,-1,66,144,145,-1,66,145,64,-1,64,145,138,-1,64,138,42,-1,71,146,147,-1,71,147,69,-1,69,147,148,-1,69,148,90,-1,90,148,149,-1,90,149,88,-1,88,149,142,-1,88,142,86,-1,77,150,151,-1,77,151,75,-1,75,151,152,-1,75,152,73,-1,73,152,146,-1,73,146,71,-1,38,153,154,-1,38,154,32,-1,32,154,155,-1,32,155,34,-1,34,155,156,-1,34,156,79,-1,79,156,150,-1,79,150,77,-1,30,157,158,-1,30,158,35,-1,35,158,159,-1,35,159,36,-1,36,159,160,-1,36,160,37,-1,37,160,153,-1,37,153,38,-1,30,29,157,-1,157,29,161,-1,29,28,161,-1,161,28,141,-1,
        ]
    }
}
Shape{
    appearance Appearance {
        material  Material {
            diffuseColor 1.0 1.0 1.0
            specularColor 0.30196078431372547 0.30196078431372547 0.30196078431372547
            ambientIntensity 1.0
            transparency 0.0
            shininess 0.5
        }
    }
    geometry IndexedFaceSet {
        ccw TRUE
        solid FALSE
        coord DEF co Coordinate {
            point [
                -0.1157 1.2854 0.6097, -0.1157 1.2854 0.6107, -0.081 1.2854 0.6111, -0.1157 1.2854 0.6189, -0.0956 1.2854 0.6163, -0.0855 1.2854 0.6139, -0.0824 1.2854 0.6122, -0.1146 1.2854 0.603, -0.0792 1.2854 0.6089, -0.1124 1.2854 0.5976, -0.08 1.2854 0.5916, -0.0813 1.2854 0.5903, -0.1072 1.2854 0.5914, -0.0783 1.2854 0.5941, -0.1029 1.2854 0.5885, -0.0984 1.2854 0.5869, -0.0927 1.2854 0.5863, -0.0779 1.2854 0.6061, -0.0771 1.2854 0.6027, -0.1091 1.2854 0.5932, -0.077 1.2854 0.6003, -0.0773 1.2854 0.5969, -0.0842 1.2854 0.5882, -0.0876 1.2854 0.5869
            ]
        }
        coordIndex [
            0,1,2,-1,1,3,4,-1,4,5,1,-1,1,5,6,-1,1,6,2,-1,0,2,7,-1,7,2,8,-1,7,8,9,-1,10,11,12,-1,10,12,13,-1,14,12,15,-1,15,12,16,-1,8,17,9,-1,9,17,18,-1,9,18,19,-1,19,18,20,-1,19,20,12,-1,12,20,21,-1,12,21,13,-1,11,22,12,-1,12,22,23,-1,12,23,16,-1,
        ]
    }
}
Shape{
    appearance Appearance {
        material  Material {
            diffuseColor 0.0 0.0 0.0
            specularColor 0.0 0.0 0.0
            ambientIntensity 0.0
            transparency 0.0
            shininess 0.5
        }
    }
    geometry IndexedFaceSet {
        ccw TRUE
        solid FALSE
        coord DEF co Coordinate {
            point [
                -0.151 1.2854 0.5941, -0.151 1.2858 0.5941, -0.1571 1.2858 0.5903, -0.1757 1.2858 0.5857, -0.1757 1.2854 0.5857, -0.1665 1.2854 0.5868, -0.1665 1.2858 0.5868, -0.1585 1.2854 0.5898, -0.1571 1.2854 0.5903, -0.1509 1.2858 0.5786, -0.1509 1.2854 0.5786, -0.1585 1.2854 0.5757, -0.1599 1.2858 0.5752, -0.1599 1.2854 0.5752, -0.1741 1.2858 0.5734, -0.1738 1.2854 0.5734, -0.1741 1.2854 0.5734, -0.1745 1.2854 0.5734, -0.1876 1.2858 0.5749, -0.1876 1.2854 0.5749, -0.1956 1.2854 0.5779, -0.1956 1.2858 0.5779, -0.1992 1.2854 0.58, -0.1992 1.2858 0.58, -0.2035 1.2854 0.5838, -0.2035 1.2858 0.5838, -0.2063 1.2854 0.5877, -0.2063 1.2858 0.5877, -0.2082 1.2854 0.5925, -0.2082 1.2858 0.5925, -0.209 1.2854 0.5985, -0.209 1.2858 0.5985, -0.2084 1.2854 0.6041, -0.2084 1.2858 0.6041, -0.2068 1.2854 0.6086, -0.2068 1.2858 0.6086, -0.204 1.2854 0.6127, -0.204 1.2858 0.6127, -0.2005 1.2854 0.616, -0.2005 1.2858 0.616, -0.1905 1.2854 0.6216, -0.1905 1.2858 0.6216, -0.1847 1.2854 0.624, -0.1847 1.2858 0.624, -0.1754 1.2854 0.6281, -0.1754 1.2858 0.6281, -0.1701 1.2854 0.6315, -0.1701 1.2858 0.6315, -0.1687 1.2854 0.6331, -0.1687 1.2858 0.6331, -0.1676 1.2854 0.6351, -0.1676 1.2858 0.6351, -0.167 1.2854 0.6375, -0.167 1.2858 0.6375, -0.1669 1.2854 0.6395, -0.1669 1.2858 0.6395, -0.1672 1.2854 0.6419, -0.1672 1.2858 0.6419, -0.168 1.2854 0.6439, -0.168 1.2858 0.6439, -0.1693 1.2854 0.6458, -0.1693 1.2858 0.6458, -0.1715 1.2854 0.6478, -0.1715 1.2858 0.6478, -0.1749 1.2854 0.6495, -0.1749 1.2858 0.6495, -0.179 1.2854 0.6506, -0.179 1.2858 0.6506, -0.1834 1.2854 0.6509, -0.1834 1.2858 0.6509, -0.193 1.2854 0.6498, -0.193 1.2858 0.6498, -0.2015 1.2854 0.6467, -0.2015 1.2858 0.6467, -0.2052 1.2854 0.6445, -0.2052 1.2858 0.6445, -0.2053 1.2858 0.6591, -0.2053 1.2854 0.6591, -0.1955 1.2854 0.6621, -0.1955 1.2858 0.6621, -0.185 1.2854 0.6631, -0.185 1.2858 0.6631, -0.1745 1.2854 0.6621, -0.1745 1.2858 0.6621, -0.1661 1.2854 0.6593, -0.1661 1.2858 0.6593, -0.1612 1.2854 0.6564, -0.1612 1.2858 0.6564, -0.1567 1.2858 0.6525, -0.1585 1.2854 0.6541, -0.1567 1.2854 0.6525, -0.1538 1.2854 0.6484, -0.1538 1.2858 0.6484, -0.152 1.2854 0.6436, -0.152 1.2858 0.6436, -0.1514 1.2854 0.6382, -0.1514 1.2858 0.6382, -0.152 1.2854 0.6324, -0.152 1.2858 0.6324, -0.1536 1.2854 0.6278, -0.1536 1.2858 0.6278, -0.1556 1.2854 0.6246, -0.1556 1.2858 0.6246, -0.174 1.2854 0.6131, -0.174 1.2858 0.6131, -0.1651 1.2858 0.6173, -0.158 1.2854 0.622, -0.158 1.2858 0.622, -0.1585 1.2854 0.6217, -0.1651 1.2854 0.6173, -0.1838 1.2854 0.6089, -0.1838 1.2858 0.6089, -0.1897 1.2854 0.6053, -0.1897 1.2858 0.6053, -0.1915 1.2854 0.6034, -0.1915 1.2858 0.6034, -0.1927 1.2854 0.6014, -0.1927 1.2858 0.6014, -0.1934 1.2854 0.599, -0.1934 1.2858 0.599, -0.1935 1.2854 0.5971, -0.1935 1.2858 0.5971, -0.1932 1.2854 0.5943, -0.1932 1.2858 0.5943, -0.1924 1.2854 0.5921, -0.1924 1.2858 0.5921, -0.1911 1.2854 0.5902, -0.1911 1.2858 0.5902, -0.1893 1.2854 0.5887, -0.1893 1.2858 0.5887, -0.1879 1.2854 0.5879, -0.1879 1.2858 0.5879, -0.1841 1.2854 0.5865, -0.1841 1.2858 0.5865, -0.1763 1.2854 0.5857, -0.1763 1.2858 0.5857, -0.284 1.2858 0.6604, -0.2996 1.2858 0.6603, -0.284 1.2854 0.6604, -0.2996 1.2854 0.6603, -0.2601 1.2858 0.596, -0.2601 1.2854 0.596, -0.2589 1.2854 0.592, -0.2589 1.2858 0.592, -0.2582 1.2854 0.5891, -0.2582 1.2858 0.5891, -0.2578 1.2858 0.5891, -0.2578 1.2854 0.5891, -0.256 1.2858 0.5962, -0.256 1.2854 0.5962, -0.234 1.2854 0.6608, -0.234 1.2858 0.6608, -0.2421 1.2854 0.6371, -0.2172 1.2858 0.6609, -0.2172 1.2854 0.6609, -0.2503 1.2854 0.5751, -0.2503 1.2858 0.5751, -0.2421 1.2854 0.5963, -0.2436 1.2854 0.5595, -0.2436 1.2858 0.5595, -0.2496 1.2854 0.5734, -0.2421 1.2854 0.5569, -0.2405 1.2858 0.5541, -0.2405 1.2854 0.5541, -0.24 1.2854 0.5535, -0.2377 1.2858 0.551, -0.2377 1.2854 0.551, -0.2352 1.2854 0.5492, -0.2352 1.2858 0.5492, -0.2319 1.2854 0.548, -0.2319 1.2858 0.548, -0.2281 1.2854 0.5475, -0.2281 1.2858 0.5475, -0.2226 1.2854 0.5483, -0.2226 1.2858 0.5483, -0.2195 1.2854 0.5493, -0.2195 1.2858 0.5493, -0.2194 1.2858 0.5359, -0.2194 1.2854 0.5359, -0.2258 1.2854 0.5348, -0.2258 1.2858 0.5348, -0.2291 1.2854 0.5346, -0.2291 1.2858 0.5346, -0.2352 1.2854 0.5353, -0.2352 1.2858 0.5353, -0.2412 1.2854 0.5375, -0.2412 1.2858 0.5375, -0.2421 1.2854 0.5381, -0.2464 1.2858 0.5411, -0.2599 1.2854 0.5619, -0.2599 1.2858 0.5619, -0.2555 1.2854 0.5535, -0.253 1.2858 0.5486, -0.253 1.2854 0.5486, -0.2475 1.2858 0.5421, -0.2475 1.2854 0.5421, -0.2464 1.2854 0.5411, -0.2646 1.2854 0.5734, -0.3799 1.2858 0.5877, -0.3798 1.2858 0.574, -0.3799 1.2854 0.5877, -0.3798 1.2854 0.574, -0.3308 1.2854 0.588, -0.3308 1.2858 0.588, -0.3548 1.2854 0.5878, -0.3311 1.2858 0.6284, -0.3311 1.2854 0.6284, -0.374 1.2854 0.6281, -0.374 1.2858 0.6281, -0.3548 1.2854 0.6282, -0.3741 1.2858 0.6419, -0.3741 1.2854 0.6419, -0.3311 1.2854 0.6422, -0.3311 1.2858 0.6422, -0.3548 1.2854 0.642, -0.3314 1.2858 0.6806, -0.3314 1.2854 0.6806, -0.3778 1.2854 0.6803, -0.3778 1.2858 0.6803, -0.3548 1.2854 0.6804, -0.3779 1.2858 0.6941, -0.3779 1.2854 0.6941, -0.316 1.2854 0.6945, -0.316 1.2858 0.6945, -0.3548 1.2854 0.6943, -0.3152 1.2858 0.5744, -0.3152 1.2854 0.5744, -0.3548 1.2854 0.5741, -0.4822 1.2858 0.5901, -0.4699 1.2858 0.5982, -0.4696 1.2858 0.5812, -0.4621 1.2858 0.5929, -0.4559 1.2858 0.5759, -0.4521 1.2858 0.5891, -0.4355 1.2858 0.5736, -0.4355 1.2858 0.5873, -0.4024 1.2858 0.5738, -0.418 1.2858 0.5874, -0.4033 1.2858 0.6939, -0.4187 1.2858 0.68, -0.4376 1.2858 0.6937, -0.4368 1.2858 0.6799, -0.4382 1.2858 0.6798, -0.4559 1.2858 0.6915, -0.4535 1.2858 0.6777, -0.4703 1.2858 0.6861, -0.4637 1.2858 0.6737, -0.4829 1.2858 0.6774, -0.4714 1.2858 0.6683, -0.4871 1.2858 0.6733, -0.4748 1.2858 0.665, -0.4944 1.2858 0.6627, -0.4794 1.2858 0.6582, -0.4988 1.2858 0.6512, -0.4827 1.2858 0.6494, -0.5007 1.2858 0.6347, -0.4844 1.2858 0.6344, -0.5003 1.2858 0.627, -0.4838 1.2858 0.626, -0.4972 1.2858 0.613, -0.4813 1.2858 0.6152, -0.4912 1.2858 0.6006, -0.477 1.2858 0.6064, -0.4713 1.2858 0.5995, -0.4355 1.2854 0.5736, -0.4024 1.2854 0.5738, -0.4559 1.2854 0.5759, -0.4696 1.2854 0.5812, -0.4822 1.2854 0.5901, -0.4912 1.2854 0.6006, -0.4972 1.2854 0.613, -0.5003 1.2854 0.627, -0.5007 1.2854 0.6347, -0.4988 1.2854 0.6512, -0.4944 1.2854 0.6627, -0.4871 1.2854 0.6733, -0.4829 1.2854 0.6774, -0.4703 1.2854 0.6861, -0.4559 1.2854 0.6915, -0.4376 1.2854 0.6937, -0.4033 1.2854 0.6939, -0.4368 1.2854 0.6799, -0.4187 1.2854 0.68, -0.418 1.2854 0.5874, -0.4355 1.2854 0.5873, -0.4713 1.2854 0.5995, -0.4699 1.2854 0.5982, -0.4621 1.2854 0.5929, -0.4521 1.2854 0.5891, -0.4844 1.2854 0.6344, -0.4838 1.2854 0.626, -0.4813 1.2854 0.6152, -0.477 1.2854 0.6064, -0.4714 1.2854 0.6683, -0.4748 1.2854 0.665, -0.4794 1.2854 0.6582, -0.4827 1.2854 0.6494, -0.4382 1.2854 0.6798, -0.4535 1.2854 0.6777, -0.4637 1.2854 0.6737
            ]
        }
        coordIndex [
            0,1,2,-1,3,4,5,-1,3,5,6,-1,6,5,7,-1,6,7,2,-1,2,7,8,-1,2,8,0,-1,9,1,10,-1,10,1,0,-1,9,10,11,-1,9,11,12,-1,12,11,13,-1,12,13,14,-1,14,13,15,-1,14,15,16,-1,14,16,17,-1,14,17,18,-1,17,19,18,-1,18,19,20,-1,18,20,21,-1,21,20,22,-1,21,22,23,-1,23,22,24,-1,23,24,25,-1,25,24,26,-1,25,26,27,-1,27,26,28,-1,27,28,29,-1,29,28,30,-1,29,30,31,-1,31,30,32,-1,31,32,33,-1,33,32,34,-1,33,34,35,-1,35,34,36,-1,35,36,37,-1,37,36,38,-1,37,38,39,-1,39,38,40,-1,39,40,41,-1,41,40,42,-1,41,42,43,-1,43,42,44,-1,43,44,45,-1,45,44,46,-1,45,46,47,-1,47,46,48,-1,47,48,49,-1,49,48,50,-1,49,50,51,-1,51,50,52,-1,51,52,53,-1,53,52,54,-1,53,54,55,-1,55,54,56,-1,55,56,57,-1,57,56,58,-1,57,58,59,-1,59,58,60,-1,59,60,61,-1,61,60,62,-1,61,62,63,-1,63,62,64,-1,63,64,65,-1,65,64,66,-1,65,66,67,-1,67,66,68,-1,67,68,69,-1,69,68,70,-1,69,70,71,-1,71,70,72,-1,71,72,73,-1,73,72,74,-1,73,74,75,-1,76,75,77,-1,77,75,74,-1,76,77,78,-1,76,78,79,-1,79,78,80,-1,79,80,81,-1,81,80,82,-1,81,82,83,-1,83,82,84,-1,83,84,85,-1,85,84,86,-1,85,86,87,-1,88,87,89,-1,89,87,86,-1,89,90,88,-1,88,90,91,-1,88,91,92,-1,92,91,93,-1,92,93,94,-1,94,93,95,-1,94,95,96,-1,96,95,97,-1,96,97,98,-1,98,97,99,-1,98,99,100,-1,100,99,101,-1,100,101,102,-1,103,104,105,-1,102,101,106,-1,102,106,107,-1,107,106,108,-1,107,108,105,-1,105,108,109,-1,105,109,103,-1,104,103,110,-1,104,110,111,-1,111,110,112,-1,111,112,113,-1,113,112,114,-1,113,114,115,-1,115,114,116,-1,115,116,117,-1,117,116,118,-1,117,118,119,-1,119,118,120,-1,119,120,121,-1,121,120,122,-1,121,122,123,-1,123,122,124,-1,123,124,125,-1,125,124,126,-1,125,126,127,-1,127,126,128,-1,127,128,129,-1,129,128,130,-1,129,130,131,-1,131,130,132,-1,131,132,133,-1,133,132,134,-1,133,134,135,-1,135,134,4,-1,135,4,3,-1,61,63,85,-1,85,63,83,-1,111,43,104,-1,104,43,45,-1,21,23,127,-1,127,23,25,-1,127,25,125,-1,125,25,27,-1,125,27,123,-1,123,27,29,-1,123,29,121,-1,121,29,31,-1,121,31,119,-1,119,31,33,-1,119,33,117,-1,117,33,35,-1,117,35,115,-1,115,35,37,-1,115,37,113,-1,113,37,39,-1,113,39,111,-1,111,39,41,-1,111,41,43,-1,14,3,12,-1,12,3,6,-1,12,6,9,-1,9,6,2,-1,9,2,1,-1,63,65,83,-1,83,65,67,-1,83,67,81,-1,81,67,69,-1,81,69,79,-1,79,69,71,-1,79,71,76,-1,76,71,73,-1,76,73,75,-1,127,129,21,-1,21,129,131,-1,21,131,18,-1,18,131,133,-1,18,133,14,-1,14,133,135,-1,14,135,3,-1,85,87,61,-1,61,87,88,-1,61,88,59,-1,59,88,92,-1,59,92,57,-1,57,92,94,-1,57,94,55,-1,55,94,96,-1,55,96,53,-1,53,96,98,-1,53,98,51,-1,51,98,100,-1,51,100,49,-1,49,100,102,-1,49,102,47,-1,47,102,107,-1,47,107,45,-1,45,107,105,-1,45,105,104,-1,136,137,138,-1,138,137,139,-1,140,136,141,-1,141,136,138,-1,140,141,142,-1,140,142,143,-1,143,142,144,-1,143,144,145,-1,146,145,147,-1,147,145,144,-1,148,146,149,-1,149,146,147,-1,150,151,152,-1,152,151,148,-1,152,148,149,-1,153,151,154,-1,154,151,150,-1,155,156,157,-1,157,156,153,-1,157,153,154,-1,158,159,160,-1,160,159,156,-1,160,156,155,-1,159,158,161,-1,159,161,162,-1,161,163,162,-1,162,163,164,-1,162,164,165,-1,164,166,165,-1,165,166,167,-1,165,167,168,-1,168,167,169,-1,168,169,170,-1,170,169,171,-1,170,171,172,-1,172,171,173,-1,172,173,174,-1,174,173,175,-1,174,175,176,-1,177,176,178,-1,178,176,175,-1,177,178,179,-1,177,179,180,-1,180,179,181,-1,180,181,182,-1,182,181,183,-1,182,183,184,-1,184,183,185,-1,184,185,186,-1,186,185,187,-1,186,187,188,-1,189,190,191,-1,191,190,192,-1,191,192,193,-1,193,192,194,-1,193,194,195,-1,195,194,188,-1,195,188,196,-1,196,188,187,-1,139,137,197,-1,197,137,190,-1,197,190,189,-1,143,145,190,-1,137,136,190,-1,190,136,140,-1,190,140,143,-1,151,153,148,-1,148,153,156,-1,148,156,146,-1,176,177,174,-1,174,177,180,-1,174,180,172,-1,172,180,182,-1,172,182,170,-1,170,182,184,-1,170,184,168,-1,168,184,186,-1,168,186,165,-1,145,146,190,-1,190,146,156,-1,190,156,192,-1,156,159,192,-1,192,159,162,-1,192,162,194,-1,194,162,165,-1,194,165,188,-1,188,165,186,-1,198,199,200,-1,200,199,201,-1,202,203,204,-1,204,203,198,-1,204,198,200,-1,205,203,206,-1,206,203,202,-1,207,208,209,-1,209,208,205,-1,209,205,206,-1,210,208,211,-1,211,208,207,-1,212,213,214,-1,214,213,210,-1,214,210,211,-1,215,213,216,-1,216,213,212,-1,217,218,219,-1,219,218,215,-1,219,215,216,-1,220,218,221,-1,221,218,217,-1,222,223,224,-1,224,223,220,-1,224,220,221,-1,225,223,226,-1,226,223,222,-1,201,199,227,-1,227,199,225,-1,227,225,226,-1,225,199,198,-1,198,203,225,-1,225,203,205,-1,225,205,223,-1,218,220,215,-1,215,220,223,-1,215,223,213,-1,213,223,205,-1,213,205,210,-1,210,205,208,-1,228,229,230,-1,230,229,231,-1,230,231,232,-1,232,231,233,-1,232,233,234,-1,234,233,235,-1,234,235,236,-1,236,235,237,-1,236,237,238,-1,238,237,239,-1,238,239,240,-1,239,241,240,-1,240,241,242,-1,240,242,243,-1,243,242,244,-1,243,244,245,-1,245,244,246,-1,245,246,247,-1,247,246,248,-1,247,248,249,-1,249,248,250,-1,249,250,251,-1,251,250,252,-1,251,252,253,-1,253,252,254,-1,253,254,255,-1,255,254,256,-1,255,256,257,-1,257,256,258,-1,257,258,259,-1,259,258,260,-1,259,260,261,-1,261,260,262,-1,261,262,228,-1,228,262,263,-1,228,263,229,-1,234,236,264,-1,264,236,265,-1,234,264,266,-1,234,266,232,-1,232,266,267,-1,232,267,230,-1,230,267,268,-1,230,268,228,-1,228,268,269,-1,228,269,261,-1,261,269,270,-1,261,270,259,-1,259,270,271,-1,259,271,257,-1,257,271,272,-1,257,272,255,-1,255,272,273,-1,255,273,253,-1,253,273,274,-1,253,274,251,-1,251,274,275,-1,251,275,249,-1,249,275,276,-1,249,276,247,-1,247,276,277,-1,247,277,245,-1,245,277,278,-1,245,278,243,-1,243,278,279,-1,243,279,240,-1,238,240,280,-1,280,240,279,-1,236,238,265,-1,265,238,280,-1,241,239,281,-1,281,239,282,-1,239,237,282,-1,282,237,283,-1,237,235,283,-1,283,235,284,-1,263,285,286,-1,263,286,229,-1,229,286,287,-1,229,287,231,-1,231,287,288,-1,231,288,233,-1,233,288,284,-1,233,284,235,-1,256,289,290,-1,256,290,258,-1,258,290,291,-1,258,291,260,-1,260,291,292,-1,260,292,262,-1,262,292,285,-1,262,285,263,-1,248,293,294,-1,248,294,250,-1,250,294,295,-1,250,295,252,-1,252,295,296,-1,252,296,254,-1,254,296,289,-1,254,289,256,-1,241,281,297,-1,241,297,242,-1,242,297,298,-1,242,298,244,-1,244,298,299,-1,244,299,246,-1,246,299,293,-1,246,293,248,-1,
        ]
    }
}
Shape{
    appearance Appearance {
        material  Material {
            diffuseColor 1.0 1.0 1.0
            specularColor 0.30196078431372547 0.30196078431372547 0.30196078431372547
            ambientIntensity 1.0
            transparency 0.0
            shininess 0.5
        }
    }
    geometry IndexedFaceSet {
        ccw TRUE
        solid FALSE
        coord DEF co Coordinate {
            point [
                -0.4621 1.2854 0.5929, -0.4699 1.2854 0.5982, -0.4382 1.2854 0.6798, -0.4187 1.2854 0.68, -0.418 1.2854 0.5874, -0.4368 1.2854 0.6799, -0.4355 1.2854 0.5873, -0.4521 1.2854 0.5891, -0.4713 1.2854 0.5995, -0.477 1.2854 0.6064, -0.4813 1.2854 0.6152, -0.4844 1.2854 0.6344, -0.4714 1.2854 0.6683, -0.4637 1.2854 0.6737, -0.4827 1.2854 0.6494, -0.4794 1.2854 0.6582, -0.4748 1.2854 0.665, -0.4838 1.2854 0.626, -0.4535 1.2854 0.6777
            ]
        }
        coordIndex [
            0,1,2,-1,3,4,5,-1,5,4,6,-1,5,6,2,-1,2,6,7,-1,2,7,0,-1,1,8,2,-1,2,8,9,-1,2,9,10,-1,11,12,13,-1,14,15,11,-1,11,15,16,-1,11,16,12,-1,10,17,2,-1,2,17,11,-1,2,11,18,-1,18,11,13,-1,
        ]
    }
}
Shape{
    appearance Appearance {
        material  Material {
            diffuseColor 0.0 0.0 0.0
            specularColor 0.0 0.0 0.0
            ambientIntensity 0.0
            transparency 0.0
            shininess 0.5
        }
    }
    geometry IndexedFaceSet {
        ccw TRUE
        solid FALSE
        coord DEF co Coordinate {
            point [
                -0.5408 1.2858 0.6192, -0.5591 1.2858 0.669, -0.5535 1.2858 0.6928, -0.5069 1.2858 0.5731, -0.524 1.2858 0.5729, -0.5358 1.2858 0.6057, -0.5602 1.2858 0.6726, -0.5611 1.2858 0.6774, -0.5701 1.2858 0.6927, -0.5615 1.2858 0.6774, -0.5624 1.2858 0.6723, -0.5633 1.2858 0.669, -0.5811 1.2858 0.619, -0.615 1.2858 0.5723, -0.5978 1.2858 0.5724, -0.5858 1.2858 0.6054, -0.5701 1.2854 0.6927, -0.6145 1.2854 0.5734, -0.615 1.2854 0.5723, -0.5535 1.2854 0.6928, -0.507 1.2854 0.5734, -0.5069 1.2854 0.5731, -0.524 1.2854 0.5729, -0.5358 1.2854 0.6057, -0.5242 1.2854 0.5734, -0.5858 1.2854 0.6054, -0.5975 1.2854 0.5734, -0.5978 1.2854 0.5724, -0.5408 1.2854 0.6192, -0.5811 1.2854 0.619, -0.5633 1.2854 0.669, -0.5615 1.2854 0.6774, -0.5624 1.2854 0.6723, -0.5611 1.2854 0.6774, -0.5591 1.2854 0.669, -0.5602 1.2854 0.6726
            ]
        }
        coordIndex [
            0,1,2,-1,3,4,5,-1,1,6,2,-1,2,6,7,-1,2,7,8,-1,8,7,9,-1,8,9,10,-1,10,11,8,-1,8,11,12,-1,8,12,13,-1,14,13,15,-1,15,13,12,-1,15,12,5,-1,5,12,0,-1,5,0,3,-1,3,0,2,-1,16,8,17,-1,17,8,13,-1,17,13,18,-1,2,8,19,-1,19,8,16,-1,2,19,3,-1,3,19,20,-1,3,20,21,-1,4,3,22,-1,22,3,21,-1,23,5,24,-1,24,5,4,-1,24,4,22,-1,15,5,25,-1,25,5,23,-1,15,25,14,-1,14,25,26,-1,14,26,27,-1,13,14,18,-1,18,14,27,-1,0,12,28,-1,28,12,29,-1,12,11,29,-1,29,11,30,-1,9,31,32,-1,9,32,10,-1,10,32,30,-1,10,30,11,-1,9,7,31,-1,31,7,33,-1,1,34,35,-1,1,35,6,-1,6,35,33,-1,6,33,7,-1,1,0,34,-1,34,0,28,-1,
        ]
    }
}
Shape{
    appearance Appearance {
        material  Material {
            diffuseColor 1.0 1.0 1.0
            specularColor 0.30196078431372547 0.30196078431372547 0.30196078431372547
            ambientIntensity 1.0
            transparency 0.0
            shininess 0.5
        }
    }
    geometry IndexedFaceSet {
        ccw TRUE
        solid FALSE
        coord DEF co Coordinate {
            point [
                -0.5615 1.2854 0.6774, -0.5611 1.2854 0.6774, -0.5624 1.2854 0.6723, -0.5602 1.2854 0.6726, -0.5633 1.2854 0.669, -0.5591 1.2854 0.669, -0.5811 1.2854 0.619, -0.5408 1.2854 0.6192
            ]
        }
        coordIndex [
            0,1,2,-1,2,1,3,-1,2,3,4,-1,4,3,5,-1,4,5,6,-1,6,5,7,-1,
        ]
    }
}
Shape{
    appearance Appearance {
        material  Material {
            diffuseColor 0.0 0.0 0.0
            specularColor 0.0 0.0 0.0
            ambientIntensity 0.0
            transparency 0.0
            shininess 0.5
        }
    }
    geometry IndexedFaceSet {
        ccw TRUE
        solid FALSE
        coord DEF co Coordinate {
            point [
                0.548 1.2858 0.5635, 0.5354 1.2858 0.5478, 0.5552 1.2858 0.6391, 0.5689 1.2858 0.7876, 0.5498 1.2858 0.7976, 0.554 1.2858 0.8501, 0.5007 1.2858 0.8522, 0.4747 1.2858 0.7897, 0.4614 1.2858 0.8166, 0.3897 1.2858 0.608, 0.3896 1.2858 0.6166, 0.4619 1.2858 0.638, 0.4699 1.2858 0.6405, 0.5737 1.2858 0.6507, 0.5672 1.2858 0.5852, 0.5564 1.2858 0.5819, 0.5203 1.2858 0.8541, 0.4491 1.2858 0.6275, 0.4452 1.2858 0.6206, 0.3902 1.2858 0.5992, 0.2697 1.2858 0.6789, 0.2958 1.2858 0.7244, 0.4107 1.2858 0.6654, 0.4757 1.2858 0.6411, 0.4838 1.2858 0.6402, 0.4949 1.2858 0.6925, 0.4913 1.2858 0.6374, 0.5138 1.2858 0.6854, 0.498 1.2858 0.6327, 0.5313 1.2858 0.6734, 0.5023 1.2858 0.6282, 0.5456 1.2858 0.6574, 0.5066 1.2858 0.621, 0.5089 1.2858 0.6129, 0.4435 1.2858 0.6889, 0.4641 1.2858 0.6942, 0.4745 1.2858 0.6949, 0.4548 1.2858 0.6335, 0.4984 1.2858 0.5833, 0.4917 1.2858 0.5785, 0.5188 1.2858 0.535, 0.4838 1.2858 0.5754, 0.2409 1.2858 0.7633, 0.234 1.2858 0.7632, 0.1987 1.2858 0.8091, 0.2178 1.2858 0.7611, 0.1945 1.2858 0.8076, 0.203 1.2858 0.7552, 0.1692 1.2858 0.7948, 0.1462 1.2858 0.7751, 0.483 1.2858 0.8725, 0.4421 1.2858 0.8393, 0.4629 1.2858 0.8895, 0.4191 1.2858 0.8559, 0.4381 1.2858 0.9042, 0.5287 1.2858 0.8024, 0.5198 1.2858 0.8028, 0.5105 1.2858 0.8534, 0.4999 1.2858 0.8002, 0.4808 1.2858 0.7931, 0.4255 1.2858 0.6791, 0.1471 1.2858 0.6157, 0.1867 1.2858 0.6499, 0.1705 1.2858 0.5962, 0.1994 1.2858 0.6397, 0.1967 1.2858 0.5836, 0.2145 1.2858 0.6328, 0.2251 1.2858 0.5778, 0.2299 1.2858 0.63, 0.2755 1.2858 0.5782, 0.2683 1.2858 0.6302, 0.2803 1.2858 0.579, 0.5038 1.2858 0.5895, 0.5073 1.2858 0.5966, 0.5091 1.2858 0.6045, 0.1898 1.2858 0.7459, 0.18 1.2858 0.7348, 0.1289 1.2858 0.7507, 0.1722 1.2858 0.72, 0.1187 1.2858 0.7245, 0.1683 1.2858 0.7036, 0.115 1.2858 0.6966, 0.1679 1.2858 0.6961, 0.1191 1.2858 0.6661, 0.1701 1.2858 0.6795, 0.13 1.2858 0.6392, 0.1761 1.2858 0.6643, 0.1856 1.2858 0.6511, 0.2443 1.2858 0.8769, 0.278 1.2858 0.8378, 0.2149 1.2858 0.8417, 0.2589 1.2858 0.8147, 0.2459 1.2858 0.7871, 0.6031 1.2858 0.7387, 0.6593 1.2858 0.7249, 0.6058 1.2858 0.718, 0.6596 1.2858 0.7167, 0.6049 1.2858 0.7049, 0.6558 1.2858 0.6832, 0.5989 1.2858 0.6839, 0.6438 1.2858 0.6514, 0.5889 1.2858 0.6665, 0.6244 1.2858 0.6234, 0.5979 1.2858 0.6005, 0.443 1.2858 0.6129, 0.4428 1.2858 0.6046, 0.3954 1.2858 0.5781, 0.4447 1.2858 0.5963, 0.4056 1.2858 0.5592, 0.4486 1.2858 0.5889, 0.4188 1.2858 0.5445, 0.454 1.2858 0.5827, 0.4359 1.2858 0.5328, 0.4606 1.2858 0.5782, 0.455 1.2858 0.5257, 0.4681 1.2858 0.5754, 0.4757 1.2858 0.5233, 0.4762 1.2858 0.5745, 0.479 1.2858 0.5233, 0.4991 1.2858 0.5266, 0.3984 1.2858 0.9181, 0.3911 1.2858 0.867, 0.3602 1.2858 0.9221, 0.3597 1.2858 0.8708, 0.3194 1.2858 0.9168, 0.3307 1.2858 0.8671, 0.2772 1.2858 0.9, 0.304 1.2858 0.8566, 0.2802 1.2858 0.8398, 0.5857 1.2858 0.8381, 0.613 1.2858 0.8192, 0.5837 1.2858 0.7746, 0.6188 1.2858 0.8138, 0.5957 1.2858 0.7577, 0.6395 1.2858 0.7876, 0.6534 1.2858 0.757, 0.2726 1.2858 0.6311, 0.2934 1.2858 0.5873, 0.2914 1.2858 0.5852, 0.27 1.2858 0.6305, 0.2859 1.2858 0.5813, 0.3001 1.2858 0.6048, 0.2993 1.2858 0.5985, 0.2971 1.2858 0.5927, 0.28 1.2858 0.6303, 0.2859 1.2858 0.6281, 0.2998 1.2858 0.6082, 0.2912 1.2858 0.6244, 0.2947 1.2858 0.6205, 0.2981 1.2858 0.6147, 0.2734 1.2858 0.6311, 0.115 1.2854 0.6966, 0.1187 1.2854 0.7245, 0.1389 1.2854 0.7647, 0.121 1.2854 0.7304, 0.1289 1.2854 0.7507, 0.1462 1.2854 0.7751, 0.1692 1.2854 0.7948, 0.1945 1.2854 0.8076, 0.1987 1.2854 0.8091, 0.2149 1.2854 0.8417, 0.2443 1.2854 0.8769, 0.2584 1.2854 0.8868, 0.2772 1.2854 0.9, 0.3194 1.2854 0.9168, 0.3602 1.2854 0.9221, 0.3984 1.2854 0.9181, 0.4381 1.2854 0.9042, 0.4629 1.2854 0.8895, 0.5007 1.2854 0.8522, 0.4661 1.2854 0.8868, 0.483 1.2854 0.8725, 0.5105 1.2854 0.8534, 0.5203 1.2854 0.8541, 0.554 1.2854 0.8501, 0.5857 1.2854 0.8381, 0.613 1.2854 0.8192, 0.6188 1.2854 0.8138, 0.6596 1.2854 0.7167, 0.6395 1.2854 0.7876, 0.6499 1.2854 0.7647, 0.6534 1.2854 0.757, 0.6583 1.2854 0.7304, 0.6593 1.2854 0.7249, 0.6558 1.2854 0.6832, 0.6438 1.2854 0.6514, 0.6244 1.2854 0.6234, 0.5979 1.2854 0.6005, 0.5672 1.2854 0.5852, 0.5564 1.2854 0.5819, 0.5525 1.2854 0.5734, 0.5399 1.2854 0.5535, 0.548 1.2854 0.5635, 0.5354 1.2854 0.5478, 0.5188 1.2854 0.535, 0.4991 1.2854 0.5266, 0.479 1.2854 0.5233, 0.4757 1.2854 0.5233, 0.455 1.2854 0.5257, 0.3979 1.2854 0.5734, 0.4359 1.2854 0.5328, 0.4188 1.2854 0.5445, 0.4108 1.2854 0.5535, 0.4056 1.2854 0.5592, 0.3954 1.2854 0.5781, 0.3902 1.2854 0.5992, 0.3897 1.2854 0.608, 0.3896 1.2854 0.6166, 0.2697 1.2854 0.6789, 0.2958 1.2854 0.7244, 0.4107 1.2854 0.6654, 0.4255 1.2854 0.6791, 0.4435 1.2854 0.6889, 0.4641 1.2854 0.6942, 0.4745 1.2854 0.6949, 0.4949 1.2854 0.6925, 0.5138 1.2854 0.6854, 0.5313 1.2854 0.6734, 0.5456 1.2854 0.6574, 0.5552 1.2854 0.6391, 0.5737 1.2854 0.6507, 0.5889 1.2854 0.6665, 0.5989 1.2854 0.6839, 0.6049 1.2854 0.7049, 0.6058 1.2854 0.718, 0.6042 1.2854 0.7304, 0.6031 1.2854 0.7387, 0.5957 1.2854 0.7577, 0.5907 1.2854 0.7647, 0.5837 1.2854 0.7746, 0.5689 1.2854 0.7876, 0.5498 1.2854 0.7976, 0.5287 1.2854 0.8024, 0.5198 1.2854 0.8028, 0.4999 1.2854 0.8002, 0.4808 1.2854 0.7931, 0.4747 1.2854 0.7897, 0.4614 1.2854 0.8166, 0.4421 1.2854 0.8393, 0.4191 1.2854 0.8559, 0.3911 1.2854 0.867, 0.3597 1.2854 0.8708, 0.2409 1.2854 0.7633, 0.2412 1.2854 0.7647, 0.2459 1.2854 0.7871, 0.2589 1.2854 0.8147, 0.278 1.2854 0.8378, 0.2802 1.2854 0.8398, 0.304 1.2854 0.8566, 0.3307 1.2854 0.8671, 0.234 1.2854 0.7632, 0.2178 1.2854 0.7611, 0.203 1.2854 0.7552, 0.1898 1.2854 0.7459, 0.18 1.2854 0.7348, 0.1776 1.2854 0.7304, 0.1722 1.2854 0.72, 0.1683 1.2854 0.7036, 0.1679 1.2854 0.6961, 0.1701 1.2854 0.6795, 0.1761 1.2854 0.6643, 0.1856 1.2854 0.6511, 0.1867 1.2854 0.6499, 0.1994 1.2854 0.6397, 0.2145 1.2854 0.6328, 0.2299 1.2854 0.63, 0.2683 1.2854 0.6302, 0.27 1.2854 0.6305, 0.2726 1.2854 0.6311, 0.2734 1.2854 0.6311, 0.28 1.2854 0.6303, 0.2859 1.2854 0.6281, 0.2912 1.2854 0.6244, 0.2947 1.2854 0.6205, 0.2981 1.2854 0.6147, 0.2998 1.2854 0.6082, 0.3001 1.2854 0.6048, 0.2993 1.2854 0.5985, 0.2971 1.2854 0.5927, 0.2934 1.2854 0.5873, 0.2914 1.2854 0.5852, 0.2859 1.2854 0.5813, 0.2803 1.2854 0.579, 0.2755 1.2854 0.5782, 0.2251 1.2854 0.5778, 0.1967 1.2854 0.5836, 0.1705 1.2854 0.5962, 0.1471 1.2854 0.6157, 0.13 1.2854 0.6392, 0.1191 1.2854 0.6661, 0.4757 1.2854 0.6411, 0.4699 1.2854 0.6405, 0.4619 1.2854 0.638, 0.4548 1.2854 0.6335, 0.4491 1.2854 0.6275, 0.4452 1.2854 0.6206, 0.443 1.2854 0.6129, 0.4428 1.2854 0.6046, 0.4447 1.2854 0.5963, 0.4486 1.2854 0.5889, 0.454 1.2854 0.5827, 0.4606 1.2854 0.5782, 0.4681 1.2854 0.5754, 0.4762 1.2854 0.5745, 0.4838 1.2854 0.5754, 0.4917 1.2854 0.5785, 0.4984 1.2854 0.5833, 0.5038 1.2854 0.5895, 0.5073 1.2854 0.5966, 0.5091 1.2854 0.6045, 0.5089 1.2854 0.6129, 0.5066 1.2854 0.621, 0.5023 1.2854 0.6282, 0.498 1.2854 0.6327, 0.4913 1.2854 0.6374, 0.4838 1.2854 0.6402
            ]
        }
        coordIndex [
            0,1,2,-1,3,4,5,-1,6,7,8,-1,9,10,11,-1,11,10,12,-1,13,14,2,-1,2,14,15,-1,2,15,0,-1,5,4,16,-1,17,18,19,-1,20,21,10,-1,10,21,22,-1,10,22,12,-1,12,22,23,-1,24,25,26,-1,26,25,27,-1,26,27,28,-1,28,27,29,-1,28,29,30,-1,30,29,31,-1,30,31,32,-1,32,31,2,-1,32,2,33,-1,34,35,24,-1,24,35,36,-1,24,36,25,-1,9,11,19,-1,19,11,37,-1,19,37,17,-1,38,1,39,-1,39,1,40,-1,39,40,41,-1,42,43,44,-1,44,43,45,-1,44,45,46,-1,46,45,47,-1,46,47,48,-1,48,47,49,-1,6,8,50,-1,50,8,51,-1,50,51,52,-1,52,51,53,-1,52,53,54,-1,4,55,16,-1,16,55,56,-1,16,56,57,-1,57,56,58,-1,57,58,6,-1,6,58,59,-1,6,59,7,-1,23,22,24,-1,24,22,60,-1,24,60,34,-1,61,62,63,-1,63,62,64,-1,63,64,65,-1,65,64,66,-1,65,66,67,-1,67,66,68,-1,67,68,69,-1,69,68,70,-1,69,70,71,-1,38,72,1,-1,1,72,73,-1,1,73,2,-1,2,73,74,-1,2,74,33,-1,47,75,49,-1,49,75,76,-1,49,76,77,-1,77,76,78,-1,77,78,79,-1,79,78,80,-1,79,80,81,-1,81,80,82,-1,81,82,83,-1,83,82,84,-1,83,84,85,-1,85,84,86,-1,85,86,61,-1,61,86,87,-1,61,87,62,-1,88,89,90,-1,90,89,91,-1,90,91,44,-1,44,91,92,-1,44,92,42,-1,93,94,95,-1,95,94,96,-1,95,96,97,-1,97,96,98,-1,97,98,99,-1,99,98,100,-1,99,100,101,-1,101,100,102,-1,101,102,13,-1,13,102,103,-1,13,103,14,-1,18,104,19,-1,19,104,105,-1,19,105,106,-1,106,105,107,-1,106,107,108,-1,108,107,109,-1,108,109,110,-1,110,109,111,-1,110,111,112,-1,112,111,113,-1,112,113,114,-1,114,113,115,-1,114,115,116,-1,116,115,117,-1,116,117,118,-1,118,117,41,-1,118,41,119,-1,119,41,40,-1,54,53,120,-1,120,53,121,-1,120,121,122,-1,122,121,123,-1,122,123,124,-1,124,123,125,-1,124,125,126,-1,126,125,127,-1,126,127,88,-1,88,127,128,-1,88,128,89,-1,5,129,3,-1,3,129,130,-1,3,130,131,-1,131,130,132,-1,131,132,133,-1,133,132,134,-1,133,134,93,-1,93,134,135,-1,93,135,94,-1,136,137,138,-1,70,139,71,-1,71,139,136,-1,71,136,140,-1,140,136,138,-1,141,142,136,-1,136,142,143,-1,136,143,137,-1,144,145,146,-1,145,147,146,-1,146,147,148,-1,146,148,149,-1,141,136,146,-1,146,136,150,-1,146,150,144,-1,81,151,152,-1,153,49,77,-1,81,152,79,-1,79,152,154,-1,79,154,77,-1,77,154,155,-1,77,155,153,-1,153,156,49,-1,49,156,157,-1,49,157,48,-1,48,157,158,-1,48,158,46,-1,46,158,159,-1,46,159,44,-1,44,159,160,-1,44,160,90,-1,90,160,161,-1,90,161,88,-1,88,161,162,-1,88,162,126,-1,162,163,126,-1,126,163,164,-1,126,164,124,-1,124,164,165,-1,124,165,122,-1,122,165,166,-1,122,166,120,-1,120,166,167,-1,120,167,54,-1,54,167,168,-1,54,168,52,-1,169,6,50,-1,52,168,170,-1,52,170,50,-1,50,170,171,-1,50,171,169,-1,6,169,172,-1,6,172,57,-1,57,172,173,-1,57,173,16,-1,16,173,174,-1,16,174,5,-1,5,174,175,-1,5,175,129,-1,129,175,176,-1,129,176,130,-1,130,176,177,-1,130,177,132,-1,178,96,94,-1,132,177,179,-1,132,179,134,-1,134,179,180,-1,134,180,135,-1,180,181,135,-1,135,181,182,-1,135,182,94,-1,94,182,183,-1,94,183,178,-1,96,178,184,-1,96,184,98,-1,98,184,185,-1,98,185,100,-1,100,185,186,-1,100,186,102,-1,102,186,187,-1,102,187,103,-1,103,187,188,-1,103,188,14,-1,14,188,189,-1,14,189,15,-1,15,189,190,-1,191,1,0,-1,15,190,0,-1,0,190,192,-1,0,192,191,-1,191,193,1,-1,1,193,194,-1,1,194,40,-1,40,194,195,-1,40,195,119,-1,119,195,196,-1,119,196,118,-1,118,196,197,-1,118,197,116,-1,116,197,198,-1,199,106,108,-1,116,198,114,-1,114,198,200,-1,114,200,112,-1,112,200,201,-1,112,201,110,-1,110,201,202,-1,110,202,108,-1,108,202,203,-1,108,203,199,-1,199,204,106,-1,106,204,205,-1,106,205,19,-1,19,205,206,-1,19,206,9,-1,10,9,207,-1,207,9,206,-1,20,10,208,-1,208,10,207,-1,21,20,209,-1,209,20,208,-1,22,21,210,-1,210,21,209,-1,22,210,211,-1,22,211,60,-1,60,211,212,-1,60,212,34,-1,34,212,213,-1,34,213,35,-1,35,213,214,-1,35,214,36,-1,36,214,215,-1,36,215,25,-1,25,215,216,-1,25,216,27,-1,27,216,217,-1,27,217,29,-1,29,217,218,-1,29,218,31,-1,31,218,219,-1,31,219,2,-1,2,219,220,-1,2,220,13,-1,13,220,221,-1,13,221,101,-1,101,221,222,-1,101,222,99,-1,99,222,223,-1,99,223,97,-1,97,223,224,-1,97,224,95,-1,93,95,225,-1,225,95,224,-1,225,226,93,-1,93,226,227,-1,93,227,133,-1,133,227,228,-1,133,228,131,-1,228,229,131,-1,131,229,230,-1,131,230,3,-1,3,230,231,-1,3,231,4,-1,4,231,232,-1,4,232,55,-1,55,232,233,-1,55,233,56,-1,56,233,234,-1,56,234,58,-1,58,234,235,-1,58,235,59,-1,59,235,236,-1,59,236,7,-1,7,236,237,-1,7,237,8,-1,8,237,238,-1,8,238,51,-1,51,238,239,-1,51,239,53,-1,53,239,240,-1,53,240,121,-1,121,240,241,-1,121,241,123,-1,242,42,243,-1,243,42,92,-1,243,92,244,-1,244,92,91,-1,244,91,245,-1,245,91,89,-1,245,89,246,-1,246,89,128,-1,246,128,247,-1,247,128,127,-1,247,127,248,-1,248,127,125,-1,248,125,249,-1,249,125,123,-1,249,123,241,-1,43,42,250,-1,250,42,242,-1,43,250,251,-1,43,251,45,-1,45,251,252,-1,45,252,47,-1,47,252,253,-1,47,253,75,-1,75,253,254,-1,75,254,76,-1,76,254,255,-1,76,255,78,-1,255,256,78,-1,78,256,257,-1,78,257,80,-1,80,257,258,-1,80,258,82,-1,82,258,259,-1,82,259,84,-1,84,259,260,-1,84,260,86,-1,86,260,261,-1,86,261,87,-1,87,261,262,-1,87,262,62,-1,62,262,263,-1,62,263,64,-1,64,263,264,-1,64,264,66,-1,66,264,265,-1,66,265,68,-1,70,68,266,-1,266,68,265,-1,70,266,267,-1,70,267,139,-1,139,267,268,-1,139,268,136,-1,136,268,269,-1,136,269,150,-1,150,269,270,-1,150,270,144,-1,144,270,271,-1,144,271,145,-1,145,271,272,-1,145,272,147,-1,147,272,273,-1,147,273,148,-1,148,273,274,-1,148,274,149,-1,149,274,275,-1,149,275,146,-1,146,275,276,-1,146,276,141,-1,141,276,277,-1,141,277,142,-1,142,277,278,-1,142,278,143,-1,143,278,279,-1,143,279,137,-1,137,279,280,-1,137,280,138,-1,138,280,281,-1,138,281,140,-1,140,281,282,-1,140,282,71,-1,71,282,283,-1,71,283,69,-1,67,69,284,-1,284,69,283,-1,67,284,285,-1,67,285,65,-1,65,285,286,-1,65,286,63,-1,63,286,287,-1,63,287,61,-1,61,287,288,-1,61,288,85,-1,85,288,289,-1,85,289,83,-1,83,289,151,-1,83,151,81,-1,23,290,291,-1,23,291,12,-1,12,291,292,-1,12,292,11,-1,11,292,293,-1,11,293,37,-1,37,293,294,-1,37,294,17,-1,17,294,295,-1,17,295,18,-1,18,295,296,-1,18,296,104,-1,104,296,297,-1,104,297,105,-1,105,297,298,-1,105,298,107,-1,107,298,299,-1,107,299,109,-1,109,299,300,-1,109,300,111,-1,111,300,301,-1,111,301,113,-1,113,301,302,-1,113,302,115,-1,115,302,303,-1,115,303,117,-1,117,303,304,-1,117,304,41,-1,41,304,305,-1,41,305,39,-1,39,305,306,-1,39,306,38,-1,38,306,307,-1,38,307,72,-1,72,307,308,-1,72,308,73,-1,73,308,309,-1,73,309,74,-1,74,309,310,-1,74,310,33,-1,33,310,311,-1,33,311,32,-1,32,311,312,-1,32,312,30,-1,30,312,313,-1,30,313,28,-1,28,313,314,-1,28,314,26,-1,26,314,315,-1,26,315,24,-1,24,315,290,-1,24,290,23,-1,
        ]
    }
}
Shape{
    appearance Appearance {
        material  Material {
            diffuseColor 1.0 1.0 1.0
            specularColor 0.30196078431372547 0.30196078431372547 0.30196078431372547
            ambientIntensity 1.0
            transparency 0.0
            shininess 0.5
        }
    }
    geometry IndexedFaceSet {
        ccw TRUE
        solid FALSE
        coord DEF co Coordinate {
            point [
                0.4762 1.2854 0.5745, 0.498 1.2854 0.6327, 0.5023 1.2854 0.6282, 0.4757 1.2854 0.6411, 0.4699 1.2854 0.6405, 0.4681 1.2854 0.5754, 0.4838 1.2854 0.6402, 0.4913 1.2854 0.6374, 0.454 1.2854 0.5827, 0.4491 1.2854 0.6275, 0.4548 1.2854 0.6335, 0.5073 1.2854 0.5966, 0.5038 1.2854 0.5895, 0.4984 1.2854 0.5833, 0.4606 1.2854 0.5782, 0.4619 1.2854 0.638, 0.4917 1.2854 0.5785, 0.4838 1.2854 0.5754, 0.5066 1.2854 0.621, 0.5089 1.2854 0.6129, 0.5091 1.2854 0.6045, 0.4447 1.2854 0.5963, 0.4428 1.2854 0.6046, 0.4486 1.2854 0.5889, 0.443 1.2854 0.6129, 0.4452 1.2854 0.6206
            ]
        }
        coordIndex [
            0,1,2,-1,3,0,4,-1,4,0,5,-1,3,6,0,-1,0,6,7,-1,0,7,1,-1,8,9,10,-1,11,12,2,-1,2,12,13,-1,5,14,4,-1,4,14,8,-1,4,8,15,-1,15,8,10,-1,13,16,2,-1,2,16,17,-1,2,17,0,-1,18,19,2,-1,2,19,20,-1,2,20,11,-1,21,22,23,-1,23,22,24,-1,23,24,8,-1,8,24,25,-1,8,25,9,-1,
        ]
    }
}