#VRML V2.0 utf8
# 3D model generated by kicad-lcsc-manager
# Based on easyeda2kicad.py v1.0.1

Shape{
    appearance Appearance {
        material  Material {
            diffuseColor 0.25098039215686274 0.25098039215686274 0.25098039215686274
            specularColor 0.12549019607843137 0.12549019607843137 0.12549019607843137
            ambientIntensity 0.251
            transparency 0.0
            shininess 0.5
        }
    }
    geometry IndexedFaceSet {
        ccw TRUE
        solid FALSE
        coord DEF co Coordinate {
            point [
                -0.9681 1.1791 0.1129, -0.9681 1.1791 0.1615, -0.9176 1.1791 0.1615, -0.9843 1.1791 0.6604, -0.9843 1.1791 1.1496, -0.9681 1.1791 1.1496, -0.8197 1.1791 0.0651, -0.8189 1.1791 0.065, -0.8278 1.1791 0.065, -0.6744 1.1791 0.1653, -0.6801 1.1791 0.1615, -0.7416 1.1791 0.1615, -0.6861 1.1791 0.1574, -0.6948 1.1791 0.1474, -0.7243 1.1791 0.1129, -0.7416 1.1791 0.1129, -0.722 1.1791 0.1188, -0.7166 1.1791 0.1263, -0.7094 1.1791 0.1323, -0.7003 1.1791 0.1366, -0.7016 1.1791 0.1362, -0.6251 1.1791 0.1648, -0.6372 1.1791 0.1695, -0.7416 1.1791 0.6604, -0.6197 1.1791 0.1615, -0.6503 1.1791 0.1711, -0.6611 1.1791 0.17, 0.9843 1.1791 0.6604, 0.9843 1.1791 0.1615, -0.6186 1.1791 0.1609, 0.9843 1.1791 0.1129, -0.559 1.1791 0.1129, -0.5601 1.1791 0.1195, -0.5643 1.1791 0.129, -0.5707 1.1791 0.1371, -0.5906 1.1791 0.1485, -0.601 1.1791 0.1498, -0.6124 1.1791 0.1556, -0.604 1.1791 0.1496, -0.607 1.1791 0.1493, -0.5724 1.1791 0.1388, -0.5808 1.1791 0.1447, -0.5871 1.1791 0.0667, -0.5776 1.1791 0.0714, 0.9843 1.1791 0.065, -0.5694 1.1791 0.0784, -0.5634 1.1791 0.0869, -0.5596 1.1791 0.0967, -0.5583 1.1791 0.1071, -0.5584 1.1791 0.1096, -0.5904 1.1791 0.0657, -0.5908 1.1791 0.065, -0.5929 1.1791 0.0603, -0.5968 1.1791 0.0555, -0.6214 1.1791 0.0485, -0.6155 1.1791 0.0478, -0.7416 1.1791 0.0276, -0.6141 1.1791 0.0478, 0.9843 1.1791 0.0276, -0.6079 1.1791 0.0489, 0.9843 1.1791 0.0503, -0.6046 1.1791 0.0503, -0.6019 1.1791 0.0515, -0.6402 1.1791 0.065, -0.6402 1.1791 0.065, -0.7416 1.1791 0.0503, -0.6371 1.1791 0.0591, -0.6327 1.1791 0.0542, -0.6274 1.1791 0.0506, -0.6265 1.1791 0.0503, -0.6722 1.1791 0.0794, -0.6738 1.1791 0.0806, -0.6787 1.1791 0.0963, -0.5772 1.1791 0.097, -0.5806 1.1791 0.0913, -0.5939 1.1791 0.0894, -0.5854 1.1791 0.0866, -0.5907 1.1791 0.0834, -0.6352 1.1791 0.0918, -0.6706 1.1791 0.1103, -0.6309 1.1791 0.0958, -0.6253 1.1791 0.0989, -0.7099 1.1791 0.1048, -0.7085 1.1791 0.1098, -0.7067 1.1791 0.1129, -0.5755 1.1791 0.1129, -0.6756 1.1791 0.0813, -0.6777 1.1791 0.0815, -0.678 1.1791 0.0815, -0.7219 1.1791 0.0844, -0.7167 1.1791 0.077, -0.7416 1.1791 0.065, -0.7252 1.1791 0.1108, -0.7264 1.1791 0.1021, -0.7252 1.1791 0.0927, -0.6037 1.1791 0.0979, -0.5983 1.1791 0.0943, -0.5749 1.1791 0.1076, -0.5752 1.1791 0.1034, -0.7095 1.1791 0.071, -0.7015 1.1791 0.0671, -0.6927 1.1791 0.0652, -0.6695 1.1791 0.0734, -0.6696 1.1791 0.0744, -0.6418 1.1791 0.0768, -0.6701 1.1791 0.0764, -0.6711 1.1791 0.0782, -0.6788 1.1791 0.0813, -0.6793 1.1791 0.0813, -0.6911 1.1791 0.0813, -0.6772 1.1791 0.0652, -0.6757 1.1791 0.0654, -0.6739 1.1791 0.0661, -0.6722 1.1791 0.0673, -0.6716 1.1791 0.068, -0.6705 1.1791 0.0696, -0.6698 1.1791 0.0714, -0.6417 1.1791 0.0715, -0.6418 1.1791 0.0741, -0.7047 1.1791 0.0878, -0.7076 1.1791 0.0918, -0.7094 1.1791 0.0965, -0.7101 1.1791 0.1018, -0.6096 1.1791 0.1001, -0.6155 1.1791 0.1008, -0.619 1.1791 0.1005, -0.6962 1.1791 0.0823, -0.7008 1.1791 0.0845, -0.6817 1.1791 0.1384, -0.6757 1.1791 0.1454, -0.6152 1.1791 0.13, -0.6752 1.1791 0.1459, -0.6678 1.1791 0.151, -0.6193 1.1791 0.1384, -0.6129 1.1791 0.1313, -0.607 1.1791 0.1333, -0.7059 1.1791 0.1143, -0.7034 1.1791 0.117, -0.6895 1.1791 0.1224, -0.6993 1.1791 0.1199, -0.6948 1.1791 0.1217, -0.6874 1.1791 0.1224, -0.6858 1.1791 0.1299, -0.6012 1.1791 0.134, -0.5986 1.1791 0.1338, -0.5756 1.1791 0.1136, -0.5777 1.1791 0.1195, -0.6252 1.1791 0.1454, -0.6595 1.1791 0.1542, -0.6322 1.1791 0.1506, -0.6505 1.1791 0.1553, -0.6408 1.1791 0.1541, -0.5921 1.1791 0.1323, -0.5862 1.1791 0.1292, -0.5813 1.1791 0.1248, -0.8785 1.1791 0.1024, -0.8829 1.1791 0.1129, -0.8712 1.1791 0.1024, -0.8712 1.1791 0.1129, -0.8595 1.1791 0.1024, -0.8712 1.1791 0.0863, -0.8775 1.1791 0.0863, -0.8785 1.1791 0.0981, -0.8794 1.1791 0.0695, -0.8775 1.1791 0.082, -0.8712 1.1791 0.0695, -0.8712 1.1791 0.082, -0.8642 1.1791 0.082, -0.8642 1.1791 0.0695, -0.8712 1.1791 0.0981, -0.8642 1.1791 0.0981, -0.8642 1.1791 0.0863, -0.8829 1.1791 0.065, -0.8794 1.1791 0.0653, -0.8712 1.1791 0.065, -0.8712 1.1791 0.0653, -0.8595 1.1791 0.0653, -0.8411 1.1791 0.0719, -0.8417 1.1791 0.0697, -0.8418 1.1791 0.0697, -0.8545 1.1791 0.0918, -0.8365 1.1791 0.1129, -0.8496 1.1791 0.0918, -0.8365 1.1791 0.0853, -0.8424 1.1791 0.0719, -0.8421 1.1791 0.0706, -0.804 1.1791 0.1129, -0.804 1.1791 0.065, -0.8087 1.1791 0.071, -0.8087 1.1791 0.0662, -0.8095 1.1791 0.0878, -0.8104 1.1791 0.0891, -0.8106 1.1791 0.0699, -0.8109 1.1791 0.0698, -0.8109 1.1791 0.0796, -0.8101 1.1791 0.0805, -0.8095 1.1791 0.0814, -0.809 1.1791 0.0828, -0.8088 1.1791 0.0846, -0.809 1.1791 0.0863, -0.8108 1.1791 0.0797, -0.8109 1.1791 0.0655, -0.8109 1.1791 0.065, -0.8121 1.1791 0.0651, -0.8129 1.1791 0.065, -0.8159 1.1791 0.0647, -0.8109 1.1791 0.0503, -0.8278 1.1791 0.0503, -0.8254 1.1791 0.0912, -0.8254 1.1791 0.0867, -0.8264 1.1791 0.0707, -0.8258 1.1791 0.0692, -0.825 1.1791 0.068, -0.8109 1.1791 0.0895, -0.8109 1.1791 0.1129, -0.8117 1.1791 0.0903, -0.8131 1.1791 0.0911, -0.8157 1.1791 0.092, -0.8191 1.1791 0.0924, -0.8278 1.1791 0.1129, -0.8216 1.1791 0.0922, -0.8251 1.1791 0.0769, -0.8259 1.1791 0.0756, -0.8264 1.1791 0.0742, -0.8266 1.1791 0.0725, -0.8236 1.1791 0.0668, -0.8222 1.1791 0.066, -0.8186 1.1791 0.0886, -0.8173 1.1791 0.0885, -0.8136 1.1791 0.0851, -0.816 1.1791 0.0882, -0.815 1.1791 0.0876, -0.8136 1.1791 0.0844, -0.8138 1.1791 0.0837, -0.8141 1.1791 0.0831, -0.8146 1.1791 0.0826, -0.8162 1.1791 0.0816, -0.8217 1.1791 0.0883, -0.8191 1.1791 0.0803, -0.8243 1.1791 0.0873, -0.8209 1.1791 0.0796, -0.824 1.1791 0.0779, -0.8143 1.1791 0.087, -0.8139 1.1791 0.0864, -0.8136 1.1791 0.0858, -0.8135 1.1791 0.0688, -0.8158 1.1791 0.077, -0.813 1.1791 0.0782, -0.8164 1.1791 0.0685, -0.8166 1.1791 0.0685, -0.8189 1.1791 0.0757, -0.819 1.1791 0.0687, -0.8219 1.1791 0.0721, -0.8218 1.1791 0.0726, -0.8202 1.1791 0.0692, -0.8206 1.1791 0.0694, -0.8211 1.1791 0.0699, -0.8215 1.1791 0.0705, -0.8218 1.1791 0.0712, -0.8216 1.1791 0.0734, -0.8212 1.1791 0.074, -0.8207 1.1791 0.0746, -0.8914 1.1791 0.1612, -0.9056 1.1791 0.1241, -0.9176 1.1791 0.1129, -0.8965 1.1791 0.1343, -0.8829 1.1791 0.1343, -0.9003 1.1791 0.1241, -0.8722 1.1791 0.1241, -0.8775 1.1791 0.1241, -0.8811 1.1791 0.1343, -0.8365 1.1791 0.1615, -0.8278 1.1791 0.1615, -0.8321 1.1791 0.1612, -0.8278 1.1791 0.1612, -0.8278 1.1791 0.1451, -0.8311 1.1791 0.1451, -0.8321 1.1791 0.1569, -0.833 1.1791 0.1283, -0.8311 1.1791 0.1408, -0.8278 1.1791 0.1283, -0.8278 1.1791 0.1408, -0.8178 1.1791 0.1408, -0.8178 1.1791 0.1283, -0.8278 1.1791 0.1569, -0.8178 1.1791 0.1569, -0.8178 1.1791 0.1451, -0.833 1.1791 0.1241, -0.8278 1.1791 0.1241, -0.813 1.1791 0.1241, -0.813 1.1791 0.1612, -0.8109 1.1791 0.1615, -0.8056 1.1791 0.1302, -0.8056 1.1791 0.1257, -0.804 1.1791 0.1251, -0.7834 1.1791 0.1469, -0.804 1.1791 0.1295, -0.7846 1.1791 0.1502, -0.7863 1.1791 0.1528, -0.7829 1.1791 0.1422, -0.7829 1.1791 0.1419, -0.8018 1.1791 0.1286, -0.7976 1.1791 0.1278, -0.8012 1.1791 0.157, -0.7969 1.1791 0.1575, -0.7952 1.1791 0.1574, -0.792 1.1791 0.1568, -0.8056 1.1791 0.1553, -0.805 1.1791 0.1556, -0.804 1.1791 0.156, -0.7891 1.1791 0.1554, -0.7868 1.1791 0.1534, -0.7835 1.1791 0.1373, -0.7846 1.1791 0.1343, -0.7865 1.1791 0.1317, -0.7899 1.1791 0.1291, -0.7926 1.1791 0.1281, -0.796 1.1791 0.1278, -0.7874 1.1791 0.1308, -0.8006 1.1791 0.1615, -0.802 1.1791 0.1614, -0.804 1.1791 0.1615, -0.804 1.1791 0.1608, -0.8056 1.1791 0.1603, -0.7795 1.1791 0.6604, -0.7968 1.1791 0.1618, -0.804 1.1791 0.6604, -0.7972 1.1791 0.1618, -0.794 1.1791 0.1615, -0.7795 1.1791 0.1615, -0.7919 1.1791 0.1613, -0.7879 1.1791 0.1598, -0.7806 1.1791 0.153, -0.7832 1.1791 0.1564, -0.7843 1.1791 0.1574, -0.7773 1.1791 0.1615, -0.7788 1.1791 0.149, -0.7795 1.1791 0.1505, -0.7795 1.1791 0.1335, -0.7786 1.1791 0.136, -0.7773 1.1791 0.1129, -0.7779 1.1791 0.142, -0.7779 1.1791 0.1442, -0.7889 1.1791 0.1245, -0.7854 1.1791 0.1262, -0.7795 1.1791 0.1129, -0.7826 1.1791 0.1286, -0.7823 1.1791 0.1289, -0.7801 1.1791 0.1321, -0.8018 1.1791 0.1242, -0.7954 1.1791 0.1235, -0.7929 1.1791 0.1236, -0.7831 1.1791 0.078, -0.7838 1.1791 0.0854, -0.7822 1.1791 0.0767, -0.7815 1.1791 0.075, -0.7795 1.1791 0.065, -0.782 1.1791 0.0687, -0.7814 1.1791 0.0703, -0.7957 1.1791 0.0921, -0.7977 1.1791 0.0915, -0.7992 1.1791 0.0906, -0.8004 1.1791 0.0894, -0.8014 1.1791 0.0879, -0.7845 1.1791 0.0792, -0.7866 1.1791 0.0802, -0.7867 1.1791 0.0873, -0.79 1.1791 0.081, -0.794 1.1791 0.0885, -0.7924 1.1791 0.0886, -0.7896 1.1791 0.0883, -0.785 1.1791 0.0657, -0.7835 1.1791 0.0668, -0.7829 1.1791 0.0673, -0.7978 1.1791 0.0694, -0.7977 1.1791 0.0694, -0.7978 1.1791 0.0653, -0.797 1.1791 0.0683, -0.7955 1.1791 0.0667, -0.7812 1.1791 0.0724, -0.7812 1.1791 0.0731, -0.7838 1.1791 0.0899, -0.785 1.1791 0.0906, -0.7885 1.1791 0.0919, -0.7929 1.1791 0.0924, -0.8021 1.1791 0.0858, -0.8025 1.1791 0.0824, -0.8025 1.1791 0.0653, -0.7978 1.1791 0.0821, -0.7976 1.1791 0.0842, -0.7972 1.1791 0.0859, -0.7966 1.1791 0.0868, -0.7959 1.1791 0.0876, -0.7951 1.1791 0.0881, -0.7921 1.1791 0.065, -0.792 1.1791 0.065, -0.804 1.1791 0.0503, -0.7896 1.1791 0.0647, -0.7795 1.1791 0.0503, -0.7869 1.1791 0.065, -0.7868 1.1791 0.065, -0.8365 1.1791 0.0729, -0.829 1.1791 0.0918, -0.8342 1.1791 0.0918, -0.8393 1.1791 0.065, -0.8394 1.1791 0.0654, -0.8365 1.1791 0.0589, -0.8365 1.1791 0.0589, -0.8365 1.1791 0.065, -0.8374 1.1791 0.0606, -0.83 1.1791 0.0574, -0.83 1.1791 0.0532, -0.8309 1.1791 0.057, -0.8326 1.1791 0.0568, -0.8337 1.1791 0.057, -0.8365 1.1791 0.0537, -0.8349 1.1791 0.0531, -0.8365 1.1791 0.0503, -0.833 1.1791 0.0528, -0.832 1.1791 0.0529, -0.8348 1.1791 0.0573, -0.8356 1.1791 0.0579, -0.8424 1.1791 0.0613, -0.8403 1.1791 0.0572, -0.8712 1.1791 0.0503, -0.8439 1.1791 0.065, -0.8386 1.1791 0.0552, -0.8383 1.1791 0.0549, -0.8367 1.1791 0.0538, -0.9843 1.1791 0.1615, -0.9843 1.1791 0.1129, -0.9843 1.1791 0.065, -0.9681 1.1791 0.065, -0.9328 1.1791 0.1024, -0.9186 1.1791 0.0653, -0.9176 1.1791 0.065, -0.9239 1.1791 0.0653, -0.9379 1.1791 0.1024, -0.952 1.1791 0.0653, -0.9467 1.1791 0.0653, -0.9429 1.1791 0.0755, -0.9275 1.1791 0.0755, -0.8829 1.1791 0.1522, -0.8863 1.1791 0.1612, -0.8829 1.1791 0.1615, -0.8829 1.1791 0.0503, -0.9176 1.1791 0.0503, -0.9681 1.1791 0.0503, -0.9843 1.1791 0.0503, -0.9155 1.1791 0.0774, -0.9136 1.1791 0.0736, -0.9029 1.1791 0.1017, -0.9073 1.1791 0.1, -0.897 1.1791 0.1024, -0.911 1.1791 0.0975, -0.9125 1.1791 0.096, -0.9148 1.1791 0.0926, -0.907 1.1791 0.0677, -0.9027 1.1791 0.066, -0.8966 1.1791 0.0653, -0.8864 1.1791 0.0653, -0.8864 1.1791 0.1024, -0.911 1.1791 0.0705, -0.9105 1.1791 0.0701, -0.9161 1.1791 0.089, -0.9166 1.1791 0.0843, -0.9164 1.1791 0.0817, -0.8691 1.1791 0.1362, -0.8672 1.1791 0.1324, -0.8565 1.1791 0.1605, -0.8712 1.1791 0.1615, -0.8505 1.1791 0.1612, -0.87 1.1791 0.1405, -0.8605 1.1791 0.1265, -0.8563 1.1791 0.1248, -0.8609 1.1791 0.1588, -0.8646 1.1791 0.1563, -0.8661 1.1791 0.1548, -0.8502 1.1791 0.1241, -0.84 1.1791 0.1241, -0.84 1.1791 0.1612, -0.8683 1.1791 0.1515, -0.8696 1.1791 0.1479, -0.8702 1.1791 0.1431, -0.8646 1.1791 0.1293, -0.8641 1.1791 0.1289, -0.8278 1.1791 0.0276, -0.8365 1.1791 0.0276, -0.8712 1.1791 0.0276, -0.8829 1.1791 0.0276, -0.9176 1.1791 0.0276, -0.9681 1.1791 0.0276, -0.9843 1.1791 0.0276, -0.804 1.1791 0.0276, -0.8109 1.1791 0.0276, -0.7938 1.1791 0.0656, -0.8109 1.1791 0.6604, -0.8278 1.1791 0.6604, -0.8365 1.1791 0.6604, -0.8712 1.1791 0.6604, -0.8829 1.1791 0.6604, -0.9176 1.1791 0.6604, -0.9681 1.1791 0.6604, -0.7773 1.1791 0.0503, -0.7773 1.1791 0.0276, -0.7795 1.1791 0.0276, -0.7773 1.1791 0.065, -0.7759 1.1791 0.1024, -0.7759 1.1791 0.0981, -0.7767 1.1791 0.0695, -0.7767 1.1791 0.0653, -0.7568 1.1791 0.0653, -0.7568 1.1791 0.1024, -0.7616 1.1791 0.082, -0.7616 1.1791 0.0695, -0.7748 1.1791 0.082, -0.7748 1.1791 0.0863, -0.7616 1.1791 0.0863, -0.7616 1.1791 0.0981, -0.7616 1.1791 0.1612, -0.7616 1.1791 0.1283, -0.7763 1.1791 0.1283, -0.7763 1.1791 0.1241, -0.7568 1.1791 0.1241, -0.7568 1.1791 0.1612, -0.7773 1.1791 0.6604, -0.9176 1.1791 1.1496, -0.8829 1.1791 1.1496, -0.8712 1.1791 1.1496, -0.8365 1.1791 1.1496, -0.8278 1.1791 1.1496, -0.8109 1.1791 1.1496, -0.804 1.1791 1.1496, -0.7795 1.1791 1.1496, -0.7773 1.1791 1.1496, -0.7416 1.1791 1.1496, 0.9843 1.1791 1.1496, -1.1744 -1.0372 0.0276, -1.1811 -0.9862 0.0276, -0.9843 -1.1831 0.0276, -1.1811 -0.5243 0.0276, 1.1811 -0.5243 0.0276, 1.1811 -0.9862 0.0276, -1.0827 -1.1567 0.0276, -1.1234 -1.1254 0.0276, -1.1547 -1.0846 0.0276, 1.1547 -1.0846 0.0276, 1.1234 -1.1254 0.0276, 1.0827 -1.1567 0.0276, 0.9843 -1.1831 0.0276, 1.0352 -1.1764 0.0276, -1.0352 -1.1764 0.0276, 1.1744 -1.0372 0.0276, 1.1811 -0.5243 0.1408, 1.1811 -0.75 0.5358, 1.1811 -0.75 0.4155, 1.1811 0.5203 0.1408, 1.1811 0.5203 0.0276, 1.1811 0.9823 0.0276, 1.1811 -0.9862 0.4155, 1.1811 0.9823 1.1496, 1.1811 -0.9862 0.5358, 1.1811 -0.9862 1.1496, 1.1811 0.9823 0.5358, 1.1811 0.7461 0.5358, 1.1811 0.7461 0.4155, 1.1811 0.9823 0.4155, -1.1811 -0.75 0.5358, -1.1811 -0.9862 0.5358, -1.1811 -0.9862 1.1496, -1.1811 -0.5243 0.1408, -1.1811 0.9823 1.1496, -1.1811 0.9823 0.5358, -1.1811 0.7461 0.5358, -1.1811 0.7461 0.4155, -1.1811 0.9823 0.0276, -1.1811 0.5203 0.0276, -1.1811 0.5203 0.1408, -1.1811 -0.75 0.4155, -1.1811 -0.9862 0.4155, -1.1811 0.9823 0.4155, -0.9843 -1.1831 1.1496, 0.9843 -1.1831 1.1496, 1.1744 -1.0372 1.1496, 1.1581 -1.0699 1.1496, 1.1547 -1.0846 1.1496, 1.1351 -1.1065 1.1496, 1.1234 -1.1254 1.1496, 1.1045 -1.137 1.1496, 1.0827 -1.1567 1.1496, 1.068 -1.16 1.1496, 1.0352 -1.1764 1.1496, 1.0272 -1.1743 1.1496, 0.9843 -1.1791 1.1496, -0.9843 -1.1791 1.1496, -1.0352 -1.1764 1.1496, -1.0342 -1.1726 1.1496, -1.0827 -1.1567 1.1496, -1.0807 -1.1533 1.1496, -1.1234 -1.1254 1.1496, -1.1207 -1.1226 1.1496, -1.1547 -1.0846 1.1496, -1.1513 -1.0827 1.1496, -1.1744 -1.0372 1.1496, -1.1706 -1.0362 1.1496, -1.1772 -0.9862 1.1496, -1.1772 0.9823 1.1496, -1.1744 1.0332 1.1496, -1.1723 1.0252 1.1496, -1.1581 1.066 1.1496, -1.1547 1.0807 1.1496, -1.1351 1.1026 1.1496, -1.1234 1.1215 1.1496, -1.1045 1.1331 1.1496, -1.0827 1.1528 1.1496, -1.068 1.1561 1.1496, -1.0352 1.1724 1.1496, -1.0272 1.1704 1.1496, -0.9843 1.1752 1.1496, 0.9843 1.1752 1.1496, 1.0352 1.1724 1.1496, 1.0342 1.1686 1.1496, 1.0827 1.1528 1.1496, 1.0807 1.1494 1.1496, 1.1234 1.1215 1.1496, 1.1207 1.1187 1.1496, 1.1547 1.0807 1.1496, 1.1513 1.0787 1.1496, 1.1744 1.0332 1.1496, 1.1706 1.0322 1.1496, 1.1772 0.9823 1.1496, 1.1772 -0.9862 1.1496, 1.1723 -1.0291 1.1496, -1.0827 1.1528 0.0276, -1.1234 1.1215 0.0276, -1.1744 1.0332 0.0276, -1.1547 1.0807 0.0276, -1.0352 1.1724 0.0276, 1.0352 1.1724 0.0276, 1.0827 1.1528 0.0276, 1.1234 1.1215 0.0276, 1.1744 1.0332 0.0276, 1.1547 1.0807 0.0276, -1.1771 -1.0256 0.5364, -1.1771 -1.0256 0.4164, 1.1771 -1.0256 0.4164, 1.1771 -1.0256 0.5364, 1.1771 1.0217 0.5364, 1.1771 1.0217 0.4164, -1.1771 1.0217 0.4164, -1.1771 1.0217 0.5364
            ]
        }
        coordIndex [
            0,1,2,-1,3,4,5,-1,6,7,8,-1,9,10,11,-1,11,10,12,-1,11,12,13,-1,14,15,16,-1,16,15,11,-1,16,11,17,-1,17,11,18,-1,13,19,11,-1,11,19,20,-1,11,20,18,-1,21,22,23,-1,21,23,24,-1,22,25,23,-1,23,25,26,-1,23,26,9,-1,23,27,24,-1,24,27,28,-1,24,28,29,-1,28,30,31,-1,31,32,28,-1,28,32,33,-1,28,33,34,-1,28,35,29,-1,29,35,36,-1,29,36,37,-1,37,36,38,-1,37,38,39,-1,34,40,28,-1,28,40,41,-1,28,41,35,-1,42,43,44,-1,44,43,45,-1,44,45,46,-1,46,47,44,-1,44,47,48,-1,44,48,30,-1,30,48,49,-1,30,49,31,-1,50,42,51,-1,51,42,44,-1,51,44,52,-1,52,44,53,-1,54,55,56,-1,56,55,57,-1,56,57,58,-1,58,57,59,-1,58,59,60,-1,60,59,61,-1,60,61,44,-1,44,61,62,-1,44,62,53,-1,63,64,65,-1,65,64,66,-1,66,67,65,-1,65,67,68,-1,65,68,69,-1,70,71,72,-1,73,74,75,-1,75,74,76,-1,75,76,77,-1,78,79,80,-1,80,79,81,-1,82,83,79,-1,79,83,84,-1,79,84,85,-1,71,86,72,-1,72,86,87,-1,72,87,88,-1,89,90,91,-1,14,92,15,-1,15,92,93,-1,15,93,91,-1,91,93,94,-1,91,94,89,-1,95,85,96,-1,96,85,97,-1,96,97,75,-1,75,97,98,-1,75,98,73,-1,90,99,91,-1,91,99,100,-1,91,100,101,-1,102,103,104,-1,104,103,105,-1,104,105,72,-1,72,105,106,-1,72,106,70,-1,88,107,72,-1,72,107,108,-1,72,108,109,-1,110,111,63,-1,111,112,63,-1,63,112,113,-1,63,113,114,-1,114,115,63,-1,63,115,116,-1,63,116,117,-1,117,116,102,-1,117,102,118,-1,118,102,104,-1,119,120,72,-1,72,120,121,-1,72,121,79,-1,79,121,122,-1,79,122,82,-1,95,123,85,-1,85,123,124,-1,85,124,79,-1,79,124,125,-1,79,125,81,-1,109,126,72,-1,72,126,127,-1,72,127,119,-1,128,129,130,-1,129,131,130,-1,130,131,132,-1,130,132,133,-1,84,130,85,-1,85,130,134,-1,85,134,135,-1,136,137,138,-1,138,137,139,-1,138,139,140,-1,136,138,84,-1,84,138,141,-1,84,141,130,-1,130,141,142,-1,130,142,128,-1,135,143,85,-1,85,143,144,-1,85,144,145,-1,145,144,146,-1,133,132,147,-1,147,132,148,-1,147,148,149,-1,149,148,150,-1,149,150,151,-1,152,153,144,-1,144,153,154,-1,144,154,146,-1,155,156,157,-1,157,156,158,-1,157,158,159,-1,160,161,162,-1,162,161,163,-1,163,161,164,-1,163,164,165,-1,164,166,165,-1,165,166,167,-1,165,167,168,-1,162,169,160,-1,160,169,170,-1,160,170,171,-1,155,162,156,-1,156,162,163,-1,156,163,172,-1,172,163,173,-1,172,173,174,-1,174,173,175,-1,174,175,176,-1,177,178,179,-1,180,181,182,-1,182,181,183,-1,182,183,184,-1,184,183,177,-1,184,177,185,-1,185,177,179,-1,186,187,188,-1,188,187,189,-1,186,190,191,-1,192,193,194,-1,195,196,188,-1,196,197,188,-1,188,197,198,-1,188,198,186,-1,186,198,199,-1,186,199,190,-1,192,194,188,-1,188,194,200,-1,188,200,195,-1,201,202,203,-1,203,202,204,-1,205,204,206,-1,206,204,202,-1,206,202,187,-1,187,202,201,-1,187,201,189,-1,205,206,7,-1,7,206,207,-1,7,207,8,-1,208,209,8,-1,210,211,8,-1,8,211,212,-1,191,213,214,-1,214,213,215,-1,214,215,216,-1,216,217,214,-1,214,217,218,-1,214,218,219,-1,219,218,220,-1,219,220,208,-1,221,222,209,-1,209,222,223,-1,209,223,8,-1,8,223,224,-1,8,224,210,-1,212,225,8,-1,8,225,226,-1,8,226,6,-1,227,228,229,-1,229,228,230,-1,229,230,231,-1,229,232,227,-1,227,232,233,-1,227,233,234,-1,234,235,227,-1,227,235,236,-1,227,236,237,-1,237,236,238,-1,237,238,239,-1,239,238,240,-1,239,240,209,-1,209,240,241,-1,209,241,221,-1,242,243,231,-1,231,243,244,-1,231,244,229,-1,245,246,193,-1,193,246,247,-1,193,247,194,-1,245,248,246,-1,246,248,249,-1,246,249,250,-1,250,249,251,-1,250,252,253,-1,251,254,250,-1,250,254,255,-1,250,255,256,-1,256,257,250,-1,250,257,258,-1,250,258,252,-1,253,259,250,-1,250,259,260,-1,250,260,261,-1,262,263,264,-1,265,266,267,-1,267,266,156,-1,267,156,263,-1,268,158,269,-1,269,158,156,-1,269,156,270,-1,270,156,266,-1,271,272,273,-1,273,272,274,-1,275,276,277,-1,277,276,278,-1,278,276,279,-1,278,279,280,-1,279,281,280,-1,280,281,282,-1,280,282,283,-1,277,284,275,-1,275,284,285,-1,275,285,286,-1,273,277,271,-1,271,277,278,-1,271,278,181,-1,181,278,287,-1,181,287,219,-1,219,287,288,-1,219,288,214,-1,214,288,289,-1,274,272,290,-1,290,272,291,-1,290,291,289,-1,292,293,214,-1,191,214,186,-1,186,214,293,-1,186,293,294,-1,295,296,297,-1,297,296,298,-1,295,299,296,-1,296,299,300,-1,296,300,301,-1,301,300,302,-1,303,304,296,-1,296,304,305,-1,296,305,306,-1,289,291,214,-1,214,291,307,-1,214,307,292,-1,292,307,308,-1,292,308,296,-1,296,308,309,-1,296,309,303,-1,306,310,296,-1,296,310,311,-1,296,311,298,-1,312,313,314,-1,315,316,300,-1,300,316,317,-1,300,317,302,-1,312,314,300,-1,300,314,318,-1,300,318,315,-1,319,320,321,-1,321,320,322,-1,321,322,291,-1,291,322,323,-1,291,323,307,-1,324,325,326,-1,326,325,327,-1,326,327,319,-1,328,329,330,-1,330,329,331,-1,332,333,329,-1,329,333,334,-1,329,334,331,-1,335,336,329,-1,329,336,337,-1,329,337,332,-1,338,339,340,-1,340,339,341,-1,340,341,335,-1,335,341,342,-1,335,342,336,-1,343,344,345,-1,344,346,345,-1,345,346,347,-1,345,347,348,-1,294,349,186,-1,186,349,350,-1,186,350,345,-1,345,350,351,-1,345,351,343,-1,352,353,354,-1,354,353,355,-1,356,357,358,-1,359,360,186,-1,360,361,186,-1,186,361,362,-1,186,362,363,-1,352,364,353,-1,353,364,365,-1,353,365,366,-1,366,365,367,-1,368,369,367,-1,367,369,370,-1,367,370,366,-1,371,372,356,-1,356,372,373,-1,356,373,357,-1,374,375,376,-1,376,375,377,-1,376,377,378,-1,358,379,356,-1,356,379,380,-1,356,380,345,-1,345,380,355,-1,345,355,381,-1,381,355,353,-1,381,382,345,-1,345,382,383,-1,345,383,186,-1,186,383,384,-1,186,384,359,-1,363,385,186,-1,186,385,386,-1,186,386,187,-1,187,386,387,-1,187,387,376,-1,388,389,367,-1,367,389,390,-1,367,390,391,-1,391,392,367,-1,367,392,393,-1,367,393,368,-1,394,395,396,-1,395,397,398,-1,398,397,399,-1,398,399,356,-1,356,399,400,-1,356,400,371,-1,401,402,8,-1,208,8,219,-1,219,8,402,-1,219,402,181,-1,181,402,403,-1,181,403,183,-1,404,405,401,-1,406,407,408,-1,408,407,409,-1,408,409,404,-1,404,401,408,-1,408,401,8,-1,408,8,410,-1,410,8,207,-1,410,207,411,-1,410,412,408,-1,408,412,413,-1,408,413,414,-1,415,416,417,-1,417,416,418,-1,417,418,207,-1,207,418,419,-1,207,419,411,-1,414,420,408,-1,408,420,421,-1,408,421,406,-1,422,423,424,-1,422,424,425,-1,423,426,424,-1,424,426,427,-1,424,427,417,-1,417,427,428,-1,417,428,415,-1,429,1,430,-1,430,1,0,-1,430,0,431,-1,431,0,432,-1,433,264,434,-1,434,264,435,-1,434,435,436,-1,0,437,432,-1,432,437,438,-1,432,438,439,-1,440,441,439,-1,439,441,436,-1,439,436,432,-1,432,436,435,-1,442,443,444,-1,444,443,262,-1,444,262,2,-1,2,262,264,-1,2,264,0,-1,0,264,433,-1,0,433,437,-1,174,445,172,-1,172,445,446,-1,172,446,435,-1,435,446,447,-1,435,447,432,-1,432,447,448,-1,432,448,431,-1,449,450,435,-1,264,451,452,-1,263,156,264,-1,264,156,453,-1,264,453,451,-1,452,454,264,-1,264,454,455,-1,264,455,456,-1,457,458,435,-1,435,458,459,-1,435,459,172,-1,172,459,460,-1,172,460,156,-1,156,460,461,-1,156,461,453,-1,450,462,435,-1,435,462,463,-1,435,463,457,-1,456,464,264,-1,264,464,465,-1,264,465,435,-1,435,465,466,-1,435,466,449,-1,467,468,158,-1,469,470,471,-1,471,470,271,-1,467,158,472,-1,473,474,158,-1,158,474,181,-1,158,181,159,-1,159,181,180,-1,159,180,176,-1,176,180,425,-1,176,425,174,-1,174,425,424,-1,174,424,445,-1,469,475,470,-1,470,475,476,-1,470,476,477,-1,474,478,181,-1,181,478,479,-1,181,479,271,-1,271,479,480,-1,271,480,471,-1,477,481,470,-1,470,481,482,-1,470,482,483,-1,468,484,158,-1,158,484,485,-1,158,485,473,-1,442,444,268,-1,268,444,470,-1,268,470,158,-1,158,470,483,-1,158,483,472,-1,206,486,207,-1,207,486,487,-1,207,487,417,-1,417,487,488,-1,417,488,424,-1,424,488,489,-1,424,489,445,-1,445,489,490,-1,445,490,446,-1,446,490,491,-1,446,491,447,-1,447,491,492,-1,447,492,448,-1,395,398,396,-1,396,398,493,-1,396,493,494,-1,378,495,376,-1,376,495,394,-1,376,394,187,-1,187,394,396,-1,187,396,206,-1,206,396,494,-1,206,494,486,-1,319,321,326,-1,326,321,291,-1,326,291,496,-1,496,291,272,-1,496,272,497,-1,497,272,271,-1,497,271,498,-1,498,271,470,-1,498,470,499,-1,499,470,444,-1,499,444,500,-1,500,444,2,-1,500,2,501,-1,501,2,1,-1,501,1,502,-1,502,1,429,-1,502,429,3,-1,503,504,505,-1,348,338,345,-1,345,338,340,-1,345,340,356,-1,356,340,506,-1,356,506,398,-1,504,65,56,-1,56,65,69,-1,56,69,54,-1,504,503,65,-1,65,503,91,-1,65,91,63,-1,63,91,101,-1,63,101,110,-1,507,508,340,-1,340,508,509,-1,340,509,506,-1,506,509,510,-1,506,510,511,-1,507,340,512,-1,512,340,15,-1,512,15,511,-1,511,15,91,-1,511,91,506,-1,506,91,503,-1,506,503,398,-1,398,503,505,-1,398,505,493,-1,513,514,515,-1,515,514,509,-1,515,509,516,-1,516,509,508,-1,516,508,517,-1,517,508,518,-1,519,335,11,-1,519,520,335,-1,335,520,521,-1,335,521,340,-1,340,521,522,-1,340,522,15,-1,15,522,523,-1,15,523,11,-1,11,523,524,-1,11,524,519,-1,9,11,23,-1,23,11,335,-1,23,335,525,-1,525,335,329,-1,525,329,324,-1,324,329,328,-1,324,328,325,-1,3,5,502,-1,502,5,526,-1,502,526,501,-1,501,526,527,-1,501,527,500,-1,500,527,528,-1,500,528,499,-1,499,528,529,-1,499,529,498,-1,498,529,530,-1,498,530,497,-1,497,530,531,-1,497,531,496,-1,496,531,532,-1,496,532,326,-1,326,532,533,-1,326,533,324,-1,324,533,534,-1,324,534,525,-1,525,534,535,-1,525,535,23,-1,23,535,536,-1,23,536,27,-1,537,538,539,-1,540,541,538,-1,538,541,542,-1,543,544,545,-1,546,547,548,-1,539,538,549,-1,549,538,542,-1,549,542,550,-1,537,539,545,-1,545,539,551,-1,545,551,543,-1,550,542,548,-1,548,542,552,-1,548,552,546,-1,553,554,555,-1,556,557,558,-1,555,559,553,-1,553,559,542,-1,553,542,541,-1,553,556,554,-1,554,556,560,-1,554,560,561,-1,561,560,562,-1,563,560,564,-1,564,560,556,-1,564,556,565,-1,565,556,558,-1,565,558,566,-1,567,568,569,-1,570,540,538,-1,571,572,569,-1,569,572,573,-1,569,573,574,-1,575,576,577,-1,567,570,578,-1,578,570,538,-1,578,538,579,-1,567,569,570,-1,570,569,574,-1,570,574,577,-1,577,574,580,-1,577,580,575,-1,539,549,581,-1,581,549,582,-1,583,584,585,-1,585,584,586,-1,585,586,587,-1,587,586,588,-1,587,588,589,-1,589,588,590,-1,589,590,591,-1,591,590,592,-1,591,592,582,-1,582,592,593,-1,582,593,581,-1,581,593,594,-1,581,594,595,-1,595,594,596,-1,595,596,597,-1,597,596,598,-1,597,598,599,-1,599,598,600,-1,599,600,601,-1,601,600,602,-1,601,602,603,-1,603,602,604,-1,603,604,569,-1,569,604,605,-1,569,605,571,-1,571,605,606,-1,571,606,607,-1,606,608,607,-1,607,608,609,-1,607,609,610,-1,610,609,611,-1,610,611,612,-1,612,611,613,-1,612,613,614,-1,614,613,615,-1,614,615,616,-1,616,615,617,-1,616,617,4,-1,4,617,618,-1,4,618,536,-1,536,618,619,-1,536,619,620,-1,620,619,621,-1,620,621,622,-1,622,621,623,-1,622,623,624,-1,624,623,625,-1,624,625,626,-1,626,625,627,-1,626,627,628,-1,628,627,629,-1,628,629,560,-1,560,629,630,-1,560,630,562,-1,562,630,631,-1,562,631,583,-1,583,631,632,-1,583,632,584,-1,557,576,558,-1,558,576,575,-1,633,575,634,-1,634,575,635,-1,634,635,636,-1,633,637,575,-1,575,637,492,-1,575,492,558,-1,558,492,58,-1,558,58,638,-1,638,639,558,-1,558,639,640,-1,558,640,641,-1,641,640,642,-1,569,568,603,-1,603,568,643,-1,579,538,644,-1,644,538,537,-1,644,537,643,-1,643,537,603,-1,603,537,545,-1,603,545,601,-1,601,545,544,-1,601,544,599,-1,599,544,543,-1,599,543,597,-1,597,543,551,-1,597,551,595,-1,595,551,539,-1,595,539,581,-1,542,559,552,-1,552,559,645,-1,552,645,646,-1,561,562,646,-1,646,562,583,-1,646,583,552,-1,552,583,585,-1,552,585,546,-1,546,585,587,-1,546,587,547,-1,547,587,589,-1,547,589,548,-1,548,589,591,-1,548,591,550,-1,550,591,582,-1,550,582,549,-1,560,563,628,-1,628,563,647,-1,566,558,648,-1,648,558,641,-1,648,641,647,-1,647,641,628,-1,628,641,642,-1,628,642,626,-1,626,642,640,-1,626,640,624,-1,624,640,639,-1,624,639,622,-1,622,639,638,-1,622,638,620,-1,620,638,58,-1,620,58,536,-1,575,580,635,-1,635,580,649,-1,635,649,650,-1,572,571,650,-1,650,571,607,-1,650,607,635,-1,635,607,610,-1,635,610,636,-1,636,610,612,-1,636,612,634,-1,634,612,614,-1,634,614,633,-1,633,614,616,-1,633,616,637,-1,637,616,4,-1,637,4,492,-1,
        ]
    }
}
Shape{
    appearance Appearance {
        material  Material {
            diffuseColor 0.7529411764705882 0.7529411764705882 0.7529411764705882
            specularColor 0.3764705882352941 0.3764705882352941 0.3764705882352941
            ambientIntensity 0.7529
            transparency 0.0
            shininess 0.5
        }
    }
    geometry IndexedFaceSet {
        ccw TRUE
        solid FALSE
        coord DEF co Coordinate {
            point [
                -0.9843 1.1752 1.2677, -0.9843 1.1752 1.1496, -1.0272 1.1704 1.1496, -1.0272 1.1704 1.2677, -1.068 1.1561 1.1496, -1.068 1.1561 1.2677, -1.1045 1.1331 1.1496, -1.1045 1.1331 1.2677, -1.1351 1.1026 1.1496, -1.1351 1.1026 1.2677, -1.1581 1.066 1.1496, -1.1581 1.066 1.2677, -1.1723 1.0252 1.1496, -1.1723 1.0252 1.2677, -1.1772 0.9823 1.1496, -1.1772 0.9823 1.2677, -1.1772 -0.002 1.2677, -1.1772 -0.9862 1.1496, -1.1772 -0.9862 1.2677, -1.1706 -1.0362 1.1496, -1.1706 -1.0362 1.2677, -1.1513 -1.0827 1.1496, -1.1513 -1.0827 1.2677, -1.1207 -1.1226 1.1496, -1.1207 -1.1226 1.2677, -1.0807 -1.1533 1.1496, -1.0807 -1.1533 1.2677, -1.0342 -1.1726 1.1496, -1.0342 -1.1726 1.2677, -0.9843 -1.1791 1.1496, -0.9843 -1.1791 1.2677, 0.0 -1.1791 1.2677, 0.9843 -1.1791 1.1496, 0.9843 -1.1791 1.2677, 1.0272 -1.1743 1.1496, 1.0272 -1.1743 1.2677, 1.068 -1.16 1.1496, 1.068 -1.16 1.2677, 1.1045 -1.137 1.1496, 1.1045 -1.137 1.2677, 1.1351 -1.1065 1.1496, 1.1351 -1.1065 1.2677, 1.1581 -1.0699 1.1496, 1.1581 -1.0699 1.2677, 1.1723 -1.0291 1.1496, 1.1723 -1.0291 1.2677, 1.1772 -0.9862 1.1496, 1.1772 -0.9862 1.2677, 1.1772 -0.002 1.2677, 1.1772 0.9823 1.1496, 1.1772 0.9823 1.2677, 1.1706 1.0322 1.1496, 1.1706 1.0322 1.2677, 1.1513 1.0787 1.1496, 1.1513 1.0787 1.2677, 1.1207 1.1187 1.1496, 1.1207 1.1187 1.2677, 1.0807 1.1494 1.1496, 1.0807 1.1494 1.2677, 1.0342 1.1686 1.1496, 1.0342 1.1686 1.2677, 0.9843 1.1752 1.1496, 0.9843 1.1752 1.2677, 0.0 1.1752 1.2677, 0.9617 0.6814 1.2677, 0.9209 0.6501 1.2677, 0.652 0.919 1.2677, 0.6833 0.9597 1.2677, 0.7241 0.991 1.2677, 0.7716 1.0107 1.2677, 0.993 0.7221 1.2677, 0.8735 0.6304 1.2677, 0.8225 0.6237 1.2677, 0.6839 -0.002 1.2677, 0.0 0.7392 1.2677, 0.6257 0.8205 1.2677, 0.6324 0.8715 1.2677, 0.993 0.919 1.2677, 1.0127 0.8715 1.2677, 1.0194 0.8205 1.2677, 1.0127 0.7696 1.2677, 0.7716 0.6304 1.2677, 0.6772 0.1797 1.2677, 0.689 0.0531 1.2677, 0.0636 0.7392 1.2677, 0.1885 0.7158 1.2677, 0.6324 0.7696 1.2677, 0.3071 0.6699 1.2677, 0.652 0.7221 1.2677, 0.4152 0.6029 1.2677, 0.6833 0.6814 1.2677, 0.5092 0.5173 1.2677, 0.7241 0.6501 1.2677, 0.5858 0.4158 1.2677, 0.6425 0.302 1.2677, 0.8225 1.0174 1.2677, 0.8735 1.0107 1.2677, 0.9209 0.991 1.2677, 0.9617 0.9597 1.2677, 0.9617 -0.9637 1.2677, 0.9209 -0.995 1.2677, 0.9617 -0.6853 1.2677, 0.993 -0.7261 1.2677, 1.0127 -0.7735 1.2677, 1.0194 -0.8245 1.2677, 1.0127 -0.8754 1.2677, 0.993 -0.9229 1.2677, 0.7241 -0.995 1.2677, 0.6833 -0.9637 1.2677, 0.652 -0.9229 1.2677, 0.8225 -0.6276 1.2677, 0.8735 -0.6343 1.2677, 0.9209 -0.654 1.2677, 0.6324 -0.7735 1.2677, 0.0636 -0.6329 1.2677, 0.6257 -0.8245 1.2677, 0.0 -0.6329 1.2677, 0.6324 -0.8754 1.2677, 0.7241 -0.654 1.2677, 0.5092 -0.411 1.2677, 0.6833 -0.6853 1.2677, 0.4152 -0.4967 1.2677, 0.652 -0.7261 1.2677, 0.3071 -0.5636 1.2677, 0.1885 -0.6096 1.2677, 0.6772 -0.0735 1.2677, 0.7716 -0.6343 1.2677, 0.6425 -0.1958 1.2677, 0.5858 -0.3096 1.2677, 0.8735 -1.0146 1.2677, 0.8225 -1.0213 1.2677, 0.7716 -1.0146 1.2677, -0.8735 -0.6343 1.2677, -0.8225 -0.6276 1.2677, -0.6839 -0.002 1.2677, -0.6833 -0.9637 1.2677, -0.7241 -0.995 1.2677, -0.7716 -1.0146 1.2677, -0.6257 -0.8245 1.2677, -0.6324 -0.8754 1.2677, -0.652 -0.9229 1.2677, -0.993 -0.7261 1.2677, -0.9617 -0.6853 1.2677, -0.9209 -0.654 1.2677, -0.7241 -0.654 1.2677, -0.5858 -0.3096 1.2677, -0.7716 -0.6343 1.2677, -0.6425 -0.1958 1.2677, -0.6772 -0.0735 1.2677, -0.993 -0.9229 1.2677, -1.0127 -0.8754 1.2677, -1.0194 -0.8245 1.2677, -1.0127 -0.7735 1.2677, -0.0636 -0.6329 1.2677, -0.6324 -0.7735 1.2677, -0.1885 -0.6096 1.2677, -0.652 -0.7261 1.2677, -0.3071 -0.5636 1.2677, -0.6833 -0.6853 1.2677, -0.4152 -0.4967 1.2677, -0.5092 -0.411 1.2677, -0.8225 -1.0213 1.2677, -0.8735 -1.0146 1.2677, -0.9209 -0.995 1.2677, -0.9617 -0.9637 1.2677, -0.7241 0.991 1.2677, -0.6833 0.9597 1.2677, -0.9209 0.991 1.2677, -0.8735 1.0107 1.2677, -0.8225 1.0174 1.2677, -0.7716 1.0107 1.2677, -0.8735 0.6304 1.2677, -0.9209 0.6501 1.2677, -0.9617 0.6814 1.2677, -0.993 0.7221 1.2677, -1.0127 0.7696 1.2677, -0.652 0.919 1.2677, -0.6324 0.8715 1.2677, -0.6257 0.8205 1.2677, -0.0636 0.7392 1.2677, -0.8225 0.6237 1.2677, -1.0194 0.8205 1.2677, -1.0127 0.8715 1.2677, -0.993 0.919 1.2677, -0.9617 0.9597 1.2677, -0.689 0.0531 1.2677, -0.6772 0.1797 1.2677, -0.7716 0.6304 1.2677, -0.6425 0.302 1.2677, -0.7241 0.6501 1.2677, -0.5858 0.4158 1.2677, -0.6833 0.6814 1.2677, -0.5092 0.5173 1.2677, -0.652 0.7221 1.2677, -0.4152 0.6029 1.2677, -0.6324 0.7696 1.2677, -0.3071 0.6699 1.2677, -0.1885 0.7158 1.2677
            ]
        }
        coordIndex [
            0,1,2,-1,0,2,3,-1,3,2,4,-1,3,4,5,-1,5,4,6,-1,5,6,7,-1,7,6,8,-1,7,8,9,-1,9,8,10,-1,9,10,11,-1,11,10,12,-1,11,12,13,-1,13,12,14,-1,13,14,15,-1,15,14,16,-1,16,14,17,-1,16,17,18,-1,18,17,19,-1,18,19,20,-1,20,19,21,-1,20,21,22,-1,22,21,23,-1,22,23,24,-1,24,23,25,-1,24,25,26,-1,26,25,27,-1,26,27,28,-1,28,27,29,-1,28,29,30,-1,30,29,31,-1,31,29,32,-1,31,32,33,-1,33,32,34,-1,33,34,35,-1,35,34,36,-1,35,36,37,-1,37,36,38,-1,37,38,39,-1,39,38,40,-1,39,40,41,-1,41,40,42,-1,41,42,43,-1,43,42,44,-1,43,44,45,-1,45,44,46,-1,45,46,47,-1,47,46,48,-1,48,46,49,-1,48,49,50,-1,50,49,51,-1,50,51,52,-1,52,51,53,-1,52,53,54,-1,54,53,55,-1,54,55,56,-1,56,55,57,-1,56,57,58,-1,58,57,59,-1,58,59,60,-1,60,59,61,-1,60,61,62,-1,62,61,63,-1,63,61,1,-1,63,1,0,-1,64,65,48,-1,63,66,67,-1,67,68,63,-1,63,68,69,-1,63,69,62,-1,64,48,70,-1,71,72,73,-1,74,75,63,-1,63,75,76,-1,63,76,66,-1,77,78,50,-1,50,78,79,-1,50,79,48,-1,48,79,80,-1,48,80,70,-1,81,82,72,-1,72,82,83,-1,72,83,73,-1,74,84,75,-1,75,84,85,-1,75,85,86,-1,86,85,87,-1,86,87,88,-1,88,87,89,-1,88,89,90,-1,90,89,91,-1,90,91,92,-1,92,91,93,-1,92,93,81,-1,81,93,94,-1,81,94,82,-1,69,95,62,-1,62,95,96,-1,62,96,60,-1,60,96,97,-1,60,97,58,-1,58,97,98,-1,50,52,77,-1,77,52,54,-1,77,54,98,-1,98,54,56,-1,98,56,58,-1,39,99,37,-1,37,99,100,-1,37,100,35,-1,35,100,33,-1,101,102,48,-1,48,102,103,-1,48,103,47,-1,103,104,47,-1,47,104,105,-1,47,105,45,-1,45,105,106,-1,45,106,43,-1,43,106,99,-1,43,99,41,-1,41,99,39,-1,107,108,31,-1,31,108,109,-1,110,111,48,-1,48,111,112,-1,48,112,101,-1,113,114,115,-1,115,114,116,-1,115,116,117,-1,118,119,120,-1,120,119,121,-1,120,121,122,-1,122,121,123,-1,122,123,113,-1,113,123,124,-1,113,124,114,-1,65,71,48,-1,48,71,73,-1,48,73,110,-1,110,73,125,-1,110,125,126,-1,126,125,127,-1,126,127,118,-1,118,127,128,-1,118,128,119,-1,100,129,33,-1,33,129,130,-1,33,130,31,-1,31,130,131,-1,31,131,107,-1,132,133,134,-1,135,136,31,-1,31,136,137,-1,31,137,30,-1,138,139,31,-1,31,139,140,-1,31,140,135,-1,141,142,16,-1,16,142,143,-1,16,143,132,-1,144,145,146,-1,146,145,147,-1,146,147,133,-1,133,147,148,-1,133,148,134,-1,149,150,18,-1,18,150,151,-1,18,151,16,-1,16,151,152,-1,16,152,141,-1,109,117,31,-1,31,117,116,-1,31,116,138,-1,138,116,153,-1,138,153,154,-1,154,153,155,-1,154,155,156,-1,156,155,157,-1,156,157,158,-1,158,157,159,-1,158,159,144,-1,144,159,160,-1,144,160,145,-1,137,161,30,-1,30,161,162,-1,30,162,28,-1,28,162,163,-1,28,163,26,-1,26,163,164,-1,18,20,149,-1,149,20,22,-1,149,22,164,-1,164,22,24,-1,164,24,26,-1,165,166,63,-1,167,168,0,-1,0,168,169,-1,0,169,63,-1,63,169,170,-1,63,170,165,-1,171,172,16,-1,16,172,173,-1,173,174,16,-1,16,174,175,-1,16,175,15,-1,166,176,63,-1,63,176,177,-1,63,177,74,-1,74,177,178,-1,74,178,179,-1,132,134,16,-1,16,134,180,-1,16,180,171,-1,175,181,15,-1,15,181,182,-1,15,182,13,-1,13,182,183,-1,13,183,11,-1,11,183,184,-1,11,184,9,-1,0,3,167,-1,167,3,5,-1,167,5,184,-1,184,5,7,-1,184,7,9,-1,134,185,180,-1,180,185,186,-1,180,186,187,-1,187,186,188,-1,187,188,189,-1,189,188,190,-1,189,190,191,-1,191,190,192,-1,191,192,193,-1,193,192,194,-1,193,194,195,-1,195,194,196,-1,195,196,178,-1,178,196,197,-1,178,197,179,-1,
        ]
    }
}
Shape{
    appearance Appearance {
        material  Material {
            diffuseColor 0.25098039215686274 0.25098039215686274 0.25098039215686274
            specularColor 0.12549019607843137 0.12549019607843137 0.12549019607843137
            ambientIntensity 0.251
            transparency 0.0
            shininess 0.5
        }
    }
    geometry IndexedFaceSet {
        ccw TRUE
        solid FALSE
        coord DEF co Coordinate {
            point [
                -0.6425 -0.1958 1.2677, -0.6655 -0.1252 2.2717, -0.6772 -0.0735 1.2677, -0.6758 -0.0732 2.2717, -0.6839 -0.002 1.2677, -0.6831 -0.0368 2.2717, -0.689 0.0531 1.2677, -0.5849 -0.309 2.2717, -0.5967 -0.2914 2.2717, -0.5858 -0.3096 1.2677, -0.6365 -0.2105 2.2717, -0.6416 -0.1955 2.2717, -0.5466 -0.3663 2.2717, -0.5092 -0.411 1.2677, -0.5081 -0.4102 2.2717, -0.4872 -0.4341 2.2717, -0.4152 -0.4967 1.2677, -0.4194 -0.4935 2.2717, -0.3071 -0.5636 1.2677, -0.3445 -0.5436 2.2717, -0.415 -0.4964 2.2717, -0.1885 -0.6096 1.2677, -0.2637 -0.5834 2.2717, -0.3065 -0.5623 2.2717, -0.0635 -0.6317 2.2717, -0.0899 -0.63 2.2717, -0.0636 -0.6329 1.2677, -0.1783 -0.6124 2.2717, -0.1884 -0.609 2.2717, 0.0 -0.6359 2.2717, 0.0 -0.6329 1.2677, 0.0635 -0.6317 2.2717, 0.0636 -0.6329 1.2677, 0.0899 -0.63 2.2717, 0.1885 -0.6096 1.2677, 0.1783 -0.6124 2.2717, 0.3071 -0.5636 1.2677, 0.2637 -0.5834 2.2717, 0.1884 -0.609 2.2717, 0.4152 -0.4967 1.2677, 0.3445 -0.5436 2.2717, 0.3065 -0.5623 2.2717, 0.5081 -0.4102 2.2717, 0.4872 -0.4341 2.2717, 0.5092 -0.411 1.2677, 0.4194 -0.4935 2.2717, 0.415 -0.4964 2.2717, 0.5466 -0.3663 2.2717, 0.5858 -0.3096 1.2677, 0.5849 -0.309 2.2717, 0.5967 -0.2914 2.2717, 0.6425 -0.1958 1.2677, 0.6365 -0.2105 2.2717, 0.6772 -0.0735 1.2677, 0.6655 -0.1252 2.2717, 0.6416 -0.1955 2.2717, 0.6772 0.1797 1.2677, 0.6831 0.143 2.2717, 0.689 0.0531 1.2677, 0.689 0.0531 2.2717, 0.6839 -0.002 1.2677, 0.6831 -0.0368 2.2717, 0.6758 -0.0732 2.2717, 0.6425 0.302 1.2677, 0.6655 0.2314 2.2717, 0.6758 0.1794 2.2717, 0.5849 0.4152 2.2717, 0.5967 0.3976 2.2717, 0.5858 0.4158 1.2677, 0.6365 0.3168 2.2717, 0.6416 0.3017 2.2717, 0.5466 0.4725 2.2717, 0.5092 0.5173 1.2677, 0.5081 0.5164 2.2717, 0.4872 0.5403 2.2717, 0.4152 0.6029 1.2677, 0.4194 0.5997 2.2717, 0.3071 0.6699 1.2677, 0.3445 0.6498 2.2717, 0.415 0.6027 2.2717, 0.1885 0.7158 1.2677, 0.2637 0.6896 2.2717, 0.3065 0.6685 2.2717, 0.0635 0.7379 2.2717, 0.0899 0.7362 2.2717, 0.0636 0.7392 1.2677, 0.1783 0.7186 2.2717, 0.1884 0.7152 2.2717, 0.0 0.7421 2.2717, 0.0 0.7392 1.2677, -0.0635 0.7379 2.2717, -0.0636 0.7392 1.2677, -0.0899 0.7362 2.2717, -0.1885 0.7158 1.2677, -0.1783 0.7186 2.2717, -0.3071 0.6699 1.2677, -0.2637 0.6896 2.2717, -0.1884 0.7152 2.2717, -0.4152 0.6029 1.2677, -0.3445 0.6498 2.2717, -0.3065 0.6685 2.2717, -0.5081 0.5164 2.2717, -0.4872 0.5403 2.2717, -0.5092 0.5173 1.2677, -0.4194 0.5997 2.2717, -0.415 0.6027 2.2717, -0.5466 0.4725 2.2717, -0.5858 0.4158 1.2677, -0.5849 0.4152 2.2717, -0.5967 0.3976 2.2717, -0.6425 0.302 1.2677, -0.6365 0.3168 2.2717, -0.6772 0.1797 1.2677, -0.6655 0.2314 2.2717, -0.6416 0.3017 2.2717, -0.689 0.0531 2.2717, -0.6831 0.143 2.2717, -0.6758 0.1794 2.2717, 0.5514 -0.0946 2.3898, 0.566 -0.0214 2.3898, 0.0 0.0531 2.3898, 0.5709 0.0531 2.3898, 0.566 0.1276 2.3898, 0.4529 -0.2944 2.3898, 0.4944 -0.2323 2.3898, 0.5274 -0.1653 2.3898, 0.2854 -0.4413 2.3898, 0.3475 -0.3998 2.3898, 0.4037 -0.3505 2.3898, 0.0745 -0.5129 2.3898, 0.1478 -0.4983 2.3898, 0.2185 -0.4743 2.3898, -0.1478 -0.4983 2.3898, -0.0745 -0.5129 2.3898, 0.0 -0.5178 2.3898, -0.3475 -0.3998 2.3898, -0.2854 -0.4413 2.3898, -0.2185 -0.4743 2.3898, -0.4944 -0.2323 2.3898, -0.4529 -0.2944 2.3898, -0.4037 -0.3505 2.3898, -0.566 -0.0214 2.3898, -0.5514 -0.0946 2.3898, -0.5274 -0.1653 2.3898, -0.5514 0.2009 2.3898, -0.566 0.1276 2.3898, -0.5709 0.0531 2.3898, -0.4529 0.4006 2.3898, -0.4944 0.3385 2.3898, -0.5274 0.2716 2.3898, -0.2854 0.5475 2.3898, -0.3475 0.506 2.3898, -0.4037 0.4568 2.3898, -0.0745 0.6191 2.3898, -0.1478 0.6045 2.3898, -0.2185 0.5805 2.3898, 0.1478 0.6045 2.3898, 0.0745 0.6191 2.3898, 0.0 0.624 2.3898, 0.3475 0.506 2.3898, 0.2854 0.5475 2.3898, 0.2185 0.5805 2.3898, 0.4944 0.3385 2.3898, 0.4529 0.4006 2.3898, 0.4037 0.4568 2.3898, 0.5514 0.2009 2.3898, 0.5274 0.2716 2.3898, 0.6616 0.2304 2.3022, 0.6328 0.3152 2.3022, 0.5434 0.4701 2.3022, 0.3425 0.6463 2.3022, 0.2621 0.6859 2.3022, 0.1773 0.7147 2.3022, 0.0 0.7381 2.3022, -0.2621 0.6859 2.3022, -0.417 0.5965 2.3022, -0.5434 0.4701 2.3022, -0.6616 0.2304 2.3022, -0.6616 -0.1242 2.3022, -0.6328 -0.209 2.3022, -0.5434 -0.3639 2.3022, -0.3425 -0.5401 2.3022, -0.2621 -0.5797 2.3022, -0.1773 -0.6085 2.3022, 0.0 -0.6318 2.3022, 0.2621 -0.5797 2.3022, 0.417 -0.4903 2.3022, 0.5434 -0.3639 2.3022, 0.6616 -0.1242 2.3022, 0.5963 -0.0254 2.3857, 0.5809 -0.1025 2.3857, 0.6245 -0.0291 2.3739, 0.6085 -0.1099 2.3739, 0.6488 -0.0323 2.3552, 0.6321 -0.1163 2.3552, 0.6674 -0.0347 2.3307, 0.6502 -0.1211 2.3307, 0.6791 -0.0363 2.3022, 0.5209 -0.2476 2.3857, 0.4772 -0.313 2.3857, 0.5455 -0.2618 2.3739, 0.4998 -0.3304 2.3739, 0.5667 -0.2741 2.3552, 0.5192 -0.3452 2.3552, 0.583 -0.2835 2.3307, 0.534 -0.3567 2.3307, 0.5932 -0.2894 2.3022, 0.3007 -0.4677 2.3857, 0.2302 -0.5025 2.3857, 0.315 -0.4924 2.3739, 0.2411 -0.5289 2.3739, 0.3272 -0.5136 2.3552, 0.2504 -0.5515 2.3552, 0.3366 -0.5299 2.3307, 0.2576 -0.5688 2.3307, 0.3425 -0.5401 2.3022, 0.0785 -0.5432 2.3857, 0.0 -0.5483 2.3857, 0.0822 -0.5714 2.3739, 0.0 -0.5768 2.3739, 0.0854 -0.5957 2.3552, 0.0 -0.6013 2.3552, 0.0879 -0.6143 2.3307, 0.0 -0.62 2.3307, 0.0894 -0.626 2.3022, -0.4253 -0.3722 2.3857, -0.4772 -0.313 2.3857, -0.4454 -0.3923 2.3739, -0.4998 -0.3304 2.3739, -0.4627 -0.4096 2.3552, -0.5192 -0.3452 2.3552, -0.476 -0.4229 2.3307, -0.534 -0.3567 2.3307, -0.4843 -0.4312 2.3022, -0.5963 0.1316 2.3857, -0.5809 0.2088 2.3857, -0.6245 0.1353 2.3739, -0.6085 0.2162 2.3739, -0.6488 0.1385 2.3552, -0.6321 0.2225 2.3552, -0.6674 0.141 2.3307, -0.6502 0.2273 2.3307, -0.6791 0.1425 2.3022, -0.5209 0.3538 2.3857, -0.4772 0.4192 2.3857, -0.5455 0.3681 2.3739, -0.4998 0.4366 2.3739, -0.5667 0.3803 2.3552, -0.5192 0.4515 2.3552, -0.583 0.3897 2.3307, -0.534 0.4629 2.3307, -0.5932 0.3956 2.3022, -0.3007 0.574 2.3857, -0.2302 0.6088 2.3857, -0.315 0.5986 2.3739, -0.2411 0.6351 2.3739, -0.3272 0.6198 2.3552, -0.2504 0.6577 2.3552, -0.3366 0.6361 2.3307, -0.2576 0.675 2.3307, -0.3425 0.6463 2.3022, -0.0785 0.6494 2.3857, 0.0 0.6545 2.3857, -0.0822 0.6776 2.3739, 0.0 0.683 2.3739, -0.0854 0.7019 2.3552, 0.0 0.7075 2.3552, -0.0879 0.7205 2.3307, 0.0 0.7263 2.3307, -0.0894 0.7322 2.3022, 0.4253 0.4784 2.3857, 0.4772 0.4192 2.3857, 0.4454 0.4985 2.3739, 0.4998 0.4366 2.3739, 0.4627 0.5158 2.3552, 0.5192 0.4515 2.3552, 0.476 0.5291 2.3307, 0.534 0.4629 2.3307, 0.4843 0.5374 2.3022, 0.6014 0.0531 2.3857, 0.6299 0.0531 2.3739, 0.6544 0.0531 2.3552, 0.6732 0.0531 2.3307, 0.685 0.0531 2.3022, 0.6328 -0.209 2.3022, 0.6219 -0.2045 2.3307, 0.6046 -0.1973 2.3552, 0.582 -0.1879 2.3739, 0.5557 -0.177 2.3857, 0.4843 -0.4312 2.3022, 0.476 -0.4229 2.3307, 0.4627 -0.4096 2.3552, 0.4454 -0.3923 2.3739, 0.4253 -0.3722 2.3857, 0.3661 -0.424 2.3857, 0.3835 -0.4466 2.3739, 0.3984 -0.466 2.3552, 0.4098 -0.4809 2.3307, 0.1773 -0.6085 2.3022, 0.1742 -0.5971 2.3307, 0.1694 -0.579 2.3552, 0.163 -0.5553 2.3739, 0.1557 -0.5278 2.3857, -0.0894 -0.626 2.3022, -0.0879 -0.6143 2.3307, -0.0854 -0.5957 2.3552, -0.0822 -0.5714 2.3739, -0.0785 -0.5432 2.3857, -0.1557 -0.5278 2.3857, -0.163 -0.5553 2.3739, -0.1694 -0.579 2.3552, -0.1742 -0.5971 2.3307, -0.2576 -0.5688 2.3307, -0.2504 -0.5515 2.3552, -0.2411 -0.5289 2.3739, -0.2302 -0.5025 2.3857, -0.3366 -0.5299 2.3307, -0.3272 -0.5136 2.3552, -0.315 -0.4924 2.3739, -0.3007 -0.4677 2.3857, -0.417 -0.4903 2.3022, -0.4098 -0.4809 2.3307, -0.3984 -0.466 2.3552, -0.3835 -0.4466 2.3739, -0.3661 -0.424 2.3857, -0.5932 -0.2894 2.3022, -0.583 -0.2835 2.3307, -0.5667 -0.2741 2.3552, -0.5455 -0.2618 2.3739, -0.5209 -0.2476 2.3857, -0.5557 -0.177 2.3857, -0.582 -0.1879 2.3739, -0.6046 -0.1973 2.3552, -0.6219 -0.2045 2.3307, -0.6502 -0.1211 2.3307, -0.6321 -0.1163 2.3552, -0.6085 -0.1099 2.3739, -0.5809 -0.1025 2.3857, -0.6791 -0.0363 2.3022, -0.6674 -0.0347 2.3307, -0.6488 -0.0323 2.3552, -0.6245 -0.0291 2.3739, -0.5963 -0.0254 2.3857, -0.6014 0.0531 2.3857, -0.6299 0.0531 2.3739, -0.6544 0.0531 2.3552, -0.6732 0.0531 2.3307, -0.685 0.0531 2.3022, -0.6328 0.3152 2.3022, -0.6219 0.3107 2.3307, -0.6046 0.3035 2.3552, -0.582 0.2942 2.3739, -0.5557 0.2833 2.3857, -0.4843 0.5374 2.3022, -0.476 0.5291 2.3307, -0.4627 0.5158 2.3552, -0.4454 0.4985 2.3739, -0.4253 0.4784 2.3857, -0.3661 0.5303 2.3857, -0.3835 0.5529 2.3739, -0.3984 0.5723 2.3552, -0.4098 0.5872 2.3307, -0.1773 0.7147 2.3022, -0.1742 0.7033 2.3307, -0.1694 0.6852 2.3552, -0.163 0.6616 2.3739, -0.1557 0.6341 2.3857, 0.0894 0.7322 2.3022, 0.0879 0.7205 2.3307, 0.0854 0.7019 2.3552, 0.0822 0.6776 2.3739, 0.0785 0.6494 2.3857, 0.1557 0.6341 2.3857, 0.163 0.6616 2.3739, 0.1694 0.6852 2.3552, 0.1742 0.7033 2.3307, 0.2576 0.675 2.3307, 0.2504 0.6577 2.3552, 0.2411 0.6351 2.3739, 0.2302 0.6088 2.3857, 0.3366 0.6361 2.3307, 0.3272 0.6198 2.3552, 0.315 0.5986 2.3739, 0.3007 0.574 2.3857, 0.417 0.5965 2.3022, 0.4098 0.5872 2.3307, 0.3984 0.5723 2.3552, 0.3835 0.5529 2.3739, 0.3661 0.5303 2.3857, 0.5932 0.3956 2.3022, 0.583 0.3897 2.3307, 0.5667 0.3803 2.3552, 0.5455 0.3681 2.3739, 0.5209 0.3538 2.3857, 0.5557 0.2833 2.3857, 0.582 0.2942 2.3739, 0.6046 0.3035 2.3552, 0.6219 0.3107 2.3307, 0.6502 0.2273 2.3307, 0.6321 0.2225 2.3552, 0.6085 0.2162 2.3739, 0.5809 0.2088 2.3857, 0.6791 0.1425 2.3022, 0.6674 0.141 2.3307, 0.6488 0.1385 2.3552, 0.6245 0.1353 2.3739, 0.5963 0.1316 2.3857, -1.0194 0.8205 1.2677, -1.0127 0.7696 1.2677, -1.0136 0.7734 1.3071, -0.993 0.7221 1.2677, -0.9968 0.7291 1.3071, -1.0122 0.7698 1.3071, -0.9617 0.6814 1.2677, -0.9699 0.69 1.3071, -0.9923 0.7226 1.3071, -0.9209 0.6501 1.2677, -0.9343 0.6585 1.3071, -0.961 0.6822 1.3071, -0.8735 0.6304 1.2677, -0.8923 0.6365 1.3071, -0.9203 0.6512 1.3071, -0.7988 0.6251 1.3071, -0.8225 0.6251 1.3071, -0.8225 0.6237 1.2677, -0.8462 0.6251 1.3071, -0.8731 0.6318 1.3071, -0.7719 0.6318 1.3071, -0.7716 0.6304 1.2677, -0.7527 0.6365 1.3071, -0.7241 0.6501 1.2677, -0.7247 0.6512 1.3071, -0.7107 0.6585 1.3071, -0.6833 0.6814 1.2677, -0.684 0.6822 1.3071, -0.6752 0.69 1.3071, -0.652 0.7221 1.2677, -0.6527 0.7226 1.3071, -0.6482 0.7291 1.3071, -0.6324 0.7696 1.2677, -0.6328 0.7698 1.3071, -0.6314 0.7734 1.3071, -0.6257 0.8205 1.2677, -0.6257 0.8205 1.3071, -0.6314 0.8677 1.3071, -0.6324 0.8715 1.2677, -0.6328 0.8713 1.3071, -0.6482 0.912 1.3071, -0.652 0.919 1.2677, -0.6527 0.9185 1.3071, -0.6752 0.9511 1.3071, -0.6833 0.9597 1.2677, -0.684 0.9589 1.3071, -0.7107 0.9826 1.3071, -0.7241 0.991 1.2677, -0.7247 0.9899 1.3071, -0.7527 1.0046 1.3071, -0.7716 1.0107 1.2677, -0.7719 1.0093 1.3071, -0.7988 1.016 1.3071, -0.8225 1.0174 1.2677, -0.8225 1.016 1.3071, -0.9209 0.991 1.2677, -0.8923 1.0046 1.3071, -0.8735 1.0107 1.2677, -0.8731 1.0093 1.3071, -0.8462 1.016 1.3071, -0.9617 0.9597 1.2677, -0.9343 0.9826 1.3071, -0.9203 0.9899 1.3071, -0.993 0.919 1.2677, -0.9699 0.9511 1.3071, -0.961 0.9589 1.3071, -1.0127 0.8715 1.2677, -0.9968 0.912 1.3071, -0.9923 0.9185 1.3071, -1.0194 0.8205 1.3071, -1.0136 0.8677 1.3071, -1.0122 0.8713 1.3071, -0.7044 0.8205 1.3858, -0.7078 0.8488 1.3858, -0.8225 0.8205 1.3858, -0.7078 0.7923 1.3858, -0.7554 0.7233 1.3858, -0.7341 0.7422 1.3858, -0.7179 0.7657 1.3858, -0.8368 0.7033 1.3858, -0.8083 0.7033 1.3858, -0.7806 0.7101 1.3858, -0.9109 0.7422 1.3858, -0.8896 0.7233 1.3858, -0.8644 0.7101 1.3858, -0.9406 0.8205 1.3858, -0.9372 0.7923 1.3858, -0.9271 0.7657 1.3858, -0.9109 0.8989 1.3858, -0.9271 0.8754 1.3858, -0.9372 0.8488 1.3858, -0.8368 0.9378 1.3858, -0.8644 0.931 1.3858, -0.8896 0.9177 1.3858, -0.7554 0.9177 1.3858, -0.7806 0.931 1.3858, -0.8083 0.9378 1.3858, -0.7179 0.8754 1.3858, -0.7341 0.8989 1.3858, -0.6506 0.9108 1.3275, -0.6772 0.9493 1.3275, -0.7122 0.9803 1.3275, -0.7537 1.0021 1.3275, -0.9328 0.9803 1.3275, -0.9678 0.9493 1.3275, -0.9944 0.9108 1.3275, -1.011 0.867 1.3275, -0.9944 0.7303 1.3275, -0.9678 0.6918 1.3275, -0.9328 0.6607 1.3275, -0.8914 0.639 1.3275, -0.7122 0.6607 1.3275, -0.6772 0.6918 1.3275, -0.6506 0.7303 1.3275, -0.634 0.7741 1.3275, -0.7734 0.6911 1.3831, -0.8058 0.6831 1.3831, -0.7667 0.6733 1.3753, -0.8035 0.6642 1.3753, -0.7609 0.6581 1.3628, -0.8016 0.648 1.3628, -0.7565 0.6464 1.3465, -0.8716 0.95 1.3831, -0.8392 0.958 1.3831, -0.8784 0.9678 1.3753, -0.8415 0.9769 1.3753, -0.8841 0.983 1.3628, -0.8435 0.9931 1.3628, -0.8886 0.9947 1.3465, -0.7438 0.7066 1.3831, -0.7331 0.6909 1.3753, -0.7238 0.6775 1.3628, -0.7167 0.6672 1.3465, -0.9012 0.9345 1.3831, -0.912 0.9501 1.3753, -0.9212 0.9636 1.3628, -0.9283 0.9739 1.3465, -0.8001 0.6356 1.3465, -0.7991 0.6278 1.3275, -0.7537 0.639 1.3275, -0.845 1.0055 1.3465, -0.8459 1.0133 1.3275, -0.8914 1.0021 1.3275, -0.684 0.8205 1.3831, -0.688 0.7874 1.3831, -0.665 0.8205 1.3753, -0.6696 0.7829 1.3753, -0.6487 0.8205 1.3628, -0.6538 0.779 1.3628, -0.6362 0.8205 1.3465, -0.6416 0.776 1.3465, -0.6283 0.8205 1.3275, -0.6576 0.734 1.3465, -0.6686 0.7398 1.3628, -0.6831 0.7474 1.3753, -0.6999 0.7562 1.3831, -0.6831 0.697 1.3465, -0.6924 0.7053 1.3628, -0.7046 0.7161 1.3753, -0.7189 0.7287 1.3831, -0.8459 0.6278 1.3275, -0.845 0.6356 1.3465, -0.8435 0.648 1.3628, -0.8415 0.6642 1.3753, -0.8392 0.6831 1.3831, -0.8886 0.6464 1.3465, -0.8841 0.6581 1.3628, -0.8784 0.6733 1.3753, -0.8716 0.6911 1.3831, -0.9283 0.6672 1.3465, -0.9212 0.6775 1.3628, -0.912 0.6909 1.3753, -0.9012 0.7066 1.3831, -0.962 0.697 1.3465, -0.9526 0.7053 1.3628, -0.9404 0.7161 1.3753, -0.9262 0.7287 1.3831, -0.9875 0.734 1.3465, -0.9764 0.7398 1.3628, -0.962 0.7474 1.3753, -0.9451 0.7562 1.3831, -1.011 0.7741 1.3275, -1.0034 0.776 1.3465, -0.9913 0.779 1.3628, -0.9754 0.7829 1.3753, -0.957 0.7874 1.3831, -0.961 0.8205 1.3831, -0.98 0.8205 1.3753, -0.9963 0.8205 1.3628, -1.0088 0.8205 1.3465, -1.0167 0.8205 1.3275, -0.957 0.8537 1.3831, -0.9754 0.8582 1.3753, -0.9913 0.8621 1.3628, -1.0034 0.8651 1.3465, -0.9875 0.9071 1.3465, -0.9764 0.9013 1.3628, -0.962 0.8937 1.3753, -0.9451 0.8849 1.3831, -0.962 0.9441 1.3465, -0.9526 0.9358 1.3628, -0.9404 0.925 1.3753, -0.9262 0.9124 1.3831, -0.7991 1.0133 1.3275, -0.8001 1.0055 1.3465, -0.8016 0.9931 1.3628, -0.8035 0.9769 1.3753, -0.8058 0.958 1.3831, -0.7565 0.9947 1.3465, -0.7609 0.983 1.3628, -0.7667 0.9678 1.3753, -0.7734 0.95 1.3831, -0.7167 0.9739 1.3465, -0.7238 0.9636 1.3628, -0.7331 0.9501 1.3753, -0.7438 0.9345 1.3831, -0.6831 0.9441 1.3465, -0.6924 0.9358 1.3628, -0.7046 0.925 1.3753, -0.7189 0.9124 1.3831, -0.6576 0.9071 1.3465, -0.6686 0.9013 1.3628, -0.6831 0.8937 1.3753, -0.6999 0.8849 1.3831, -0.634 0.867 1.3275, -0.6416 0.8651 1.3465, -0.6538 0.8621 1.3628, -0.6696 0.8582 1.3753, -0.688 0.8537 1.3831, 0.6257 0.8205 1.2677, 0.6324 0.7696 1.2677, 0.6314 0.7734 1.3071, 0.652 0.7221 1.2677, 0.6482 0.7291 1.3071, 0.6328 0.7698 1.3071, 0.6833 0.6814 1.2677, 0.6752 0.69 1.3071, 0.6527 0.7226 1.3071, 0.7241 0.6501 1.2677, 0.7107 0.6585 1.3071, 0.684 0.6822 1.3071, 0.7716 0.6304 1.2677, 0.7527 0.6365 1.3071, 0.7247 0.6512 1.3071, 0.8462 0.6251 1.3071, 0.8225 0.6251 1.3071, 0.8225 0.6237 1.2677, 0.7988 0.6251 1.3071, 0.7719 0.6318 1.3071, 0.8731 0.6318 1.3071, 0.8735 0.6304 1.2677, 0.8923 0.6365 1.3071, 0.9209 0.6501 1.2677, 0.9203 0.6512 1.3071, 0.9343 0.6585 1.3071, 0.9617 0.6814 1.2677, 0.961 0.6822 1.3071, 0.9699 0.69 1.3071, 0.993 0.7221 1.2677, 0.9923 0.7226 1.3071, 0.9968 0.7291 1.3071, 1.0127 0.7696 1.2677, 1.0122 0.7698 1.3071, 1.0136 0.7734 1.3071, 1.0194 0.8205 1.2677, 1.0194 0.8205 1.3071, 1.0136 0.8677 1.3071, 1.0127 0.8715 1.2677, 1.0122 0.8713 1.3071, 0.9968 0.912 1.3071, 0.993 0.919 1.2677, 0.9923 0.9185 1.3071, 0.9699 0.9511 1.3071, 0.9617 0.9597 1.2677, 0.961 0.9589 1.3071, 0.9343 0.9826 1.3071, 0.9209 0.991 1.2677, 0.9203 0.9899 1.3071, 0.8923 1.0046 1.3071, 0.8735 1.0107 1.2677, 0.8731 1.0093 1.3071, 0.8462 1.016 1.3071, 0.8225 1.0174 1.2677, 0.8225 1.016 1.3071, 0.7241 0.991 1.2677, 0.7527 1.0046 1.3071, 0.7716 1.0107 1.2677, 0.7719 1.0093 1.3071, 0.7988 1.016 1.3071, 0.6833 0.9597 1.2677, 0.7107 0.9826 1.3071, 0.7247 0.9899 1.3071, 0.652 0.919 1.2677, 0.6752 0.9511 1.3071, 0.684 0.9589 1.3071, 0.6324 0.8715 1.2677, 0.6482 0.912 1.3071, 0.6527 0.9185 1.3071, 0.6257 0.8205 1.3071, 0.6314 0.8677 1.3071, 0.6328 0.8713 1.3071, 0.9406 0.8205 1.3858, 0.9372 0.8488 1.3858, 0.8225 0.8205 1.3858, 0.9372 0.7923 1.3858, 0.8896 0.7233 1.3858, 0.9109 0.7422 1.3858, 0.9271 0.7657 1.3858, 0.8083 0.7033 1.3858, 0.8368 0.7033 1.3858, 0.8644 0.7101 1.3858, 0.7341 0.7422 1.3858, 0.7554 0.7233 1.3858, 0.7806 0.7101 1.3858, 0.7044 0.8205 1.3858, 0.7078 0.7923 1.3858, 0.7179 0.7657 1.3858, 0.7341 0.8989 1.3858, 0.7179 0.8754 1.3858, 0.7078 0.8488 1.3858, 0.8083 0.9378 1.3858, 0.7806 0.931 1.3858, 0.7554 0.9177 1.3858, 0.8896 0.9177 1.3858, 0.8644 0.931 1.3858, 0.8368 0.9378 1.3858, 0.9271 0.8754 1.3858, 0.9109 0.8989 1.3858, 0.9944 0.9108 1.3275, 0.9678 0.9493 1.3275, 0.9328 0.9803 1.3275, 0.8914 1.0021 1.3275, 0.7122 0.9803 1.3275, 0.6772 0.9493 1.3275, 0.6506 0.9108 1.3275, 0.634 0.867 1.3275, 0.6506 0.7303 1.3275, 0.6772 0.6918 1.3275, 0.7122 0.6607 1.3275, 0.7537 0.639 1.3275, 0.9328 0.6607 1.3275, 0.9678 0.6918 1.3275, 0.9944 0.7303 1.3275, 1.011 0.7741 1.3275, 0.8716 0.6911 1.3831, 0.8392 0.6831 1.3831, 0.8784 0.6733 1.3753, 0.8415 0.6642 1.3753, 0.8841 0.6581 1.3628, 0.8435 0.648 1.3628, 0.8886 0.6464 1.3465, 0.7734 0.95 1.3831, 0.8058 0.958 1.3831, 0.7667 0.9678 1.3753, 0.8035 0.9769 1.3753, 0.7609 0.983 1.3628, 0.8016 0.9931 1.3628, 0.7565 0.9947 1.3465, 0.9012 0.7066 1.3831, 0.912 0.6909 1.3753, 0.9212 0.6775 1.3628, 0.9283 0.6672 1.3465, 0.7438 0.9345 1.3831, 0.7331 0.9501 1.3753, 0.7238 0.9636 1.3628, 0.7167 0.9739 1.3465, 0.845 0.6356 1.3465, 0.8459 0.6278 1.3275, 0.8914 0.639 1.3275, 0.8001 1.0055 1.3465, 0.7991 1.0133 1.3275, 0.7537 1.0021 1.3275, 0.961 0.8205 1.3831, 0.957 0.7874 1.3831, 0.98 0.8205 1.3753, 0.9754 0.7829 1.3753, 0.9963 0.8205 1.3628, 0.9913 0.779 1.3628, 1.0088 0.8205 1.3465, 1.0034 0.776 1.3465, 1.0167 0.8205 1.3275, 0.9875 0.734 1.3465, 0.9764 0.7398 1.3628, 0.962 0.7474 1.3753, 0.9451 0.7562 1.3831, 0.962 0.697 1.3465, 0.9526 0.7053 1.3628, 0.9404 0.7161 1.3753, 0.9262 0.7287 1.3831, 0.7991 0.6278 1.3275, 0.8001 0.6356 1.3465, 0.8016 0.648 1.3628, 0.8035 0.6642 1.3753, 0.8058 0.6831 1.3831, 0.7565 0.6464 1.3465, 0.7609 0.6581 1.3628, 0.7667 0.6733 1.3753, 0.7734 0.6911 1.3831, 0.7167 0.6672 1.3465, 0.7238 0.6775 1.3628, 0.7331 0.6909 1.3753, 0.7438 0.7066 1.3831, 0.6831 0.697 1.3465, 0.6924 0.7053 1.3628, 0.7046 0.7161 1.3753, 0.7189 0.7287 1.3831, 0.6576 0.734 1.3465, 0.6686 0.7398 1.3628, 0.6831 0.7474 1.3753, 0.6999 0.7562 1.3831, 0.634 0.7741 1.3275, 0.6416 0.776 1.3465, 0.6538 0.779 1.3628, 0.6696 0.7829 1.3753, 0.688 0.7874 1.3831, 0.684 0.8205 1.3831, 0.665 0.8205 1.3753, 0.6487 0.8205 1.3628, 0.6362 0.8205 1.3465, 0.6283 0.8205 1.3275, 0.688 0.8537 1.3831, 0.6696 0.8582 1.3753, 0.6538 0.8621 1.3628, 0.6416 0.8651 1.3465, 0.6576 0.9071 1.3465, 0.6686 0.9013 1.3628, 0.6831 0.8937 1.3753, 0.6999 0.8849 1.3831, 0.6831 0.9441 1.3465, 0.6924 0.9358 1.3628, 0.7046 0.925 1.3753, 0.7189 0.9124 1.3831, 0.8459 1.0133 1.3275, 0.845 1.0055 1.3465, 0.8435 0.9931 1.3628, 0.8415 0.9769 1.3753, 0.8392 0.958 1.3831, 0.8886 0.9947 1.3465, 0.8841 0.983 1.3628, 0.8784 0.9678 1.3753, 0.8716 0.95 1.3831, 0.9283 0.9739 1.3465, 0.9212 0.9636 1.3628, 0.912 0.9501 1.3753, 0.9012 0.9345 1.3831, 0.962 0.9441 1.3465, 0.9526 0.9358 1.3628, 0.9404 0.925 1.3753, 0.9262 0.9124 1.3831, 0.9875 0.9071 1.3465, 0.9764 0.9013 1.3628, 0.962 0.8937 1.3753, 0.9451 0.8849 1.3831, 1.011 0.867 1.3275, 1.0034 0.8651 1.3465, 0.9913 0.8621 1.3628, 0.9754 0.8582 1.3753, 0.957 0.8537 1.3831, 0.6257 -0.8245 1.2677, 0.6324 -0.8754 1.2677, 0.6314 -0.8716 1.3071, 0.652 -0.9229 1.2677, 0.6482 -0.916 1.3071, 0.6328 -0.8753 1.3071, 0.6833 -0.9637 1.2677, 0.6752 -0.955 1.3071, 0.6527 -0.9225 1.3071, 0.7241 -0.995 1.2677, 0.7107 -0.9865 1.3071, 0.684 -0.9629 1.3071, 0.7716 -1.0146 1.2677, 0.7527 -1.0085 1.3071, 0.7247 -0.9938 1.3071, 0.8462 -1.0199 1.3071, 0.8225 -1.0199 1.3071, 0.8225 -1.0213 1.2677, 0.7988 -1.0199 1.3071, 0.7719 -1.0133 1.3071, 0.8731 -1.0133 1.3071, 0.8735 -1.0146 1.2677, 0.8923 -1.0085 1.3071, 0.9209 -0.995 1.2677, 0.9203 -0.9938 1.3071, 0.9343 -0.9865 1.3071, 0.9617 -0.9637 1.2677, 0.961 -0.9629 1.3071, 0.9699 -0.955 1.3071, 0.993 -0.9229 1.2677, 0.9923 -0.9225 1.3071, 0.9968 -0.916 1.3071, 1.0127 -0.8754 1.2677, 1.0122 -0.8753 1.3071, 1.0136 -0.8716 1.3071, 1.0194 -0.8245 1.2677, 1.0194 -0.8245 1.3071, 1.0136 -0.7774 1.3071, 1.0127 -0.7735 1.2677, 1.0122 -0.7737 1.3071, 0.9968 -0.733 1.3071, 0.993 -0.7261 1.2677, 0.9923 -0.7265 1.3071, 0.9699 -0.6939 1.3071, 0.9617 -0.6853 1.2677, 0.961 -0.6861 1.3071, 0.9343 -0.6625 1.3071, 0.9209 -0.654 1.2677, 0.9203 -0.6551 1.3071, 0.8923 -0.6404 1.3071, 0.8735 -0.6343 1.2677, 0.8731 -0.6357 1.3071, 0.8462 -0.6291 1.3071, 0.8225 -0.6276 1.2677, 0.8225 -0.6291 1.3071, 0.7241 -0.654 1.2677, 0.7527 -0.6404 1.3071, 0.7716 -0.6343 1.2677, 0.7719 -0.6357 1.3071, 0.7988 -0.6291 1.3071, 0.6833 -0.6853 1.2677, 0.7107 -0.6625 1.3071, 0.7247 -0.6551 1.3071, 0.652 -0.7261 1.2677, 0.6752 -0.6939 1.3071, 0.684 -0.6861 1.3071, 0.6324 -0.7735 1.2677, 0.6482 -0.733 1.3071, 0.6527 -0.7265 1.3071, 0.6257 -0.8245 1.3071, 0.6314 -0.7774 1.3071, 0.6328 -0.7737 1.3071, 0.9406 -0.8245 1.3858, 0.9372 -0.7962 1.3858, 0.8225 -0.8245 1.3858, 0.9372 -0.8527 1.3858, 0.8896 -0.9217 1.3858, 0.9109 -0.9028 1.3858, 0.9271 -0.8794 1.3858, 0.8083 -0.9417 1.3858, 0.8368 -0.9417 1.3858, 0.8644 -0.9349 1.3858, 0.7341 -0.9028 1.3858, 0.7554 -0.9217 1.3858, 0.7806 -0.9349 1.3858, 0.7044 -0.8245 1.3858, 0.7078 -0.8527 1.3858, 0.7179 -0.8794 1.3858, 0.7341 -0.7462 1.3858, 0.7179 -0.7696 1.3858, 0.7078 -0.7962 1.3858, 0.8083 -0.7072 1.3858, 0.7806 -0.714 1.3858, 0.7554 -0.7273 1.3858, 0.8896 -0.7273 1.3858, 0.8644 -0.714 1.3858, 0.8368 -0.7072 1.3858, 0.9271 -0.7696 1.3858, 0.9109 -0.7462 1.3858, 0.9944 -0.7342 1.3275, 0.9678 -0.6957 1.3275, 0.9328 -0.6647 1.3275, 0.8914 -0.6429 1.3275, 0.7122 -0.6647 1.3275, 0.6772 -0.6957 1.3275, 0.6506 -0.7342 1.3275, 0.634 -0.778 1.3275, 0.6506 -0.9147 1.3275, 0.6772 -0.9532 1.3275, 0.7122 -0.9843 1.3275, 0.7537 -1.006 1.3275, 0.9328 -0.9843 1.3275, 0.9678 -0.9532 1.3275, 0.9944 -0.9147 1.3275, 1.011 -0.8709 1.3275, 0.8716 -0.954 1.3831, 0.8392 -0.962 1.3831, 0.8784 -0.9717 1.3753, 0.8415 -0.9808 1.3753, 0.8841 -0.987 1.3628, 0.8435 -0.997 1.3628, 0.8886 -0.9987 1.3465, 0.7734 -0.695 1.3831, 0.8058 -0.687 1.3831, 0.7667 -0.6772 1.3753, 0.8035 -0.6682 1.3753, 0.7609 -0.662 1.3628, 0.8016 -0.652 1.3628, 0.7565 -0.6503 1.3465, 0.9012 -0.9385 1.3831, 0.912 -0.9541 1.3753, 0.9212 -0.9675 1.3628, 0.9283 -0.9778 1.3465, 0.7438 -0.7105 1.3831, 0.7331 -0.6949 1.3753, 0.7238 -0.6815 1.3628, 0.7167 -0.6712 1.3465, 0.845 -1.0094 1.3465, 0.8459 -1.0172 1.3275, 0.8914 -1.006 1.3275, 0.8001 -0.6395 1.3465, 0.7991 -0.6317 1.3275, 0.7537 -0.6429 1.3275, 0.961 -0.8245 1.3831, 0.957 -0.8576 1.3831, 0.98 -0.8245 1.3753, 0.9754 -0.8622 1.3753, 0.9963 -0.8245 1.3628, 0.9913 -0.8661 1.3628, 1.0088 -0.8245 1.3465, 1.0034 -0.8691 1.3465, 1.0167 -0.8245 1.3275, 0.9875 -0.9111 1.3465, 0.9764 -0.9052 1.3628, 0.962 -0.8977 1.3753, 0.9451 -0.8888 1.3831, 0.962 -0.948 1.3465, 0.9526 -0.9397 1.3628, 0.9404 -0.9289 1.3753, 0.9262 -0.9163 1.3831, 0.7991 -1.0172 1.3275, 0.8001 -1.0094 1.3465, 0.8016 -0.997 1.3628, 0.8035 -0.9808 1.3753, 0.8058 -0.962 1.3831, 0.7565 -0.9987 1.3465, 0.7609 -0.987 1.3628, 0.7667 -0.9717 1.3753, 0.7734 -0.954 1.3831, 0.7167 -0.9778 1.3465, 0.7238 -0.9675 1.3628, 0.7331 -0.9541 1.3753, 0.7438 -0.9385 1.3831, 0.6831 -0.948 1.3465, 0.6924 -0.9397 1.3628, 0.7046 -0.9289 1.3753, 0.7189 -0.9163 1.3831, 0.6576 -0.9111 1.3465, 0.6686 -0.9052 1.3628, 0.6831 -0.8977 1.3753, 0.6999 -0.8888 1.3831, 0.634 -0.8709 1.3275, 0.6416 -0.8691 1.3465, 0.6538 -0.8661 1.3628, 0.6696 -0.8622 1.3753, 0.688 -0.8576 1.3831, 0.684 -0.8245 1.3831, 0.665 -0.8245 1.3753, 0.6487 -0.8245 1.3628, 0.6362 -0.8245 1.3465, 0.6283 -0.8245 1.3275, 0.688 -0.7913 1.3831, 0.6696 -0.7868 1.3753, 0.6538 -0.7829 1.3628, 0.6416 -0.7799 1.3465, 0.6576 -0.7379 1.3465, 0.6686 -0.7437 1.3628, 0.6831 -0.7513 1.3753, 0.6999 -0.7601 1.3831, 0.6831 -0.7009 1.3465, 0.6924 -0.7092 1.3628, 0.7046 -0.7201 1.3753, 0.7189 -0.7326 1.3831, 0.8459 -0.6317 1.3275, 0.845 -0.6395 1.3465, 0.8435 -0.652 1.3628, 0.8415 -0.6682 1.3753, 0.8392 -0.687 1.3831, 0.8886 -0.6503 1.3465, 0.8841 -0.662 1.3628, 0.8784 -0.6772 1.3753, 0.8716 -0.695 1.3831, 0.9283 -0.6712 1.3465, 0.9212 -0.6815 1.3628, 0.912 -0.6949 1.3753, 0.9012 -0.7105 1.3831, 0.962 -0.7009 1.3465, 0.9526 -0.7092 1.3628, 0.9404 -0.7201 1.3753, 0.9262 -0.7326 1.3831, 0.9875 -0.7379 1.3465, 0.9764 -0.7437 1.3628, 0.962 -0.7513 1.3753, 0.9451 -0.7601 1.3831, 1.011 -0.778 1.3275, 1.0034 -0.7799 1.3465, 0.9913 -0.7829 1.3628, 0.9754 -0.7868 1.3753, 0.957 -0.7913 1.3831, -1.0194 -0.8245 1.2677, -1.0127 -0.8754 1.2677, -1.0136 -0.8716 1.3071, -0.993 -0.9229 1.2677, -0.9968 -0.916 1.3071, -1.0122 -0.8753 1.3071, -0.9617 -0.9637 1.2677, -0.9699 -0.955 1.3071, -0.9923 -0.9225 1.3071, -0.9209 -0.995 1.2677, -0.9343 -0.9865 1.3071, -0.961 -0.9629 1.3071, -0.8735 -1.0146 1.2677, -0.8923 -1.0085 1.3071, -0.9203 -0.9938 1.3071, -0.7988 -1.0199 1.3071, -0.8225 -1.0199 1.3071, -0.8225 -1.0213 1.2677, -0.8462 -1.0199 1.3071, -0.8731 -1.0133 1.3071, -0.7719 -1.0133 1.3071, -0.7716 -1.0146 1.2677, -0.7527 -1.0085 1.3071, -0.7241 -0.995 1.2677, -0.7247 -0.9938 1.3071, -0.7107 -0.9865 1.3071, -0.6833 -0.9637 1.2677, -0.684 -0.9629 1.3071, -0.6752 -0.955 1.3071, -0.652 -0.9229 1.2677, -0.6527 -0.9225 1.3071, -0.6482 -0.916 1.3071, -0.6324 -0.8754 1.2677, -0.6328 -0.8753 1.3071, -0.6314 -0.8716 1.3071, -0.6257 -0.8245 1.2677, -0.6257 -0.8245 1.3071, -0.6314 -0.7774 1.3071, -0.6324 -0.7735 1.2677, -0.6328 -0.7737 1.3071, -0.6482 -0.733 1.3071, -0.652 -0.7261 1.2677, -0.6527 -0.7265 1.3071, -0.6752 -0.6939 1.3071, -0.6833 -0.6853 1.2677, -0.684 -0.6861 1.3071, -0.7107 -0.6625 1.3071, -0.7241 -0.654 1.2677, -0.7247 -0.6551 1.3071, -0.7527 -0.6404 1.3071, -0.7716 -0.6343 1.2677, -0.7719 -0.6357 1.3071, -0.7988 -0.6291 1.3071, -0.8225 -0.6276 1.2677, -0.8225 -0.6291 1.3071, -0.9209 -0.654 1.2677, -0.8923 -0.6404 1.3071, -0.8735 -0.6343 1.2677, -0.8731 -0.6357 1.3071, -0.8462 -0.6291 1.3071, -0.9617 -0.6853 1.2677, -0.9343 -0.6625 1.3071, -0.9203 -0.6551 1.3071, -0.993 -0.7261 1.2677, -0.9699 -0.6939 1.3071, -0.961 -0.6861 1.3071, -1.0127 -0.7735 1.2677, -0.9968 -0.733 1.3071, -0.9923 -0.7265 1.3071, -1.0194 -0.8245 1.3071, -1.0136 -0.7774 1.3071, -1.0122 -0.7737 1.3071, -0.7044 -0.8245 1.3858, -0.7078 -0.7962 1.3858, -0.8225 -0.8245 1.3858, -0.7078 -0.8527 1.3858, -0.7554 -0.9217 1.3858, -0.7341 -0.9028 1.3858, -0.7179 -0.8794 1.3858, -0.8368 -0.9417 1.3858, -0.8083 -0.9417 1.3858, -0.7806 -0.9349 1.3858, -0.9109 -0.9028 1.3858, -0.8896 -0.9217 1.3858, -0.8644 -0.9349 1.3858, -0.9406 -0.8245 1.3858, -0.9372 -0.8527 1.3858, -0.9271 -0.8794 1.3858, -0.9109 -0.7462 1.3858, -0.9271 -0.7696 1.3858, -0.9372 -0.7962 1.3858, -0.8368 -0.7072 1.3858, -0.8644 -0.714 1.3858, -0.8896 -0.7273 1.3858, -0.7554 -0.7273 1.3858, -0.7806 -0.714 1.3858, -0.8083 -0.7072 1.3858, -0.7179 -0.7696 1.3858, -0.7341 -0.7462 1.3858, -0.6506 -0.7342 1.3275, -0.6772 -0.6957 1.3275, -0.7122 -0.6647 1.3275, -0.7537 -0.6429 1.3275, -0.9328 -0.6647 1.3275, -0.9678 -0.6957 1.3275, -0.9944 -0.7342 1.3275, -1.011 -0.778 1.3275, -0.9944 -0.9147 1.3275, -0.9678 -0.9532 1.3275, -0.9328 -0.9843 1.3275, -0.8914 -1.006 1.3275, -0.7122 -0.9843 1.3275, -0.6772 -0.9532 1.3275, -0.6506 -0.9147 1.3275, -0.634 -0.8709 1.3275, -0.7734 -0.954 1.3831, -0.8058 -0.962 1.3831, -0.7667 -0.9717 1.3753, -0.8035 -0.9808 1.3753, -0.7609 -0.987 1.3628, -0.8016 -0.997 1.3628, -0.7565 -0.9987 1.3465, -0.8716 -0.695 1.3831, -0.8392 -0.687 1.3831, -0.8784 -0.6772 1.3753, -0.8415 -0.6682 1.3753, -0.8841 -0.662 1.3628, -0.8435 -0.652 1.3628, -0.8886 -0.6503 1.3465, -0.7438 -0.9385 1.3831, -0.7331 -0.9541 1.3753, -0.7238 -0.9675 1.3628, -0.7167 -0.9778 1.3465, -0.9012 -0.7105 1.3831, -0.912 -0.6949 1.3753, -0.9212 -0.6815 1.3628, -0.9283 -0.6712 1.3465, -0.8001 -1.0094 1.3465, -0.7991 -1.0172 1.3275, -0.7537 -1.006 1.3275, -0.845 -0.6395 1.3465, -0.8459 -0.6317 1.3275, -0.8914 -0.6429 1.3275, -0.684 -0.8245 1.3831, -0.688 -0.8576 1.3831, -0.665 -0.8245 1.3753, -0.6696 -0.8622 1.3753, -0.6487 -0.8245 1.3628, -0.6538 -0.8661 1.3628, -0.6362 -0.8245 1.3465, -0.6416 -0.8691 1.3465, -0.6283 -0.8245 1.3275, -0.6576 -0.9111 1.3465, -0.6686 -0.9052 1.3628, -0.6831 -0.8977 1.3753, -0.6999 -0.8888 1.3831, -0.6831 -0.948 1.3465, -0.6924 -0.9397 1.3628, -0.7046 -0.9289 1.3753, -0.7189 -0.9163 1.3831, -0.8459 -1.0172 1.3275, -0.845 -1.0094 1.3465, -0.8435 -0.997 1.3628, -0.8415 -0.9808 1.3753, -0.8392 -0.962 1.3831, -0.8886 -0.9987 1.3465, -0.8841 -0.987 1.3628, -0.8784 -0.9717 1.3753, -0.8716 -0.954 1.3831, -0.9283 -0.9778 1.3465, -0.9212 -0.9675 1.3628, -0.912 -0.9541 1.3753, -0.9012 -0.9385 1.3831, -0.962 -0.948 1.3465, -0.9526 -0.9397 1.3628, -0.9404 -0.9289 1.3753, -0.9262 -0.9163 1.3831, -0.9875 -0.9111 1.3465, -0.9764 -0.9052 1.3628, -0.962 -0.8977 1.3753, -0.9451 -0.8888 1.3831, -1.011 -0.8709 1.3275, -1.0034 -0.8691 1.3465, -0.9913 -0.8661 1.3628, -0.9754 -0.8622 1.3753, -0.957 -0.8576 1.3831, -0.961 -0.8245 1.3831, -0.98 -0.8245 1.3753, -0.9963 -0.8245 1.3628, -1.0088 -0.8245 1.3465, -1.0167 -0.8245 1.3275, -0.957 -0.7913 1.3831, -0.9754 -0.7868 1.3753, -0.9913 -0.7829 1.3628, -1.0034 -0.7799 1.3465, -0.9875 -0.7379 1.3465, -0.9764 -0.7437 1.3628, -0.962 -0.7513 1.3753, -0.9451 -0.7601 1.3831, -0.962 -0.7009 1.3465, -0.9526 -0.7092 1.3628, -0.9404 -0.7201 1.3753, -0.9262 -0.7326 1.3831, -0.7991 -0.6317 1.3275, -0.8001 -0.6395 1.3465, -0.8016 -0.652 1.3628, -0.8035 -0.6682 1.3753, -0.8058 -0.687 1.3831, -0.7565 -0.6503 1.3465, -0.7609 -0.662 1.3628, -0.7667 -0.6772 1.3753, -0.7734 -0.695 1.3831, -0.7167 -0.6712 1.3465, -0.7238 -0.6815 1.3628, -0.7331 -0.6949 1.3753, -0.7438 -0.7105 1.3831, -0.6831 -0.7009 1.3465, -0.6924 -0.7092 1.3628, -0.7046 -0.7201 1.3753, -0.7189 -0.7326 1.3831, -0.6576 -0.7379 1.3465, -0.6686 -0.7437 1.3628, -0.6831 -0.7513 1.3753, -0.6999 -0.7601 1.3831, -0.634 -0.778 1.3275, -0.6416 -0.7799 1.3465, -0.6538 -0.7829 1.3628, -0.6696 -0.7868 1.3753, -0.688 -0.7913 1.3831
            ]
        }
        coordIndex [
            0,1,2,-1,2,1,3,-1,2,3,4,-1,4,3,5,-1,4,5,6,-1,7,8,9,-1,9,8,10,-1,9,10,0,-1,0,10,11,-1,0,11,1,-1,7,9,12,-1,12,9,13,-1,12,13,14,-1,14,13,15,-1,15,13,16,-1,15,16,17,-1,18,19,16,-1,16,19,20,-1,16,20,17,-1,21,22,18,-1,18,22,23,-1,18,23,19,-1,24,25,26,-1,26,25,27,-1,26,27,21,-1,21,27,28,-1,21,28,22,-1,24,26,29,-1,29,26,30,-1,29,30,31,-1,31,30,32,-1,31,32,33,-1,33,32,34,-1,33,34,35,-1,36,37,34,-1,34,37,38,-1,34,38,35,-1,39,40,36,-1,36,40,41,-1,36,41,37,-1,42,43,44,-1,44,43,45,-1,44,45,39,-1,39,45,46,-1,39,46,40,-1,42,44,47,-1,47,44,48,-1,47,48,49,-1,49,48,50,-1,50,48,51,-1,50,51,52,-1,53,54,51,-1,51,54,55,-1,51,55,52,-1,56,57,58,-1,58,57,59,-1,58,59,60,-1,60,59,61,-1,60,61,53,-1,53,61,62,-1,53,62,54,-1,63,64,56,-1,56,64,65,-1,56,65,57,-1,66,67,68,-1,68,67,69,-1,68,69,63,-1,63,69,70,-1,63,70,64,-1,66,68,71,-1,71,68,72,-1,71,72,73,-1,73,72,74,-1,74,72,75,-1,74,75,76,-1,77,78,75,-1,75,78,79,-1,75,79,76,-1,80,81,77,-1,77,81,82,-1,77,82,78,-1,83,84,85,-1,85,84,86,-1,85,86,80,-1,80,86,87,-1,80,87,81,-1,83,85,88,-1,88,85,89,-1,88,89,90,-1,90,89,91,-1,90,91,92,-1,92,91,93,-1,92,93,94,-1,95,96,93,-1,93,96,97,-1,93,97,94,-1,98,99,95,-1,95,99,100,-1,95,100,96,-1,101,102,103,-1,103,102,104,-1,103,104,98,-1,98,104,105,-1,98,105,99,-1,101,103,106,-1,106,103,107,-1,106,107,108,-1,108,107,109,-1,109,107,110,-1,109,110,111,-1,112,113,110,-1,110,113,114,-1,110,114,111,-1,5,115,6,-1,6,115,116,-1,6,116,112,-1,112,116,117,-1,112,117,113,-1,118,119,120,-1,120,119,121,-1,120,121,122,-1,123,124,120,-1,120,124,125,-1,120,125,118,-1,126,127,120,-1,120,127,128,-1,120,128,123,-1,129,130,120,-1,120,130,131,-1,120,131,126,-1,132,133,120,-1,120,133,134,-1,120,134,129,-1,135,136,120,-1,120,136,137,-1,120,137,132,-1,138,139,120,-1,120,139,140,-1,120,140,135,-1,141,142,120,-1,120,142,143,-1,120,143,138,-1,144,145,120,-1,120,145,146,-1,120,146,141,-1,147,148,120,-1,120,148,149,-1,120,149,144,-1,150,151,120,-1,120,151,152,-1,120,152,147,-1,153,154,120,-1,120,154,155,-1,120,155,150,-1,156,157,120,-1,120,157,158,-1,120,158,153,-1,159,160,120,-1,120,160,161,-1,120,161,156,-1,162,163,120,-1,120,163,164,-1,120,164,159,-1,122,165,120,-1,120,165,166,-1,120,166,162,-1,65,64,167,-1,70,69,168,-1,66,71,169,-1,79,78,170,-1,82,81,171,-1,87,86,172,-1,83,88,173,-1,97,96,174,-1,105,104,175,-1,101,106,176,-1,114,113,177,-1,3,1,178,-1,11,10,179,-1,7,12,180,-1,20,19,181,-1,23,22,182,-1,28,27,183,-1,24,29,184,-1,38,37,185,-1,46,45,186,-1,42,47,187,-1,55,54,188,-1,119,118,189,-1,189,118,190,-1,189,190,191,-1,191,190,192,-1,191,192,193,-1,193,192,194,-1,193,194,195,-1,195,194,196,-1,195,196,197,-1,197,196,188,-1,124,123,198,-1,198,123,199,-1,198,199,200,-1,200,199,201,-1,200,201,202,-1,202,201,203,-1,202,203,204,-1,204,203,205,-1,204,205,206,-1,206,205,187,-1,126,131,207,-1,207,131,208,-1,207,208,209,-1,209,208,210,-1,209,210,211,-1,211,210,212,-1,211,212,213,-1,213,212,214,-1,213,214,215,-1,215,214,185,-1,129,134,216,-1,216,134,217,-1,216,217,218,-1,218,217,219,-1,218,219,220,-1,220,219,221,-1,220,221,222,-1,222,221,223,-1,222,223,224,-1,224,223,184,-1,140,139,225,-1,225,139,226,-1,225,226,227,-1,227,226,228,-1,227,228,229,-1,229,228,230,-1,229,230,231,-1,231,230,232,-1,231,232,233,-1,233,232,180,-1,145,144,234,-1,234,144,235,-1,234,235,236,-1,236,235,237,-1,236,237,238,-1,238,237,239,-1,238,239,240,-1,240,239,241,-1,240,241,242,-1,242,241,177,-1,148,147,243,-1,243,147,244,-1,243,244,245,-1,245,244,246,-1,245,246,247,-1,247,246,248,-1,247,248,249,-1,249,248,250,-1,249,250,251,-1,251,250,176,-1,150,155,252,-1,252,155,253,-1,252,253,254,-1,254,253,255,-1,254,255,256,-1,256,255,257,-1,256,257,258,-1,258,257,259,-1,258,259,260,-1,260,259,174,-1,153,158,261,-1,261,158,262,-1,261,262,263,-1,263,262,264,-1,263,264,265,-1,265,264,266,-1,265,266,267,-1,267,266,268,-1,267,268,269,-1,269,268,173,-1,164,163,270,-1,270,163,271,-1,270,271,272,-1,272,271,273,-1,272,273,274,-1,274,273,275,-1,274,275,276,-1,276,275,277,-1,276,277,278,-1,278,277,169,-1,121,119,279,-1,279,119,189,-1,279,189,280,-1,280,189,191,-1,280,191,281,-1,281,191,193,-1,281,193,282,-1,282,193,195,-1,282,195,283,-1,283,195,197,-1,283,197,59,-1,59,197,61,-1,188,54,197,-1,197,54,62,-1,197,62,61,-1,52,55,284,-1,284,55,188,-1,284,188,285,-1,285,188,196,-1,285,196,286,-1,286,196,194,-1,286,194,287,-1,287,194,192,-1,287,192,288,-1,288,192,190,-1,288,190,125,-1,125,190,118,-1,125,124,288,-1,288,124,198,-1,288,198,287,-1,287,198,200,-1,287,200,286,-1,286,200,202,-1,286,202,285,-1,285,202,204,-1,285,204,284,-1,284,204,206,-1,284,206,52,-1,52,206,50,-1,187,47,206,-1,206,47,49,-1,206,49,50,-1,43,42,289,-1,289,42,187,-1,289,187,290,-1,290,187,205,-1,290,205,291,-1,291,205,203,-1,291,203,292,-1,292,203,201,-1,292,201,293,-1,293,201,199,-1,293,199,128,-1,128,199,123,-1,128,127,293,-1,293,127,294,-1,293,294,292,-1,292,294,295,-1,292,295,291,-1,291,295,296,-1,291,296,290,-1,290,296,297,-1,290,297,289,-1,289,297,186,-1,289,186,43,-1,43,186,45,-1,40,46,215,-1,215,46,186,-1,215,186,213,-1,213,186,297,-1,213,297,211,-1,211,297,296,-1,211,296,209,-1,209,296,295,-1,209,295,207,-1,207,295,294,-1,207,294,126,-1,126,294,127,-1,185,37,215,-1,215,37,41,-1,215,41,40,-1,35,38,298,-1,298,38,185,-1,298,185,299,-1,299,185,214,-1,299,214,300,-1,300,214,212,-1,300,212,301,-1,301,212,210,-1,301,210,302,-1,302,210,208,-1,302,208,130,-1,130,208,131,-1,130,129,302,-1,302,129,216,-1,302,216,301,-1,301,216,218,-1,301,218,300,-1,300,218,220,-1,300,220,299,-1,299,220,222,-1,299,222,298,-1,298,222,224,-1,298,224,35,-1,35,224,33,-1,184,29,224,-1,224,29,31,-1,224,31,33,-1,25,24,303,-1,303,24,184,-1,303,184,304,-1,304,184,223,-1,304,223,305,-1,305,223,221,-1,305,221,306,-1,306,221,219,-1,306,219,307,-1,307,219,217,-1,307,217,133,-1,133,217,134,-1,133,132,307,-1,307,132,308,-1,307,308,306,-1,306,308,309,-1,306,309,305,-1,305,309,310,-1,305,310,304,-1,304,310,311,-1,304,311,303,-1,303,311,183,-1,303,183,25,-1,25,183,27,-1,22,28,182,-1,182,28,183,-1,182,183,312,-1,312,183,311,-1,312,311,313,-1,313,311,310,-1,313,310,314,-1,314,310,309,-1,314,309,315,-1,315,309,308,-1,315,308,137,-1,137,308,132,-1,19,23,181,-1,181,23,182,-1,181,182,316,-1,316,182,312,-1,316,312,317,-1,317,312,313,-1,317,313,318,-1,318,313,314,-1,318,314,319,-1,319,314,315,-1,319,315,136,-1,136,315,137,-1,17,20,320,-1,320,20,181,-1,320,181,321,-1,321,181,316,-1,321,316,322,-1,322,316,317,-1,322,317,323,-1,323,317,318,-1,323,318,324,-1,324,318,319,-1,324,319,135,-1,135,319,136,-1,135,140,324,-1,324,140,225,-1,324,225,323,-1,323,225,227,-1,323,227,322,-1,322,227,229,-1,322,229,321,-1,321,229,231,-1,321,231,320,-1,320,231,233,-1,320,233,17,-1,17,233,15,-1,180,12,233,-1,233,12,14,-1,233,14,15,-1,8,7,325,-1,325,7,180,-1,325,180,326,-1,326,180,232,-1,326,232,327,-1,327,232,230,-1,327,230,328,-1,328,230,228,-1,328,228,329,-1,329,228,226,-1,329,226,138,-1,138,226,139,-1,138,143,329,-1,329,143,330,-1,329,330,328,-1,328,330,331,-1,328,331,327,-1,327,331,332,-1,327,332,326,-1,326,332,333,-1,326,333,325,-1,325,333,179,-1,325,179,8,-1,8,179,10,-1,1,11,178,-1,178,11,179,-1,178,179,334,-1,334,179,333,-1,334,333,335,-1,335,333,332,-1,335,332,336,-1,336,332,331,-1,336,331,337,-1,337,331,330,-1,337,330,142,-1,142,330,143,-1,5,3,338,-1,338,3,178,-1,338,178,339,-1,339,178,334,-1,339,334,340,-1,340,334,335,-1,340,335,341,-1,341,335,336,-1,341,336,342,-1,342,336,337,-1,342,337,141,-1,141,337,142,-1,141,146,342,-1,342,146,343,-1,342,343,341,-1,341,343,344,-1,341,344,340,-1,340,344,345,-1,340,345,339,-1,339,345,346,-1,339,346,338,-1,338,346,347,-1,338,347,5,-1,5,347,115,-1,146,145,343,-1,343,145,234,-1,343,234,344,-1,344,234,236,-1,344,236,345,-1,345,236,238,-1,345,238,346,-1,346,238,240,-1,346,240,347,-1,347,240,242,-1,347,242,115,-1,115,242,116,-1,177,113,242,-1,242,113,117,-1,242,117,116,-1,111,114,348,-1,348,114,177,-1,348,177,349,-1,349,177,241,-1,349,241,350,-1,350,241,239,-1,350,239,351,-1,351,239,237,-1,351,237,352,-1,352,237,235,-1,352,235,149,-1,149,235,144,-1,149,148,352,-1,352,148,243,-1,352,243,351,-1,351,243,245,-1,351,245,350,-1,350,245,247,-1,350,247,349,-1,349,247,249,-1,349,249,348,-1,348,249,251,-1,348,251,111,-1,111,251,109,-1,176,106,251,-1,251,106,108,-1,251,108,109,-1,102,101,353,-1,353,101,176,-1,353,176,354,-1,354,176,250,-1,354,250,355,-1,355,250,248,-1,355,248,356,-1,356,248,246,-1,356,246,357,-1,357,246,244,-1,357,244,152,-1,152,244,147,-1,152,151,357,-1,357,151,358,-1,357,358,356,-1,356,358,359,-1,356,359,355,-1,355,359,360,-1,355,360,354,-1,354,360,361,-1,354,361,353,-1,353,361,175,-1,353,175,102,-1,102,175,104,-1,99,105,260,-1,260,105,175,-1,260,175,258,-1,258,175,361,-1,258,361,256,-1,256,361,360,-1,256,360,254,-1,254,360,359,-1,254,359,252,-1,252,359,358,-1,252,358,150,-1,150,358,151,-1,174,96,260,-1,260,96,100,-1,260,100,99,-1,94,97,362,-1,362,97,174,-1,362,174,363,-1,363,174,259,-1,363,259,364,-1,364,259,257,-1,364,257,365,-1,365,257,255,-1,365,255,366,-1,366,255,253,-1,366,253,154,-1,154,253,155,-1,154,153,366,-1,366,153,261,-1,366,261,365,-1,365,261,263,-1,365,263,364,-1,364,263,265,-1,364,265,363,-1,363,265,267,-1,363,267,362,-1,362,267,269,-1,362,269,94,-1,94,269,92,-1,173,88,269,-1,269,88,90,-1,269,90,92,-1,84,83,367,-1,367,83,173,-1,367,173,368,-1,368,173,268,-1,368,268,369,-1,369,268,266,-1,369,266,370,-1,370,266,264,-1,370,264,371,-1,371,264,262,-1,371,262,157,-1,157,262,158,-1,157,156,371,-1,371,156,372,-1,371,372,370,-1,370,372,373,-1,370,373,369,-1,369,373,374,-1,369,374,368,-1,368,374,375,-1,368,375,367,-1,367,375,172,-1,367,172,84,-1,84,172,86,-1,81,87,171,-1,171,87,172,-1,171,172,376,-1,376,172,375,-1,376,375,377,-1,377,375,374,-1,377,374,378,-1,378,374,373,-1,378,373,379,-1,379,373,372,-1,379,372,161,-1,161,372,156,-1,78,82,170,-1,170,82,171,-1,170,171,380,-1,380,171,376,-1,380,376,381,-1,381,376,377,-1,381,377,382,-1,382,377,378,-1,382,378,383,-1,383,378,379,-1,383,379,160,-1,160,379,161,-1,76,79,384,-1,384,79,170,-1,384,170,385,-1,385,170,380,-1,385,380,386,-1,386,380,381,-1,386,381,387,-1,387,381,382,-1,387,382,388,-1,388,382,383,-1,388,383,159,-1,159,383,160,-1,159,164,388,-1,388,164,270,-1,388,270,387,-1,387,270,272,-1,387,272,386,-1,386,272,274,-1,386,274,385,-1,385,274,276,-1,385,276,384,-1,384,276,278,-1,384,278,76,-1,76,278,74,-1,169,71,278,-1,278,71,73,-1,278,73,74,-1,67,66,389,-1,389,66,169,-1,389,169,390,-1,390,169,277,-1,390,277,391,-1,391,277,275,-1,391,275,392,-1,392,275,273,-1,392,273,393,-1,393,273,271,-1,393,271,162,-1,162,271,163,-1,162,166,393,-1,393,166,394,-1,393,394,392,-1,392,394,395,-1,392,395,391,-1,391,395,396,-1,391,396,390,-1,390,396,397,-1,390,397,389,-1,389,397,168,-1,389,168,67,-1,67,168,69,-1,64,70,167,-1,167,70,168,-1,167,168,398,-1,398,168,397,-1,398,397,399,-1,399,397,396,-1,399,396,400,-1,400,396,395,-1,400,395,401,-1,401,395,394,-1,401,394,165,-1,165,394,166,-1,57,65,402,-1,402,65,167,-1,402,167,403,-1,403,167,398,-1,403,398,404,-1,404,398,399,-1,404,399,405,-1,405,399,400,-1,405,400,406,-1,406,400,401,-1,406,401,122,-1,122,401,165,-1,122,121,406,-1,406,121,279,-1,406,279,405,-1,405,279,280,-1,405,280,404,-1,404,280,281,-1,404,281,403,-1,403,281,282,-1,403,282,402,-1,402,282,283,-1,402,283,57,-1,57,283,59,-1,407,408,409,-1,410,411,408,-1,408,411,412,-1,408,412,409,-1,413,414,410,-1,410,414,415,-1,410,415,411,-1,416,417,413,-1,413,417,418,-1,413,418,414,-1,419,420,416,-1,416,420,421,-1,416,421,417,-1,422,423,424,-1,424,423,425,-1,424,425,419,-1,419,425,426,-1,419,426,420,-1,422,424,427,-1,427,424,428,-1,427,428,429,-1,429,428,430,-1,429,430,431,-1,431,430,432,-1,432,430,433,-1,432,433,434,-1,434,433,435,-1,435,433,436,-1,435,436,437,-1,437,436,438,-1,438,436,439,-1,438,439,440,-1,440,439,441,-1,441,439,442,-1,441,442,443,-1,443,442,444,-1,444,442,445,-1,444,445,446,-1,446,445,447,-1,447,445,448,-1,447,448,449,-1,449,448,450,-1,450,448,451,-1,450,451,452,-1,452,451,453,-1,453,451,454,-1,453,454,455,-1,455,454,456,-1,456,454,457,-1,456,457,458,-1,458,457,459,-1,459,457,460,-1,459,460,461,-1,462,463,464,-1,464,463,465,-1,464,465,460,-1,460,465,466,-1,460,466,461,-1,467,468,462,-1,462,468,469,-1,462,469,463,-1,470,471,467,-1,467,471,472,-1,467,472,468,-1,473,474,470,-1,470,474,475,-1,470,475,471,-1,409,476,407,-1,407,476,477,-1,407,477,473,-1,473,477,478,-1,473,478,474,-1,479,480,481,-1,479,481,482,-1,483,484,481,-1,481,484,485,-1,481,485,482,-1,486,487,481,-1,481,487,488,-1,481,488,483,-1,489,490,481,-1,481,490,491,-1,481,491,486,-1,492,493,481,-1,481,493,494,-1,481,494,489,-1,495,496,481,-1,481,496,497,-1,481,497,492,-1,498,499,481,-1,481,499,500,-1,481,500,495,-1,501,502,481,-1,481,502,503,-1,481,503,498,-1,480,504,481,-1,481,504,505,-1,481,505,501,-1,446,447,506,-1,449,450,507,-1,452,453,508,-1,455,456,509,-1,469,468,510,-1,472,471,511,-1,475,474,512,-1,478,477,513,-1,412,411,514,-1,415,414,515,-1,418,417,516,-1,421,420,517,-1,431,432,518,-1,434,435,519,-1,437,438,520,-1,440,441,521,-1,488,487,522,-1,522,487,523,-1,522,523,524,-1,524,523,525,-1,524,525,526,-1,526,525,527,-1,526,527,528,-1,499,498,529,-1,529,498,530,-1,529,530,531,-1,531,530,532,-1,531,532,533,-1,533,532,534,-1,533,534,535,-1,483,488,536,-1,536,488,522,-1,536,522,537,-1,537,522,524,-1,537,524,538,-1,538,524,526,-1,538,526,539,-1,539,526,528,-1,539,528,518,-1,500,499,540,-1,540,499,529,-1,540,529,541,-1,541,529,531,-1,541,531,542,-1,542,531,533,-1,542,533,543,-1,543,533,535,-1,543,535,510,-1,544,545,546,-1,547,548,549,-1,479,482,550,-1,550,482,551,-1,550,551,552,-1,552,551,553,-1,552,553,554,-1,554,553,555,-1,554,555,556,-1,556,555,557,-1,556,557,558,-1,558,557,521,-1,558,521,443,-1,443,521,441,-1,438,440,520,-1,520,440,521,-1,520,521,559,-1,559,521,557,-1,559,557,560,-1,560,557,555,-1,560,555,561,-1,561,555,553,-1,561,553,562,-1,562,553,551,-1,562,551,485,-1,485,551,482,-1,435,437,519,-1,519,437,520,-1,519,520,563,-1,563,520,559,-1,563,559,564,-1,564,559,560,-1,564,560,565,-1,565,560,561,-1,565,561,566,-1,566,561,562,-1,566,562,484,-1,484,562,485,-1,432,434,518,-1,518,434,519,-1,518,519,539,-1,539,519,563,-1,539,563,538,-1,538,563,564,-1,538,564,537,-1,537,564,565,-1,537,565,536,-1,536,565,566,-1,536,566,483,-1,483,566,484,-1,527,544,528,-1,528,544,546,-1,528,546,518,-1,518,546,429,-1,518,429,431,-1,426,425,567,-1,567,425,545,-1,567,545,568,-1,568,545,544,-1,568,544,569,-1,569,544,527,-1,569,527,570,-1,570,527,525,-1,570,525,571,-1,571,525,523,-1,571,523,486,-1,486,523,487,-1,425,423,545,-1,545,423,422,-1,545,422,546,-1,546,422,427,-1,546,427,429,-1,420,426,517,-1,517,426,567,-1,517,567,572,-1,572,567,568,-1,572,568,573,-1,573,568,569,-1,573,569,574,-1,574,569,570,-1,574,570,575,-1,575,570,571,-1,575,571,491,-1,491,571,486,-1,417,421,516,-1,516,421,517,-1,516,517,576,-1,576,517,572,-1,576,572,577,-1,577,572,573,-1,577,573,578,-1,578,573,574,-1,578,574,579,-1,579,574,575,-1,579,575,490,-1,490,575,491,-1,414,418,515,-1,515,418,516,-1,515,516,580,-1,580,516,576,-1,580,576,581,-1,581,576,577,-1,581,577,582,-1,582,577,578,-1,582,578,583,-1,583,578,579,-1,583,579,489,-1,489,579,490,-1,411,415,514,-1,514,415,515,-1,514,515,584,-1,584,515,580,-1,584,580,585,-1,585,580,581,-1,585,581,586,-1,586,581,582,-1,586,582,587,-1,587,582,583,-1,587,583,494,-1,494,583,489,-1,409,412,588,-1,588,412,514,-1,588,514,589,-1,589,514,584,-1,589,584,590,-1,590,584,585,-1,590,585,591,-1,591,585,586,-1,591,586,592,-1,592,586,587,-1,592,587,493,-1,493,587,494,-1,493,492,592,-1,592,492,593,-1,592,593,591,-1,591,593,594,-1,591,594,590,-1,590,594,595,-1,590,595,589,-1,589,595,596,-1,589,596,588,-1,588,596,597,-1,588,597,409,-1,409,597,476,-1,492,497,593,-1,593,497,598,-1,593,598,594,-1,594,598,599,-1,594,599,595,-1,595,599,600,-1,595,600,596,-1,596,600,601,-1,596,601,597,-1,597,601,513,-1,597,513,476,-1,476,513,477,-1,474,478,512,-1,512,478,513,-1,512,513,602,-1,602,513,601,-1,602,601,603,-1,603,601,600,-1,603,600,604,-1,604,600,599,-1,604,599,605,-1,605,599,598,-1,605,598,496,-1,496,598,497,-1,471,475,511,-1,511,475,512,-1,511,512,606,-1,606,512,602,-1,606,602,607,-1,607,602,603,-1,607,603,608,-1,608,603,604,-1,608,604,609,-1,609,604,605,-1,609,605,495,-1,495,605,496,-1,468,472,510,-1,510,472,511,-1,510,511,543,-1,543,511,606,-1,543,606,542,-1,542,606,607,-1,542,607,541,-1,541,607,608,-1,541,608,540,-1,540,608,609,-1,540,609,500,-1,500,609,495,-1,534,547,535,-1,535,547,549,-1,535,549,510,-1,510,549,463,-1,510,463,469,-1,458,459,610,-1,610,459,548,-1,610,548,611,-1,611,548,547,-1,611,547,612,-1,612,547,534,-1,612,534,613,-1,613,534,532,-1,613,532,614,-1,614,532,530,-1,614,530,503,-1,503,530,498,-1,459,461,548,-1,548,461,466,-1,548,466,549,-1,549,466,465,-1,549,465,463,-1,456,458,509,-1,509,458,610,-1,509,610,615,-1,615,610,611,-1,615,611,616,-1,616,611,612,-1,616,612,617,-1,617,612,613,-1,617,613,618,-1,618,613,614,-1,618,614,502,-1,502,614,503,-1,453,455,508,-1,508,455,509,-1,508,509,619,-1,619,509,615,-1,619,615,620,-1,620,615,616,-1,620,616,621,-1,621,616,617,-1,621,617,622,-1,622,617,618,-1,622,618,501,-1,501,618,502,-1,450,452,507,-1,507,452,508,-1,507,508,623,-1,623,508,619,-1,623,619,624,-1,624,619,620,-1,624,620,625,-1,625,620,621,-1,625,621,626,-1,626,621,622,-1,626,622,505,-1,505,622,501,-1,447,449,506,-1,506,449,507,-1,506,507,627,-1,627,507,623,-1,627,623,628,-1,628,623,624,-1,628,624,629,-1,629,624,625,-1,629,625,630,-1,630,625,626,-1,630,626,504,-1,504,626,505,-1,444,446,631,-1,631,446,506,-1,631,506,632,-1,632,506,627,-1,632,627,633,-1,633,627,628,-1,633,628,634,-1,634,628,629,-1,634,629,635,-1,635,629,630,-1,635,630,480,-1,480,630,504,-1,480,479,635,-1,635,479,550,-1,635,550,634,-1,634,550,552,-1,634,552,633,-1,633,552,554,-1,633,554,632,-1,632,554,556,-1,632,556,631,-1,631,556,558,-1,631,558,444,-1,444,558,443,-1,636,637,638,-1,639,640,637,-1,637,640,641,-1,637,641,638,-1,642,643,639,-1,639,643,644,-1,639,644,640,-1,645,646,642,-1,642,646,647,-1,642,647,643,-1,648,649,645,-1,645,649,650,-1,645,650,646,-1,651,652,653,-1,653,652,654,-1,653,654,648,-1,648,654,655,-1,648,655,649,-1,651,653,656,-1,656,653,657,-1,656,657,658,-1,658,657,659,-1,658,659,660,-1,660,659,661,-1,661,659,662,-1,661,662,663,-1,663,662,664,-1,664,662,665,-1,664,665,666,-1,666,665,667,-1,667,665,668,-1,667,668,669,-1,669,668,670,-1,670,668,671,-1,670,671,672,-1,672,671,673,-1,673,671,674,-1,673,674,675,-1,675,674,676,-1,676,674,677,-1,676,677,678,-1,678,677,679,-1,679,677,680,-1,679,680,681,-1,681,680,682,-1,682,680,683,-1,682,683,684,-1,684,683,685,-1,685,683,686,-1,685,686,687,-1,687,686,688,-1,688,686,689,-1,688,689,690,-1,691,692,693,-1,693,692,694,-1,693,694,689,-1,689,694,695,-1,689,695,690,-1,696,697,691,-1,691,697,698,-1,691,698,692,-1,699,700,696,-1,696,700,701,-1,696,701,697,-1,702,703,699,-1,699,703,704,-1,699,704,700,-1,638,705,636,-1,636,705,706,-1,636,706,702,-1,702,706,707,-1,702,707,703,-1,708,709,710,-1,708,710,711,-1,712,713,710,-1,710,713,714,-1,710,714,711,-1,715,716,710,-1,710,716,717,-1,710,717,712,-1,718,719,710,-1,710,719,720,-1,710,720,715,-1,721,722,710,-1,710,722,723,-1,710,723,718,-1,724,725,710,-1,710,725,726,-1,710,726,721,-1,727,728,710,-1,710,728,729,-1,710,729,724,-1,730,731,710,-1,710,731,732,-1,710,732,727,-1,709,733,710,-1,710,733,734,-1,710,734,730,-1,675,676,735,-1,678,679,736,-1,681,682,737,-1,684,685,738,-1,698,697,739,-1,701,700,740,-1,704,703,741,-1,707,706,742,-1,641,640,743,-1,644,643,744,-1,647,646,745,-1,650,649,746,-1,660,661,747,-1,663,664,748,-1,666,667,749,-1,669,670,750,-1,717,716,751,-1,751,716,752,-1,751,752,753,-1,753,752,754,-1,753,754,755,-1,755,754,756,-1,755,756,757,-1,728,727,758,-1,758,727,759,-1,758,759,760,-1,760,759,761,-1,760,761,762,-1,762,761,763,-1,762,763,764,-1,712,717,765,-1,765,717,751,-1,765,751,766,-1,766,751,753,-1,766,753,767,-1,767,753,755,-1,767,755,768,-1,768,755,757,-1,768,757,747,-1,729,728,769,-1,769,728,758,-1,769,758,770,-1,770,758,760,-1,770,760,771,-1,771,760,762,-1,771,762,772,-1,772,762,764,-1,772,764,739,-1,773,774,775,-1,776,777,778,-1,708,711,779,-1,779,711,780,-1,779,780,781,-1,781,780,782,-1,781,782,783,-1,783,782,784,-1,783,784,785,-1,785,784,786,-1,785,786,787,-1,787,786,750,-1,787,750,672,-1,672,750,670,-1,667,669,749,-1,749,669,750,-1,749,750,788,-1,788,750,786,-1,788,786,789,-1,789,786,784,-1,789,784,790,-1,790,784,782,-1,790,782,791,-1,791,782,780,-1,791,780,714,-1,714,780,711,-1,664,666,748,-1,748,666,749,-1,748,749,792,-1,792,749,788,-1,792,788,793,-1,793,788,789,-1,793,789,794,-1,794,789,790,-1,794,790,795,-1,795,790,791,-1,795,791,713,-1,713,791,714,-1,661,663,747,-1,747,663,748,-1,747,748,768,-1,768,748,792,-1,768,792,767,-1,767,792,793,-1,767,793,766,-1,766,793,794,-1,766,794,765,-1,765,794,795,-1,765,795,712,-1,712,795,713,-1,756,773,757,-1,757,773,775,-1,757,775,747,-1,747,775,658,-1,747,658,660,-1,655,654,796,-1,796,654,774,-1,796,774,797,-1,797,774,773,-1,797,773,798,-1,798,773,756,-1,798,756,799,-1,799,756,754,-1,799,754,800,-1,800,754,752,-1,800,752,715,-1,715,752,716,-1,654,652,774,-1,774,652,651,-1,774,651,775,-1,775,651,656,-1,775,656,658,-1,649,655,746,-1,746,655,796,-1,746,796,801,-1,801,796,797,-1,801,797,802,-1,802,797,798,-1,802,798,803,-1,803,798,799,-1,803,799,804,-1,804,799,800,-1,804,800,720,-1,720,800,715,-1,646,650,745,-1,745,650,746,-1,745,746,805,-1,805,746,801,-1,805,801,806,-1,806,801,802,-1,806,802,807,-1,807,802,803,-1,807,803,808,-1,808,803,804,-1,808,804,719,-1,719,804,720,-1,643,647,744,-1,744,647,745,-1,744,745,809,-1,809,745,805,-1,809,805,810,-1,810,805,806,-1,810,806,811,-1,811,806,807,-1,811,807,812,-1,812,807,808,-1,812,808,718,-1,718,808,719,-1,640,644,743,-1,743,644,744,-1,743,744,813,-1,813,744,809,-1,813,809,814,-1,814,809,810,-1,814,810,815,-1,815,810,811,-1,815,811,816,-1,816,811,812,-1,816,812,723,-1,723,812,718,-1,638,641,817,-1,817,641,743,-1,817,743,818,-1,818,743,813,-1,818,813,819,-1,819,813,814,-1,819,814,820,-1,820,814,815,-1,820,815,821,-1,821,815,816,-1,821,816,722,-1,722,816,723,-1,722,721,821,-1,821,721,822,-1,821,822,820,-1,820,822,823,-1,820,823,819,-1,819,823,824,-1,819,824,818,-1,818,824,825,-1,818,825,817,-1,817,825,826,-1,817,826,638,-1,638,826,705,-1,721,726,822,-1,822,726,827,-1,822,827,823,-1,823,827,828,-1,823,828,824,-1,824,828,829,-1,824,829,825,-1,825,829,830,-1,825,830,826,-1,826,830,742,-1,826,742,705,-1,705,742,706,-1,703,707,741,-1,741,707,742,-1,741,742,831,-1,831,742,830,-1,831,830,832,-1,832,830,829,-1,832,829,833,-1,833,829,828,-1,833,828,834,-1,834,828,827,-1,834,827,725,-1,725,827,726,-1,700,704,740,-1,740,704,741,-1,740,741,835,-1,835,741,831,-1,835,831,836,-1,836,831,832,-1,836,832,837,-1,837,832,833,-1,837,833,838,-1,838,833,834,-1,838,834,724,-1,724,834,725,-1,697,701,739,-1,739,701,740,-1,739,740,772,-1,772,740,835,-1,772,835,771,-1,771,835,836,-1,771,836,770,-1,770,836,837,-1,770,837,769,-1,769,837,838,-1,769,838,729,-1,729,838,724,-1,763,776,764,-1,764,776,778,-1,764,778,739,-1,739,778,692,-1,739,692,698,-1,687,688,839,-1,839,688,777,-1,839,777,840,-1,840,777,776,-1,840,776,841,-1,841,776,763,-1,841,763,842,-1,842,763,761,-1,842,761,843,-1,843,761,759,-1,843,759,732,-1,732,759,727,-1,688,690,777,-1,777,690,695,-1,777,695,778,-1,778,695,694,-1,778,694,692,-1,685,687,738,-1,738,687,839,-1,738,839,844,-1,844,839,840,-1,844,840,845,-1,845,840,841,-1,845,841,846,-1,846,841,842,-1,846,842,847,-1,847,842,843,-1,847,843,731,-1,731,843,732,-1,682,684,737,-1,737,684,738,-1,737,738,848,-1,848,738,844,-1,848,844,849,-1,849,844,845,-1,849,845,850,-1,850,845,846,-1,850,846,851,-1,851,846,847,-1,851,847,730,-1,730,847,731,-1,679,681,736,-1,736,681,737,-1,736,737,852,-1,852,737,848,-1,852,848,853,-1,853,848,849,-1,853,849,854,-1,854,849,850,-1,854,850,855,-1,855,850,851,-1,855,851,734,-1,734,851,730,-1,676,678,735,-1,735,678,736,-1,735,736,856,-1,856,736,852,-1,856,852,857,-1,857,852,853,-1,857,853,858,-1,858,853,854,-1,858,854,859,-1,859,854,855,-1,859,855,733,-1,733,855,734,-1,673,675,860,-1,860,675,735,-1,860,735,861,-1,861,735,856,-1,861,856,862,-1,862,856,857,-1,862,857,863,-1,863,857,858,-1,863,858,864,-1,864,858,859,-1,864,859,709,-1,709,859,733,-1,709,708,864,-1,864,708,779,-1,864,779,863,-1,863,779,781,-1,863,781,862,-1,862,781,783,-1,862,783,861,-1,861,783,785,-1,861,785,860,-1,860,785,787,-1,860,787,673,-1,673,787,672,-1,865,866,867,-1,868,869,866,-1,866,869,870,-1,866,870,867,-1,871,872,868,-1,868,872,873,-1,868,873,869,-1,874,875,871,-1,871,875,876,-1,871,876,872,-1,877,878,874,-1,874,878,879,-1,874,879,875,-1,880,881,882,-1,882,881,883,-1,882,883,877,-1,877,883,884,-1,877,884,878,-1,880,882,885,-1,885,882,886,-1,885,886,887,-1,887,886,888,-1,887,888,889,-1,889,888,890,-1,890,888,891,-1,890,891,892,-1,892,891,893,-1,893,891,894,-1,893,894,895,-1,895,894,896,-1,896,894,897,-1,896,897,898,-1,898,897,899,-1,899,897,900,-1,899,900,901,-1,901,900,902,-1,902,900,903,-1,902,903,904,-1,904,903,905,-1,905,903,906,-1,905,906,907,-1,907,906,908,-1,908,906,909,-1,908,909,910,-1,910,909,911,-1,911,909,912,-1,911,912,913,-1,913,912,914,-1,914,912,915,-1,914,915,916,-1,916,915,917,-1,917,915,918,-1,917,918,919,-1,920,921,922,-1,922,921,923,-1,922,923,918,-1,918,923,924,-1,918,924,919,-1,925,926,920,-1,920,926,927,-1,920,927,921,-1,928,929,925,-1,925,929,930,-1,925,930,926,-1,931,932,928,-1,928,932,933,-1,928,933,929,-1,867,934,865,-1,865,934,935,-1,865,935,931,-1,931,935,936,-1,931,936,932,-1,937,938,939,-1,937,939,940,-1,941,942,939,-1,939,942,943,-1,939,943,940,-1,944,945,939,-1,939,945,946,-1,939,946,941,-1,947,948,939,-1,939,948,949,-1,939,949,944,-1,950,951,939,-1,939,951,952,-1,939,952,947,-1,953,954,939,-1,939,954,955,-1,939,955,950,-1,956,957,939,-1,939,957,958,-1,939,958,953,-1,959,960,939,-1,939,960,961,-1,939,961,956,-1,938,962,939,-1,939,962,963,-1,939,963,959,-1,904,905,964,-1,907,908,965,-1,910,911,966,-1,913,914,967,-1,927,926,968,-1,930,929,969,-1,933,932,970,-1,936,935,971,-1,870,869,972,-1,873,872,973,-1,876,875,974,-1,879,878,975,-1,889,890,976,-1,892,893,977,-1,895,896,978,-1,898,899,979,-1,946,945,980,-1,980,945,981,-1,980,981,982,-1,982,981,983,-1,982,983,984,-1,984,983,985,-1,984,985,986,-1,957,956,987,-1,987,956,988,-1,987,988,989,-1,989,988,990,-1,989,990,991,-1,991,990,992,-1,991,992,993,-1,941,946,994,-1,994,946,980,-1,994,980,995,-1,995,980,982,-1,995,982,996,-1,996,982,984,-1,996,984,997,-1,997,984,986,-1,997,986,976,-1,958,957,998,-1,998,957,987,-1,998,987,999,-1,999,987,989,-1,999,989,1000,-1,1000,989,991,-1,1000,991,1001,-1,1001,991,993,-1,1001,993,968,-1,1002,1003,1004,-1,1005,1006,1007,-1,937,940,1008,-1,1008,940,1009,-1,1008,1009,1010,-1,1010,1009,1011,-1,1010,1011,1012,-1,1012,1011,1013,-1,1012,1013,1014,-1,1014,1013,1015,-1,1014,1015,1016,-1,1016,1015,979,-1,1016,979,901,-1,901,979,899,-1,896,898,978,-1,978,898,979,-1,978,979,1017,-1,1017,979,1015,-1,1017,1015,1018,-1,1018,1015,1013,-1,1018,1013,1019,-1,1019,1013,1011,-1,1019,1011,1020,-1,1020,1011,1009,-1,1020,1009,943,-1,943,1009,940,-1,893,895,977,-1,977,895,978,-1,977,978,1021,-1,1021,978,1017,-1,1021,1017,1022,-1,1022,1017,1018,-1,1022,1018,1023,-1,1023,1018,1019,-1,1023,1019,1024,-1,1024,1019,1020,-1,1024,1020,942,-1,942,1020,943,-1,890,892,976,-1,976,892,977,-1,976,977,997,-1,997,977,1021,-1,997,1021,996,-1,996,1021,1022,-1,996,1022,995,-1,995,1022,1023,-1,995,1023,994,-1,994,1023,1024,-1,994,1024,941,-1,941,1024,942,-1,985,1002,986,-1,986,1002,1004,-1,986,1004,976,-1,976,1004,887,-1,976,887,889,-1,884,883,1025,-1,1025,883,1003,-1,1025,1003,1026,-1,1026,1003,1002,-1,1026,1002,1027,-1,1027,1002,985,-1,1027,985,1028,-1,1028,985,983,-1,1028,983,1029,-1,1029,983,981,-1,1029,981,944,-1,944,981,945,-1,883,881,1003,-1,1003,881,880,-1,1003,880,1004,-1,1004,880,885,-1,1004,885,887,-1,878,884,975,-1,975,884,1025,-1,975,1025,1030,-1,1030,1025,1026,-1,1030,1026,1031,-1,1031,1026,1027,-1,1031,1027,1032,-1,1032,1027,1028,-1,1032,1028,1033,-1,1033,1028,1029,-1,1033,1029,949,-1,949,1029,944,-1,875,879,974,-1,974,879,975,-1,974,975,1034,-1,1034,975,1030,-1,1034,1030,1035,-1,1035,1030,1031,-1,1035,1031,1036,-1,1036,1031,1032,-1,1036,1032,1037,-1,1037,1032,1033,-1,1037,1033,948,-1,948,1033,949,-1,872,876,973,-1,973,876,974,-1,973,974,1038,-1,1038,974,1034,-1,1038,1034,1039,-1,1039,1034,1035,-1,1039,1035,1040,-1,1040,1035,1036,-1,1040,1036,1041,-1,1041,1036,1037,-1,1041,1037,947,-1,947,1037,948,-1,869,873,972,-1,972,873,973,-1,972,973,1042,-1,1042,973,1038,-1,1042,1038,1043,-1,1043,1038,1039,-1,1043,1039,1044,-1,1044,1039,1040,-1,1044,1040,1045,-1,1045,1040,1041,-1,1045,1041,952,-1,952,1041,947,-1,867,870,1046,-1,1046,870,972,-1,1046,972,1047,-1,1047,972,1042,-1,1047,1042,1048,-1,1048,1042,1043,-1,1048,1043,1049,-1,1049,1043,1044,-1,1049,1044,1050,-1,1050,1044,1045,-1,1050,1045,951,-1,951,1045,952,-1,951,950,1050,-1,1050,950,1051,-1,1050,1051,1049,-1,1049,1051,1052,-1,1049,1052,1048,-1,1048,1052,1053,-1,1048,1053,1047,-1,1047,1053,1054,-1,1047,1054,1046,-1,1046,1054,1055,-1,1046,1055,867,-1,867,1055,934,-1,950,955,1051,-1,1051,955,1056,-1,1051,1056,1052,-1,1052,1056,1057,-1,1052,1057,1053,-1,1053,1057,1058,-1,1053,1058,1054,-1,1054,1058,1059,-1,1054,1059,1055,-1,1055,1059,971,-1,1055,971,934,-1,934,971,935,-1,932,936,970,-1,970,936,971,-1,970,971,1060,-1,1060,971,1059,-1,1060,1059,1061,-1,1061,1059,1058,-1,1061,1058,1062,-1,1062,1058,1057,-1,1062,1057,1063,-1,1063,1057,1056,-1,1063,1056,954,-1,954,1056,955,-1,929,933,969,-1,969,933,970,-1,969,970,1064,-1,1064,970,1060,-1,1064,1060,1065,-1,1065,1060,1061,-1,1065,1061,1066,-1,1066,1061,1062,-1,1066,1062,1067,-1,1067,1062,1063,-1,1067,1063,953,-1,953,1063,954,-1,926,930,968,-1,968,930,969,-1,968,969,1001,-1,1001,969,1064,-1,1001,1064,1000,-1,1000,1064,1065,-1,1000,1065,999,-1,999,1065,1066,-1,999,1066,998,-1,998,1066,1067,-1,998,1067,958,-1,958,1067,953,-1,992,1005,993,-1,993,1005,1007,-1,993,1007,968,-1,968,1007,921,-1,968,921,927,-1,916,917,1068,-1,1068,917,1006,-1,1068,1006,1069,-1,1069,1006,1005,-1,1069,1005,1070,-1,1070,1005,992,-1,1070,992,1071,-1,1071,992,990,-1,1071,990,1072,-1,1072,990,988,-1,1072,988,961,-1,961,988,956,-1,917,919,1006,-1,1006,919,924,-1,1006,924,1007,-1,1007,924,923,-1,1007,923,921,-1,914,916,967,-1,967,916,1068,-1,967,1068,1073,-1,1073,1068,1069,-1,1073,1069,1074,-1,1074,1069,1070,-1,1074,1070,1075,-1,1075,1070,1071,-1,1075,1071,1076,-1,1076,1071,1072,-1,1076,1072,960,-1,960,1072,961,-1,911,913,966,-1,966,913,967,-1,966,967,1077,-1,1077,967,1073,-1,1077,1073,1078,-1,1078,1073,1074,-1,1078,1074,1079,-1,1079,1074,1075,-1,1079,1075,1080,-1,1080,1075,1076,-1,1080,1076,959,-1,959,1076,960,-1,908,910,965,-1,965,910,966,-1,965,966,1081,-1,1081,966,1077,-1,1081,1077,1082,-1,1082,1077,1078,-1,1082,1078,1083,-1,1083,1078,1079,-1,1083,1079,1084,-1,1084,1079,1080,-1,1084,1080,963,-1,963,1080,959,-1,905,907,964,-1,964,907,965,-1,964,965,1085,-1,1085,965,1081,-1,1085,1081,1086,-1,1086,1081,1082,-1,1086,1082,1087,-1,1087,1082,1083,-1,1087,1083,1088,-1,1088,1083,1084,-1,1088,1084,962,-1,962,1084,963,-1,902,904,1089,-1,1089,904,964,-1,1089,964,1090,-1,1090,964,1085,-1,1090,1085,1091,-1,1091,1085,1086,-1,1091,1086,1092,-1,1092,1086,1087,-1,1092,1087,1093,-1,1093,1087,1088,-1,1093,1088,938,-1,938,1088,962,-1,938,937,1093,-1,1093,937,1008,-1,1093,1008,1092,-1,1092,1008,1010,-1,1092,1010,1091,-1,1091,1010,1012,-1,1091,1012,1090,-1,1090,1012,1014,-1,1090,1014,1089,-1,1089,1014,1016,-1,1089,1016,902,-1,902,1016,901,-1,1094,1095,1096,-1,1097,1098,1095,-1,1095,1098,1099,-1,1095,1099,1096,-1,1100,1101,1097,-1,1097,1101,1102,-1,1097,1102,1098,-1,1103,1104,1100,-1,1100,1104,1105,-1,1100,1105,1101,-1,1106,1107,1103,-1,1103,1107,1108,-1,1103,1108,1104,-1,1109,1110,1111,-1,1111,1110,1112,-1,1111,1112,1106,-1,1106,1112,1113,-1,1106,1113,1107,-1,1109,1111,1114,-1,1114,1111,1115,-1,1114,1115,1116,-1,1116,1115,1117,-1,1116,1117,1118,-1,1118,1117,1119,-1,1119,1117,1120,-1,1119,1120,1121,-1,1121,1120,1122,-1,1122,1120,1123,-1,1122,1123,1124,-1,1124,1123,1125,-1,1125,1123,1126,-1,1125,1126,1127,-1,1127,1126,1128,-1,1128,1126,1129,-1,1128,1129,1130,-1,1130,1129,1131,-1,1131,1129,1132,-1,1131,1132,1133,-1,1133,1132,1134,-1,1134,1132,1135,-1,1134,1135,1136,-1,1136,1135,1137,-1,1137,1135,1138,-1,1137,1138,1139,-1,1139,1138,1140,-1,1140,1138,1141,-1,1140,1141,1142,-1,1142,1141,1143,-1,1143,1141,1144,-1,1143,1144,1145,-1,1145,1144,1146,-1,1146,1144,1147,-1,1146,1147,1148,-1,1149,1150,1151,-1,1151,1150,1152,-1,1151,1152,1147,-1,1147,1152,1153,-1,1147,1153,1148,-1,1154,1155,1149,-1,1149,1155,1156,-1,1149,1156,1150,-1,1157,1158,1154,-1,1154,1158,1159,-1,1154,1159,1155,-1,1160,1161,1157,-1,1157,1161,1162,-1,1157,1162,1158,-1,1096,1163,1094,-1,1094,1163,1164,-1,1094,1164,1160,-1,1160,1164,1165,-1,1160,1165,1161,-1,1166,1167,1168,-1,1166,1168,1169,-1,1170,1171,1168,-1,1168,1171,1172,-1,1168,1172,1169,-1,1173,1174,1168,-1,1168,1174,1175,-1,1168,1175,1170,-1,1176,1177,1168,-1,1168,1177,1178,-1,1168,1178,1173,-1,1179,1180,1168,-1,1168,1180,1181,-1,1168,1181,1176,-1,1182,1183,1168,-1,1168,1183,1184,-1,1168,1184,1179,-1,1185,1186,1168,-1,1168,1186,1187,-1,1168,1187,1182,-1,1188,1189,1168,-1,1168,1189,1190,-1,1168,1190,1185,-1,1167,1191,1168,-1,1168,1191,1192,-1,1168,1192,1188,-1,1133,1134,1193,-1,1136,1137,1194,-1,1139,1140,1195,-1,1142,1143,1196,-1,1156,1155,1197,-1,1159,1158,1198,-1,1162,1161,1199,-1,1165,1164,1200,-1,1099,1098,1201,-1,1102,1101,1202,-1,1105,1104,1203,-1,1108,1107,1204,-1,1118,1119,1205,-1,1121,1122,1206,-1,1124,1125,1207,-1,1127,1128,1208,-1,1175,1174,1209,-1,1209,1174,1210,-1,1209,1210,1211,-1,1211,1210,1212,-1,1211,1212,1213,-1,1213,1212,1214,-1,1213,1214,1215,-1,1186,1185,1216,-1,1216,1185,1217,-1,1216,1217,1218,-1,1218,1217,1219,-1,1218,1219,1220,-1,1220,1219,1221,-1,1220,1221,1222,-1,1170,1175,1223,-1,1223,1175,1209,-1,1223,1209,1224,-1,1224,1209,1211,-1,1224,1211,1225,-1,1225,1211,1213,-1,1225,1213,1226,-1,1226,1213,1215,-1,1226,1215,1205,-1,1187,1186,1227,-1,1227,1186,1216,-1,1227,1216,1228,-1,1228,1216,1218,-1,1228,1218,1229,-1,1229,1218,1220,-1,1229,1220,1230,-1,1230,1220,1222,-1,1230,1222,1197,-1,1231,1232,1233,-1,1234,1235,1236,-1,1166,1169,1237,-1,1237,1169,1238,-1,1237,1238,1239,-1,1239,1238,1240,-1,1239,1240,1241,-1,1241,1240,1242,-1,1241,1242,1243,-1,1243,1242,1244,-1,1243,1244,1245,-1,1245,1244,1208,-1,1245,1208,1130,-1,1130,1208,1128,-1,1125,1127,1207,-1,1207,1127,1208,-1,1207,1208,1246,-1,1246,1208,1244,-1,1246,1244,1247,-1,1247,1244,1242,-1,1247,1242,1248,-1,1248,1242,1240,-1,1248,1240,1249,-1,1249,1240,1238,-1,1249,1238,1172,-1,1172,1238,1169,-1,1122,1124,1206,-1,1206,1124,1207,-1,1206,1207,1250,-1,1250,1207,1246,-1,1250,1246,1251,-1,1251,1246,1247,-1,1251,1247,1252,-1,1252,1247,1248,-1,1252,1248,1253,-1,1253,1248,1249,-1,1253,1249,1171,-1,1171,1249,1172,-1,1119,1121,1205,-1,1205,1121,1206,-1,1205,1206,1226,-1,1226,1206,1250,-1,1226,1250,1225,-1,1225,1250,1251,-1,1225,1251,1224,-1,1224,1251,1252,-1,1224,1252,1223,-1,1223,1252,1253,-1,1223,1253,1170,-1,1170,1253,1171,-1,1214,1231,1215,-1,1215,1231,1233,-1,1215,1233,1205,-1,1205,1233,1116,-1,1205,1116,1118,-1,1113,1112,1254,-1,1254,1112,1232,-1,1254,1232,1255,-1,1255,1232,1231,-1,1255,1231,1256,-1,1256,1231,1214,-1,1256,1214,1257,-1,1257,1214,1212,-1,1257,1212,1258,-1,1258,1212,1210,-1,1258,1210,1173,-1,1173,1210,1174,-1,1112,1110,1232,-1,1232,1110,1109,-1,1232,1109,1233,-1,1233,1109,1114,-1,1233,1114,1116,-1,1107,1113,1204,-1,1204,1113,1254,-1,1204,1254,1259,-1,1259,1254,1255,-1,1259,1255,1260,-1,1260,1255,1256,-1,1260,1256,1261,-1,1261,1256,1257,-1,1261,1257,1262,-1,1262,1257,1258,-1,1262,1258,1178,-1,1178,1258,1173,-1,1104,1108,1203,-1,1203,1108,1204,-1,1203,1204,1263,-1,1263,1204,1259,-1,1263,1259,1264,-1,1264,1259,1260,-1,1264,1260,1265,-1,1265,1260,1261,-1,1265,1261,1266,-1,1266,1261,1262,-1,1266,1262,1177,-1,1177,1262,1178,-1,1101,1105,1202,-1,1202,1105,1203,-1,1202,1203,1267,-1,1267,1203,1263,-1,1267,1263,1268,-1,1268,1263,1264,-1,1268,1264,1269,-1,1269,1264,1265,-1,1269,1265,1270,-1,1270,1265,1266,-1,1270,1266,1176,-1,1176,1266,1177,-1,1098,1102,1201,-1,1201,1102,1202,-1,1201,1202,1271,-1,1271,1202,1267,-1,1271,1267,1272,-1,1272,1267,1268,-1,1272,1268,1273,-1,1273,1268,1269,-1,1273,1269,1274,-1,1274,1269,1270,-1,1274,1270,1181,-1,1181,1270,1176,-1,1096,1099,1275,-1,1275,1099,1201,-1,1275,1201,1276,-1,1276,1201,1271,-1,1276,1271,1277,-1,1277,1271,1272,-1,1277,1272,1278,-1,1278,1272,1273,-1,1278,1273,1279,-1,1279,1273,1274,-1,1279,1274,1180,-1,1180,1274,1181,-1,1180,1179,1279,-1,1279,1179,1280,-1,1279,1280,1278,-1,1278,1280,1281,-1,1278,1281,1277,-1,1277,1281,1282,-1,1277,1282,1276,-1,1276,1282,1283,-1,1276,1283,1275,-1,1275,1283,1284,-1,1275,1284,1096,-1,1096,1284,1163,-1,1179,1184,1280,-1,1280,1184,1285,-1,1280,1285,1281,-1,1281,1285,1286,-1,1281,1286,1282,-1,1282,1286,1287,-1,1282,1287,1283,-1,1283,1287,1288,-1,1283,1288,1284,-1,1284,1288,1200,-1,1284,1200,1163,-1,1163,1200,1164,-1,1161,1165,1199,-1,1199,1165,1200,-1,1199,1200,1289,-1,1289,1200,1288,-1,1289,1288,1290,-1,1290,1288,1287,-1,1290,1287,1291,-1,1291,1287,1286,-1,1291,1286,1292,-1,1292,1286,1285,-1,1292,1285,1183,-1,1183,1285,1184,-1,1158,1162,1198,-1,1198,1162,1199,-1,1198,1199,1293,-1,1293,1199,1289,-1,1293,1289,1294,-1,1294,1289,1290,-1,1294,1290,1295,-1,1295,1290,1291,-1,1295,1291,1296,-1,1296,1291,1292,-1,1296,1292,1182,-1,1182,1292,1183,-1,1155,1159,1197,-1,1197,1159,1198,-1,1197,1198,1230,-1,1230,1198,1293,-1,1230,1293,1229,-1,1229,1293,1294,-1,1229,1294,1228,-1,1228,1294,1295,-1,1228,1295,1227,-1,1227,1295,1296,-1,1227,1296,1187,-1,1187,1296,1182,-1,1221,1234,1222,-1,1222,1234,1236,-1,1222,1236,1197,-1,1197,1236,1150,-1,1197,1150,1156,-1,1145,1146,1297,-1,1297,1146,1235,-1,1297,1235,1298,-1,1298,1235,1234,-1,1298,1234,1299,-1,1299,1234,1221,-1,1299,1221,1300,-1,1300,1221,1219,-1,1300,1219,1301,-1,1301,1219,1217,-1,1301,1217,1190,-1,1190,1217,1185,-1,1146,1148,1235,-1,1235,1148,1153,-1,1235,1153,1236,-1,1236,1153,1152,-1,1236,1152,1150,-1,1143,1145,1196,-1,1196,1145,1297,-1,1196,1297,1302,-1,1302,1297,1298,-1,1302,1298,1303,-1,1303,1298,1299,-1,1303,1299,1304,-1,1304,1299,1300,-1,1304,1300,1305,-1,1305,1300,1301,-1,1305,1301,1189,-1,1189,1301,1190,-1,1140,1142,1195,-1,1195,1142,1196,-1,1195,1196,1306,-1,1306,1196,1302,-1,1306,1302,1307,-1,1307,1302,1303,-1,1307,1303,1308,-1,1308,1303,1304,-1,1308,1304,1309,-1,1309,1304,1305,-1,1309,1305,1188,-1,1188,1305,1189,-1,1137,1139,1194,-1,1194,1139,1195,-1,1194,1195,1310,-1,1310,1195,1306,-1,1310,1306,1311,-1,1311,1306,1307,-1,1311,1307,1312,-1,1312,1307,1308,-1,1312,1308,1313,-1,1313,1308,1309,-1,1313,1309,1192,-1,1192,1309,1188,-1,1134,1136,1193,-1,1193,1136,1194,-1,1193,1194,1314,-1,1314,1194,1310,-1,1314,1310,1315,-1,1315,1310,1311,-1,1315,1311,1316,-1,1316,1311,1312,-1,1316,1312,1317,-1,1317,1312,1313,-1,1317,1313,1191,-1,1191,1313,1192,-1,1131,1133,1318,-1,1318,1133,1193,-1,1318,1193,1319,-1,1319,1193,1314,-1,1319,1314,1320,-1,1320,1314,1315,-1,1320,1315,1321,-1,1321,1315,1316,-1,1321,1316,1322,-1,1322,1316,1317,-1,1322,1317,1167,-1,1167,1317,1191,-1,1167,1166,1322,-1,1322,1166,1237,-1,1322,1237,1321,-1,1321,1237,1239,-1,1321,1239,1320,-1,1320,1239,1241,-1,1320,1241,1319,-1,1319,1241,1243,-1,1319,1243,1318,-1,1318,1243,1245,-1,1318,1245,1131,-1,1131,1245,1130,-1,
        ]
    }
}
Shape{
    appearance Appearance {
        material  Material {
            diffuseColor 0.7529411764705882 0.7529411764705882 0.7529411764705882
            specularColor 0.3764705882352941 0.3764705882352941 0.3764705882352941
            ambientIntensity 0.7529
            transparency 0.0
            shininess 0.5
        }
    }
    geometry IndexedFaceSet {
        ccw TRUE
        solid FALSE
        coord DEF co Coordinate {
            point [
                -1.7717 0.7461 0.1181, -1.7717 0.7461 0.0, -1.6368 0.7461 0.1181, -1.6368 0.7461 0.0, -1.6183 0.7461 0.1203, -1.5905 0.7461 0.0055, -1.6008 0.7461 0.1269, -1.5467 0.7461 0.0219, -1.5853 0.7461 0.1373, -1.508 0.7461 0.048, -1.5727 0.7461 0.1511, -1.4766 0.7461 0.0826, -1.3901 0.7461 0.4072, -1.294 0.7461 0.3387, -1.3477 0.7461 0.4555, -1.2616 0.7461 0.3741, -1.2963 0.7461 0.4942, -1.2215 0.7461 0.4006, -1.2381 0.7461 0.5216, -1.1811 0.7461 0.4155, -1.1811 0.7461 0.5358, -1.1811 0.9823 0.4155, -1.1771 1.0217 0.4164, -1.2215 1.0217 0.4006, -1.2616 1.0217 0.3741, -1.294 1.0217 0.3387, -1.1811 0.9823 0.5358, -1.1771 1.0217 0.5364, -1.2381 1.0217 0.5216, -1.2963 1.0217 0.4942, -1.3477 1.0217 0.4555, -1.3901 1.0217 0.4072, -1.4766 1.0217 0.0826, -1.508 1.0217 0.048, -1.5467 1.0217 0.0219, -1.5905 1.0217 0.0055, -1.6368 1.0217 0.0, -1.7717 1.0217 0.0, -1.7717 1.0217 0.1181, -1.6368 1.0217 0.1181, -1.6183 1.0217 0.1203, -1.6008 1.0217 0.1269, -1.5853 1.0217 0.1373, -1.5727 1.0217 0.1511, -1.1811 -0.75 0.5358, -1.1811 -0.75 0.4155, -1.2381 -0.75 0.5216, -1.2215 -0.75 0.4006, -1.7717 -0.75 0.0, -1.7717 -0.75 0.1181, -1.6368 -0.75 0.0, -1.6368 -0.75 0.1181, -1.5905 -0.75 0.0055, -1.6183 -0.75 0.1203, -1.5467 -0.75 0.0219, -1.6008 -0.75 0.1269, -1.508 -0.75 0.048, -1.5853 -0.75 0.1373, -1.4766 -0.75 0.0826, -1.5727 -0.75 0.1511, -1.294 -0.75 0.3387, -1.3901 -0.75 0.4072, -1.2616 -0.75 0.3741, -1.3477 -0.75 0.4555, -1.2963 -0.75 0.4942, -1.1811 -0.9862 0.5358, -1.2381 -1.0256 0.5216, -1.1771 -1.0256 0.5364, -1.2963 -1.0256 0.4942, -1.3477 -1.0256 0.4555, -1.3901 -1.0256 0.4072, -1.1811 -0.9862 0.4155, -1.1771 -1.0256 0.4164, -1.2215 -1.0256 0.4006, -1.294 -1.0256 0.3387, -1.2616 -1.0256 0.3741, -1.5727 -1.0256 0.1511, -1.5853 -1.0256 0.1373, -1.6008 -1.0256 0.1269, -1.6183 -1.0256 0.1203, -1.6368 -1.0256 0.1181, -1.7717 -1.0256 0.1181, -1.7717 -1.0256 0.0, -1.6368 -1.0256 0.0, -1.5905 -1.0256 0.0055, -1.5467 -1.0256 0.0219, -1.508 -1.0256 0.048, -1.4766 -1.0256 0.0826, 1.7717 -0.75 0.1181, 1.7717 -0.75 0.0, 1.6368 -0.75 0.1181, 1.6368 -0.75 0.0, 1.6183 -0.75 0.1203, 1.5905 -0.75 0.0055, 1.6008 -0.75 0.1269, 1.5467 -0.75 0.0219, 1.5853 -0.75 0.1373, 1.508 -0.75 0.048, 1.5727 -0.75 0.1511, 1.4766 -0.75 0.0826, 1.3901 -0.75 0.4072, 1.294 -0.75 0.3387, 1.3477 -0.75 0.4555, 1.2616 -0.75 0.3741, 1.2963 -0.75 0.4942, 1.2215 -0.75 0.4006, 1.2381 -0.75 0.5216, 1.1811 -0.75 0.4155, 1.1811 -0.75 0.5358, 1.1811 -0.9862 0.4155, 1.1771 -1.0256 0.4164, 1.2215 -1.0256 0.4006, 1.2616 -1.0256 0.3741, 1.294 -1.0256 0.3387, 1.1811 -0.9862 0.5358, 1.1771 -1.0256 0.5364, 1.2381 -1.0256 0.5216, 1.2963 -1.0256 0.4942, 1.3477 -1.0256 0.4555, 1.3901 -1.0256 0.4072, 1.4766 -1.0256 0.0826, 1.508 -1.0256 0.048, 1.5467 -1.0256 0.0219, 1.5905 -1.0256 0.0055, 1.6368 -1.0256 0.0, 1.7717 -1.0256 0.0, 1.7717 -1.0256 0.1181, 1.6368 -1.0256 0.1181, 1.6183 -1.0256 0.1203, 1.6008 -1.0256 0.1269, 1.5853 -1.0256 0.1373, 1.5727 -1.0256 0.1511, 1.1811 0.7461 0.5358, 1.1811 0.7461 0.4155, 1.2381 0.7461 0.5216, 1.2215 0.7461 0.4006, 1.7717 0.7461 0.0, 1.7717 0.7461 0.1181, 1.6368 0.7461 0.0, 1.6368 0.7461 0.1181, 1.5905 0.7461 0.0055, 1.6183 0.7461 0.1203, 1.5467 0.7461 0.0219, 1.6008 0.7461 0.1269, 1.508 0.7461 0.048, 1.5853 0.7461 0.1373, 1.4766 0.7461 0.0826, 1.5727 0.7461 0.1511, 1.294 0.7461 0.3387, 1.3901 0.7461 0.4072, 1.2616 0.7461 0.3741, 1.3477 0.7461 0.4555, 1.2963 0.7461 0.4942, 1.1811 0.9823 0.5358, 1.2381 1.0217 0.5216, 1.1771 1.0217 0.5364, 1.2963 1.0217 0.4942, 1.3477 1.0217 0.4555, 1.3901 1.0217 0.4072, 1.1811 0.9823 0.4155, 1.1771 1.0217 0.4164, 1.2215 1.0217 0.4006, 1.294 1.0217 0.3387, 1.2616 1.0217 0.3741, 1.5727 1.0217 0.1511, 1.5853 1.0217 0.1373, 1.6008 1.0217 0.1269, 1.6183 1.0217 0.1203, 1.6368 1.0217 0.1181, 1.7717 1.0217 0.1181, 1.7717 1.0217 0.0, 1.6368 1.0217 0.0, 1.5905 1.0217 0.0055, 1.5467 1.0217 0.0219, 1.508 1.0217 0.048, 1.4766 1.0217 0.0826
            ]
        }
        coordIndex [
            0,1,2,-1,2,1,3,-1,2,3,4,-1,4,3,5,-1,4,5,6,-1,6,5,7,-1,6,7,8,-1,8,7,9,-1,8,9,10,-1,10,9,11,-1,10,11,12,-1,12,11,13,-1,12,13,14,-1,14,13,15,-1,14,15,16,-1,16,15,17,-1,16,17,18,-1,18,17,19,-1,18,19,20,-1,21,19,17,-1,22,21,23,-1,23,21,17,-1,23,17,24,-1,24,17,15,-1,24,15,25,-1,25,15,13,-1,26,27,28,-1,26,28,20,-1,20,28,18,-1,18,28,29,-1,18,29,16,-1,16,29,30,-1,16,30,14,-1,14,30,31,-1,14,31,12,-1,32,25,11,-1,11,25,13,-1,32,11,9,-1,32,9,33,-1,33,9,7,-1,33,7,34,-1,34,7,5,-1,34,5,35,-1,35,5,3,-1,35,3,36,-1,37,36,1,-1,1,36,3,-1,38,37,0,-1,0,37,1,-1,39,38,2,-1,2,38,0,-1,39,2,40,-1,40,2,4,-1,40,4,41,-1,41,4,6,-1,41,6,42,-1,42,6,8,-1,42,8,43,-1,43,8,10,-1,31,43,12,-1,12,43,10,-1,27,22,28,-1,28,22,23,-1,37,38,36,-1,36,38,39,-1,36,39,35,-1,35,39,40,-1,35,40,34,-1,34,40,41,-1,34,41,33,-1,33,41,42,-1,33,42,32,-1,32,42,43,-1,32,43,25,-1,25,43,31,-1,25,31,24,-1,24,31,30,-1,24,30,23,-1,23,30,29,-1,23,29,28,-1,44,45,46,-1,46,45,47,-1,48,49,50,-1,50,49,51,-1,50,51,52,-1,52,51,53,-1,52,53,54,-1,54,53,55,-1,54,55,56,-1,56,55,57,-1,56,57,58,-1,58,57,59,-1,58,59,60,-1,60,59,61,-1,60,61,62,-1,62,61,63,-1,62,63,47,-1,47,63,64,-1,47,64,46,-1,65,44,46,-1,66,67,65,-1,65,46,66,-1,66,46,64,-1,66,64,68,-1,68,64,63,-1,68,63,69,-1,69,63,61,-1,69,61,70,-1,71,72,73,-1,71,73,45,-1,74,60,75,-1,75,60,62,-1,75,62,73,-1,73,62,47,-1,73,47,45,-1,76,70,59,-1,59,70,61,-1,76,59,77,-1,77,59,57,-1,77,57,78,-1,78,57,55,-1,78,55,79,-1,79,55,53,-1,79,53,80,-1,80,53,51,-1,81,80,49,-1,49,80,51,-1,82,81,48,-1,48,81,49,-1,83,82,50,-1,50,82,48,-1,83,50,52,-1,83,52,84,-1,84,52,54,-1,84,54,85,-1,85,54,56,-1,85,56,86,-1,86,56,58,-1,86,58,87,-1,74,87,60,-1,60,87,58,-1,81,82,80,-1,80,82,83,-1,80,83,79,-1,79,83,84,-1,79,84,78,-1,78,84,85,-1,78,85,77,-1,77,85,86,-1,77,86,76,-1,76,86,87,-1,76,87,70,-1,70,87,74,-1,70,74,69,-1,69,74,75,-1,69,75,68,-1,68,75,73,-1,68,73,66,-1,66,73,72,-1,66,72,67,-1,88,89,90,-1,90,89,91,-1,90,91,92,-1,92,91,93,-1,92,93,94,-1,94,93,95,-1,94,95,96,-1,96,95,97,-1,96,97,98,-1,98,97,99,-1,98,99,100,-1,100,99,101,-1,100,101,102,-1,102,101,103,-1,102,103,104,-1,104,103,105,-1,104,105,106,-1,106,105,107,-1,106,107,108,-1,109,107,105,-1,110,109,111,-1,111,109,105,-1,111,105,112,-1,112,105,103,-1,112,103,113,-1,113,103,101,-1,114,115,116,-1,114,116,108,-1,108,116,106,-1,106,116,117,-1,106,117,104,-1,104,117,118,-1,104,118,102,-1,102,118,119,-1,102,119,100,-1,120,113,99,-1,99,113,101,-1,120,99,97,-1,120,97,121,-1,121,97,95,-1,121,95,122,-1,122,95,93,-1,122,93,123,-1,123,93,91,-1,123,91,124,-1,125,124,89,-1,89,124,91,-1,126,125,88,-1,88,125,89,-1,127,126,90,-1,90,126,88,-1,127,90,128,-1,128,90,92,-1,128,92,129,-1,129,92,94,-1,129,94,130,-1,130,94,96,-1,130,96,131,-1,131,96,98,-1,119,131,100,-1,100,131,98,-1,115,110,116,-1,116,110,111,-1,125,126,124,-1,124,126,127,-1,124,127,123,-1,123,127,128,-1,123,128,122,-1,122,128,129,-1,122,129,121,-1,121,129,130,-1,121,130,120,-1,120,130,131,-1,120,131,113,-1,113,131,119,-1,113,119,112,-1,112,119,118,-1,112,118,111,-1,111,118,117,-1,111,117,116,-1,132,133,134,-1,134,133,135,-1,136,137,138,-1,138,137,139,-1,138,139,140,-1,140,139,141,-1,140,141,142,-1,142,141,143,-1,142,143,144,-1,144,143,145,-1,144,145,146,-1,146,145,147,-1,146,147,148,-1,148,147,149,-1,148,149,150,-1,150,149,151,-1,150,151,135,-1,135,151,152,-1,135,152,134,-1,153,132,134,-1,154,155,153,-1,153,134,154,-1,154,134,152,-1,154,152,156,-1,156,152,151,-1,156,151,157,-1,157,151,149,-1,157,149,158,-1,159,160,161,-1,159,161,133,-1,162,148,163,-1,163,148,150,-1,163,150,161,-1,161,150,135,-1,161,135,133,-1,164,158,147,-1,147,158,149,-1,164,147,165,-1,165,147,145,-1,165,145,166,-1,166,145,143,-1,166,143,167,-1,167,143,141,-1,167,141,168,-1,168,141,139,-1,169,168,137,-1,137,168,139,-1,170,169,136,-1,136,169,137,-1,171,170,138,-1,138,170,136,-1,171,138,140,-1,171,140,172,-1,172,140,142,-1,172,142,173,-1,173,142,144,-1,173,144,174,-1,174,144,146,-1,174,146,175,-1,162,175,148,-1,148,175,146,-1,169,170,168,-1,168,170,171,-1,168,171,167,-1,167,171,172,-1,167,172,166,-1,166,172,173,-1,166,173,165,-1,165,173,174,-1,165,174,164,-1,164,174,175,-1,164,175,158,-1,158,175,162,-1,158,162,157,-1,157,162,163,-1,157,163,156,-1,156,163,161,-1,156,161,154,-1,154,161,160,-1,154,160,155,-1,
        ]
    }
}
Shape{
    appearance Appearance {
        material  Material {
            diffuseColor 0.25098039215686274 0.25098039215686274 0.25098039215686274
            specularColor 0.12549019607843137 0.12549019607843137 0.12549019607843137
            ambientIntensity 0.251
            transparency 0.0
            shininess 0.5
        }
    }
    geometry IndexedFaceSet {
        ccw TRUE
        solid FALSE
        coord DEF co Coordinate {
            point [
                -1.1811 0.5203 0.1408, 1.1811 0.5203 0.1408, -1.1811 -0.5243 0.1408, 1.1811 -0.5243 0.1408, -1.1811 -0.5243 0.0276, 1.1811 -0.5243 0.0276, -1.1811 0.5203 0.0276, 1.1811 0.5203 0.0276
            ]
        }
        coordIndex [
            0,1,2,-1,2,1,3,-1,2,3,4,-1,4,3,5,-1,6,7,0,-1,0,7,1,-1,
        ]
    }
}
Shape{
    appearance Appearance {
        material  Material {
            diffuseColor 1.0 1.0 1.0
            specularColor 0.5019607843137255 0.5019607843137255 0.5019607843137255
            ambientIntensity 1.0
            transparency 0.0
            shininess 0.5
        }
    }
    geometry IndexedFaceSet {
        ccw TRUE
        solid FALSE
        coord DEF co Coordinate {
            point [
                -0.7763 1.1831 0.1283, -0.7763 1.1831 0.1241, -0.7763 1.1791 0.1283, -0.7763 1.1791 0.1241, -0.7616 1.1831 0.1283, -0.7616 1.1791 0.1283, -0.7616 1.1831 0.1612, -0.7616 1.1791 0.1612, -0.7568 1.1831 0.1612, -0.7568 1.1791 0.1612, -0.7568 1.1831 0.1241, -0.7568 1.1791 0.1241, -0.8056 1.1791 0.1257, -0.8056 1.1831 0.1257, -0.804 1.1791 0.1251, -0.8018 1.1831 0.1242, -0.8018 1.1791 0.1242, -0.7954 1.1831 0.1235, -0.7954 1.1791 0.1235, -0.8056 1.1831 0.1302, -0.8056 1.1791 0.1302, -0.804 1.1791 0.1295, -0.8018 1.1831 0.1286, -0.8018 1.1791 0.1286, -0.7976 1.1791 0.1278, -0.7976 1.1831 0.1278, -0.796 1.1791 0.1278, -0.796 1.1831 0.1278, -0.7926 1.1791 0.1281, -0.7926 1.1831 0.1281, -0.7899 1.1791 0.1291, -0.7899 1.1831 0.1291, -0.7874 1.1791 0.1308, -0.7874 1.1831 0.1308, -0.7865 1.1791 0.1317, -0.7865 1.1831 0.1317, -0.7846 1.1791 0.1343, -0.7846 1.1831 0.1343, -0.7835 1.1791 0.1373, -0.7835 1.1831 0.1373, -0.7829 1.1791 0.1419, -0.7829 1.1831 0.1419, -0.7829 1.1791 0.1422, -0.7829 1.1831 0.1422, -0.7834 1.1791 0.1469, -0.7834 1.1831 0.1469, -0.7846 1.1791 0.1502, -0.7846 1.1831 0.1502, -0.7863 1.1791 0.1528, -0.7863 1.1831 0.1528, -0.7868 1.1791 0.1534, -0.7868 1.1831 0.1534, -0.7891 1.1791 0.1554, -0.7891 1.1831 0.1554, -0.792 1.1791 0.1568, -0.792 1.1831 0.1568, -0.7952 1.1791 0.1574, -0.7952 1.1831 0.1574, -0.7969 1.1791 0.1575, -0.7969 1.1831 0.1575, -0.8056 1.1791 0.1553, -0.8056 1.1831 0.1553, -0.805 1.1831 0.1556, -0.8012 1.1791 0.157, -0.8012 1.1831 0.157, -0.804 1.1791 0.156, -0.805 1.1791 0.1556, -0.8056 1.1831 0.1603, -0.8056 1.1791 0.1603, -0.7968 1.1791 0.1618, -0.7968 1.1831 0.1618, -0.7972 1.1831 0.1618, -0.804 1.1791 0.1608, -0.802 1.1831 0.1614, -0.802 1.1791 0.1614, -0.8006 1.1791 0.1615, -0.7972 1.1791 0.1618, -0.794 1.1791 0.1615, -0.7919 1.1831 0.1613, -0.7919 1.1791 0.1613, -0.7879 1.1791 0.1598, -0.7879 1.1831 0.1598, -0.7843 1.1791 0.1574, -0.7843 1.1831 0.1574, -0.7832 1.1791 0.1564, -0.7832 1.1831 0.1564, -0.7806 1.1791 0.153, -0.7806 1.1831 0.153, -0.7795 1.1791 0.1505, -0.7788 1.1831 0.149, -0.7788 1.1791 0.149, -0.7779 1.1791 0.1442, -0.7779 1.1831 0.1442, -0.7779 1.1791 0.142, -0.7779 1.1831 0.142, -0.7786 1.1791 0.136, -0.7786 1.1831 0.136, -0.7795 1.1791 0.1335, -0.7801 1.1831 0.1321, -0.7801 1.1791 0.1321, -0.7823 1.1791 0.1289, -0.7823 1.1831 0.1289, -0.7826 1.1791 0.1286, -0.7826 1.1831 0.1286, -0.7854 1.1791 0.1262, -0.7854 1.1831 0.1262, -0.7889 1.1791 0.1245, -0.7889 1.1831 0.1245, -0.7929 1.1791 0.1236, -0.7929 1.1831 0.1236, -0.833 1.1831 0.1283, -0.833 1.1831 0.1241, -0.833 1.1791 0.1283, -0.833 1.1791 0.1241, -0.8178 1.1791 0.1283, -0.8178 1.1831 0.1283, -0.8278 1.1791 0.1283, -0.8178 1.1831 0.1408, -0.8178 1.1791 0.1408, -0.8311 1.1831 0.1408, -0.8278 1.1791 0.1408, -0.8311 1.1791 0.1408, -0.8311 1.1831 0.1451, -0.8311 1.1791 0.1451, -0.8178 1.1791 0.1451, -0.8178 1.1831 0.1451, -0.8278 1.1791 0.1451, -0.8178 1.1831 0.1569, -0.8178 1.1791 0.1569, -0.8321 1.1831 0.1569, -0.8278 1.1791 0.1569, -0.8321 1.1791 0.1569, -0.8321 1.1831 0.1612, -0.8321 1.1791 0.1612, -0.813 1.1791 0.1612, -0.813 1.1831 0.1612, -0.8278 1.1791 0.1612, -0.813 1.1831 0.1241, -0.813 1.1791 0.1241, -0.8278 1.1791 0.1241, -0.865 1.1831 0.1409, -0.87 1.1831 0.1405, -0.8651 1.1831 0.143, -0.8702 1.1831 0.1431, -0.8647 1.1831 0.1472, -0.8696 1.1831 0.1479, -0.8637 1.1831 0.15, -0.8683 1.1831 0.1515, -0.8623 1.1831 0.1522, -0.8661 1.1831 0.1548, -0.8611 1.1831 0.1534, -0.8646 1.1831 0.1563, -0.8582 1.1831 0.1553, -0.8609 1.1831 0.1588, -0.855 1.1831 0.1564, -0.8565 1.1831 0.1605, -0.8504 1.1831 0.1569, -0.8505 1.1831 0.1612, -0.8448 1.1831 0.1569, -0.84 1.1831 0.1612, -0.8448 1.1831 0.1283, -0.84 1.1831 0.1241, -0.8501 1.1831 0.1283, -0.8502 1.1831 0.1241, -0.8548 1.1831 0.1288, -0.8563 1.1831 0.1248, -0.858 1.1831 0.13, -0.8605 1.1831 0.1265, -0.8605 1.1831 0.1316, -0.8641 1.1831 0.1289, -0.8612 1.1831 0.1322, -0.8646 1.1831 0.1293, -0.8631 1.1831 0.1347, -0.8672 1.1831 0.1324, -0.8643 1.1831 0.1374, -0.8691 1.1831 0.1362, -0.8502 1.1791 0.1241, -0.84 1.1791 0.1241, -0.8563 1.1791 0.1248, -0.8605 1.1791 0.1265, -0.8641 1.1791 0.1289, -0.8646 1.1791 0.1293, -0.8672 1.1791 0.1324, -0.8691 1.1791 0.1362, -0.87 1.1791 0.1405, -0.8702 1.1791 0.1431, -0.8696 1.1791 0.1479, -0.8683 1.1791 0.1515, -0.8661 1.1791 0.1548, -0.8646 1.1791 0.1563, -0.8609 1.1791 0.1588, -0.8565 1.1791 0.1605, -0.8505 1.1791 0.1612, -0.84 1.1791 0.1612, -0.8504 1.1791 0.1569, -0.8448 1.1791 0.1569, -0.8448 1.1791 0.1283, -0.8501 1.1791 0.1283, -0.8612 1.1791 0.1322, -0.8605 1.1791 0.1316, -0.858 1.1791 0.13, -0.8548 1.1791 0.1288, -0.8651 1.1791 0.143, -0.865 1.1791 0.1409, -0.8643 1.1791 0.1374, -0.8631 1.1791 0.1347, -0.8611 1.1791 0.1534, -0.8623 1.1791 0.1522, -0.8637 1.1791 0.15, -0.8647 1.1791 0.1472, -0.855 1.1791 0.1564, -0.8582 1.1791 0.1553
            ]
        }
        coordIndex [
            0,1,2,-1,2,1,3,-1,4,0,5,-1,5,0,2,-1,6,4,7,-1,7,4,5,-1,8,6,9,-1,9,6,7,-1,10,8,11,-1,11,8,9,-1,1,10,3,-1,3,10,11,-1,6,8,4,-1,4,8,10,-1,4,10,0,-1,0,10,1,-1,12,13,14,-1,14,13,15,-1,14,15,16,-1,16,15,17,-1,16,17,18,-1,19,13,20,-1,20,13,12,-1,19,20,21,-1,19,21,22,-1,21,23,22,-1,22,23,24,-1,22,24,25,-1,25,24,26,-1,25,26,27,-1,27,26,28,-1,27,28,29,-1,29,28,30,-1,29,30,31,-1,31,30,32,-1,31,32,33,-1,33,32,34,-1,33,34,35,-1,35,34,36,-1,35,36,37,-1,37,36,38,-1,37,38,39,-1,39,38,40,-1,39,40,41,-1,41,40,42,-1,41,42,43,-1,43,42,44,-1,43,44,45,-1,45,44,46,-1,45,46,47,-1,47,46,48,-1,47,48,49,-1,49,48,50,-1,49,50,51,-1,51,50,52,-1,51,52,53,-1,53,52,54,-1,53,54,55,-1,55,54,56,-1,55,56,57,-1,57,56,58,-1,57,58,59,-1,60,61,62,-1,59,58,63,-1,59,63,64,-1,64,63,65,-1,64,65,62,-1,62,65,66,-1,62,66,60,-1,67,61,68,-1,68,61,60,-1,69,70,71,-1,67,68,72,-1,67,72,73,-1,72,74,73,-1,73,74,75,-1,73,75,71,-1,71,75,76,-1,71,76,69,-1,69,77,70,-1,70,77,78,-1,77,79,78,-1,78,79,80,-1,78,80,81,-1,81,80,82,-1,81,82,83,-1,83,82,84,-1,83,84,85,-1,85,84,86,-1,85,86,87,-1,87,86,88,-1,87,88,89,-1,88,90,89,-1,89,90,91,-1,89,91,92,-1,92,91,93,-1,92,93,94,-1,94,93,95,-1,94,95,96,-1,96,95,97,-1,96,97,98,-1,97,99,98,-1,98,99,100,-1,98,100,101,-1,101,100,102,-1,101,102,103,-1,103,102,104,-1,103,104,105,-1,105,104,106,-1,105,106,107,-1,107,106,108,-1,107,108,109,-1,109,108,18,-1,109,18,17,-1,62,61,67,-1,37,39,96,-1,45,47,87,-1,96,39,94,-1,87,47,85,-1,62,67,64,-1,64,67,73,-1,64,73,59,-1,59,73,71,-1,59,71,57,-1,57,71,70,-1,57,70,55,-1,55,70,78,-1,55,78,53,-1,13,19,15,-1,15,19,22,-1,15,22,17,-1,78,81,53,-1,53,81,83,-1,53,83,51,-1,51,83,85,-1,51,85,49,-1,49,85,47,-1,96,98,37,-1,37,98,101,-1,37,101,35,-1,35,101,103,-1,35,103,33,-1,33,103,105,-1,33,105,31,-1,31,105,107,-1,31,107,29,-1,29,107,109,-1,29,109,27,-1,27,109,17,-1,27,17,25,-1,25,17,22,-1,39,41,94,-1,94,41,43,-1,94,43,92,-1,92,43,45,-1,92,45,89,-1,89,45,87,-1,110,111,112,-1,112,111,113,-1,114,115,116,-1,116,115,110,-1,116,110,112,-1,117,115,118,-1,118,115,114,-1,117,118,119,-1,119,118,120,-1,119,120,121,-1,122,119,123,-1,123,119,121,-1,124,125,126,-1,126,125,122,-1,126,122,123,-1,127,125,128,-1,128,125,124,-1,127,128,129,-1,129,128,130,-1,129,130,131,-1,132,129,133,-1,133,129,131,-1,134,135,136,-1,136,135,132,-1,136,132,133,-1,137,135,138,-1,138,135,134,-1,137,138,111,-1,111,138,139,-1,111,139,113,-1,111,110,137,-1,137,110,115,-1,119,122,117,-1,117,122,125,-1,129,132,127,-1,127,132,135,-1,127,135,125,-1,125,135,137,-1,125,137,117,-1,117,137,115,-1,140,141,142,-1,142,141,143,-1,142,143,144,-1,144,143,145,-1,144,145,146,-1,146,145,147,-1,146,147,148,-1,148,147,149,-1,148,149,150,-1,150,149,151,-1,150,151,152,-1,152,151,153,-1,152,153,154,-1,154,153,155,-1,154,155,156,-1,156,155,157,-1,156,157,158,-1,158,157,159,-1,158,159,160,-1,160,159,161,-1,160,161,162,-1,162,161,163,-1,162,163,164,-1,164,163,165,-1,164,165,166,-1,166,165,167,-1,166,167,168,-1,168,167,169,-1,168,169,170,-1,170,169,171,-1,170,171,172,-1,172,171,173,-1,172,173,174,-1,174,173,175,-1,174,175,140,-1,140,175,141,-1,163,161,176,-1,176,161,177,-1,163,176,178,-1,163,178,165,-1,165,178,179,-1,165,179,167,-1,167,179,180,-1,167,180,169,-1,169,180,181,-1,169,181,171,-1,171,181,182,-1,171,182,173,-1,173,182,183,-1,173,183,175,-1,175,183,184,-1,175,184,141,-1,141,184,185,-1,141,185,143,-1,143,185,186,-1,143,186,145,-1,145,186,187,-1,145,187,147,-1,147,187,188,-1,147,188,149,-1,149,188,189,-1,149,189,151,-1,151,189,190,-1,151,190,153,-1,153,190,191,-1,153,191,155,-1,155,191,192,-1,155,192,157,-1,159,157,193,-1,193,157,192,-1,161,159,177,-1,177,159,193,-1,156,158,194,-1,194,158,195,-1,158,160,195,-1,195,160,196,-1,160,162,196,-1,196,162,197,-1,170,198,199,-1,170,199,168,-1,168,199,200,-1,168,200,166,-1,166,200,201,-1,166,201,164,-1,164,201,197,-1,164,197,162,-1,142,202,203,-1,142,203,140,-1,140,203,204,-1,140,204,174,-1,174,204,205,-1,174,205,172,-1,172,205,198,-1,172,198,170,-1,150,206,207,-1,150,207,148,-1,148,207,208,-1,148,208,146,-1,146,208,209,-1,146,209,144,-1,144,209,202,-1,144,202,142,-1,156,194,210,-1,156,210,154,-1,154,210,211,-1,154,211,152,-1,152,211,206,-1,152,206,150,-1,
        ]
    }
}
Shape{
    appearance Appearance {
        material  Material {
            diffuseColor 0.25098039215686274 0.25098039215686274 0.25098039215686274
            specularColor 0.12549019607843137 0.12549019607843137 0.12549019607843137
            ambientIntensity 0.251
            transparency 0.0
            shininess 0.5
        }
    }
    geometry IndexedFaceSet {
        ccw TRUE
        solid FALSE
        coord DEF co Coordinate {
            point [
                -0.8448 1.1791 0.1569, -0.8448 1.1791 0.1283, -0.8504 1.1791 0.1569, -0.8501 1.1791 0.1283, -0.8548 1.1791 0.1288, -0.858 1.1791 0.13, -0.8605 1.1791 0.1316, -0.8612 1.1791 0.1322, -0.8631 1.1791 0.1347, -0.8643 1.1791 0.1374, -0.865 1.1791 0.1409, -0.8651 1.1791 0.143, -0.8647 1.1791 0.1472, -0.8637 1.1791 0.15, -0.8623 1.1791 0.1522, -0.8611 1.1791 0.1534, -0.855 1.1791 0.1564, -0.8582 1.1791 0.1553
            ]
        }
        coordIndex [
            0,1,2,-1,2,1,3,-1,2,3,4,-1,4,5,2,-1,2,5,6,-1,2,6,7,-1,7,8,2,-1,2,8,9,-1,2,9,10,-1,10,11,2,-1,2,11,12,-1,2,12,13,-1,13,14,2,-1,2,14,15,-1,2,15,16,-1,16,15,17,-1,
        ]
    }
}
Shape{
    appearance Appearance {
        material  Material {
            diffuseColor 1.0 1.0 1.0
            specularColor 0.5019607843137255 0.5019607843137255 0.5019607843137255
            ambientIntensity 1.0
            transparency 0.0
            shininess 0.5
        }
    }
    geometry IndexedFaceSet {
        ccw TRUE
        solid FALSE
        coord DEF co Coordinate {
            point [
                -0.8826 1.1831 0.1384, -0.8881 1.1831 0.1539, -0.8863 1.1831 0.1612, -0.8722 1.1831 0.1241, -0.8775 1.1831 0.1241, -0.8811 1.1831 0.1343, -0.8884 1.1831 0.155, -0.8887 1.1831 0.1565, -0.8914 1.1831 0.1612, -0.8888 1.1831 0.1565, -0.8891 1.1831 0.1549, -0.8894 1.1831 0.1539, -0.895 1.1831 0.1384, -0.9056 1.1831 0.1241, -0.9003 1.1831 0.1241, -0.8965 1.1831 0.1343, -0.8914 1.1791 0.1612, -0.9056 1.1791 0.1241, -0.8863 1.1791 0.1612, -0.8722 1.1791 0.1241, -0.8829 1.1791 0.1522, -0.8775 1.1791 0.1241, -0.8811 1.1791 0.1343, -0.8965 1.1791 0.1343, -0.8829 1.1791 0.1343, -0.9003 1.1791 0.1241, -0.8826 1.1791 0.1384, -0.895 1.1791 0.1384, -0.8894 1.1791 0.1539, -0.8888 1.1791 0.1565, -0.8891 1.1791 0.1549, -0.8887 1.1791 0.1565, -0.8881 1.1791 0.1539, -0.8884 1.1791 0.155
            ]
        }
        coordIndex [
            0,1,2,-1,3,4,5,-1,1,6,2,-1,2,6,7,-1,2,7,8,-1,8,7,9,-1,8,9,10,-1,10,11,8,-1,8,11,12,-1,8,12,13,-1,14,13,15,-1,15,13,12,-1,15,12,5,-1,5,12,0,-1,5,0,3,-1,3,0,2,-1,8,13,16,-1,16,13,17,-1,2,8,18,-1,18,8,16,-1,19,3,20,-1,20,3,2,-1,20,2,18,-1,4,3,21,-1,21,3,19,-1,5,4,22,-1,22,4,21,-1,23,15,24,-1,24,15,5,-1,24,5,22,-1,14,15,25,-1,25,15,23,-1,13,14,17,-1,17,14,25,-1,0,12,26,-1,26,12,27,-1,12,11,27,-1,27,11,28,-1,9,29,30,-1,9,30,10,-1,10,30,28,-1,10,28,11,-1,9,7,29,-1,29,7,31,-1,1,32,33,-1,1,33,6,-1,6,33,31,-1,6,31,7,-1,1,0,32,-1,32,0,26,-1,
        ]
    }
}
Shape{
    appearance Appearance {
        material  Material {
            diffuseColor 0.25098039215686274 0.25098039215686274 0.25098039215686274
            specularColor 0.12549019607843137 0.12549019607843137 0.12549019607843137
            ambientIntensity 0.251
            transparency 0.0
            shininess 0.5
        }
    }
    geometry IndexedFaceSet {
        ccw TRUE
        solid FALSE
        coord DEF co Coordinate {
            point [
                -0.8888 1.1791 0.1565, -0.8887 1.1791 0.1565, -0.8891 1.1791 0.1549, -0.8884 1.1791 0.155, -0.8894 1.1791 0.1539, -0.8881 1.1791 0.1539, -0.895 1.1791 0.1384, -0.8826 1.1791 0.1384
            ]
        }
        coordIndex [
            0,1,2,-1,2,1,3,-1,2,3,4,-1,4,3,5,-1,4,5,6,-1,6,5,7,-1,
        ]
    }
}
Shape{
    appearance Appearance {
        material  Material {
            diffuseColor 1.0 1.0 1.0
            specularColor 0.5019607843137255 0.5019607843137255 0.5019607843137255
            ambientIntensity 1.0
            transparency 0.0
            shininess 0.5
        }
    }
    geometry IndexedFaceSet {
        ccw TRUE
        solid FALSE
        coord DEF co Coordinate {
            point [
                -0.7767 1.1831 0.0695, -0.7767 1.1831 0.0653, -0.7767 1.1791 0.0695, -0.7767 1.1791 0.0653, -0.7616 1.1831 0.0695, -0.7616 1.1791 0.0695, -0.7616 1.1831 0.082, -0.7616 1.1791 0.082, -0.7748 1.1831 0.082, -0.7748 1.1791 0.082, -0.7748 1.1831 0.0863, -0.7748 1.1791 0.0863, -0.7616 1.1831 0.0863, -0.7616 1.1791 0.0863, -0.7616 1.1831 0.0981, -0.7616 1.1791 0.0981, -0.7759 1.1831 0.0981, -0.7759 1.1791 0.0981, -0.7759 1.1831 0.1024, -0.7759 1.1791 0.1024, -0.7568 1.1831 0.1024, -0.7568 1.1791 0.1024, -0.7568 1.1831 0.0653, -0.7568 1.1791 0.0653, -0.7978 1.1831 0.0653, -0.8025 1.1831 0.0653, -0.7978 1.1831 0.0694, -0.8025 1.1831 0.0824, -0.7978 1.1831 0.0821, -0.7877 1.1831 0.0766, -0.7889 1.1831 0.0771, -0.7977 1.1831 0.0694, -0.7952 1.1831 0.0701, -0.797 1.1831 0.0683, -0.7939 1.1831 0.0692, -0.7916 1.1831 0.0778, -0.7978 1.1831 0.0786, -0.7978 1.1831 0.0761, -0.7978 1.1831 0.0758, -0.7975 1.1831 0.0737, -0.7968 1.1831 0.072, -0.7958 1.1831 0.0707, -0.7976 1.1831 0.0842, -0.8021 1.1831 0.0858, -0.7972 1.1831 0.0859, -0.8014 1.1831 0.0879, -0.7966 1.1831 0.0868, -0.8004 1.1831 0.0894, -0.7959 1.1831 0.0876, -0.7992 1.1831 0.0906, -0.7951 1.1831 0.0881, -0.7977 1.1831 0.0915, -0.794 1.1831 0.0885, -0.7957 1.1831 0.0921, -0.7924 1.1831 0.0886, -0.7929 1.1831 0.0924, -0.7896 1.1831 0.0883, -0.7885 1.1831 0.0919, -0.7867 1.1831 0.0873, -0.785 1.1831 0.0906, -0.7838 1.1831 0.0854, -0.7838 1.1831 0.0899, -0.7868 1.1831 0.0701, -0.7835 1.1831 0.0668, -0.7872 1.1831 0.0697, -0.785 1.1831 0.0657, -0.7882 1.1831 0.0691, -0.7868 1.1831 0.065, -0.7892 1.1831 0.0687, -0.7896 1.1831 0.0647, -0.7908 1.1831 0.0685, -0.792 1.1831 0.065, -0.7925 1.1831 0.0687, -0.7938 1.1831 0.0656, -0.7955 1.1831 0.0667, -0.7859 1.1831 0.0735, -0.7812 1.1831 0.0731, -0.7859 1.1831 0.0728, -0.7812 1.1831 0.0724, -0.786 1.1831 0.0717, -0.7814 1.1831 0.0703, -0.7863 1.1831 0.0709, -0.782 1.1831 0.0687, -0.7829 1.1831 0.0673, -0.79 1.1831 0.081, -0.7866 1.1831 0.0802, -0.7871 1.1831 0.0761, -0.7845 1.1831 0.0792, -0.7866 1.1831 0.0754, -0.7831 1.1831 0.078, -0.7862 1.1831 0.0746, -0.7822 1.1831 0.0767, -0.7815 1.1831 0.075, -0.7929 1.1791 0.0924, -0.7885 1.1791 0.0919, -0.785 1.1791 0.0906, -0.7838 1.1791 0.0899, -0.7838 1.1791 0.0854, -0.7867 1.1791 0.0873, -0.7896 1.1791 0.0883, -0.7924 1.1791 0.0886, -0.794 1.1791 0.0885, -0.7951 1.1791 0.0881, -0.7959 1.1791 0.0876, -0.7966 1.1791 0.0868, -0.7972 1.1791 0.0859, -0.7976 1.1791 0.0842, -0.7978 1.1791 0.0821, -0.79 1.1791 0.081, -0.7866 1.1791 0.0802, -0.7845 1.1791 0.0792, -0.7831 1.1791 0.078, -0.7822 1.1791 0.0767, -0.7815 1.1791 0.075, -0.7812 1.1791 0.0731, -0.7812 1.1791 0.0724, -0.7814 1.1791 0.0703, -0.782 1.1791 0.0687, -0.7829 1.1791 0.0673, -0.7835 1.1791 0.0668, -0.7896 1.1791 0.0647, -0.7869 1.1791 0.065, -0.7868 1.1791 0.065, -0.785 1.1791 0.0657, -0.792 1.1791 0.065, -0.7921 1.1791 0.065, -0.7938 1.1791 0.0656, -0.7955 1.1791 0.0667, -0.797 1.1791 0.0683, -0.7977 1.1791 0.0694, -0.7978 1.1791 0.0694, -0.7978 1.1791 0.0653, -0.8025 1.1791 0.0653, -0.8025 1.1791 0.0824, -0.8021 1.1791 0.0858, -0.8014 1.1791 0.0879, -0.8004 1.1791 0.0894, -0.7992 1.1791 0.0906, -0.7977 1.1791 0.0915, -0.7957 1.1791 0.0921, -0.7871 1.1791 0.0761, -0.7877 1.1791 0.0766, -0.7889 1.1791 0.0771, -0.7916 1.1791 0.0778, -0.7859 1.1791 0.0728, -0.7859 1.1791 0.0735, -0.7862 1.1791 0.0746, -0.7866 1.1791 0.0754, -0.7872 1.1791 0.0697, -0.7868 1.1791 0.0701, -0.7863 1.1791 0.0709, -0.786 1.1791 0.0717, -0.7908 1.1791 0.0685, -0.7892 1.1791 0.0687, -0.7882 1.1791 0.0691, -0.7958 1.1791 0.0707, -0.7952 1.1791 0.0701, -0.7939 1.1791 0.0692, -0.7925 1.1791 0.0687, -0.7978 1.1791 0.0761, -0.7978 1.1791 0.0758, -0.7975 1.1791 0.0737, -0.7968 1.1791 0.072, -0.7978 1.1791 0.0786
            ]
        }
        coordIndex [
            0,1,2,-1,2,1,3,-1,4,0,5,-1,5,0,2,-1,6,4,7,-1,7,4,5,-1,8,6,9,-1,9,6,7,-1,10,8,11,-1,11,8,9,-1,12,10,13,-1,13,10,11,-1,14,12,15,-1,15,12,13,-1,16,14,17,-1,17,14,15,-1,18,16,19,-1,19,16,17,-1,20,18,21,-1,21,18,19,-1,22,20,23,-1,23,20,21,-1,1,22,3,-1,3,22,23,-1,16,18,14,-1,14,18,20,-1,14,20,12,-1,1,0,22,-1,22,0,4,-1,22,4,6,-1,8,10,6,-1,6,10,12,-1,6,12,22,-1,22,12,20,-1,24,25,26,-1,26,25,27,-1,28,29,30,-1,31,32,33,-1,33,32,34,-1,35,36,27,-1,27,36,37,-1,37,38,27,-1,27,38,39,-1,27,39,26,-1,26,39,40,-1,26,40,31,-1,31,40,41,-1,31,41,32,-1,30,35,28,-1,28,35,27,-1,28,27,42,-1,42,27,43,-1,42,43,44,-1,44,43,45,-1,44,45,46,-1,46,45,47,-1,46,47,48,-1,48,47,49,-1,48,49,50,-1,50,49,51,-1,50,51,52,-1,52,51,53,-1,52,53,54,-1,54,53,55,-1,54,55,56,-1,56,55,57,-1,56,57,58,-1,58,57,59,-1,58,59,60,-1,60,59,61,-1,62,63,64,-1,64,63,65,-1,64,65,66,-1,66,65,67,-1,66,67,68,-1,68,67,69,-1,68,69,70,-1,70,69,71,-1,70,71,72,-1,72,71,73,-1,72,73,34,-1,34,73,74,-1,34,74,33,-1,75,76,77,-1,77,76,78,-1,77,78,79,-1,79,78,80,-1,79,80,81,-1,81,80,82,-1,81,82,62,-1,62,82,83,-1,62,83,63,-1,28,84,29,-1,29,84,85,-1,29,85,86,-1,86,85,87,-1,86,87,88,-1,88,87,89,-1,88,89,90,-1,90,89,91,-1,90,91,75,-1,75,91,92,-1,75,92,76,-1,55,93,94,-1,55,94,57,-1,57,94,95,-1,57,95,59,-1,59,95,96,-1,59,96,61,-1,60,61,97,-1,97,61,96,-1,60,97,98,-1,60,98,58,-1,58,98,99,-1,58,99,56,-1,56,99,100,-1,56,100,54,-1,54,100,101,-1,54,101,52,-1,52,101,102,-1,52,102,50,-1,50,102,103,-1,50,103,48,-1,48,103,104,-1,48,104,46,-1,46,104,105,-1,46,105,44,-1,44,105,106,-1,44,106,42,-1,42,106,107,-1,42,107,28,-1,84,28,108,-1,108,28,107,-1,84,108,109,-1,84,109,85,-1,85,109,110,-1,85,110,87,-1,87,110,111,-1,87,111,89,-1,89,111,112,-1,89,112,91,-1,91,112,113,-1,91,113,92,-1,92,113,114,-1,92,114,76,-1,76,114,115,-1,76,115,78,-1,78,115,116,-1,78,116,80,-1,80,116,117,-1,80,117,82,-1,82,117,118,-1,82,118,83,-1,83,118,119,-1,83,119,63,-1,120,69,121,-1,121,69,67,-1,121,67,122,-1,122,67,65,-1,122,65,123,-1,123,65,63,-1,123,63,119,-1,69,120,124,-1,69,124,71,-1,71,124,125,-1,71,125,73,-1,125,126,73,-1,73,126,127,-1,73,127,74,-1,74,127,128,-1,74,128,33,-1,33,128,129,-1,33,129,31,-1,26,31,130,-1,130,31,129,-1,24,26,131,-1,131,26,130,-1,25,24,132,-1,132,24,131,-1,27,25,133,-1,133,25,132,-1,27,133,134,-1,27,134,43,-1,43,134,135,-1,43,135,45,-1,45,135,136,-1,45,136,47,-1,47,136,137,-1,47,137,49,-1,49,137,138,-1,49,138,51,-1,51,138,139,-1,51,139,53,-1,53,139,93,-1,53,93,55,-1,86,140,141,-1,86,141,29,-1,29,141,142,-1,29,142,30,-1,30,142,143,-1,30,143,35,-1,77,144,145,-1,77,145,75,-1,75,145,146,-1,75,146,90,-1,90,146,147,-1,90,147,88,-1,88,147,140,-1,88,140,86,-1,64,148,149,-1,64,149,62,-1,62,149,150,-1,62,150,81,-1,81,150,151,-1,81,151,79,-1,79,151,144,-1,79,144,77,-1,70,152,153,-1,70,153,68,-1,68,153,154,-1,68,154,66,-1,66,154,148,-1,66,148,64,-1,41,155,156,-1,41,156,32,-1,32,156,157,-1,32,157,34,-1,34,157,158,-1,34,158,72,-1,72,158,152,-1,72,152,70,-1,37,159,160,-1,37,160,38,-1,38,160,161,-1,38,161,39,-1,39,161,162,-1,39,162,40,-1,40,162,155,-1,40,155,41,-1,37,36,159,-1,159,36,163,-1,36,35,163,-1,163,35,143,-1,
        ]
    }
}
Shape{
    appearance Appearance {
        material  Material {
            diffuseColor 0.25098039215686274 0.25098039215686274 0.25098039215686274
            specularColor 0.12549019607843137 0.12549019607843137 0.12549019607843137
            ambientIntensity 0.251
            transparency 0.0
            shininess 0.5
        }
    }
    geometry IndexedFaceSet {
        ccw TRUE
        solid FALSE
        coord DEF co Coordinate {
            point [
                -0.7978 1.1791 0.0786, -0.7916 1.1791 0.0778, -0.7978 1.1791 0.0761, -0.7889 1.1791 0.0771, -0.7877 1.1791 0.0766, -0.7871 1.1791 0.0761, -0.7978 1.1791 0.0758, -0.7975 1.1791 0.0737, -0.7866 1.1791 0.0754, -0.7968 1.1791 0.072, -0.7868 1.1791 0.0701, -0.7872 1.1791 0.0697, -0.7952 1.1791 0.0701, -0.7863 1.1791 0.0709, -0.7939 1.1791 0.0692, -0.7925 1.1791 0.0687, -0.7908 1.1791 0.0685, -0.7862 1.1791 0.0746, -0.7859 1.1791 0.0735, -0.7958 1.1791 0.0707, -0.7859 1.1791 0.0728, -0.786 1.1791 0.0717, -0.7882 1.1791 0.0691, -0.7892 1.1791 0.0687
            ]
        }
        coordIndex [
            0,1,2,-1,2,1,3,-1,3,4,2,-1,2,4,5,-1,2,5,6,-1,6,5,7,-1,7,5,8,-1,7,8,9,-1,10,11,12,-1,10,12,13,-1,14,12,15,-1,15,12,16,-1,8,17,9,-1,9,17,18,-1,9,18,19,-1,19,18,20,-1,19,20,12,-1,12,20,21,-1,12,21,13,-1,11,22,12,-1,12,22,23,-1,12,23,16,-1,
        ]
    }
}
Shape{
    appearance Appearance {
        material  Material {
            diffuseColor 1.0 1.0 1.0
            specularColor 0.5019607843137255 0.5019607843137255 0.5019607843137255
            ambientIntensity 1.0
            transparency 0.0
            shininess 0.5
        }
    }
    geometry IndexedFaceSet {
        ccw TRUE
        solid FALSE
        coord DEF co Coordinate {
            point [
                -0.8087 1.1791 0.071, -0.8087 1.1831 0.071, -0.8106 1.1831 0.0699, -0.8164 1.1831 0.0685, -0.8164 1.1791 0.0685, -0.8135 1.1791 0.0688, -0.8135 1.1831 0.0688, -0.8109 1.1791 0.0698, -0.8106 1.1791 0.0699, -0.8087 1.1831 0.0662, -0.8087 1.1791 0.0662, -0.8109 1.1791 0.0655, -0.8121 1.1831 0.0651, -0.8159 1.1791 0.0647, -0.8159 1.1831 0.0647, -0.8129 1.1791 0.065, -0.8121 1.1791 0.0651, -0.8189 1.1791 0.065, -0.8197 1.1831 0.0651, -0.8197 1.1791 0.0651, -0.8222 1.1791 0.066, -0.8222 1.1831 0.066, -0.8236 1.1791 0.0668, -0.8236 1.1831 0.0668, -0.825 1.1791 0.068, -0.825 1.1831 0.068, -0.8258 1.1791 0.0692, -0.8258 1.1831 0.0692, -0.8264 1.1791 0.0707, -0.8264 1.1831 0.0707, -0.8266 1.1791 0.0725, -0.8266 1.1831 0.0725, -0.8264 1.1791 0.0742, -0.8264 1.1831 0.0742, -0.8259 1.1791 0.0756, -0.8259 1.1831 0.0756, -0.8251 1.1791 0.0769, -0.8251 1.1831 0.0769, -0.824 1.1791 0.0779, -0.824 1.1831 0.0779, -0.8209 1.1791 0.0796, -0.8209 1.1831 0.0796, -0.8191 1.1791 0.0803, -0.8191 1.1831 0.0803, -0.8162 1.1791 0.0816, -0.8162 1.1831 0.0816, -0.8146 1.1791 0.0826, -0.8146 1.1831 0.0826, -0.8141 1.1791 0.0831, -0.8141 1.1831 0.0831, -0.8138 1.1791 0.0837, -0.8138 1.1831 0.0837, -0.8136 1.1791 0.0844, -0.8136 1.1831 0.0844, -0.8136 1.1791 0.0851, -0.8136 1.1831 0.0851, -0.8136 1.1791 0.0858, -0.8136 1.1831 0.0858, -0.8139 1.1791 0.0864, -0.8139 1.1831 0.0864, -0.8143 1.1791 0.087, -0.8143 1.1831 0.087, -0.815 1.1791 0.0876, -0.815 1.1831 0.0876, -0.816 1.1791 0.0882, -0.816 1.1831 0.0882, -0.8173 1.1791 0.0885, -0.8173 1.1831 0.0885, -0.8186 1.1791 0.0886, -0.8186 1.1831 0.0886, -0.8217 1.1791 0.0883, -0.8217 1.1831 0.0883, -0.8243 1.1791 0.0873, -0.8243 1.1831 0.0873, -0.8254 1.1791 0.0867, -0.8254 1.1831 0.0867, -0.8254 1.1831 0.0912, -0.8254 1.1791 0.0912, -0.8216 1.1791 0.0922, -0.8216 1.1831 0.0922, -0.8191 1.1791 0.0924, -0.8191 1.1831 0.0924, -0.8157 1.1791 0.092, -0.8157 1.1831 0.092, -0.8131 1.1791 0.0911, -0.8131 1.1831 0.0911, -0.8117 1.1791 0.0903, -0.8117 1.1831 0.0903, -0.8109 1.1791 0.0895, -0.8104 1.1831 0.0891, -0.8104 1.1791 0.0891, -0.8095 1.1791 0.0878, -0.8095 1.1831 0.0878, -0.809 1.1791 0.0863, -0.809 1.1831 0.0863, -0.8088 1.1791 0.0846, -0.8088 1.1831 0.0846, -0.809 1.1791 0.0828, -0.809 1.1831 0.0828, -0.8095 1.1791 0.0814, -0.8095 1.1831 0.0814, -0.8101 1.1791 0.0805, -0.8101 1.1831 0.0805, -0.8158 1.1791 0.077, -0.8158 1.1831 0.077, -0.813 1.1831 0.0782, -0.8108 1.1791 0.0797, -0.8108 1.1831 0.0797, -0.8109 1.1791 0.0796, -0.813 1.1791 0.0782, -0.8189 1.1791 0.0757, -0.8189 1.1831 0.0757, -0.8207 1.1791 0.0746, -0.8207 1.1831 0.0746, -0.8212 1.1791 0.074, -0.8212 1.1831 0.074, -0.8216 1.1791 0.0734, -0.8216 1.1831 0.0734, -0.8218 1.1791 0.0726, -0.8218 1.1831 0.0726, -0.8219 1.1791 0.0721, -0.8219 1.1831 0.0721, -0.8218 1.1791 0.0712, -0.8218 1.1831 0.0712, -0.8215 1.1791 0.0705, -0.8215 1.1831 0.0705, -0.8211 1.1791 0.0699, -0.8211 1.1831 0.0699, -0.8206 1.1791 0.0694, -0.8206 1.1831 0.0694, -0.8202 1.1791 0.0692, -0.8202 1.1831 0.0692, -0.819 1.1791 0.0687, -0.819 1.1831 0.0687, -0.8166 1.1791 0.0685, -0.8166 1.1831 0.0685, -0.8496 1.1831 0.0918, -0.8545 1.1831 0.0918, -0.8496 1.1791 0.0918, -0.8545 1.1791 0.0918, -0.8424 1.1831 0.0719, -0.8424 1.1791 0.0719, -0.8421 1.1791 0.0706, -0.8421 1.1831 0.0706, -0.8418 1.1791 0.0697, -0.8418 1.1831 0.0697, -0.8417 1.1831 0.0697, -0.8417 1.1791 0.0697, -0.8411 1.1831 0.0719, -0.8411 1.1791 0.0719, -0.8342 1.1831 0.0918, -0.8365 1.1791 0.0853, -0.8342 1.1791 0.0918, -0.829 1.1831 0.0918, -0.829 1.1791 0.0918, -0.8394 1.1831 0.0654, -0.8365 1.1791 0.0729, -0.8394 1.1791 0.0654, -0.8374 1.1791 0.0606, -0.8374 1.1831 0.0606, -0.8393 1.1791 0.065, -0.8365 1.1791 0.0589, -0.8365 1.1791 0.0589, -0.8356 1.1831 0.0579, -0.8365 1.1831 0.0589, -0.8356 1.1791 0.0579, -0.8348 1.1791 0.0573, -0.8348 1.1831 0.0573, -0.8337 1.1791 0.057, -0.8337 1.1831 0.057, -0.8326 1.1791 0.0568, -0.8326 1.1831 0.0568, -0.8309 1.1791 0.057, -0.8309 1.1831 0.057, -0.83 1.1791 0.0574, -0.83 1.1831 0.0574, -0.83 1.1831 0.0532, -0.83 1.1791 0.0532, -0.832 1.1791 0.0529, -0.832 1.1831 0.0529, -0.833 1.1791 0.0528, -0.833 1.1831 0.0528, -0.8349 1.1791 0.0531, -0.8349 1.1831 0.0531, -0.8365 1.1791 0.0537, -0.8367 1.1831 0.0538, -0.8367 1.1791 0.0538, -0.8383 1.1791 0.0549, -0.8383 1.1831 0.0549, -0.8386 1.1791 0.0552, -0.8386 1.1831 0.0552, -0.8403 1.1791 0.0572, -0.8403 1.1831 0.0572, -0.8424 1.1791 0.0613, -0.8424 1.1831 0.0613, -0.8439 1.1791 0.065, -0.8794 1.1831 0.0695, -0.8794 1.1831 0.0653, -0.8794 1.1791 0.0695, -0.8794 1.1791 0.0653, -0.8642 1.1831 0.0695, -0.8712 1.1791 0.0695, -0.8642 1.1791 0.0695, -0.8642 1.1831 0.082, -0.8642 1.1791 0.082, -0.8775 1.1831 0.082, -0.8712 1.1791 0.082, -0.8775 1.1791 0.082, -0.8775 1.1831 0.0863, -0.8775 1.1791 0.0863, -0.8642 1.1791 0.0863, -0.8642 1.1831 0.0863, -0.8712 1.1791 0.0863, -0.8642 1.1831 0.0981, -0.8642 1.1791 0.0981, -0.8785 1.1791 0.0981, -0.8785 1.1831 0.0981, -0.8712 1.1791 0.0981, -0.8785 1.1831 0.1024, -0.8785 1.1791 0.1024, -0.8595 1.1791 0.1024, -0.8595 1.1831 0.1024, -0.8712 1.1791 0.1024, -0.8595 1.1831 0.0653, -0.8595 1.1791 0.0653, -0.8712 1.1791 0.0653, -0.9114 1.1831 0.0821, -0.9164 1.1831 0.0817, -0.9115 1.1831 0.0842, -0.9166 1.1831 0.0843, -0.9111 1.1831 0.0884, -0.9161 1.1831 0.089, -0.9101 1.1831 0.0912, -0.9148 1.1831 0.0926, -0.9087 1.1831 0.0934, -0.9125 1.1831 0.096, -0.9075 1.1831 0.0946, -0.911 1.1831 0.0975, -0.9046 1.1831 0.0965, -0.9073 1.1831 0.1, -0.9014 1.1831 0.0976, -0.9029 1.1831 0.1017, -0.8968 1.1831 0.0981, -0.897 1.1831 0.1024, -0.8912 1.1831 0.0981, -0.8864 1.1831 0.1024, -0.8912 1.1831 0.0695, -0.8864 1.1831 0.0653, -0.8966 1.1831 0.0695, -0.8966 1.1831 0.0653, -0.9012 1.1831 0.07, -0.9027 1.1831 0.066, -0.9044 1.1831 0.0712, -0.907 1.1831 0.0677, -0.9069 1.1831 0.0728, -0.9105 1.1831 0.0701, -0.9076 1.1831 0.0734, -0.911 1.1831 0.0705, -0.9095 1.1831 0.0758, -0.9136 1.1831 0.0736, -0.9108 1.1831 0.0786, -0.9155 1.1831 0.0774, -0.8966 1.1791 0.0653, -0.8864 1.1791 0.0653, -0.9027 1.1791 0.066, -0.907 1.1791 0.0677, -0.9105 1.1791 0.0701, -0.911 1.1791 0.0705, -0.9136 1.1791 0.0736, -0.9155 1.1791 0.0774, -0.9164 1.1791 0.0817, -0.9166 1.1791 0.0843, -0.9161 1.1791 0.089, -0.9148 1.1791 0.0926, -0.9125 1.1791 0.096, -0.911 1.1791 0.0975, -0.9073 1.1791 0.1, -0.9029 1.1791 0.1017, -0.897 1.1791 0.1024, -0.8864 1.1791 0.1024, -0.8968 1.1791 0.0981, -0.8912 1.1791 0.0981, -0.8912 1.1791 0.0695, -0.8966 1.1791 0.0695, -0.9076 1.1791 0.0734, -0.9069 1.1791 0.0728, -0.9044 1.1791 0.0712, -0.9012 1.1791 0.07, -0.9115 1.1791 0.0842, -0.9114 1.1791 0.0821, -0.9108 1.1791 0.0786, -0.9095 1.1791 0.0758, -0.9075 1.1791 0.0946, -0.9087 1.1791 0.0934, -0.9101 1.1791 0.0912, -0.9111 1.1791 0.0884, -0.9014 1.1791 0.0976, -0.9046 1.1791 0.0965
            ]
        }
        coordIndex [
            0,1,2,-1,3,4,5,-1,3,5,6,-1,6,5,7,-1,6,7,2,-1,2,7,8,-1,2,8,0,-1,9,1,10,-1,10,1,0,-1,10,11,9,-1,9,11,12,-1,13,14,15,-1,15,14,12,-1,15,12,16,-1,16,12,11,-1,13,17,14,-1,14,17,18,-1,17,19,18,-1,18,19,20,-1,18,20,21,-1,21,20,22,-1,21,22,23,-1,23,22,24,-1,23,24,25,-1,25,24,26,-1,25,26,27,-1,27,26,28,-1,27,28,29,-1,29,28,30,-1,29,30,31,-1,31,30,32,-1,31,32,33,-1,33,32,34,-1,33,34,35,-1,35,34,36,-1,35,36,37,-1,37,36,38,-1,37,38,39,-1,39,38,40,-1,39,40,41,-1,41,40,42,-1,41,42,43,-1,43,42,44,-1,43,44,45,-1,45,44,46,-1,45,46,47,-1,47,46,48,-1,47,48,49,-1,49,48,50,-1,49,50,51,-1,51,50,52,-1,51,52,53,-1,53,52,54,-1,53,54,55,-1,55,54,56,-1,55,56,57,-1,57,56,58,-1,57,58,59,-1,59,58,60,-1,59,60,61,-1,61,60,62,-1,61,62,63,-1,63,62,64,-1,63,64,65,-1,65,64,66,-1,65,66,67,-1,67,66,68,-1,67,68,69,-1,69,68,70,-1,69,70,71,-1,71,70,72,-1,71,72,73,-1,73,72,74,-1,73,74,75,-1,76,75,77,-1,77,75,74,-1,76,77,78,-1,76,78,79,-1,79,78,80,-1,79,80,81,-1,81,80,82,-1,81,82,83,-1,83,82,84,-1,83,84,85,-1,85,84,86,-1,85,86,87,-1,86,88,87,-1,87,88,89,-1,88,90,89,-1,89,90,91,-1,89,91,92,-1,92,91,93,-1,92,93,94,-1,94,93,95,-1,94,95,96,-1,96,95,97,-1,96,97,98,-1,98,97,99,-1,98,99,100,-1,100,99,101,-1,100,101,102,-1,103,104,105,-1,102,101,106,-1,102,106,107,-1,107,106,108,-1,107,108,105,-1,105,108,109,-1,105,109,103,-1,104,103,110,-1,104,110,111,-1,111,110,112,-1,111,112,113,-1,113,112,114,-1,113,114,115,-1,115,114,116,-1,115,116,117,-1,117,116,118,-1,117,118,119,-1,119,118,120,-1,119,120,121,-1,121,120,122,-1,121,122,123,-1,123,122,124,-1,123,124,125,-1,125,124,126,-1,125,126,127,-1,127,126,128,-1,127,128,129,-1,129,128,130,-1,129,130,131,-1,131,130,132,-1,131,132,133,-1,133,132,134,-1,133,134,135,-1,135,134,4,-1,135,4,3,-1,61,63,85,-1,85,63,83,-1,111,43,104,-1,104,43,45,-1,21,23,127,-1,127,23,25,-1,127,25,125,-1,125,25,27,-1,125,27,123,-1,123,27,29,-1,123,29,121,-1,121,29,31,-1,121,31,119,-1,119,31,33,-1,119,33,117,-1,117,33,35,-1,117,35,115,-1,115,35,37,-1,115,37,113,-1,113,37,39,-1,113,39,111,-1,111,39,41,-1,111,41,43,-1,14,3,12,-1,12,3,6,-1,12,6,9,-1,9,6,2,-1,9,2,1,-1,63,65,83,-1,83,65,67,-1,83,67,81,-1,81,67,69,-1,81,69,79,-1,79,69,71,-1,79,71,76,-1,76,71,73,-1,76,73,75,-1,127,129,21,-1,21,129,131,-1,21,131,18,-1,18,131,133,-1,18,133,14,-1,14,133,135,-1,14,135,3,-1,85,87,61,-1,61,87,89,-1,61,89,59,-1,59,89,92,-1,59,92,57,-1,57,92,94,-1,57,94,55,-1,55,94,96,-1,55,96,53,-1,53,96,98,-1,53,98,51,-1,51,98,100,-1,51,100,49,-1,49,100,102,-1,49,102,47,-1,47,102,107,-1,47,107,45,-1,45,107,105,-1,45,105,104,-1,136,137,138,-1,138,137,139,-1,140,136,141,-1,141,136,138,-1,140,141,142,-1,140,142,143,-1,143,142,144,-1,143,144,145,-1,146,145,147,-1,147,145,144,-1,148,146,149,-1,149,146,147,-1,148,149,150,-1,150,149,151,-1,150,151,152,-1,153,150,154,-1,154,150,152,-1,153,154,155,-1,155,154,156,-1,155,156,157,-1,158,159,160,-1,160,159,155,-1,160,155,157,-1,159,158,161,-1,162,163,161,-1,161,163,164,-1,161,164,159,-1,162,165,163,-1,163,165,166,-1,163,166,167,-1,167,166,168,-1,167,168,169,-1,169,168,170,-1,169,170,171,-1,171,170,172,-1,171,172,173,-1,173,172,174,-1,173,174,175,-1,176,175,177,-1,177,175,174,-1,176,177,178,-1,176,178,179,-1,179,178,180,-1,179,180,181,-1,181,180,182,-1,181,182,183,-1,183,182,184,-1,183,184,185,-1,184,186,185,-1,185,186,187,-1,185,187,188,-1,188,187,189,-1,188,189,190,-1,190,189,191,-1,190,191,192,-1,192,191,193,-1,192,193,194,-1,139,137,195,-1,195,137,194,-1,195,194,193,-1,143,145,194,-1,137,136,194,-1,194,136,140,-1,194,140,143,-1,150,153,148,-1,148,153,155,-1,148,155,146,-1,192,164,190,-1,190,164,163,-1,175,176,173,-1,173,176,179,-1,173,179,171,-1,171,179,181,-1,171,181,169,-1,169,181,183,-1,169,183,167,-1,167,183,185,-1,167,185,163,-1,163,185,188,-1,163,188,190,-1,145,146,194,-1,194,146,155,-1,194,155,192,-1,192,155,159,-1,192,159,164,-1,196,197,198,-1,198,197,199,-1,196,198,200,-1,200,198,201,-1,200,201,202,-1,203,200,204,-1,204,200,202,-1,203,204,205,-1,205,204,206,-1,205,206,207,-1,208,205,209,-1,209,205,207,-1,210,211,212,-1,212,211,208,-1,212,208,209,-1,213,211,214,-1,214,211,210,-1,215,216,217,-1,217,216,213,-1,217,213,214,-1,218,216,219,-1,219,216,215,-1,220,221,222,-1,222,221,218,-1,222,218,219,-1,223,221,224,-1,224,221,220,-1,223,224,197,-1,197,224,225,-1,197,225,199,-1,223,197,196,-1,196,200,223,-1,223,200,203,-1,223,203,221,-1,216,218,213,-1,213,218,221,-1,213,221,211,-1,211,221,203,-1,211,203,208,-1,208,203,205,-1,226,227,228,-1,228,227,229,-1,228,229,230,-1,230,229,231,-1,230,231,232,-1,232,231,233,-1,232,233,234,-1,234,233,235,-1,234,235,236,-1,236,235,237,-1,236,237,238,-1,238,237,239,-1,238,239,240,-1,240,239,241,-1,240,241,242,-1,242,241,243,-1,242,243,244,-1,244,243,245,-1,244,245,246,-1,246,245,247,-1,246,247,248,-1,248,247,249,-1,248,249,250,-1,250,249,251,-1,250,251,252,-1,252,251,253,-1,252,253,254,-1,254,253,255,-1,254,255,256,-1,256,255,257,-1,256,257,258,-1,258,257,259,-1,258,259,260,-1,260,259,261,-1,260,261,226,-1,226,261,227,-1,249,247,262,-1,262,247,263,-1,249,262,264,-1,249,264,251,-1,251,264,265,-1,251,265,253,-1,253,265,266,-1,253,266,255,-1,255,266,267,-1,255,267,257,-1,257,267,268,-1,257,268,259,-1,259,268,269,-1,259,269,261,-1,261,269,270,-1,261,270,227,-1,227,270,271,-1,227,271,229,-1,229,271,272,-1,229,272,231,-1,231,272,273,-1,231,273,233,-1,233,273,274,-1,233,274,235,-1,235,274,275,-1,235,275,237,-1,237,275,276,-1,237,276,239,-1,239,276,277,-1,239,277,241,-1,241,277,278,-1,241,278,243,-1,245,243,279,-1,279,243,278,-1,247,245,263,-1,263,245,279,-1,242,244,280,-1,280,244,281,-1,244,246,281,-1,281,246,282,-1,246,248,282,-1,282,248,283,-1,256,284,285,-1,256,285,254,-1,254,285,286,-1,254,286,252,-1,252,286,287,-1,252,287,250,-1,250,287,283,-1,250,283,248,-1,228,288,289,-1,228,289,226,-1,226,289,290,-1,226,290,260,-1,260,290,291,-1,260,291,258,-1,258,291,284,-1,258,284,256,-1,236,292,293,-1,236,293,234,-1,234,293,294,-1,234,294,232,-1,232,294,295,-1,232,295,230,-1,230,295,288,-1,230,288,228,-1,242,280,296,-1,242,296,240,-1,240,296,297,-1,240,297,238,-1,238,297,292,-1,238,292,236,-1,
        ]
    }
}
Shape{
    appearance Appearance {
        material  Material {
            diffuseColor 0.25098039215686274 0.25098039215686274 0.25098039215686274
            specularColor 0.12549019607843137 0.12549019607843137 0.12549019607843137
            ambientIntensity 0.251
            transparency 0.0
            shininess 0.5
        }
    }
    geometry IndexedFaceSet {
        ccw TRUE
        solid FALSE
        coord DEF co Coordinate {
            point [
                -0.8912 1.1791 0.0981, -0.8912 1.1791 0.0695, -0.8968 1.1791 0.0981, -0.8966 1.1791 0.0695, -0.9012 1.1791 0.07, -0.9044 1.1791 0.0712, -0.9069 1.1791 0.0728, -0.9076 1.1791 0.0734, -0.9095 1.1791 0.0758, -0.9108 1.1791 0.0786, -0.9114 1.1791 0.0821, -0.9115 1.1791 0.0842, -0.9111 1.1791 0.0884, -0.9101 1.1791 0.0912, -0.9087 1.1791 0.0934, -0.9075 1.1791 0.0946, -0.9014 1.1791 0.0976, -0.9046 1.1791 0.0965
            ]
        }
        coordIndex [
            0,1,2,-1,2,1,3,-1,2,3,4,-1,4,5,2,-1,2,5,6,-1,2,6,7,-1,7,8,2,-1,2,8,9,-1,2,9,10,-1,10,11,2,-1,2,11,12,-1,2,12,13,-1,13,14,2,-1,2,14,15,-1,2,15,16,-1,16,15,17,-1,
        ]
    }
}
Shape{
    appearance Appearance {
        material  Material {
            diffuseColor 1.0 1.0 1.0
            specularColor 0.5019607843137255 0.5019607843137255 0.5019607843137255
            ambientIntensity 1.0
            transparency 0.0
            shininess 0.5
        }
    }
    geometry IndexedFaceSet {
        ccw TRUE
        solid FALSE
        coord DEF co Coordinate {
            point [
                -0.929 1.1831 0.0796, -0.9345 1.1831 0.0951, -0.9328 1.1831 0.1024, -0.9186 1.1831 0.0653, -0.9239 1.1831 0.0653, -0.9275 1.1831 0.0755, -0.9349 1.1831 0.0962, -0.9351 1.1831 0.0976, -0.9379 1.1831 0.1024, -0.9353 1.1831 0.0976, -0.9356 1.1831 0.0961, -0.9358 1.1831 0.0951, -0.9414 1.1831 0.0796, -0.952 1.1831 0.0653, -0.9467 1.1831 0.0653, -0.9429 1.1831 0.0755, -0.9379 1.1791 0.1024, -0.952 1.1791 0.0653, -0.9328 1.1791 0.1024, -0.9186 1.1791 0.0653, -0.9239 1.1791 0.0653, -0.9275 1.1791 0.0755, -0.9429 1.1791 0.0755, -0.9467 1.1791 0.0653, -0.929 1.1791 0.0796, -0.9414 1.1791 0.0796, -0.9358 1.1791 0.0951, -0.9353 1.1791 0.0976, -0.9356 1.1791 0.0961, -0.9351 1.1791 0.0976, -0.9345 1.1791 0.0951, -0.9349 1.1791 0.0962
            ]
        }
        coordIndex [
            0,1,2,-1,3,4,5,-1,1,6,2,-1,2,6,7,-1,2,7,8,-1,8,7,9,-1,8,9,10,-1,10,11,8,-1,8,11,12,-1,8,12,13,-1,14,13,15,-1,15,13,12,-1,15,12,5,-1,5,12,0,-1,5,0,3,-1,3,0,2,-1,8,13,16,-1,16,13,17,-1,2,8,18,-1,18,8,16,-1,3,2,19,-1,19,2,18,-1,4,3,20,-1,20,3,19,-1,5,4,21,-1,21,4,20,-1,15,5,22,-1,22,5,21,-1,14,15,23,-1,23,15,22,-1,13,14,17,-1,17,14,23,-1,0,12,24,-1,24,12,25,-1,12,11,25,-1,25,11,26,-1,9,27,28,-1,9,28,10,-1,10,28,26,-1,10,26,11,-1,9,7,27,-1,27,7,29,-1,1,30,31,-1,1,31,6,-1,6,31,29,-1,6,29,7,-1,1,0,30,-1,30,0,24,-1,
        ]
    }
}
Shape{
    appearance Appearance {
        material  Material {
            diffuseColor 0.25098039215686274 0.25098039215686274 0.25098039215686274
            specularColor 0.12549019607843137 0.12549019607843137 0.12549019607843137
            ambientIntensity 0.251
            transparency 0.0
            shininess 0.5
        }
    }
    geometry IndexedFaceSet {
        ccw TRUE
        solid FALSE
        coord DEF co Coordinate {
            point [
                -0.9353 1.1791 0.0976, -0.9351 1.1791 0.0976, -0.9356 1.1791 0.0961, -0.9349 1.1791 0.0962, -0.9358 1.1791 0.0951, -0.9345 1.1791 0.0951, -0.9414 1.1791 0.0796, -0.929 1.1791 0.0796
            ]
        }
        coordIndex [
            0,1,2,-1,2,1,3,-1,2,3,4,-1,4,3,5,-1,4,5,6,-1,6,5,7,-1,
        ]
    }
}
Shape{
    appearance Appearance {
        material  Material {
            diffuseColor 1.0 1.0 1.0
            specularColor 0.5019607843137255 0.5019607843137255 0.5019607843137255
            ambientIntensity 1.0
            transparency 0.0
            shininess 0.5
        }
    }
    geometry IndexedFaceSet {
        ccw TRUE
        solid FALSE
        coord DEF co Coordinate {
            point [
                -0.5929 1.1831 0.0603, -0.5968 1.1831 0.0555, -0.5907 1.1831 0.0834, -0.6787 1.1831 0.0963, -0.6706 1.1831 0.1103, -0.6352 1.1831 0.0918, -0.6174 1.1831 0.0839, -0.6199 1.1831 0.083, -0.5862 1.1831 0.1292, -0.5921 1.1831 0.1323, -0.5906 1.1831 0.1485, -0.607 1.1831 0.1493, -0.6152 1.1831 0.13, -0.6193 1.1831 0.1384, -0.601 1.1831 0.1498, -0.622 1.1831 0.0816, -0.6237 1.1831 0.0797, -0.6418 1.1831 0.0768, -0.6126 1.1831 0.0838, -0.6096 1.1831 0.1001, -0.6103 1.1831 0.0829, -0.6037 1.1831 0.0979, -0.6083 1.1831 0.0815, -0.5983 1.1831 0.0943, -0.6072 1.1831 0.0804, -0.5939 1.1831 0.0894, -0.6059 1.1831 0.0782, -0.6051 1.1831 0.0757, -0.605 1.1831 0.0731, -0.6253 1.1831 0.0989, -0.619 1.1831 0.1005, -0.6155 1.1831 0.1008, -0.6874 1.1831 0.1224, -0.6895 1.1831 0.1224, -0.7003 1.1831 0.1366, -0.6948 1.1831 0.1217, -0.7016 1.1831 0.1362, -0.6993 1.1831 0.1199, -0.7094 1.1831 0.1323, -0.7166 1.1831 0.1263, -0.6124 1.1831 0.1556, -0.6252 1.1831 0.1454, -0.6186 1.1831 0.1609, -0.6322 1.1831 0.1506, -0.6251 1.1831 0.1648, -0.5854 1.1831 0.0866, -0.5871 1.1831 0.0667, -0.5904 1.1831 0.0657, -0.5986 1.1831 0.1338, -0.6012 1.1831 0.134, -0.604 1.1831 0.1496, -0.607 1.1831 0.1333, -0.6129 1.1831 0.1313, -0.6248 1.1831 0.0776, -0.6254 1.1831 0.0751, -0.6418 1.1831 0.0741, -0.6254 1.1831 0.0727, -0.6417 1.1831 0.0715, -0.5808 1.1831 0.1447, -0.5724 1.1831 0.1388, -0.5813 1.1831 0.1248, -0.5707 1.1831 0.1371, -0.5777 1.1831 0.1195, -0.5643 1.1831 0.129, -0.5756 1.1831 0.1136, -0.6152 1.1831 0.0842, -0.6309 1.1831 0.0958, -0.7034 1.1831 0.117, -0.7059 1.1831 0.1143, -0.722 1.1831 0.1188, -0.7085 1.1831 0.1098, -0.7252 1.1831 0.1108, -0.7099 1.1831 0.1048, -0.7264 1.1831 0.1021, -0.7101 1.1831 0.1018, -0.7252 1.1831 0.0927, -0.7094 1.1831 0.0965, -0.7219 1.1831 0.0844, -0.7076 1.1831 0.0918, -0.7167 1.1831 0.077, -0.7047 1.1831 0.0878, -0.7095 1.1831 0.071, -0.7008 1.1831 0.0845, -0.7015 1.1831 0.0671, -0.6962 1.1831 0.0823, -0.6927 1.1831 0.0652, -0.6911 1.1831 0.0813, -0.6772 1.1831 0.0652, -0.6793 1.1831 0.0813, -0.6757 1.1831 0.0654, -0.6861 1.1831 0.1574, -0.6757 1.1831 0.1454, -0.6948 1.1831 0.1474, -0.6817 1.1831 0.1384, -0.6858 1.1831 0.1299, -0.6055 1.1831 0.0707, -0.6065 1.1831 0.0684, -0.678 1.1831 0.0815, -0.6716 1.1831 0.068, -0.6722 1.1831 0.0673, -0.6372 1.1831 0.1695, -0.6408 1.1831 0.1541, -0.6503 1.1831 0.1711, -0.6505 1.1831 0.1553, -0.6611 1.1831 0.17, -0.6595 1.1831 0.1542, -0.6744 1.1831 0.1653, -0.6678 1.1831 0.151, -0.6752 1.1831 0.1459, -0.6402 1.1831 0.065, -0.6248 1.1831 0.0702, -0.6371 1.1831 0.0591, -0.6236 1.1831 0.0679, -0.6327 1.1831 0.0542, -0.6221 1.1831 0.0663, -0.6274 1.1831 0.0506, -0.6201 1.1831 0.0649, -0.6214 1.1831 0.0485, -0.6179 1.1831 0.0639, -0.6155 1.1831 0.0478, -0.6152 1.1831 0.0636, -0.6141 1.1831 0.0478, -0.6148 1.1831 0.0636, -0.6079 1.1831 0.0489, -0.6124 1.1831 0.064, -0.6019 1.1831 0.0515, -0.61 1.1831 0.065, -0.608 1.1831 0.0666, -0.6788 1.1831 0.0813, -0.6739 1.1831 0.0661, -0.5601 1.1831 0.1195, -0.5584 1.1831 0.1096, -0.5749 1.1831 0.1076, -0.5583 1.1831 0.1071, -0.5752 1.1831 0.1034, -0.5596 1.1831 0.0967, -0.5772 1.1831 0.097, -0.5634 1.1831 0.0869, -0.5806 1.1831 0.0913, -0.5694 1.1831 0.0784, -0.5776 1.1831 0.0714, -0.6695 1.1831 0.0734, -0.6698 1.1831 0.0714, -0.6705 1.1831 0.0696, -0.6756 1.1831 0.0813, -0.6738 1.1831 0.0806, -0.6696 1.1831 0.0744, -0.6722 1.1831 0.0794, -0.6711 1.1831 0.0782, -0.6701 1.1831 0.0764, -0.6777 1.1831 0.0815, -0.7264 1.1791 0.1021, -0.7252 1.1791 0.1108, -0.7243 1.1791 0.1129, -0.722 1.1791 0.1188, -0.7166 1.1791 0.1263, -0.7094 1.1791 0.1323, -0.7016 1.1791 0.1362, -0.7003 1.1791 0.1366, -0.6948 1.1791 0.1474, -0.6861 1.1791 0.1574, -0.6801 1.1791 0.1615, -0.6744 1.1791 0.1653, -0.6611 1.1791 0.17, -0.6503 1.1791 0.1711, -0.6186 1.1791 0.1609, -0.6197 1.1791 0.1615, -0.6251 1.1791 0.1648, -0.6372 1.1791 0.1695, -0.6124 1.1791 0.1556, -0.607 1.1791 0.1493, -0.604 1.1791 0.1496, -0.601 1.1791 0.1498, -0.5906 1.1791 0.1485, -0.5808 1.1791 0.1447, -0.5724 1.1791 0.1388, -0.5707 1.1791 0.1371, -0.5601 1.1791 0.1195, -0.5643 1.1791 0.129, -0.559 1.1791 0.1129, -0.5584 1.1791 0.1096, -0.5583 1.1791 0.1071, -0.5596 1.1791 0.0967, -0.5634 1.1791 0.0869, -0.5694 1.1791 0.0784, -0.5776 1.1791 0.0714, -0.5871 1.1791 0.0667, -0.5904 1.1791 0.0657, -0.5908 1.1791 0.065, -0.5929 1.1791 0.0603, -0.5968 1.1791 0.0555, -0.6019 1.1791 0.0515, -0.6046 1.1791 0.0503, -0.6079 1.1791 0.0489, -0.6141 1.1791 0.0478, -0.6155 1.1791 0.0478, -0.6418 1.1791 0.0741, -0.6214 1.1791 0.0485, -0.6265 1.1791 0.0503, -0.6274 1.1791 0.0506, -0.6327 1.1791 0.0542, -0.6371 1.1791 0.0591, -0.6402 1.1791 0.065, -0.6402 1.1791 0.065, -0.6417 1.1791 0.0715, -0.6418 1.1791 0.0768, -0.6787 1.1791 0.0963, -0.6706 1.1791 0.1103, -0.6352 1.1791 0.0918, -0.6309 1.1791 0.0958, -0.6253 1.1791 0.0989, -0.619 1.1791 0.1005, -0.6155 1.1791 0.1008, -0.6096 1.1791 0.1001, -0.6037 1.1791 0.0979, -0.5983 1.1791 0.0943, -0.5939 1.1791 0.0894, -0.5907 1.1791 0.0834, -0.5854 1.1791 0.0866, -0.5806 1.1791 0.0913, -0.5772 1.1791 0.097, -0.5752 1.1791 0.1034, -0.5749 1.1791 0.1076, -0.5755 1.1791 0.1129, -0.5756 1.1791 0.1136, -0.5777 1.1791 0.1195, -0.5813 1.1791 0.1248, -0.5862 1.1791 0.1292, -0.5921 1.1791 0.1323, -0.5986 1.1791 0.1338, -0.6012 1.1791 0.134, -0.607 1.1791 0.1333, -0.6129 1.1791 0.1313, -0.6152 1.1791 0.13, -0.6193 1.1791 0.1384, -0.6252 1.1791 0.1454, -0.6322 1.1791 0.1506, -0.6408 1.1791 0.1541, -0.6505 1.1791 0.1553, -0.6595 1.1791 0.1542, -0.6678 1.1791 0.151, -0.6752 1.1791 0.1459, -0.6757 1.1791 0.1454, -0.6817 1.1791 0.1384, -0.6858 1.1791 0.1299, -0.6874 1.1791 0.1224, -0.6895 1.1791 0.1224, -0.6948 1.1791 0.1217, -0.6993 1.1791 0.1199, -0.7034 1.1791 0.117, -0.7059 1.1791 0.1143, -0.7067 1.1791 0.1129, -0.7085 1.1791 0.1098, -0.7099 1.1791 0.1048, -0.7101 1.1791 0.1018, -0.7094 1.1791 0.0965, -0.7076 1.1791 0.0918, -0.7047 1.1791 0.0878, -0.7008 1.1791 0.0845, -0.6962 1.1791 0.0823, -0.6911 1.1791 0.0813, -0.6793 1.1791 0.0813, -0.6788 1.1791 0.0813, -0.678 1.1791 0.0815, -0.6777 1.1791 0.0815, -0.6756 1.1791 0.0813, -0.6738 1.1791 0.0806, -0.6722 1.1791 0.0794, -0.6711 1.1791 0.0782, -0.6701 1.1791 0.0764, -0.6696 1.1791 0.0744, -0.6695 1.1791 0.0734, -0.6698 1.1791 0.0714, -0.6705 1.1791 0.0696, -0.6716 1.1791 0.068, -0.6722 1.1791 0.0673, -0.6739 1.1791 0.0661, -0.6757 1.1791 0.0654, -0.6772 1.1791 0.0652, -0.6927 1.1791 0.0652, -0.7015 1.1791 0.0671, -0.7095 1.1791 0.071, -0.7167 1.1791 0.077, -0.7219 1.1791 0.0844, -0.7252 1.1791 0.0927, -0.6152 1.1791 0.0842, -0.6174 1.1791 0.0839, -0.6199 1.1791 0.083, -0.622 1.1791 0.0816, -0.6237 1.1791 0.0797, -0.6248 1.1791 0.0776, -0.6254 1.1791 0.0751, -0.6254 1.1791 0.0727, -0.6248 1.1791 0.0702, -0.6236 1.1791 0.0679, -0.6221 1.1791 0.0663, -0.6201 1.1791 0.0649, -0.6179 1.1791 0.0639, -0.6152 1.1791 0.0636, -0.6148 1.1791 0.0636, -0.6124 1.1791 0.064, -0.61 1.1791 0.065, -0.608 1.1791 0.0666, -0.6065 1.1791 0.0684, -0.6055 1.1791 0.0707, -0.605 1.1791 0.0731, -0.6051 1.1791 0.0757, -0.6059 1.1791 0.0782, -0.6072 1.1791 0.0804, -0.6083 1.1791 0.0815, -0.6103 1.1791 0.0829, -0.6126 1.1791 0.0838
            ]
        }
        coordIndex [
            0,1,2,-1,3,4,5,-1,6,7,3,-1,8,9,10,-1,11,12,13,-1,10,9,14,-1,7,15,3,-1,3,15,16,-1,3,16,17,-1,18,19,20,-1,20,19,21,-1,20,21,22,-1,22,21,23,-1,22,23,24,-1,24,23,25,-1,24,25,26,-1,26,25,2,-1,26,2,27,-1,27,2,28,-1,29,30,18,-1,18,30,31,-1,18,31,19,-1,32,33,34,-1,34,33,35,-1,34,35,36,-1,36,35,37,-1,36,37,38,-1,38,37,39,-1,11,13,40,-1,40,13,41,-1,40,41,42,-1,42,41,43,-1,42,43,44,-1,45,46,2,-1,2,46,47,-1,2,47,0,-1,9,48,14,-1,14,48,49,-1,14,49,50,-1,50,49,51,-1,50,51,11,-1,11,51,52,-1,11,52,12,-1,16,53,17,-1,17,53,54,-1,17,54,55,-1,55,54,56,-1,55,56,57,-1,10,58,8,-1,8,58,59,-1,8,59,60,-1,60,59,61,-1,60,61,62,-1,62,61,63,-1,62,63,64,-1,6,3,65,-1,65,3,5,-1,65,5,18,-1,18,5,66,-1,18,66,29,-1,37,67,39,-1,39,67,68,-1,39,68,69,-1,69,68,70,-1,69,70,71,-1,71,70,72,-1,71,72,73,-1,73,72,74,-1,73,74,75,-1,75,74,76,-1,75,76,77,-1,77,76,78,-1,77,78,79,-1,79,78,80,-1,79,80,81,-1,81,80,82,-1,81,82,83,-1,83,82,84,-1,83,84,85,-1,85,84,86,-1,85,86,87,-1,87,86,88,-1,87,88,89,-1,90,91,92,-1,92,91,93,-1,92,93,34,-1,34,93,94,-1,34,94,32,-1,28,2,95,-1,95,2,1,-1,95,1,96,-1,97,98,99,-1,44,43,100,-1,100,43,101,-1,100,101,102,-1,102,101,103,-1,102,103,104,-1,104,103,105,-1,104,105,106,-1,106,105,107,-1,106,107,90,-1,90,107,108,-1,90,108,91,-1,57,56,109,-1,109,56,110,-1,109,110,111,-1,111,110,112,-1,111,112,113,-1,113,112,114,-1,113,114,115,-1,115,114,116,-1,115,116,117,-1,117,116,118,-1,117,118,119,-1,119,118,120,-1,119,120,121,-1,121,120,122,-1,121,122,123,-1,123,122,124,-1,123,124,125,-1,125,124,126,-1,125,126,1,-1,1,126,127,-1,1,127,96,-1,88,128,89,-1,89,128,97,-1,89,97,129,-1,129,97,99,-1,63,130,64,-1,64,130,131,-1,64,131,132,-1,132,131,133,-1,132,133,134,-1,134,133,135,-1,134,135,136,-1,136,135,137,-1,136,137,138,-1,138,137,139,-1,138,139,45,-1,45,139,140,-1,45,140,46,-1,141,142,97,-1,97,142,143,-1,97,143,98,-1,144,145,146,-1,145,147,146,-1,146,147,148,-1,146,148,149,-1,141,97,146,-1,146,97,150,-1,146,150,144,-1,73,151,152,-1,73,152,71,-1,71,152,153,-1,71,153,69,-1,153,154,69,-1,69,154,155,-1,69,155,39,-1,39,155,156,-1,39,156,38,-1,38,156,157,-1,38,157,36,-1,36,157,158,-1,36,158,34,-1,34,158,159,-1,34,159,92,-1,92,159,160,-1,92,160,90,-1,90,160,106,-1,106,160,161,-1,161,162,106,-1,106,162,163,-1,106,163,104,-1,104,163,164,-1,104,164,102,-1,165,42,166,-1,166,42,44,-1,166,44,167,-1,167,44,100,-1,167,100,168,-1,168,100,102,-1,168,102,164,-1,42,165,169,-1,42,169,40,-1,40,169,170,-1,40,170,11,-1,11,170,171,-1,11,171,50,-1,50,171,172,-1,50,172,14,-1,14,172,173,-1,14,173,10,-1,10,173,174,-1,10,174,58,-1,58,174,175,-1,58,175,59,-1,59,175,176,-1,59,176,61,-1,177,63,178,-1,178,63,61,-1,178,61,176,-1,179,131,177,-1,177,131,130,-1,177,130,63,-1,179,180,131,-1,131,180,181,-1,131,181,133,-1,133,181,182,-1,133,182,135,-1,135,182,183,-1,135,183,137,-1,137,183,184,-1,137,184,139,-1,139,184,185,-1,139,185,140,-1,140,185,186,-1,140,186,46,-1,46,186,187,-1,46,187,47,-1,47,187,188,-1,47,188,0,-1,188,189,0,-1,0,189,190,-1,0,190,1,-1,1,190,191,-1,1,191,125,-1,125,191,192,-1,125,192,123,-1,192,193,123,-1,123,193,194,-1,123,194,121,-1,121,194,195,-1,121,195,119,-1,196,55,57,-1,119,195,197,-1,119,197,117,-1,117,197,198,-1,117,198,115,-1,198,199,115,-1,115,199,200,-1,115,200,113,-1,113,200,201,-1,113,201,111,-1,111,201,202,-1,111,202,109,-1,109,202,203,-1,109,203,57,-1,57,203,204,-1,57,204,196,-1,17,55,205,-1,205,55,196,-1,3,17,206,-1,206,17,205,-1,4,3,207,-1,207,3,206,-1,5,4,208,-1,208,4,207,-1,5,208,209,-1,5,209,66,-1,66,209,210,-1,66,210,29,-1,29,210,211,-1,29,211,30,-1,30,211,212,-1,30,212,31,-1,31,212,213,-1,31,213,19,-1,19,213,214,-1,19,214,21,-1,21,214,215,-1,21,215,23,-1,23,215,216,-1,23,216,25,-1,25,216,217,-1,25,217,2,-1,2,217,218,-1,2,218,45,-1,45,218,219,-1,45,219,138,-1,138,219,220,-1,138,220,136,-1,136,220,221,-1,136,221,134,-1,134,221,222,-1,134,222,132,-1,222,223,132,-1,132,223,64,-1,223,224,64,-1,64,224,225,-1,64,225,62,-1,62,225,226,-1,62,226,60,-1,60,226,227,-1,60,227,8,-1,8,227,228,-1,8,228,9,-1,9,228,229,-1,9,229,48,-1,48,229,230,-1,48,230,49,-1,49,230,231,-1,49,231,51,-1,51,231,232,-1,51,232,52,-1,52,232,233,-1,52,233,12,-1,12,233,234,-1,12,234,13,-1,13,234,235,-1,13,235,41,-1,41,235,236,-1,41,236,43,-1,43,236,237,-1,43,237,101,-1,101,237,238,-1,101,238,103,-1,103,238,239,-1,103,239,105,-1,105,239,240,-1,105,240,107,-1,107,240,241,-1,107,241,108,-1,108,241,242,-1,108,242,91,-1,91,242,243,-1,91,243,93,-1,93,243,244,-1,93,244,94,-1,94,244,245,-1,94,245,32,-1,33,32,246,-1,246,32,245,-1,33,246,247,-1,33,247,35,-1,35,247,248,-1,35,248,37,-1,37,248,249,-1,37,249,67,-1,67,249,250,-1,67,250,68,-1,68,250,251,-1,68,251,70,-1,251,252,70,-1,70,252,253,-1,70,253,72,-1,72,253,254,-1,72,254,74,-1,74,254,255,-1,74,255,76,-1,76,255,256,-1,76,256,78,-1,78,256,257,-1,78,257,80,-1,80,257,258,-1,80,258,82,-1,82,258,259,-1,82,259,84,-1,84,259,260,-1,84,260,86,-1,88,86,261,-1,261,86,260,-1,88,261,262,-1,88,262,128,-1,128,262,263,-1,128,263,97,-1,97,263,264,-1,97,264,150,-1,150,264,265,-1,150,265,144,-1,144,265,266,-1,144,266,145,-1,145,266,267,-1,145,267,147,-1,147,267,268,-1,147,268,148,-1,148,268,269,-1,148,269,149,-1,149,269,270,-1,149,270,146,-1,146,270,271,-1,146,271,141,-1,141,271,272,-1,141,272,142,-1,142,272,273,-1,142,273,143,-1,143,273,274,-1,143,274,98,-1,98,274,275,-1,98,275,99,-1,99,275,276,-1,99,276,129,-1,129,276,277,-1,129,277,89,-1,89,277,278,-1,89,278,87,-1,85,87,279,-1,279,87,278,-1,85,279,280,-1,85,280,83,-1,83,280,281,-1,83,281,81,-1,81,281,282,-1,81,282,79,-1,79,282,283,-1,79,283,77,-1,77,283,284,-1,77,284,75,-1,75,284,151,-1,75,151,73,-1,65,285,286,-1,65,286,6,-1,6,286,287,-1,6,287,7,-1,7,287,288,-1,7,288,15,-1,15,288,289,-1,15,289,16,-1,16,289,290,-1,16,290,53,-1,53,290,291,-1,53,291,54,-1,54,291,292,-1,54,292,56,-1,56,292,293,-1,56,293,110,-1,110,293,294,-1,110,294,112,-1,112,294,295,-1,112,295,114,-1,114,295,296,-1,114,296,116,-1,116,296,297,-1,116,297,118,-1,118,297,298,-1,118,298,120,-1,120,298,299,-1,120,299,122,-1,122,299,300,-1,122,300,124,-1,124,300,301,-1,124,301,126,-1,126,301,302,-1,126,302,127,-1,127,302,303,-1,127,303,96,-1,96,303,304,-1,96,304,95,-1,95,304,305,-1,95,305,28,-1,28,305,306,-1,28,306,27,-1,27,306,307,-1,27,307,26,-1,26,307,308,-1,26,308,24,-1,24,308,309,-1,24,309,22,-1,22,309,310,-1,22,310,20,-1,20,310,311,-1,20,311,18,-1,18,311,285,-1,18,285,65,-1,
        ]
    }
}
Shape{
    appearance Appearance {
        material  Material {
            diffuseColor 0.25098039215686274 0.25098039215686274 0.25098039215686274
            specularColor 0.12549019607843137 0.12549019607843137 0.12549019607843137
            ambientIntensity 0.251
            transparency 0.0
            shininess 0.5
        }
    }
    geometry IndexedFaceSet {
        ccw TRUE
        solid FALSE
        coord DEF co Coordinate {
            point [
                -0.6148 1.1791 0.0636, -0.6083 1.1791 0.0815, -0.6072 1.1791 0.0804, -0.6179 1.1791 0.0639, -0.6201 1.1791 0.0649, -0.6174 1.1791 0.0839, -0.6152 1.1791 0.0842, -0.6126 1.1791 0.0838, -0.6103 1.1791 0.0829, -0.6055 1.1791 0.0707, -0.6065 1.1791 0.0684, -0.608 1.1791 0.0666, -0.6152 1.1791 0.0636, -0.6059 1.1791 0.0782, -0.6051 1.1791 0.0757, -0.605 1.1791 0.0731, -0.61 1.1791 0.065, -0.6124 1.1791 0.064, -0.6221 1.1791 0.0663, -0.6236 1.1791 0.0679, -0.6248 1.1791 0.0702, -0.6254 1.1791 0.0727, -0.6254 1.1791 0.0751, -0.6248 1.1791 0.0776, -0.6237 1.1791 0.0797, -0.622 1.1791 0.0816, -0.6199 1.1791 0.083
            ]
        }
        coordIndex [
            0,1,2,-1,3,4,5,-1,6,7,0,-1,0,7,8,-1,0,8,1,-1,9,10,2,-1,2,10,11,-1,6,0,5,-1,5,0,12,-1,5,12,3,-1,13,14,2,-1,2,14,15,-1,2,15,9,-1,11,16,2,-1,2,16,17,-1,2,17,0,-1,4,18,5,-1,5,18,19,-1,5,19,20,-1,20,21,5,-1,5,21,22,-1,5,22,23,-1,23,24,5,-1,5,24,25,-1,5,25,26,-1,
        ]
    }
}