#VRML V2.0 utf8
# 3D model generated by kicad-lcsc-manager
# Based on easyeda2kicad.py v1.0.1

Shape{
    appearance Appearance {
        material  Material {
            diffuseColor 0.6470588235294118 0.6196078431372549 0.5882352941176471
            specularColor 0.45098039215686275 0.43529411764705883 0.4117647058823529
            ambientIntensity 0.6242
            transparency 0.0
            shininess 0.5
        }
    }
    geometry IndexedFaceSet {
        ccw TRUE
        solid FALSE
        coord DEF co Coordinate {
            point [
                -0.6378 0.3858 0.3268, -0.6378 0.7402 0.3268, -0.6378 0.3858 0.3346, -0.6378 0.7402 0.3346, -0.685 0.3858 0.3268, -0.685 0.7402 0.3268, -0.685 0.3858 0.3346, -0.685 0.7402 0.3346, -0.6856 0.7402 0.3387, -0.6856 0.3858 0.3387, -0.6871 0.7402 0.3425, -0.6871 0.3858 0.3425, -0.6897 0.7402 0.3458, -0.6897 0.3858 0.3458, -0.6929 0.7402 0.3483, -0.6929 0.3858 0.3483, -0.6967 0.7402 0.3499, -0.6967 0.3858 0.3499, -0.7008 0.7402 0.3504, -0.7008 0.3858 0.3504, -0.7049 0.7402 0.3499, -0.7049 0.3858 0.3499, -0.7087 0.7402 0.3483, -0.7087 0.3858 0.3483, -0.7119 0.7402 0.3458, -0.7119 0.3858 0.3458, -0.7144 0.7402 0.3425, -0.7144 0.3858 0.3425, -0.716 0.7402 0.3387, -0.716 0.3858 0.3387, -0.7165 0.7402 0.3346, -0.7165 0.3858 0.3346, -0.7165 0.3858 0.0, -0.7165 0.6614 0.0, -0.7165 0.7354 0.0518, -0.7165 0.739 0.0651, -0.7165 0.7402 0.0787, -0.7165 0.6751 0.0012, -0.7165 0.6883 0.0047, -0.7165 0.7008 0.0105, -0.7165 0.712 0.0184, -0.7165 0.7217 0.0281, -0.7165 0.7296 0.0394, -0.7638 0.3858 0.0, -0.7638 0.6614 0.0, -0.7638 0.3858 0.3346, -0.7638 0.7402 0.3346, -0.7638 0.7402 0.0787, -0.7638 0.739 0.0651, -0.7638 0.7354 0.0518, -0.7638 0.7008 0.0105, -0.7638 0.6883 0.0047, -0.7638 0.6751 0.0012, -0.7638 0.7296 0.0394, -0.7638 0.7217 0.0281, -0.7638 0.712 0.0184, -0.7626 0.3858 0.3469, -0.7626 0.7402 0.3469, -0.759 0.3858 0.3588, -0.759 0.7402 0.3588, -0.7532 0.3858 0.3696, -0.7532 0.7402 0.3696, -0.7453 0.3858 0.3792, -0.7453 0.7402 0.3792, -0.7358 0.3858 0.387, -0.7358 0.7402 0.387, -0.7249 0.3858 0.3928, -0.7249 0.7402 0.3928, -0.7131 0.3858 0.3964, -0.7131 0.7402 0.3964, -0.7008 0.3858 0.3976, -0.7008 0.7402 0.3976, -0.6885 0.3858 0.3964, -0.6885 0.7402 0.3964, -0.6767 0.3858 0.3928, -0.6767 0.7402 0.3928, -0.6658 0.3858 0.387, -0.6658 0.7402 0.387, -0.6562 0.3858 0.3792, -0.6562 0.7402 0.3792, -0.6484 0.3858 0.3696, -0.6484 0.7402 0.3696, -0.6426 0.3858 0.3588, -0.6426 0.7402 0.3588, -0.639 0.3858 0.3469, -0.639 0.7402 0.3469, 0.6417 0.7402 0.3268, 0.6417 0.3858 0.3268, 0.6417 0.7402 0.3346, 0.6417 0.3858 0.3346, 0.689 0.7402 0.3268, 0.689 0.3858 0.3268, 0.689 0.7402 0.3346, 0.689 0.3858 0.3346, 0.7205 0.7402 0.3346, 0.7205 0.3858 0.3346, 0.7199 0.7402 0.3387, 0.7199 0.3858 0.3387, 0.7184 0.7402 0.3425, 0.7184 0.3858 0.3425, 0.7159 0.7402 0.3458, 0.7159 0.3858 0.3458, 0.7126 0.7402 0.3483, 0.7126 0.3858 0.3483, 0.7088 0.7402 0.3499, 0.7088 0.3858 0.3499, 0.7047 0.7402 0.3504, 0.7047 0.3858 0.3504, 0.7006 0.7402 0.3499, 0.7006 0.3858 0.3499, 0.6969 0.7402 0.3483, 0.6969 0.3858 0.3483, 0.6936 0.7402 0.3458, 0.6936 0.3858 0.3458, 0.6911 0.7402 0.3425, 0.6911 0.3858 0.3425, 0.6895 0.7402 0.3387, 0.6895 0.3858 0.3387, 0.7205 0.3858 0.0, 0.7205 0.6614 0.0, 0.7205 0.7402 0.0787, 0.7205 0.739 0.0651, 0.7205 0.7354 0.0518, 0.7205 0.7296 0.0394, 0.7205 0.7217 0.0281, 0.7205 0.712 0.0184, 0.7205 0.7008 0.0105, 0.7205 0.6883 0.0047, 0.7205 0.6751 0.0012, 0.7677 0.3858 0.0, 0.7677 0.6614 0.0, 0.7677 0.3858 0.3346, 0.7677 0.7402 0.3346, 0.7677 0.6751 0.0012, 0.7677 0.739 0.0651, 0.7677 0.7402 0.0787, 0.7677 0.6883 0.0047, 0.7677 0.7008 0.0105, 0.7677 0.712 0.0184, 0.7677 0.7217 0.0281, 0.7677 0.7296 0.0394, 0.7677 0.7354 0.0518, 0.6429 0.3858 0.3469, 0.6429 0.7402 0.3469, 0.6465 0.3858 0.3588, 0.6465 0.7402 0.3588, 0.6523 0.3858 0.3696, 0.6523 0.7402 0.3696, 0.6602 0.3858 0.3792, 0.6602 0.7402 0.3792, 0.6697 0.3858 0.387, 0.6697 0.7402 0.387, 0.6806 0.3858 0.3928, 0.6806 0.7402 0.3928, 0.6924 0.3858 0.3964, 0.6924 0.7402 0.3964, 0.7047 0.3858 0.3976, 0.7047 0.7402 0.3976, 0.717 0.3858 0.3964, 0.717 0.7402 0.3964, 0.7288 0.3858 0.3928, 0.7288 0.7402 0.3928, 0.7397 0.3858 0.387, 0.7397 0.7402 0.387, 0.7493 0.3858 0.3792, 0.7493 0.7402 0.3792, 0.7571 0.3858 0.3696, 0.7571 0.7402 0.3696, 0.7629 0.3858 0.3588, 0.7629 0.7402 0.3588, 0.7665 0.3858 0.3469, 0.7665 0.7402 0.3469
            ]
        }
        coordIndex [
            0,1,2,-1,2,1,3,-1,4,5,0,-1,0,5,1,-1,6,7,4,-1,4,7,5,-1,7,6,8,-1,8,6,9,-1,8,9,10,-1,10,9,11,-1,10,11,12,-1,12,11,13,-1,12,13,14,-1,14,13,15,-1,14,15,16,-1,16,15,17,-1,16,17,18,-1,18,17,19,-1,18,19,20,-1,20,19,21,-1,20,21,22,-1,22,21,23,-1,22,23,24,-1,24,23,25,-1,24,25,26,-1,26,25,27,-1,26,27,28,-1,28,27,29,-1,28,29,30,-1,30,29,31,-1,31,32,30,-1,30,32,33,-1,34,35,33,-1,33,35,36,-1,33,36,30,-1,37,38,39,-1,39,40,37,-1,37,40,41,-1,37,41,33,-1,33,41,42,-1,33,42,34,-1,43,44,32,-1,32,44,33,-1,43,45,44,-1,44,45,46,-1,46,47,44,-1,44,47,48,-1,44,48,49,-1,50,51,52,-1,49,53,44,-1,44,53,54,-1,44,54,52,-1,52,54,55,-1,52,55,50,-1,46,45,56,-1,46,56,57,-1,57,56,58,-1,57,58,59,-1,59,58,60,-1,59,60,61,-1,61,60,62,-1,61,62,63,-1,63,62,64,-1,63,64,65,-1,65,64,66,-1,65,66,67,-1,67,66,68,-1,67,68,69,-1,69,68,70,-1,69,70,71,-1,71,70,72,-1,71,72,73,-1,73,72,74,-1,73,74,75,-1,75,74,76,-1,75,76,77,-1,77,76,78,-1,77,78,79,-1,79,78,80,-1,79,80,81,-1,81,80,82,-1,81,82,83,-1,83,82,84,-1,83,84,85,-1,85,84,2,-1,85,2,3,-1,16,75,14,-1,14,75,77,-1,14,77,12,-1,12,77,79,-1,12,79,10,-1,1,5,3,-1,3,5,7,-1,3,7,85,-1,85,7,8,-1,85,8,83,-1,83,8,10,-1,83,10,81,-1,81,10,79,-1,22,67,20,-1,20,67,69,-1,20,69,18,-1,18,69,71,-1,18,71,16,-1,16,71,73,-1,16,73,75,-1,36,47,30,-1,30,47,46,-1,30,46,28,-1,46,57,28,-1,28,57,59,-1,28,59,26,-1,26,59,61,-1,26,61,24,-1,24,61,63,-1,24,63,22,-1,22,63,65,-1,22,65,67,-1,4,0,6,-1,6,0,2,-1,6,2,9,-1,43,32,45,-1,45,32,31,-1,45,31,56,-1,56,31,29,-1,56,29,58,-1,58,29,27,-1,15,74,17,-1,17,74,72,-1,17,72,19,-1,19,72,70,-1,19,70,21,-1,70,68,21,-1,21,68,66,-1,21,66,23,-1,23,66,64,-1,23,64,25,-1,25,64,62,-1,25,62,27,-1,27,62,60,-1,27,60,58,-1,2,84,9,-1,9,84,82,-1,9,82,11,-1,11,82,80,-1,11,80,13,-1,13,80,78,-1,13,78,15,-1,15,78,76,-1,15,76,74,-1,47,36,35,-1,47,35,48,-1,48,35,34,-1,48,34,49,-1,49,34,42,-1,49,42,53,-1,53,42,41,-1,53,41,54,-1,54,41,40,-1,54,40,55,-1,55,40,39,-1,55,39,50,-1,50,39,38,-1,50,38,51,-1,51,38,37,-1,51,37,52,-1,52,37,33,-1,52,33,44,-1,86,87,88,-1,88,87,89,-1,90,91,86,-1,86,91,87,-1,92,93,90,-1,90,93,91,-1,94,95,96,-1,96,95,97,-1,96,97,98,-1,98,97,99,-1,98,99,100,-1,100,99,101,-1,100,101,102,-1,102,101,103,-1,102,103,104,-1,104,103,105,-1,104,105,106,-1,106,105,107,-1,106,107,108,-1,108,107,109,-1,108,109,110,-1,110,109,111,-1,110,111,112,-1,112,111,113,-1,112,113,114,-1,114,113,115,-1,114,115,116,-1,116,115,117,-1,116,117,92,-1,92,117,93,-1,118,95,119,-1,119,95,94,-1,94,120,119,-1,119,120,121,-1,119,121,122,-1,122,123,119,-1,119,123,124,-1,119,124,125,-1,125,126,119,-1,119,126,127,-1,119,127,128,-1,118,119,129,-1,129,119,130,-1,131,129,132,-1,132,129,130,-1,133,134,130,-1,130,134,135,-1,130,135,132,-1,133,136,134,-1,134,136,137,-1,134,137,138,-1,138,139,134,-1,134,139,140,-1,134,140,141,-1,88,89,142,-1,88,142,143,-1,143,142,144,-1,143,144,145,-1,145,144,146,-1,145,146,147,-1,147,146,148,-1,147,148,149,-1,149,148,150,-1,149,150,151,-1,151,150,152,-1,151,152,153,-1,153,152,154,-1,153,154,155,-1,155,154,156,-1,155,156,157,-1,157,156,158,-1,157,158,159,-1,159,158,160,-1,159,160,161,-1,161,160,162,-1,161,162,163,-1,163,162,164,-1,163,164,165,-1,165,164,166,-1,165,166,167,-1,167,166,168,-1,167,168,169,-1,169,168,170,-1,169,170,171,-1,171,170,131,-1,171,131,132,-1,90,86,92,-1,92,86,88,-1,92,88,116,-1,135,120,132,-1,132,120,94,-1,132,94,171,-1,171,94,96,-1,171,96,169,-1,169,96,98,-1,110,153,108,-1,108,153,155,-1,108,155,106,-1,106,155,157,-1,106,157,104,-1,157,159,104,-1,104,159,161,-1,104,161,102,-1,102,161,163,-1,102,163,100,-1,100,163,165,-1,100,165,98,-1,98,165,167,-1,98,167,169,-1,88,143,116,-1,116,143,145,-1,116,145,114,-1,114,145,147,-1,114,147,112,-1,112,147,149,-1,112,149,110,-1,110,149,151,-1,110,151,153,-1,109,152,111,-1,111,152,150,-1,111,150,113,-1,113,150,148,-1,113,148,115,-1,87,91,89,-1,89,91,93,-1,89,93,142,-1,142,93,117,-1,142,117,144,-1,144,117,115,-1,144,115,146,-1,146,115,148,-1,103,160,105,-1,105,160,158,-1,105,158,107,-1,107,158,156,-1,107,156,109,-1,109,156,154,-1,109,154,152,-1,118,129,95,-1,95,129,131,-1,95,131,97,-1,131,170,97,-1,97,170,168,-1,97,168,99,-1,99,168,166,-1,99,166,101,-1,101,166,164,-1,101,164,103,-1,103,164,162,-1,103,162,160,-1,130,119,128,-1,130,128,133,-1,133,128,127,-1,133,127,136,-1,136,127,126,-1,136,126,137,-1,137,126,125,-1,137,125,138,-1,138,125,124,-1,138,124,139,-1,139,124,123,-1,139,123,140,-1,140,123,122,-1,140,122,141,-1,141,122,121,-1,141,121,134,-1,134,121,120,-1,134,120,135,-1,
        ]
    }
}
Shape{
    appearance Appearance {
        material  Material {
            diffuseColor 1.0 1.0 0.0
            specularColor 0.5019607843137255 0.5019607843137255 0.0
            ambientIntensity 0.886
            transparency 0.0
            shininess 0.5
        }
    }
    geometry IndexedFaceSet {
        ccw TRUE
        solid FALSE
        coord DEF co Coordinate {
            point [
                -0.0276 -0.2795 0.2362, -0.0276 -0.3583 0.2362, 0.0315 -0.2795 0.2362, 0.0315 -0.3583 0.2362, -0.0276 -0.2795 0.0591, 0.0315 -0.2795 0.0591, 0.0315 -0.2802 0.054, -0.0276 -0.2802 0.054, 0.0315 -0.2822 0.0492, -0.0276 -0.2822 0.0492, 0.0315 -0.2853 0.0451, -0.0276 -0.2853 0.0451, 0.0315 -0.2894 0.042, -0.0276 -0.2894 0.042, 0.0315 -0.2941 0.04, -0.0276 -0.2941 0.04, 0.0315 -0.2992 0.0394, -0.0276 -0.2992 0.0394, -0.0276 -0.437 0.0394, 0.0315 -0.437 0.0394, -0.0276 -0.4421 0.0387, 0.0315 -0.4421 0.0387, -0.0276 -0.4469 0.0367, 0.0315 -0.4469 0.0367, -0.0276 -0.4509 0.0336, 0.0315 -0.4509 0.0336, -0.0276 -0.4541 0.0295, 0.0315 -0.4541 0.0295, -0.0276 -0.456 0.0248, 0.0315 -0.456 0.0248, -0.0276 -0.4567 0.0197, 0.0315 -0.4567 0.0197, -0.0276 -0.4567 0.0, 0.0315 -0.4567 0.0, -0.0276 -0.5748 0.0, 0.0315 -0.5748 0.0, 0.0315 -0.5799 0.0007, -0.0276 -0.5799 0.0007, 0.0315 -0.5847 0.0026, -0.0276 -0.5847 0.0026, 0.0315 -0.5887 0.0058, -0.0276 -0.5887 0.0058, 0.0315 -0.5919 0.0098, -0.0276 -0.5919 0.0098, 0.0315 -0.5938 0.0146, -0.0276 -0.5938 0.0146, 0.0315 -0.5945 0.0197, -0.0276 -0.5945 0.0197, -0.0276 -0.5945 0.0591, 0.0315 -0.5945 0.0591, 0.0315 -0.5938 0.0641, -0.0276 -0.5938 0.0641, 0.0315 -0.5919 0.0689, -0.0276 -0.5919 0.0689, 0.0315 -0.5887 0.073, -0.0276 -0.5887 0.073, 0.0315 -0.5847 0.0761, -0.0276 -0.5847 0.0761, 0.0315 -0.5799 0.0781, -0.0276 -0.5799 0.0781, 0.0315 -0.5748 0.0787, -0.0276 -0.5748 0.0787, -0.0276 -0.378 0.0787, 0.0315 -0.378 0.0787, -0.0276 -0.3729 0.0794, 0.0315 -0.3729 0.0794, -0.0276 -0.3681 0.0814, 0.0315 -0.3681 0.0814, -0.0276 -0.364 0.0845, 0.0315 -0.364 0.0845, -0.0276 -0.3609 0.0886, 0.0315 -0.3609 0.0886, -0.0276 -0.3589 0.0933, 0.0315 -0.3589 0.0933, -0.0276 -0.3583 0.0984, 0.0315 -0.3583 0.0984
            ]
        }
        coordIndex [
            0,1,2,-1,2,1,3,-1,4,0,5,-1,5,0,2,-1,4,5,6,-1,4,6,7,-1,7,6,8,-1,7,8,9,-1,9,8,10,-1,9,10,11,-1,11,10,12,-1,11,12,13,-1,13,12,14,-1,13,14,15,-1,15,14,16,-1,15,16,17,-1,18,17,19,-1,19,17,16,-1,18,19,20,-1,20,19,21,-1,20,21,22,-1,22,21,23,-1,22,23,24,-1,24,23,25,-1,24,25,26,-1,26,25,27,-1,26,27,28,-1,28,27,29,-1,28,29,30,-1,30,29,31,-1,32,30,33,-1,33,30,31,-1,34,32,35,-1,35,32,33,-1,34,35,36,-1,34,36,37,-1,37,36,38,-1,37,38,39,-1,39,38,40,-1,39,40,41,-1,41,40,42,-1,41,42,43,-1,43,42,44,-1,43,44,45,-1,45,44,46,-1,45,46,47,-1,48,47,49,-1,49,47,46,-1,48,49,50,-1,48,50,51,-1,51,50,52,-1,51,52,53,-1,53,52,54,-1,53,54,55,-1,55,54,56,-1,55,56,57,-1,57,56,58,-1,57,58,59,-1,59,58,60,-1,59,60,61,-1,62,61,63,-1,63,61,60,-1,62,63,64,-1,64,63,65,-1,64,65,66,-1,66,65,67,-1,66,67,68,-1,68,67,69,-1,68,69,70,-1,70,69,71,-1,70,71,72,-1,72,71,73,-1,72,73,74,-1,74,73,75,-1,1,74,3,-1,3,74,75,-1,45,47,34,-1,66,68,17,-1,48,28,30,-1,48,30,47,-1,47,30,32,-1,47,32,34,-1,39,41,43,-1,20,22,61,-1,48,51,28,-1,28,51,53,-1,28,53,55,-1,1,0,74,-1,74,0,4,-1,74,4,72,-1,45,34,43,-1,43,34,37,-1,43,37,39,-1,17,68,15,-1,15,68,70,-1,15,70,13,-1,4,7,72,-1,72,7,9,-1,72,9,70,-1,70,9,11,-1,70,11,13,-1,20,61,18,-1,18,61,62,-1,18,62,17,-1,17,62,64,-1,17,64,66,-1,22,24,61,-1,61,24,26,-1,61,26,59,-1,59,26,28,-1,59,28,57,-1,57,28,55,-1,5,2,3,-1,27,25,60,-1,33,31,35,-1,35,31,46,-1,46,31,49,-1,49,31,29,-1,49,29,50,-1,42,40,38,-1,3,75,5,-1,5,75,73,-1,5,73,6,-1,46,44,35,-1,35,44,42,-1,35,42,36,-1,36,42,38,-1,27,60,29,-1,29,60,58,-1,29,58,56,-1,69,16,71,-1,71,16,14,-1,14,12,71,-1,71,12,10,-1,71,10,73,-1,73,10,8,-1,73,8,6,-1,56,54,29,-1,29,54,52,-1,29,52,50,-1,69,67,16,-1,16,67,65,-1,16,65,19,-1,19,65,63,-1,19,63,21,-1,21,63,60,-1,21,60,23,-1,23,60,25,-1,
        ]
    }
}
Shape{
    appearance Appearance {
        material  Material {
            diffuseColor 1.0 1.0 1.0
            specularColor 0.5019607843137255 0.5019607843137255 0.5019607843137255
            ambientIntensity 1.0
            transparency 0.0
            shininess 0.5
        }
    }
    geometry IndexedFaceSet {
        ccw TRUE
        solid FALSE
        coord DEF co Coordinate {
            point [
                -0.8386 -0.1406 0.1607, -0.8386 -0.1406 0.1278, -0.8386 -0.1554 0.1278, -0.8386 -0.3506 0.0039, -0.8386 -0.3701 0.0039, -0.8386 -0.3701 0.0498, -0.8386 -0.2967 0.0039, -0.8386 -0.3506 0.0498, -0.8386 -0.262 0.0039, -0.8386 -0.2967 0.0498, -0.8386 -0.1592 0.1315, -0.8386 -0.1586 0.133, -0.8386 -0.1586 0.1233, -0.8386 -0.1985 0.0645, -0.8386 -0.1982 0.0645, -0.8386 -0.2069 0.0645, -0.8386 -0.2385 0.1019, -0.8386 -0.2502 0.1019, -0.8386 -0.2502 0.1124, -0.8386 0.2598 0.2795, -0.8386 0.5945 0.2795, -0.8386 0.5945 0.161, -0.8386 -0.0885 0.1318, -0.8386 -0.0957 0.1257, -0.8386 -0.1207 0.161, -0.8386 -0.1207 0.1233, -0.8386 -0.0742 0.1464, -0.8386 -0.0794 0.1361, -0.8386 -0.0807 0.1356, -0.8386 -0.1207 0.3976, -0.8386 0.3583 0.3976, -0.8386 0.2598 0.2992, -0.8386 0.3583 0.2992, -0.8386 -0.0547 0.1641, -0.8386 -0.0593 0.161, -0.8386 -0.0652 0.1569, -0.8386 -0.0416 0.1691, -0.8386 -0.0293 0.1706, -0.8386 -0.0172 0.1692, -0.8386 -0.005 0.1648, -0.8386 0.0012 0.161, -0.8386 0.0023 0.1603, -0.8386 0.0303 0.148, -0.8386 0.02 0.1493, -0.8386 0.0085 0.155, -0.8386 0.0169 0.1491, -0.8386 0.0139 0.1487, -0.8386 0.0503 0.1366, -0.8386 0.0485 0.1383, -0.8386 0.0401 0.1442, -0.8386 0.5945 0.1233, -0.8386 0.5945 0.1124, -0.8386 0.062 0.1124, -0.8386 0.0608 0.119, -0.8386 0.0589 0.1233, -0.8386 0.0566 0.1285, -0.8386 0.0338 0.0662, -0.8386 0.0433 0.0708, -0.8386 0.5945 0.0645, -0.8386 0.0516 0.0778, -0.8386 0.0576 0.0864, -0.8386 0.0614 0.0962, -0.8386 0.0626 0.1066, -0.8386 0.0626 0.1091, -0.8386 0.0164 0.0498, -0.8386 0.0188 0.0508, -0.8386 0.0239 0.0547, -0.8386 0.0305 0.0652, -0.8386 0.0302 0.0645, -0.8386 0.0279 0.0595, -0.8386 0.5945 0.0498, -0.8386 0.5945 0.0335, -0.8386 0.2677 0.0335, -0.8386 -0.1207 0.0498, -0.8386 -0.0055 0.0498, -0.8386 -0.1207 0.0039, -0.8386 -0.0009 0.048, -0.8386 0.0055 0.0473, -0.8386 0.0065 0.0473, -0.8386 0.2677 0.0039, -0.8386 0.0127 0.0483, -0.8386 -0.1207 0.0645, -0.8386 -0.0192 0.0645, -0.8386 -0.0192 0.0644, -0.8386 -0.0161 0.0585, -0.8386 -0.012 0.054, -0.8386 -0.0068 0.0503, -0.8386 -0.1043 0.1102, -0.8386 -0.1055 0.1016, -0.8386 -0.1207 0.1124, -0.8386 -0.0529 0.08, -0.8386 -0.0547 0.0807, -0.8386 -0.0578 0.0958, -0.8386 -0.0957 0.0765, -0.8386 -0.0886 0.0704, -0.8386 -0.0143 0.0913, -0.8386 -0.0496 0.1097, -0.8386 -0.0097 0.0955, -0.8386 -0.0041 0.0985, -0.8386 -0.0513 0.0789, -0.8386 -0.101 0.0838, -0.8386 -0.089 0.1036, -0.8386 -0.0878 0.1087, -0.8386 -0.0858 0.1124, -0.8386 0.0454 0.1124, -0.8386 -0.1043 0.0921, -0.8386 -0.0567 0.081, -0.8386 -0.057 0.081, -0.8386 -0.0578 0.0808, -0.8386 0.0438 0.0966, -0.8386 0.0407 0.0912, -0.8386 0.0273 0.0885, -0.8386 0.036 0.0864, -0.8386 0.0302 0.0828, -0.8386 0.0176 0.0972, -0.8386 0.023 0.0935, -0.8386 0.046 0.1071, -0.8386 0.0457 0.103, -0.8386 0.0118 0.0995, -0.8386 0.0055 0.1002, -0.8386 0.0023 0.1, -0.8386 -0.0486 0.0728, -0.8386 -0.0486 0.0739, -0.8386 -0.0209 0.0763, -0.8386 -0.0492 0.0759, -0.8386 -0.0502 0.0777, -0.8386 -0.0838 0.0874, -0.8386 -0.0867 0.0915, -0.8386 -0.0885 0.0962, -0.8386 -0.0892 0.1013, -0.8386 -0.0547 0.0649, -0.8386 -0.053 0.0656, -0.8386 -0.0513 0.0668, -0.8386 -0.0507 0.0674, -0.8386 -0.0495 0.0691, -0.8386 -0.0488 0.0709, -0.8386 -0.0208 0.0709, -0.8386 -0.0209 0.0736, -0.8386 -0.0805 0.0665, -0.8386 -0.0718 0.0647, -0.8386 -0.0562 0.0647, -0.8386 -0.0583 0.0807, -0.8386 -0.0702 0.0807, -0.8386 -0.0749 0.0816, -0.8386 -0.0796 0.0838, -0.8386 -0.0835 0.087, -0.8386 -0.0665 0.1219, -0.8386 0.043 0.1193, -0.8386 0.0453 0.1135, -0.8386 -0.0686 0.1219, -0.8386 -0.0853 0.1132, -0.8386 -0.0823 0.1166, -0.8386 -0.0782 0.1195, -0.8386 -0.0736 0.1212, -0.8386 -0.0608 0.1377, -0.8386 -0.0549 0.1448, -0.8386 0.0057 0.1295, -0.8386 -0.0542 0.1454, -0.8386 -0.0468 0.1505, -0.8386 0.0017 0.1378, -0.8386 0.0403 0.1233, -0.8386 0.0076 0.1305, -0.8386 -0.0662 0.1233, -0.8386 -0.0649 0.1292, -0.8386 0.0135 0.1327, -0.8386 0.0197 0.1334, -0.8386 0.0224 0.1333, -0.8386 -0.0042 0.1449, -0.8386 -0.0385 0.1537, -0.8386 -0.0113 0.1501, -0.8386 -0.0296 0.1548, -0.8386 -0.0199 0.1535, -0.8386 0.0289 0.1318, -0.8386 0.0348 0.1286, -0.8386 0.0393 0.1246, -0.8386 -0.0974 0.1233, -0.8386 -0.1011 0.1182, -0.8386 -0.1034 0.1124, -0.8386 -0.2585 0.069, -0.8386 -0.2585 0.0648, -0.8386 -0.262 0.0645, -0.8386 -0.262 0.1124, -0.8386 -0.2576 0.1019, -0.8386 -0.2576 0.0976, -0.8386 -0.2433 0.0815, -0.8386 -0.2433 0.069, -0.8386 -0.2502 0.0815, -0.8386 -0.2502 0.069, -0.8386 -0.2566 0.0815, -0.8386 -0.2566 0.0857, -0.8386 -0.2433 0.0976, -0.8386 -0.2433 0.0857, -0.8386 -0.2502 0.0976, -0.8386 -0.2502 0.0857, -0.8386 -0.2502 0.0645, -0.8386 -0.2502 0.0648, -0.8386 -0.2385 0.0648, -0.8386 -0.2202 0.0714, -0.8386 -0.2208 0.0692, -0.8386 -0.2209 0.0692, -0.8386 -0.2335 0.0913, -0.8386 -0.2155 0.1124, -0.8386 -0.2287 0.0913, -0.8386 -0.2155 0.0848, -0.8386 -0.2215 0.0713, -0.8386 -0.2211 0.0701, -0.8386 -0.1878 0.0705, -0.8386 -0.1831 0.1124, -0.8386 -0.1831 0.0645, -0.8386 -0.1896 0.0694, -0.8386 -0.19 0.0693, -0.8386 -0.19 0.0791, -0.8386 -0.1891 0.0799, -0.8386 -0.1885 0.0809, -0.8386 -0.188 0.0823, -0.8386 -0.1878 0.0841, -0.8386 -0.188 0.0858, -0.8386 -0.1899 0.0791, -0.8386 -0.1923 0.0645, -0.8386 -0.1907 0.0647, -0.8386 -0.19 0.0645, -0.8386 -0.19 0.0649, -0.8386 -0.1878 0.0657, -0.8386 -0.2044 0.0907, -0.8386 -0.2044 0.0862, -0.8386 -0.1908 0.0898, -0.8386 -0.1923 0.0906, -0.8386 -0.19 0.1124, -0.8386 -0.2055 0.0701, -0.8386 -0.2049 0.0687, -0.8386 -0.204 0.0674, -0.8386 -0.1886 0.0873, -0.8386 -0.1894 0.0885, -0.8386 -0.19 0.089, -0.8386 -0.1948 0.0915, -0.8386 -0.1981 0.0919, -0.8386 -0.2069 0.1124, -0.8386 -0.2014 0.0916, -0.8386 -0.2041 0.0764, -0.8386 -0.205 0.0751, -0.8386 -0.2055 0.0737, -0.8386 -0.2057 0.072, -0.8386 -0.2027 0.0663, -0.8386 -0.2011 0.0654, -0.8386 -0.1977 0.0881, -0.8386 -0.1963 0.088, -0.8386 -0.1926 0.0845, -0.8386 -0.1951 0.0877, -0.8386 -0.194 0.0871, -0.8386 -0.1927 0.0839, -0.8386 -0.1928 0.0832, -0.8386 -0.1932 0.0826, -0.8386 -0.1936 0.0821, -0.8386 -0.1953 0.081, -0.8386 -0.2007 0.0878, -0.8386 -0.1981 0.0798, -0.8386 -0.2033 0.0868, -0.8386 -0.1999 0.0791, -0.8386 -0.203 0.0774, -0.8386 -0.1933 0.0865, -0.8386 -0.1929 0.0859, -0.8386 -0.1927 0.0853, -0.8386 -0.1925 0.0683, -0.8386 -0.1949 0.0764, -0.8386 -0.1921 0.0777, -0.8386 -0.1954 0.068, -0.8386 -0.1956 0.068, -0.8386 -0.1979 0.0751, -0.8386 -0.198 0.0682, -0.8386 -0.2009 0.0715, -0.8386 -0.2009 0.0721, -0.8386 -0.1992 0.0687, -0.8386 -0.1996 0.0689, -0.8386 -0.2002 0.0694, -0.8386 -0.2006 0.07, -0.8386 -0.2008 0.0706, -0.8386 -0.2007 0.0728, -0.8386 -0.2003 0.0735, -0.8386 -0.1997 0.0741, -0.8386 -0.2967 0.1233, -0.8386 -0.2846 0.1236, -0.8386 -0.2793 0.1236, -0.8386 -0.2756 0.1337, -0.8386 -0.262 0.1337, -0.8386 -0.262 0.1233, -0.8386 -0.2705 0.1607, -0.8386 -0.2967 0.161, -0.8386 -0.262 0.161, -0.8386 -0.2601 0.1337, -0.8386 -0.2566 0.1236, -0.8386 -0.2502 0.1233, -0.8386 -0.2513 0.1236, -0.8386 -0.2502 0.161, -0.8386 -0.262 0.1516, -0.8386 -0.2654 0.1607, -0.8386 -0.2069 0.161, -0.8386 -0.2069 0.1607, -0.8386 -0.2112 0.1607, -0.8386 -0.2155 0.161, -0.8386 -0.2112 0.1564, -0.8386 -0.2155 0.1233, -0.8386 -0.2101 0.1403, -0.8386 -0.2101 0.1445, -0.8386 -0.2069 0.1445, -0.8386 -0.2069 0.1564, -0.8386 -0.1969 0.1445, -0.8386 -0.1969 0.1564, -0.8386 -0.1921 0.1236, -0.8386 -0.19 0.1233, -0.8386 -0.2069 0.1233, -0.8386 -0.1969 0.1403, -0.8386 -0.1969 0.1278, -0.8386 -0.2069 0.1403, -0.8386 -0.2069 0.1278, -0.8386 -0.212 0.1278, -0.8386 -0.212 0.1236, -0.8386 -0.2069 0.1236, -0.8386 -0.1921 0.1607, -0.8386 -0.19 0.161, -0.8386 -0.1759 0.157, -0.8386 -0.1742 0.1569, -0.8386 -0.1831 0.129, -0.8386 -0.1805 0.1564, -0.8386 -0.1847 0.1548, -0.8386 -0.1847 0.1297, -0.8386 -0.1843 0.155, -0.8386 -0.1831 0.1554, -0.8386 -0.171 0.1562, -0.8386 -0.1682 0.1548, -0.8386 -0.1658 0.1529, -0.8386 -0.1656 0.1526, -0.8386 -0.1638 0.15, -0.8386 -0.1626 0.1468, -0.8386 -0.1619 0.1417, -0.8386 -0.162 0.1401, -0.8386 -0.181 0.1281, -0.8386 -0.1768 0.1273, -0.8386 -0.1751 0.1272, -0.8386 -0.1626 0.1364, -0.8386 -0.1639 0.1335, -0.8386 -0.1656 0.1311, -0.8386 -0.1666 0.1302, -0.8386 -0.1718 0.1276, -0.8386 -0.1691 0.1285, -0.8386 -0.1799 0.161, -0.8386 -0.1807 0.1609, -0.8386 -0.1831 0.161, -0.8386 -0.1831 0.1602, -0.8386 -0.1847 0.1598, -0.8386 -0.1759 0.1613, -0.8386 -0.1831 0.3976, -0.8386 -0.1733 0.161, -0.8386 -0.1586 0.3976, -0.8386 -0.1586 0.161, -0.8386 -0.1596 0.1523, -0.8386 -0.1623 0.1558, -0.8386 -0.1632 0.1567, -0.8386 -0.1667 0.1591, -0.8386 -0.1705 0.1606, -0.8386 -0.1564 0.161, -0.8386 -0.1578 0.1482, -0.8386 -0.1586 0.15, -0.8386 -0.1576 0.1354, -0.8386 -0.1564 0.1233, -0.8386 -0.1569 0.1414, -0.8386 -0.157 0.1434, -0.8386 -0.1676 0.1241, -0.8386 -0.1642 0.1259, -0.8386 -0.1617 0.128, -0.8386 -0.1614 0.1284, -0.8386 -0.171 0.1233, -0.8386 -0.1586 0.1124, -0.8386 -0.1715 0.1231, -0.8386 -0.1744 0.123, -0.8386 -0.1777 0.1233, -0.8386 -0.1847 0.1251, -0.8386 -0.184 0.1248, -0.8386 -0.1831 0.1233, -0.8386 -0.1831 0.1245, -0.8386 -0.1801 0.1235, -0.8386 -0.1622 0.0775, -0.8386 -0.1628 0.0849, -0.8386 -0.1612 0.0761, -0.8386 -0.1606 0.0745, -0.8386 -0.1586 0.0645, -0.8386 -0.161 0.0682, -0.8386 -0.1605 0.0698, -0.8386 -0.1748 0.0916, -0.8386 -0.1767 0.091, -0.8386 -0.1636 0.0787, -0.8386 -0.1656 0.0797, -0.8386 -0.1656 0.0867, -0.8386 -0.169 0.0805, -0.8386 -0.1731 0.0879, -0.8386 -0.1715 0.0881, -0.8386 -0.1685 0.0878, -0.8386 -0.1641 0.0652, -0.8386 -0.1625 0.0662, -0.8386 -0.162 0.0668, -0.8386 -0.1783 0.0901, -0.8386 -0.1795 0.0889, -0.8386 -0.1804 0.0874, -0.8386 -0.1769 0.0689, -0.8386 -0.1767 0.0689, -0.8386 -0.1769 0.0648, -0.8386 -0.176 0.0677, -0.8386 -0.1745 0.0662, -0.8386 -0.1628 0.0894, -0.8386 -0.1638 0.09, -0.8386 -0.1673 0.0913, -0.8386 -0.1719 0.0919, -0.8386 -0.1602 0.0719, -0.8386 -0.1603 0.0725, -0.8386 -0.1769 0.0816, -0.8386 -0.1767 0.0837, -0.8386 -0.1762 0.0853, -0.8386 -0.1757 0.0863, -0.8386 -0.1812 0.0853, -0.8386 -0.1815 0.0818, -0.8386 -0.1815 0.0648, -0.8386 -0.175 0.087, -0.8386 -0.1742 0.0876, -0.8386 -0.1712 0.0645, -0.8386 -0.171 0.0644, -0.8386 -0.1831 0.0498, -0.8386 -0.1586 0.0498, -0.8386 -0.1686 0.0642, -0.8386 -0.1659 0.0645, -0.8386 -0.1659 0.0645, -0.8386 -0.2155 0.0645, -0.8386 -0.2155 0.0724, -0.8386 -0.2081 0.0913, -0.8386 -0.2133 0.0913, -0.8386 -0.2185 0.0648, -0.8386 -0.2183 0.0645, -0.8386 -0.2164 0.06, -0.8386 -0.2069 0.0498, -0.8386 -0.2091 0.0527, -0.8386 -0.2091 0.0568, -0.8386 -0.2147 0.0574, -0.8386 -0.2155 0.0583, -0.8386 -0.2155 0.0584, -0.8386 -0.195 0.0642, -0.8386 -0.19 0.0498, -0.8386 -0.21 0.0565, -0.8386 -0.2117 0.0563, -0.8386 -0.2155 0.0531, -0.8386 -0.2139 0.0525, -0.8386 -0.2155 0.0498, -0.8386 -0.2121 0.0523, -0.8386 -0.211 0.0524, -0.8386 -0.2129 0.0564, -0.8386 -0.2139 0.0568, -0.8386 -0.2215 0.0608, -0.8386 -0.2194 0.0567, -0.8386 -0.2502 0.0498, -0.8386 -0.223 0.0645, -0.8386 -0.2177 0.0547, -0.8386 -0.2174 0.0544, -0.8386 -0.2158 0.0532, -0.8386 -0.262 0.0498, -0.8386 -0.2502 0.0039, -0.8386 -0.2155 0.0039, -0.8386 -0.2069 0.0039, -0.8386 -0.19 0.0039, -0.8386 -0.1831 0.0039, -0.8386 -0.1586 0.0039, -0.8386 -0.1729 0.0651, -0.8386 -0.3506 0.0645, -0.8386 -0.2967 0.0645, -0.8386 -0.1359 0.1019, -0.8386 -0.1359 0.0648, -0.8386 -0.1564 0.0645, -0.8386 -0.1564 0.0498, -0.8386 -0.1564 0.0039, -0.8386 -0.155 0.1019, -0.8386 -0.1564 0.1124, -0.8386 -0.155 0.0976, -0.8386 -0.1558 0.069, -0.8386 -0.1558 0.0648, -0.8386 -0.1406 0.0815, -0.8386 -0.1406 0.069, -0.8386 -0.1539 0.0815, -0.8386 -0.1539 0.0857, -0.8386 -0.1406 0.0857, -0.8386 -0.1406 0.0976, -0.8386 -0.2655 0.0648, -0.8386 -0.2946 0.0771, -0.8386 -0.2928 0.0733, -0.8386 -0.29 0.07, -0.8386 -0.2937 0.0924, -0.8386 -0.295 0.0889, -0.8386 -0.2967 0.1124, -0.8386 -0.2956 0.0838, -0.8386 -0.2955 0.0814, -0.8386 -0.2862 0.0672, -0.8386 -0.2819 0.0655, -0.8386 -0.2757 0.0648, -0.8386 -0.2655 0.1019, -0.8386 -0.276 0.1019, -0.8386 -0.2817 0.1012, -0.8386 -0.2862 0.0996, -0.8386 -0.29 0.0969, -0.8386 -0.2914 0.0957, -0.8386 -0.322 0.0749, -0.8386 -0.3065 0.0749, -0.8386 -0.3258 0.0648, -0.8386 -0.303 0.0648, -0.8386 -0.331 0.0648, -0.8386 -0.2977 0.0648, -0.8386 -0.3118 0.1019, -0.8386 -0.3169 0.1019, -0.8386 -0.1359 0.1236, -0.8386 -0.1359 0.1607, -0.8386 -0.1554 0.1236, -0.8386 -0.2472 0.1512, -0.8386 -0.2486 0.1477, -0.8386 -0.2492 0.1426, -0.8386 -0.2491 0.1402, -0.8386 -0.2482 0.1359, -0.8386 -0.2464 0.1321, -0.8386 -0.2436 0.1288, -0.8386 -0.2397 0.126, -0.8386 -0.2296 0.1607, -0.8386 -0.2353 0.16, -0.8386 -0.2397 0.1584, -0.8386 -0.2355 0.1244, -0.8386 -0.2292 0.1236, -0.8386 -0.219 0.1236, -0.8386 -0.219 0.1607, -0.8386 -0.2436 0.1558, -0.8386 -0.2449 0.1545, -0.8386 -0.3506 0.1124, -0.8386 -0.3506 0.1233, -0.8386 -0.3506 0.161, -0.8386 -0.3701 0.0645, -0.8386 -0.3701 0.1124, -0.8386 -0.3701 0.1233, -0.8386 -0.3701 0.161, -0.8386 -0.1564 0.3976, -0.8386 -0.3701 0.3976, -0.8386 -0.3506 0.3976, -0.8386 -0.2967 0.3976, -0.8386 -0.262 0.3976, -0.8386 -0.2502 0.3976, -0.8386 -0.2155 0.3976, -0.8386 -0.2069 0.3976, -0.8386 -0.19 0.3976, -0.687 0.3583 0.0335, -0.7598 0.3583 0.0335, -0.687 0.3583 0.2795, -0.7598 0.3583 0.2795
            ]
        }
        coordIndex [
            0,1,2,-1,3,4,5,-1,6,3,7,-1,8,6,9,-1,10,11,12,-1,13,14,15,-1,16,17,18,-1,19,20,21,-1,22,23,24,-1,24,23,25,-1,26,27,24,-1,24,27,28,-1,24,28,22,-1,29,30,31,-1,31,30,32,-1,33,34,24,-1,24,34,35,-1,24,35,26,-1,36,29,37,-1,37,29,38,-1,38,29,39,-1,39,29,31,-1,39,31,40,-1,31,19,40,-1,40,19,21,-1,40,21,41,-1,21,42,41,-1,41,42,43,-1,41,43,44,-1,44,43,45,-1,44,45,46,-1,47,48,21,-1,21,48,49,-1,21,49,42,-1,50,51,52,-1,52,53,50,-1,50,53,54,-1,50,54,21,-1,21,54,55,-1,21,55,47,-1,56,57,58,-1,58,57,59,-1,58,59,60,-1,60,61,58,-1,58,61,62,-1,58,62,51,-1,51,62,63,-1,51,63,52,-1,64,65,58,-1,58,65,66,-1,67,56,68,-1,68,56,58,-1,68,58,69,-1,69,58,66,-1,70,71,72,-1,73,74,75,-1,75,74,76,-1,76,77,75,-1,75,77,78,-1,75,78,79,-1,79,78,80,-1,79,80,72,-1,72,80,64,-1,72,64,70,-1,70,64,58,-1,81,82,73,-1,73,82,83,-1,73,83,84,-1,84,85,73,-1,73,85,86,-1,73,86,74,-1,87,88,89,-1,90,91,92,-1,93,94,81,-1,95,96,97,-1,97,96,98,-1,90,92,99,-1,93,81,100,-1,101,102,96,-1,96,102,103,-1,96,103,104,-1,89,88,81,-1,81,88,105,-1,81,105,100,-1,91,106,92,-1,92,106,107,-1,92,107,108,-1,109,110,111,-1,111,110,112,-1,111,112,113,-1,114,104,115,-1,115,104,116,-1,115,116,111,-1,111,116,117,-1,111,117,109,-1,114,118,104,-1,104,118,119,-1,104,119,96,-1,96,119,120,-1,96,120,98,-1,121,122,123,-1,123,122,124,-1,123,124,92,-1,92,124,125,-1,92,125,99,-1,126,127,92,-1,92,127,128,-1,92,128,96,-1,96,128,129,-1,96,129,101,-1,130,131,82,-1,82,131,132,-1,82,132,133,-1,133,134,82,-1,82,134,135,-1,82,135,136,-1,136,135,121,-1,136,121,137,-1,137,121,123,-1,94,138,81,-1,81,138,139,-1,81,139,82,-1,82,139,140,-1,82,140,130,-1,108,141,92,-1,92,141,142,-1,92,142,143,-1,143,144,92,-1,92,144,145,-1,92,145,126,-1,146,147,148,-1,148,104,146,-1,146,104,103,-1,146,103,149,-1,149,103,150,-1,150,151,149,-1,149,151,152,-1,149,152,153,-1,154,155,156,-1,155,157,156,-1,156,157,158,-1,156,158,159,-1,160,156,161,-1,147,146,160,-1,160,146,162,-1,160,162,156,-1,156,162,163,-1,156,163,154,-1,161,164,160,-1,160,164,165,-1,160,165,166,-1,159,158,167,-1,167,158,168,-1,167,168,169,-1,169,168,170,-1,169,170,171,-1,172,173,166,-1,166,173,174,-1,166,174,160,-1,23,175,25,-1,25,175,176,-1,25,176,89,-1,89,176,177,-1,89,177,87,-1,178,179,180,-1,18,17,181,-1,181,17,182,-1,181,182,183,-1,184,185,186,-1,186,185,187,-1,186,187,188,-1,188,187,178,-1,188,178,189,-1,190,191,192,-1,192,191,193,-1,192,193,183,-1,180,179,194,-1,194,179,195,-1,194,195,196,-1,197,198,199,-1,200,201,202,-1,202,201,203,-1,202,203,204,-1,204,203,197,-1,204,197,205,-1,205,197,199,-1,206,207,208,-1,209,210,211,-1,212,213,206,-1,213,214,206,-1,206,214,215,-1,206,215,207,-1,207,215,216,-1,209,211,206,-1,206,211,217,-1,206,217,212,-1,218,219,220,-1,220,219,221,-1,220,221,208,-1,208,221,222,-1,208,222,206,-1,223,224,15,-1,225,226,227,-1,228,229,15,-1,15,229,230,-1,216,231,207,-1,207,231,232,-1,207,232,227,-1,227,232,233,-1,227,233,225,-1,226,234,227,-1,227,234,235,-1,227,235,236,-1,236,235,237,-1,236,237,223,-1,238,239,224,-1,224,239,240,-1,224,240,15,-1,15,240,241,-1,15,241,228,-1,230,242,15,-1,15,242,243,-1,15,243,13,-1,244,245,246,-1,246,245,247,-1,246,247,248,-1,246,249,244,-1,244,249,250,-1,244,250,251,-1,251,252,244,-1,244,252,253,-1,244,253,254,-1,254,253,255,-1,254,255,256,-1,256,255,257,-1,256,257,224,-1,224,257,258,-1,224,258,238,-1,259,260,248,-1,248,260,261,-1,248,261,246,-1,262,263,210,-1,210,263,264,-1,210,264,211,-1,262,265,263,-1,263,265,266,-1,263,266,267,-1,267,266,268,-1,267,269,270,-1,268,271,267,-1,267,271,272,-1,267,272,273,-1,273,274,267,-1,267,274,275,-1,267,275,269,-1,270,276,267,-1,267,276,277,-1,267,277,278,-1,279,280,281,-1,282,283,281,-1,281,283,284,-1,281,284,279,-1,280,279,285,-1,285,279,286,-1,285,286,287,-1,283,288,284,-1,284,288,289,-1,284,289,290,-1,290,289,291,-1,290,291,292,-1,292,291,293,-1,292,293,287,-1,287,293,294,-1,287,294,285,-1,295,296,297,-1,295,297,298,-1,298,297,299,-1,298,299,300,-1,301,300,302,-1,302,300,299,-1,302,299,303,-1,303,299,304,-1,303,304,305,-1,305,304,306,-1,307,308,309,-1,310,311,312,-1,312,311,313,-1,312,313,301,-1,301,313,314,-1,301,314,300,-1,300,314,315,-1,300,315,309,-1,309,315,316,-1,309,316,307,-1,296,295,317,-1,317,295,318,-1,317,318,307,-1,319,320,321,-1,319,321,322,-1,307,318,308,-1,308,318,323,-1,308,323,324,-1,324,323,325,-1,324,325,321,-1,321,325,326,-1,321,326,322,-1,320,327,321,-1,321,327,328,-1,321,328,329,-1,329,330,321,-1,321,330,331,-1,321,331,332,-1,332,333,321,-1,321,333,334,-1,321,334,335,-1,335,334,336,-1,336,334,337,-1,337,334,338,-1,337,338,339,-1,339,340,337,-1,337,340,341,-1,337,341,342,-1,342,341,343,-1,344,345,346,-1,346,345,347,-1,346,347,318,-1,318,347,348,-1,318,348,323,-1,349,350,351,-1,351,350,352,-1,353,354,355,-1,355,356,353,-1,353,356,357,-1,353,357,358,-1,359,360,353,-1,353,360,361,-1,353,361,354,-1,11,362,363,-1,363,362,364,-1,363,364,359,-1,359,364,365,-1,359,365,360,-1,12,366,367,-1,367,368,12,-1,12,368,369,-1,12,369,10,-1,366,12,370,-1,370,12,371,-1,370,371,372,-1,372,371,373,-1,373,371,207,-1,373,207,374,-1,324,375,308,-1,308,375,376,-1,308,376,377,-1,377,376,378,-1,377,378,379,-1,380,381,382,-1,382,381,383,-1,384,385,386,-1,387,388,207,-1,380,389,381,-1,381,389,390,-1,381,390,391,-1,391,390,392,-1,393,394,392,-1,392,394,395,-1,392,395,391,-1,396,397,384,-1,384,397,398,-1,384,398,385,-1,388,399,207,-1,207,399,400,-1,207,400,401,-1,402,403,404,-1,404,403,405,-1,404,405,406,-1,407,408,371,-1,371,408,409,-1,371,409,207,-1,207,409,410,-1,207,410,387,-1,386,411,384,-1,384,411,412,-1,384,412,371,-1,371,412,383,-1,371,383,407,-1,407,383,381,-1,413,414,392,-1,392,414,415,-1,392,415,416,-1,401,417,207,-1,207,417,418,-1,207,418,208,-1,208,418,419,-1,208,419,404,-1,416,420,392,-1,392,420,421,-1,392,421,393,-1,422,423,424,-1,424,423,425,-1,423,426,425,-1,425,426,427,-1,425,427,384,-1,384,427,428,-1,384,428,396,-1,429,430,15,-1,15,430,431,-1,223,15,236,-1,236,15,431,-1,236,431,201,-1,201,431,432,-1,201,432,203,-1,433,430,434,-1,434,430,429,-1,434,429,435,-1,436,437,438,-1,439,440,429,-1,429,440,441,-1,429,441,435,-1,442,443,14,-1,14,443,436,-1,14,436,15,-1,15,436,438,-1,15,438,429,-1,429,438,444,-1,429,444,445,-1,446,447,448,-1,448,447,449,-1,448,449,436,-1,436,449,450,-1,436,450,437,-1,445,451,429,-1,429,451,452,-1,429,452,439,-1,453,454,455,-1,453,455,456,-1,454,457,455,-1,455,457,458,-1,455,458,448,-1,448,458,459,-1,448,459,446,-1,8,460,461,-1,461,460,455,-1,461,455,462,-1,462,455,448,-1,462,448,463,-1,463,448,436,-1,463,436,464,-1,464,436,443,-1,464,443,465,-1,465,443,424,-1,465,424,466,-1,466,424,425,-1,442,218,443,-1,443,218,220,-1,443,220,424,-1,424,220,208,-1,424,208,422,-1,422,208,404,-1,422,404,467,-1,467,404,406,-1,460,180,455,-1,455,180,194,-1,455,194,456,-1,456,194,196,-1,456,196,200,-1,200,196,16,-1,200,16,201,-1,201,16,18,-1,6,7,9,-1,9,7,468,-1,9,468,469,-1,470,89,471,-1,471,89,81,-1,471,81,472,-1,472,81,73,-1,472,73,473,-1,473,73,75,-1,473,75,474,-1,470,475,476,-1,475,477,476,-1,476,477,478,-1,476,478,472,-1,472,478,479,-1,472,479,471,-1,480,481,482,-1,482,481,478,-1,482,478,483,-1,483,478,477,-1,483,477,484,-1,484,477,485,-1,193,189,183,-1,183,189,178,-1,183,178,181,-1,181,178,180,-1,181,180,486,-1,487,488,469,-1,469,488,489,-1,490,491,492,-1,492,491,493,-1,492,493,469,-1,469,493,494,-1,469,494,487,-1,489,495,469,-1,469,495,496,-1,469,496,497,-1,8,9,460,-1,460,9,469,-1,460,469,180,-1,180,469,497,-1,180,497,486,-1,486,498,181,-1,181,498,499,-1,181,499,492,-1,492,499,500,-1,492,500,501,-1,501,502,492,-1,492,502,503,-1,492,503,490,-1,504,505,506,-1,506,505,507,-1,508,506,468,-1,468,506,507,-1,468,507,469,-1,469,507,509,-1,469,509,492,-1,492,509,510,-1,492,510,511,-1,11,363,12,-1,12,363,476,-1,12,476,371,-1,371,476,472,-1,371,472,384,-1,384,472,473,-1,384,473,425,-1,425,473,474,-1,425,474,466,-1,492,279,181,-1,181,279,284,-1,181,284,18,-1,18,284,290,-1,18,290,201,-1,201,290,300,-1,201,300,236,-1,236,300,309,-1,236,309,227,-1,227,309,308,-1,227,308,207,-1,207,308,377,-1,207,377,374,-1,374,377,379,-1,470,476,89,-1,89,476,363,-1,89,363,25,-1,25,363,512,-1,25,512,24,-1,512,513,24,-1,24,513,0,-1,24,0,359,-1,359,0,2,-1,359,2,363,-1,363,2,514,-1,363,514,512,-1,515,516,292,-1,292,516,517,-1,292,517,290,-1,290,517,518,-1,290,518,519,-1,519,520,290,-1,290,520,521,-1,290,521,522,-1,298,523,292,-1,292,523,524,-1,292,524,525,-1,522,526,290,-1,290,526,527,-1,290,527,300,-1,300,527,528,-1,300,528,298,-1,298,528,529,-1,298,529,523,-1,525,530,292,-1,292,530,531,-1,292,531,515,-1,508,468,511,-1,511,468,532,-1,511,532,492,-1,492,532,533,-1,492,533,279,-1,279,533,534,-1,279,534,286,-1,3,5,7,-1,7,5,535,-1,7,535,468,-1,468,535,536,-1,468,536,532,-1,532,536,537,-1,532,537,533,-1,533,537,538,-1,533,538,534,-1,358,351,353,-1,353,351,352,-1,353,352,359,-1,359,352,539,-1,359,539,24,-1,24,539,29,-1,24,29,33,-1,33,29,36,-1,538,540,534,-1,534,540,541,-1,534,541,286,-1,286,541,542,-1,286,542,287,-1,287,542,543,-1,287,543,292,-1,292,543,544,-1,292,544,298,-1,298,544,545,-1,298,545,295,-1,295,545,546,-1,295,546,318,-1,318,546,547,-1,318,547,346,-1,346,547,350,-1,346,350,344,-1,344,350,349,-1,548,549,550,-1,550,549,551,-1,
        ]
    }
}
Shape{
    appearance Appearance {
        material  Material {
            diffuseColor 0.25098039215686274 0.25098039215686274 0.25098039215686274
            specularColor 0.12549019607843137 0.12549019607843137 0.12549019607843137
            ambientIntensity 0.251
            transparency 0.0
            shininess 0.5
        }
    }
    geometry IndexedFaceSet {
        ccw TRUE
        solid FALSE
        coord DEF co Coordinate {
            point [
                0.7638 0.3583 0.2795, 0.7638 0.3583 0.0335, 0.6909 0.3583 0.2795, 0.6909 0.3583 0.0335
            ]
        }
        coordIndex [
            0,1,2,-1,2,1,3,-1,
        ]
    }
}
Shape{
    appearance Appearance {
        material  Material {
            diffuseColor 1.0 1.0 1.0
            specularColor 0.5019607843137255 0.5019607843137255 0.5019607843137255
            ambientIntensity 1.0
            transparency 0.0
            shininess 0.5
        }
    }
    geometry IndexedFaceSet {
        ccw TRUE
        solid FALSE
        coord DEF co Coordinate {
            point [
                -0.4232 0.7402 0.0827, -0.6083 0.7402 0.0827, -0.4232 -0.0472 0.0827, -0.6083 -0.0472 0.0827, -0.3602 -0.0472 0.0827, -0.2264 -0.0472 0.0827, -0.3602 0.7402 0.0827, -0.2264 0.7402 0.0827, -0.1634 -0.0472 0.0827, -0.0295 -0.0472 0.0827, -0.1634 0.7402 0.0827, -0.0295 0.7402 0.0827, 0.3642 0.7402 0.0827, 0.2303 0.7402 0.0827, 0.3642 -0.0472 0.0827, 0.2303 -0.0472 0.0827, 0.0335 -0.0472 0.0827, 0.1673 -0.0472 0.0827, 0.0335 0.7402 0.0827, 0.1673 0.7402 0.0827
            ]
        }
        coordIndex [
            0,1,2,-1,2,1,3,-1,4,5,6,-1,6,5,7,-1,8,9,10,-1,10,9,11,-1,12,13,14,-1,14,13,15,-1,16,17,18,-1,18,17,19,-1,
        ]
    }
}
Shape{
    appearance Appearance {
        material  Material {
            diffuseColor 0.10196078431372549 0.10196078431372549 0.10196078431372549
            specularColor 0.03137254901960784 0.03137254901960784 0.03137254901960784
            ambientIntensity 0.102
            transparency 0.0
            shininess 0.5
        }
    }
    geometry IndexedFaceSet {
        ccw TRUE
        solid FALSE
        coord DEF co Coordinate {
            point [
                -0.6083 0.3583 0.2992, -0.6083 0.3583 0.3976, -0.6083 0.7402 0.2992, -0.6083 0.8898 0.3976, -0.6083 0.7402 0.2355, -0.6083 0.9488 0.3386, -0.6083 0.9488 0.2726, 0.6122 0.3583 0.3976, 0.6122 0.3583 0.2992, 0.6122 0.8898 0.3976, 0.6122 0.7402 0.2992, 0.6122 0.9488 0.3386, 0.6122 0.7402 0.2355, 0.6122 0.9488 0.2726
            ]
        }
        coordIndex [
            0,1,2,-1,2,1,3,-1,2,3,4,-1,4,3,5,-1,4,5,6,-1,7,8,9,-1,9,8,10,-1,9,10,11,-1,11,10,12,-1,11,12,13,-1,
        ]
    }
}
Shape{
    appearance Appearance {
        material  Material {
            diffuseColor 1.0 1.0 1.0
            specularColor 0.5019607843137255 0.5019607843137255 0.5019607843137255
            ambientIntensity 1.0
            transparency 0.0
            shininess 0.5
        }
    }
    geometry IndexedFaceSet {
        ccw TRUE
        solid FALSE
        coord DEF co Coordinate {
            point [
                -0.7795 0.1417 0.3976, -0.7795 0.3583 0.3976, -0.8386 0.3583 0.3976, -0.2343 -0.2913 0.3976, -0.1555 -0.2913 0.3976, 0.7835 0.1417 0.3976, -0.0374 -0.2913 0.3976, 0.0413 -0.2913 0.3976, -0.0374 -0.3504 0.3976, -0.0571 -0.3701 0.3976, -0.1358 -0.3701 0.3976, -0.1555 -0.3504 0.3976, 0.1398 -0.3701 0.3976, 0.1594 -0.3504 0.3976, 0.061 -0.3701 0.3976, 0.1594 -0.2913 0.3976, 0.0413 -0.3504 0.3976, 0.3563 -0.2913 0.3976, 0.435 -0.2913 0.3976, -0.8386 -0.1207 0.3976, -0.8386 -0.1564 0.3976, -0.4311 -0.2913 0.3976, 0.3366 -0.3701 0.3976, 0.3563 -0.3504 0.3976, 0.2579 -0.3701 0.3976, -0.8386 -0.1586 0.3976, -0.8386 -0.1831 0.3976, -0.8386 -0.19 0.3976, -0.8386 -0.2069 0.3976, -0.8386 -0.2155 0.3976, -0.8386 -0.2502 0.3976, -0.3524 -0.3504 0.3976, -0.3327 -0.3701 0.3976, -0.3524 -0.2913 0.3976, -0.2539 -0.3701 0.3976, -0.2343 -0.3504 0.3976, -0.8386 -0.3701 0.3976, -0.4508 -0.3701 0.3976, -0.8386 -0.3506 0.3976, -0.4311 -0.3504 0.3976, -0.8386 -0.2967 0.3976, -0.8386 -0.262 0.3976, 0.2382 -0.2913 0.3976, 0.2382 -0.3504 0.3976, 0.435 -0.3504 0.3976, 0.4547 -0.3701 0.3976, 0.8425 -0.3701 0.3976, 0.8425 0.3583 0.3976, 0.7835 0.3583 0.3976, -0.8386 0.3583 0.2992, -0.7795 0.3583 0.2992
            ]
        }
        coordIndex [
            0,1,2,-1,3,4,5,-1,5,4,6,-1,5,6,7,-1,8,6,9,-1,9,6,4,-1,9,4,10,-1,10,4,11,-1,12,13,14,-1,14,13,15,-1,14,15,16,-1,16,15,7,-1,17,18,5,-1,19,20,21,-1,22,23,24,-1,24,23,17,-1,20,25,21,-1,21,25,26,-1,21,26,27,-1,27,28,21,-1,21,28,29,-1,21,29,30,-1,31,32,33,-1,33,32,34,-1,2,19,0,-1,0,19,21,-1,0,21,5,-1,5,21,33,-1,5,33,3,-1,3,33,34,-1,3,34,35,-1,36,37,38,-1,38,37,39,-1,38,39,40,-1,40,39,21,-1,40,21,41,-1,41,21,30,-1,7,15,5,-1,5,15,42,-1,5,42,17,-1,17,42,43,-1,17,43,24,-1,44,45,18,-1,18,45,46,-1,18,46,5,-1,5,46,47,-1,5,47,48,-1,2,1,49,-1,49,1,50,-1,
        ]
    }
}
Shape{
    appearance Appearance {
        material  Material {
            diffuseColor 0.25098039215686274 0.25098039215686274 0.25098039215686274
            specularColor 0.12549019607843137 0.12549019607843137 0.12549019607843137
            ambientIntensity 0.251
            transparency 0.0
            shininess 0.5
        }
    }
    geometry IndexedFaceSet {
        ccw TRUE
        solid FALSE
        coord DEF co Coordinate {
            point [
                0.7835 0.3583 0.3976, 0.8425 0.3583 0.3976, 0.7835 0.3583 0.2992, 0.8425 0.3583 0.2992, -0.2224 0.4173 0.3976, -0.1673 0.4173 0.3976, 0.6122 0.8898 0.3976, 0.0295 0.4173 0.3976, 0.0295 0.2598 0.3976, 0.1713 0.2598 0.3976, -0.3642 0.4173 0.3976, -0.3642 0.2598 0.3976, -0.2224 0.2598 0.3976, 0.1713 0.4173 0.3976, 0.2264 0.4173 0.3976, -0.4193 0.4173 0.3976, -0.6083 0.8898 0.3976, -0.4193 0.2598 0.3976, -0.6083 0.3583 0.3976, -0.7205 0.2598 0.3976, -0.7205 0.3583 0.3976, -0.0256 0.4173 0.3976, -0.0256 0.2598 0.3976, -0.1673 0.2598 0.3976, 0.2264 0.2598 0.3976, 0.3681 0.2598 0.3976, 0.3681 0.4173 0.3976, 0.4232 0.4173 0.3976, 0.6122 0.3583 0.3976, 0.4232 0.2598 0.3976, 0.7244 0.3583 0.3976, 0.7244 0.2598 0.3976
            ]
        }
        coordIndex [
            0,1,2,-1,2,1,3,-1,4,5,6,-1,7,8,9,-1,10,11,12,-1,13,14,6,-1,12,4,10,-1,10,4,6,-1,10,6,15,-1,15,6,16,-1,15,16,17,-1,17,16,18,-1,17,18,19,-1,19,18,20,-1,9,13,7,-1,7,13,6,-1,7,6,21,-1,21,6,5,-1,21,5,22,-1,22,5,23,-1,24,25,14,-1,14,25,26,-1,14,26,6,-1,6,26,27,-1,6,27,28,-1,28,27,29,-1,28,29,30,-1,30,29,31,-1,
        ]
    }
}
Shape{
    appearance Appearance {
        material  Material {
            diffuseColor 1.0 1.0 1.0
            specularColor 0.5019607843137255 0.5019607843137255 0.5019607843137255
            ambientIntensity 1.0
            transparency 0.0
            shininess 0.5
        }
    }
    geometry IndexedFaceSet {
        ccw TRUE
        solid FALSE
        coord DEF co Coordinate {
            point [
                0.435 -0.2913 0.0039, 0.3563 -0.2913 0.0039, 0.6457 0.2677 0.0039, 0.2382 -0.2913 0.0039, -0.6417 0.7402 0.0039, 0.6457 0.7402 0.0039, 0.4547 -0.3701 0.0039, 0.435 -0.3504 0.0039, 0.8425 -0.3701 0.0039, 0.8425 0.2677 0.0039, 0.2382 -0.3504 0.0039, 0.2579 -0.3701 0.0039, 0.3366 -0.3701 0.0039, 0.3563 -0.3504 0.0039, -0.1358 -0.3701 0.0039, -0.1555 -0.3504 0.0039, -0.0571 -0.3701 0.0039, -0.1555 -0.2913 0.0039, -0.2343 -0.2913 0.0039, -0.8386 0.2677 0.0039, -0.6417 0.2677 0.0039, -0.8386 -0.262 0.0039, -0.8386 -0.2502 0.0039, -0.4311 -0.2913 0.0039, 0.061 -0.3701 0.0039, 0.0413 -0.3504 0.0039, 0.1398 -0.3701 0.0039, 0.0413 -0.2913 0.0039, 0.1594 -0.3504 0.0039, 0.1594 -0.2913 0.0039, -0.0374 -0.2913 0.0039, -0.0374 -0.3504 0.0039, -0.3327 -0.3701 0.0039, -0.3524 -0.3504 0.0039, -0.2539 -0.3701 0.0039, -0.3524 -0.2913 0.0039, -0.2343 -0.3504 0.0039, -0.8386 -0.2155 0.0039, -0.8386 -0.2069 0.0039, -0.8386 -0.19 0.0039, -0.8386 -0.1831 0.0039, -0.8386 -0.1586 0.0039, -0.8386 -0.1564 0.0039, -0.8386 -0.1207 0.0039, -0.4508 -0.3701 0.0039, -0.8386 -0.3701 0.0039, -0.4311 -0.3504 0.0039, -0.8386 -0.3506 0.0039, -0.8386 -0.2967 0.0039, 0.8425 0.5945 0.0335, 0.8425 0.5945 0.2795, 0.8425 0.2677 0.0335, 0.8425 0.2598 0.2795, 0.8425 0.3583 0.2992, 0.8425 0.3583 0.3976, 0.8425 0.2598 0.2992, 0.8425 -0.3701 0.3976, 0.7638 0.5945 0.0335, 0.7638 0.5945 0.2795
            ]
        }
        coordIndex [
            0,1,2,-1,3,4,1,-1,1,4,5,-1,1,5,2,-1,6,7,8,-1,8,7,0,-1,8,0,9,-1,9,0,2,-1,10,3,11,-1,11,3,1,-1,11,1,12,-1,12,1,13,-1,14,15,16,-1,16,15,17,-1,18,19,17,-1,17,19,20,-1,21,22,23,-1,24,25,26,-1,26,25,27,-1,26,27,28,-1,28,27,29,-1,3,29,4,-1,4,29,27,-1,4,27,20,-1,20,27,30,-1,20,30,17,-1,17,30,31,-1,17,31,16,-1,32,33,34,-1,34,33,35,-1,34,35,36,-1,22,37,23,-1,23,37,38,-1,23,38,39,-1,39,40,23,-1,23,40,41,-1,23,41,42,-1,42,43,23,-1,23,43,19,-1,23,19,35,-1,35,19,18,-1,35,18,36,-1,44,45,46,-1,46,45,47,-1,46,47,23,-1,23,47,48,-1,23,48,21,-1,49,50,51,-1,51,50,52,-1,53,54,55,-1,55,54,56,-1,55,56,52,-1,52,56,8,-1,52,8,51,-1,51,8,9,-1,57,58,49,-1,49,58,50,-1,
        ]
    }
}
Shape{
    appearance Appearance {
        material  Material {
            diffuseColor 0.10196078431372549 0.10196078431372549 0.10196078431372549
            specularColor 0.03137254901960784 0.03137254901960784 0.03137254901960784
            ambientIntensity 0.102
            transparency 0.0
            shininess 0.5
        }
    }
    geometry IndexedFaceSet {
        ccw TRUE
        solid FALSE
        coord DEF co Coordinate {
            point [
                0.7244 0.3583 0.2992, 0.7244 0.3583 0.3976, 0.7244 0.2598 0.2992, 0.7244 0.2598 0.3976, -0.7205 0.2598 0.2992, -0.7205 0.2598 0.3976, -0.7205 0.3583 0.2992, -0.7205 0.3583 0.3976
            ]
        }
        coordIndex [
            0,1,2,-1,2,1,3,-1,4,5,6,-1,6,5,7,-1,
        ]
    }
}
Shape{
    appearance Appearance {
        material  Material {
            diffuseColor 1.0 1.0 1.0
            specularColor 0.5019607843137255 0.5019607843137255 0.5019607843137255
            ambientIntensity 1.0
            transparency 0.0
            shininess 0.5
        }
    }
    geometry IndexedFaceSet {
        ccw TRUE
        solid FALSE
        coord DEF co Coordinate {
            point [
                0.7835 0.1417 0.3976, 0.7835 0.1417 0.2795, 0.4193 0.1417 0.2795, 0.372 0.1417 0.2795, 0.2224 0.1417 0.2795, 0.372 0.1417 0.3189, 0.2224 0.1417 0.3189, 0.4193 0.1417 0.3189, -0.7795 0.1417 0.3976, 0.1752 0.1417 0.3189, -0.0217 0.1417 0.3189, -0.0217 0.1417 0.2795, -0.1713 0.1417 0.2795, -0.1713 0.1417 0.3189, -0.2185 0.1417 0.3189, 0.0256 0.1417 0.3189, 0.0256 0.1417 0.2795, 0.1752 0.1417 0.2795, -0.4154 0.1417 0.2795, -0.7795 0.1417 0.2795, -0.4154 0.1417 0.3189, -0.3681 0.1417 0.3189, -0.3681 0.1417 0.2795, -0.2185 0.1417 0.2795
            ]
        }
        coordIndex [
            0,1,2,-1,3,4,5,-1,5,4,6,-1,2,7,0,-1,0,7,5,-1,0,5,8,-1,8,5,6,-1,8,6,9,-1,10,11,12,-1,13,14,8,-1,12,13,10,-1,10,13,8,-1,10,8,15,-1,15,8,9,-1,15,9,16,-1,16,9,17,-1,18,19,20,-1,20,19,8,-1,20,8,21,-1,21,8,14,-1,21,14,22,-1,22,14,23,-1,
        ]
    }
}
Shape{
    appearance Appearance {
        material  Material {
            diffuseColor 0.25098039215686274 0.25098039215686274 0.25098039215686274
            specularColor 0.12549019607843137 0.12549019607843137 0.12549019607843137
            ambientIntensity 0.251
            transparency 0.0
            shininess 0.5
        }
    }
    geometry IndexedFaceSet {
        ccw TRUE
        solid FALSE
        coord DEF co Coordinate {
            point [
                -0.2224 0.2598 0.3976, -0.3642 0.2598 0.3976, -0.2224 0.2598 0.2795, -0.3642 0.2598 0.2795, -0.1673 0.2598 0.2795, -0.0256 0.2598 0.2795, -0.1673 0.2598 0.3976, -0.0256 0.2598 0.3976, 0.0295 0.2598 0.2795, 0.1713 0.2598 0.2795, 0.0295 0.2598 0.3976, 0.1713 0.2598 0.3976, 0.2264 0.2598 0.2795, 0.3681 0.2598 0.2795, 0.2264 0.2598 0.3976, 0.3681 0.2598 0.3976, -0.687 0.2598 0.2795, -0.4193 0.2598 0.2795, -0.687 0.2598 0.2992, -0.4193 0.2598 0.3976, -0.7205 0.2598 0.2992, -0.7205 0.2598 0.3976
            ]
        }
        coordIndex [
            0,1,2,-1,2,1,3,-1,4,5,6,-1,6,5,7,-1,8,9,10,-1,10,9,11,-1,12,13,14,-1,14,13,15,-1,16,17,18,-1,18,17,19,-1,18,19,20,-1,20,19,21,-1,
        ]
    }
}
Shape{
    appearance Appearance {
        material  Material {
            diffuseColor 1.0 1.0 1.0
            specularColor 0.5019607843137255 0.5019607843137255 0.5019607843137255
            ambientIntensity 1.0
            transparency 0.0
            shininess 0.5
        }
    }
    geometry IndexedFaceSet {
        ccw TRUE
        solid FALSE
        coord DEF co Coordinate {
            point [
                0.061 -0.3701 0.3976, 0.061 -0.3701 0.0039, 0.1398 -0.3701 0.3976, 0.1398 -0.3701 0.0039, 0.3366 -0.3701 0.0039, 0.3366 -0.3701 0.3976, 0.2579 -0.3701 0.0039, 0.2579 -0.3701 0.3976, -0.1358 -0.3701 0.3976, -0.1358 -0.3701 0.0039, -0.0571 -0.3701 0.3976, -0.0571 -0.3701 0.0039, -0.3327 -0.3701 0.3976, -0.3327 -0.3701 0.0039, -0.2539 -0.3701 0.3976, -0.2539 -0.3701 0.0039, -0.563 -0.3701 0.0827, -0.4508 -0.3701 0.0039, -0.563 -0.3701 0.3189, -0.4508 -0.3701 0.3976, -0.7992 -0.3701 0.3189, -0.8386 -0.3701 0.3976, -0.7992 -0.3701 0.0827, -0.8386 -0.3701 0.161, -0.8386 -0.3701 0.1233, -0.8386 -0.3701 0.1124, -0.8386 -0.3701 0.0645, -0.8386 -0.3701 0.0498, -0.8386 -0.3701 0.0039, -0.8386 0.5945 0.0335, -0.8386 0.5945 0.0498, -0.7598 0.5945 0.0335, -0.8386 0.5945 0.0645, -0.8386 0.5945 0.1124, -0.8386 0.5945 0.1233, -0.7598 0.5945 0.2795, -0.8386 0.5945 0.161, -0.8386 0.5945 0.2795, 0.5669 -0.3701 0.0827, 0.4547 -0.3701 0.0039, 0.8031 -0.3701 0.0827, 0.8425 -0.3701 0.0039, 0.8031 -0.3701 0.3189, 0.8425 -0.3701 0.3976, 0.5669 -0.3701 0.3189, 0.4547 -0.3701 0.3976
            ]
        }
        coordIndex [
            0,1,2,-1,2,1,3,-1,4,5,6,-1,6,5,7,-1,8,9,10,-1,10,9,11,-1,12,13,14,-1,14,13,15,-1,16,17,18,-1,18,17,19,-1,18,19,20,-1,20,19,21,-1,20,21,22,-1,21,23,22,-1,22,23,24,-1,22,24,25,-1,25,26,22,-1,22,26,27,-1,22,27,16,-1,16,27,28,-1,16,28,17,-1,29,30,31,-1,31,30,32,-1,32,33,31,-1,31,33,34,-1,31,34,35,-1,35,34,36,-1,35,36,37,-1,38,39,40,-1,40,39,41,-1,40,41,42,-1,42,41,43,-1,42,43,44,-1,44,43,45,-1,44,45,38,-1,38,45,39,-1,
        ]
    }
}
Shape{
    appearance Appearance {
        material  Material {
            diffuseColor 0.10196078431372549 0.10196078431372549 0.10196078431372549
            specularColor 0.03137254901960784 0.03137254901960784 0.03137254901960784
            ambientIntensity 0.102
            transparency 0.0
            shininess 0.5
        }
    }
    geometry IndexedFaceSet {
        ccw TRUE
        solid FALSE
        coord DEF co Coordinate {
            point [
                0.6122 0.9488 0.3386, 0.6122 0.9488 0.2726, -0.6083 0.9488 0.3386, -0.6083 0.9488 0.2726
            ]
        }
        coordIndex [
            0,1,2,-1,2,1,3,-1,
        ]
    }
}
Shape{
    appearance Appearance {
        material  Material {
            diffuseColor 0.0 0.0 0.0
            specularColor 0.0 0.0 0.0
            ambientIntensity 0.0
            transparency 0.0
            shininess 0.5
        }
    }
    geometry IndexedFaceSet {
        ccw TRUE
        solid FALSE
        coord DEF co Coordinate {
            point [
                -0.6083 0.9488 0.2726, 0.6122 0.9488 0.2726, -0.6083 0.7402 0.2355, 0.6122 0.7402 0.2355, -0.6083 0.6614 0.2216, 0.6122 0.6614 0.2216
            ]
        }
        coordIndex [
            0,1,2,-1,2,1,3,-1,2,3,4,-1,4,3,5,-1,
        ]
    }
}
Shape{
    appearance Appearance {
        material  Material {
            diffuseColor 0.10196078431372549 0.10196078431372549 0.10196078431372549
            specularColor 0.03137254901960784 0.03137254901960784 0.03137254901960784
            ambientIntensity 0.102
            transparency 0.0
            shininess 0.5
        }
    }
    geometry IndexedFaceSet {
        ccw TRUE
        solid FALSE
        coord DEF co Coordinate {
            point [
                -0.6083 0.9488 0.3386, -0.6083 0.8898 0.3976, 0.6122 0.9488 0.3386, 0.6122 0.8898 0.3976
            ]
        }
        coordIndex [
            0,1,2,-1,2,1,3,-1,
        ]
    }
}
Shape{
    appearance Appearance {
        material  Material {
            diffuseColor 1.0 1.0 1.0
            specularColor 0.5019607843137255 0.5019607843137255 0.5019607843137255
            ambientIntensity 1.0
            transparency 0.0
            shininess 0.5
        }
    }
    geometry IndexedFaceSet {
        ccw TRUE
        solid FALSE
        coord DEF co Coordinate {
            point [
                -0.687 0.7402 0.2992, -0.687 0.3583 0.2992, -0.6083 0.7402 0.2992, -0.6083 0.3583 0.2992, -0.687 0.7402 0.0335, -0.687 0.3583 0.0335, -0.687 0.3583 0.2795, -0.687 0.2598 0.2795, -0.687 0.2598 0.2992, 0.6909 0.3583 0.2992, 0.6909 0.7402 0.2992, 0.6122 0.3583 0.2992, 0.6122 0.7402 0.2992, 0.6909 0.3583 0.2795, 0.6909 0.3583 0.0335, 0.6909 0.7402 0.0335, 0.6909 0.2598 0.2992, 0.6909 0.2598 0.2795
            ]
        }
        coordIndex [
            0,1,2,-1,2,1,3,-1,4,5,0,-1,0,5,6,-1,0,6,1,-1,1,6,7,-1,1,7,8,-1,9,10,11,-1,11,10,12,-1,13,14,15,-1,16,17,9,-1,9,17,13,-1,9,13,10,-1,10,13,15,-1,
        ]
    }
}
Shape{
    appearance Appearance {
        material  Material {
            diffuseColor 0.25098039215686274 0.25098039215686274 0.25098039215686274
            specularColor 0.12549019607843137 0.12549019607843137 0.12549019607843137
            ambientIntensity 0.251
            transparency 0.0
            shininess 0.5
        }
    }
    geometry IndexedFaceSet {
        ccw TRUE
        solid FALSE
        coord DEF co Coordinate {
            point [
                0.7244 0.2598 0.2992, 0.7244 0.2598 0.3976, 0.6909 0.2598 0.2992, 0.4232 0.2598 0.3976, 0.6909 0.2598 0.2795, 0.4232 0.2598 0.2795
            ]
        }
        coordIndex [
            0,1,2,-1,2,1,3,-1,2,3,4,-1,4,3,5,-1,
        ]
    }
}
Shape{
    appearance Appearance {
        material  Material {
            diffuseColor 1.0 1.0 1.0
            specularColor 0.5019607843137255 0.5019607843137255 0.5019607843137255
            ambientIntensity 1.0
            transparency 0.0
            shininess 0.5
        }
    }
    geometry IndexedFaceSet {
        ccw TRUE
        solid FALSE
        coord DEF co Coordinate {
            point [
                0.3563 -0.3504 0.0039, 0.3563 -0.2913 0.0039, 0.3563 -0.3504 0.3976, 0.3563 -0.2913 0.3976, 0.435 -0.3504 0.3976, 0.435 -0.2913 0.3976, 0.435 -0.3504 0.0039, 0.435 -0.2913 0.0039, 0.3661 -0.2913 0.041, 0.3661 -0.2913 0.2362, 0.4252 -0.2913 0.041, 0.4252 -0.2913 0.2362, 0.3366 -0.3701 0.3976, 0.3366 -0.3701 0.0039, 0.4547 -0.3701 0.0039, 0.4547 -0.3701 0.3976, -0.4311 -0.3504 0.3976, -0.4508 -0.3701 0.3976, -0.4311 -0.3504 0.0039, -0.4508 -0.3701 0.0039, -0.4311 -0.2913 0.0039, -0.4311 -0.2913 0.3976, -0.4213 -0.2913 0.041, -0.4213 -0.2913 0.2362, -0.3622 -0.2913 0.041, -0.3524 -0.2913 0.0039, -0.3622 -0.2913 0.2362, -0.3524 -0.2913 0.3976, -0.3524 -0.3504 0.3976, -0.3524 -0.3504 0.0039, -0.3327 -0.3701 0.0039, -0.3327 -0.3701 0.3976, -0.2343 -0.3504 0.3976, -0.2539 -0.3701 0.3976, -0.2343 -0.3504 0.0039, -0.2539 -0.3701 0.0039, -0.2343 -0.2913 0.0039, -0.2343 -0.2913 0.3976, -0.2244 -0.2913 0.041, -0.2244 -0.2913 0.2362, -0.1654 -0.2913 0.041, -0.1555 -0.2913 0.0039, -0.1654 -0.2913 0.2362, -0.1555 -0.2913 0.3976, -0.1555 -0.3504 0.3976, -0.1555 -0.3504 0.0039, -0.1358 -0.3701 0.0039, -0.1358 -0.3701 0.3976, -0.0374 -0.3504 0.3976, -0.0571 -0.3701 0.3976, -0.0374 -0.3504 0.0039, -0.0571 -0.3701 0.0039, -0.0374 -0.2913 0.0039, -0.0374 -0.2913 0.3976, 0.0413 -0.2913 0.3976, 0.0413 -0.2913 0.0039, 0.0413 -0.3504 0.3976, 0.0413 -0.3504 0.0039, 0.061 -0.3701 0.0039, 0.061 -0.3701 0.3976, 0.1594 -0.3504 0.3976, 0.1398 -0.3701 0.3976, 0.1594 -0.3504 0.0039, 0.1398 -0.3701 0.0039, 0.1594 -0.2913 0.0039, 0.1594 -0.2913 0.3976, 0.1693 -0.2913 0.041, 0.1693 -0.2913 0.2362, 0.2283 -0.2913 0.041, 0.2382 -0.2913 0.0039, 0.2283 -0.2913 0.2362, 0.2382 -0.2913 0.3976, 0.2382 -0.3504 0.3976, 0.2382 -0.3504 0.0039, 0.2579 -0.3701 0.0039, 0.2579 -0.3701 0.3976
            ]
        }
        coordIndex [
            0,1,2,-1,2,1,3,-1,4,5,6,-1,6,5,7,-1,1,8,9,-1,8,1,10,-1,10,1,7,-1,10,7,11,-1,11,7,5,-1,11,5,9,-1,9,5,3,-1,9,3,1,-1,2,12,0,-1,0,12,13,-1,6,14,4,-1,4,14,15,-1,16,17,18,-1,18,17,19,-1,18,20,16,-1,16,20,21,-1,20,22,23,-1,22,20,24,-1,24,20,25,-1,24,25,26,-1,26,25,27,-1,26,27,23,-1,23,27,21,-1,23,21,20,-1,28,27,29,-1,29,27,25,-1,29,30,28,-1,28,30,31,-1,32,33,34,-1,34,33,35,-1,34,36,32,-1,32,36,37,-1,36,38,39,-1,38,36,40,-1,40,36,41,-1,40,41,42,-1,42,41,43,-1,42,43,39,-1,39,43,37,-1,39,37,36,-1,44,43,45,-1,45,43,41,-1,45,46,44,-1,44,46,47,-1,48,49,50,-1,50,49,51,-1,50,52,48,-1,48,52,53,-1,54,53,55,-1,55,53,52,-1,56,54,57,-1,57,54,55,-1,57,58,56,-1,56,58,59,-1,60,61,62,-1,62,61,63,-1,62,64,60,-1,60,64,65,-1,64,66,67,-1,66,64,68,-1,68,64,69,-1,68,69,70,-1,70,69,71,-1,70,71,67,-1,67,71,65,-1,67,65,64,-1,72,71,73,-1,73,71,69,-1,73,74,72,-1,72,74,75,-1,
        ]
    }
}
Shape{
    appearance Appearance {
        material  Material {
            diffuseColor 1.0 1.0 0.0
            specularColor 0.5019607843137255 0.5019607843137255 0.0
            ambientIntensity 0.886
            transparency 0.0
            shininess 0.5
        }
    }
    geometry IndexedFaceSet {
        ccw TRUE
        solid FALSE
        coord DEF co Coordinate {
            point [
                0.1693 -0.2913 0.2362, 0.1693 -0.3583 0.2362, 0.2283 -0.2913 0.2362, 0.2283 -0.3583 0.2362, 0.1693 -0.2913 0.041, 0.2283 -0.2913 0.041, 0.2283 -0.2952 0.0398, 0.1693 -0.2952 0.0398, 0.2283 -0.2992 0.0394, 0.1693 -0.2992 0.0394, 0.1693 -0.5938 0.0146, 0.1693 -0.5945 0.0197, 0.1693 -0.5748 0.0, 0.1693 -0.3681 0.0814, 0.1693 -0.364 0.0845, 0.1693 -0.5945 0.0591, 0.1693 -0.456 0.0248, 0.1693 -0.4567 0.0197, 0.1693 -0.4567 0.0, 0.1693 -0.5847 0.0026, 0.1693 -0.5887 0.0058, 0.1693 -0.5919 0.0098, 0.1693 -0.4421 0.0387, 0.1693 -0.4469 0.0367, 0.1693 -0.5748 0.0787, 0.1693 -0.5938 0.0641, 0.1693 -0.5919 0.0689, 0.1693 -0.5887 0.073, 0.1693 -0.3583 0.0984, 0.1693 -0.5799 0.0007, 0.1693 -0.3609 0.0886, 0.1693 -0.3589 0.0933, 0.1693 -0.437 0.0394, 0.1693 -0.378 0.0787, 0.1693 -0.3729 0.0794, 0.1693 -0.4509 0.0336, 0.1693 -0.4541 0.0295, 0.1693 -0.5799 0.0781, 0.1693 -0.5847 0.0761, 0.2283 -0.4541 0.0295, 0.2283 -0.4509 0.0336, 0.2283 -0.5748 0.0787, 0.2283 -0.4567 0.0, 0.2283 -0.4567 0.0197, 0.2283 -0.5748 0.0, 0.2283 -0.5945 0.0197, 0.2283 -0.5945 0.0591, 0.2283 -0.456 0.0248, 0.2283 -0.5938 0.0641, 0.2283 -0.3583 0.0984, 0.2283 -0.5919 0.0098, 0.2283 -0.5887 0.0058, 0.2283 -0.5847 0.0026, 0.2283 -0.5938 0.0146, 0.2283 -0.5799 0.0007, 0.2283 -0.3609 0.0886, 0.2283 -0.364 0.0845, 0.2283 -0.5799 0.0781, 0.2283 -0.5847 0.0761, 0.2283 -0.3589 0.0933, 0.2283 -0.5887 0.073, 0.2283 -0.5919 0.0689, 0.2283 -0.3681 0.0814, 0.2283 -0.3729 0.0794, 0.2283 -0.378 0.0787, 0.2283 -0.4469 0.0367, 0.2283 -0.4421 0.0387, 0.2283 -0.437 0.0394, 0.3661 -0.2913 0.2362, 0.3661 -0.3583 0.2362, 0.4252 -0.2913 0.2362, 0.4252 -0.3583 0.2362, 0.3661 -0.2913 0.041, 0.4252 -0.2913 0.041, 0.4252 -0.2952 0.0398, 0.3661 -0.2952 0.0398, 0.4252 -0.2992 0.0394, 0.3661 -0.2992 0.0394, 0.3661 -0.5938 0.0146, 0.3661 -0.5945 0.0197, 0.3661 -0.5748 0.0, 0.3661 -0.3681 0.0814, 0.3661 -0.364 0.0845, 0.3661 -0.5945 0.0591, 0.3661 -0.456 0.0248, 0.3661 -0.4567 0.0197, 0.3661 -0.4567 0.0, 0.3661 -0.5847 0.0026, 0.3661 -0.5887 0.0058, 0.3661 -0.5919 0.0098, 0.3661 -0.4421 0.0387, 0.3661 -0.4469 0.0367, 0.3661 -0.5748 0.0787, 0.3661 -0.5938 0.0641, 0.3661 -0.5919 0.0689, 0.3661 -0.5887 0.073, 0.3661 -0.3583 0.0984, 0.3661 -0.5799 0.0007, 0.3661 -0.3609 0.0886, 0.3661 -0.3589 0.0933, 0.3661 -0.437 0.0394, 0.3661 -0.378 0.0787, 0.3661 -0.3729 0.0794, 0.3661 -0.4509 0.0336, 0.3661 -0.4541 0.0295, 0.3661 -0.5799 0.0781, 0.3661 -0.5847 0.0761, 0.4252 -0.4541 0.0295, 0.4252 -0.4509 0.0336, 0.4252 -0.5748 0.0787, 0.4252 -0.4567 0.0, 0.4252 -0.4567 0.0197, 0.4252 -0.5748 0.0, 0.4252 -0.5945 0.0197, 0.4252 -0.5945 0.0591, 0.4252 -0.456 0.0248, 0.4252 -0.5938 0.0641, 0.4252 -0.3583 0.0984, 0.4252 -0.5919 0.0098, 0.4252 -0.5887 0.0058, 0.4252 -0.5847 0.0026, 0.4252 -0.5938 0.0146, 0.4252 -0.5799 0.0007, 0.4252 -0.3609 0.0886, 0.4252 -0.364 0.0845, 0.4252 -0.5799 0.0781, 0.4252 -0.5847 0.0761, 0.4252 -0.3589 0.0933, 0.4252 -0.5887 0.073, 0.4252 -0.5919 0.0689, 0.4252 -0.3681 0.0814, 0.4252 -0.3729 0.0794, 0.4252 -0.378 0.0787, 0.4252 -0.4469 0.0367, 0.4252 -0.4421 0.0387, 0.4252 -0.437 0.0394, -0.2244 -0.2913 0.2362, -0.2244 -0.3583 0.2362, -0.1654 -0.2913 0.2362, -0.1654 -0.3583 0.2362, -0.2244 -0.2913 0.041, -0.1654 -0.2913 0.041, -0.1654 -0.2952 0.0398, -0.2244 -0.2952 0.0398, -0.1654 -0.2992 0.0394, -0.2244 -0.2992 0.0394, -0.2244 -0.5938 0.0146, -0.2244 -0.5945 0.0197, -0.2244 -0.5748 0.0, -0.2244 -0.3681 0.0814, -0.2244 -0.364 0.0845, -0.2244 -0.3583 0.0984, -0.2244 -0.4421 0.0387, -0.2244 -0.4469 0.0367, -0.2244 -0.5748 0.0787, -0.2244 -0.3609 0.0886, -0.2244 -0.3589 0.0933, -0.2244 -0.5938 0.0641, -0.2244 -0.5919 0.0689, -0.2244 -0.456 0.0248, -0.2244 -0.5887 0.073, -0.2244 -0.5945 0.0591, -0.2244 -0.4567 0.0197, -0.2244 -0.4567 0.0, -0.2244 -0.5847 0.0026, -0.2244 -0.5887 0.0058, -0.2244 -0.5919 0.0098, -0.2244 -0.437 0.0394, -0.2244 -0.378 0.0787, -0.2244 -0.3729 0.0794, -0.2244 -0.5799 0.0007, -0.2244 -0.4509 0.0336, -0.2244 -0.4541 0.0295, -0.2244 -0.5799 0.0781, -0.2244 -0.5847 0.0761, -0.1654 -0.4541 0.0295, -0.1654 -0.4509 0.0336, -0.1654 -0.5748 0.0787, -0.1654 -0.4567 0.0, -0.1654 -0.4567 0.0197, -0.1654 -0.5748 0.0, -0.1654 -0.5945 0.0197, -0.1654 -0.5945 0.0591, -0.1654 -0.456 0.0248, -0.1654 -0.5938 0.0641, -0.1654 -0.3583 0.0984, -0.1654 -0.5919 0.0098, -0.1654 -0.5887 0.0058, -0.1654 -0.5847 0.0026, -0.1654 -0.5938 0.0146, -0.1654 -0.5799 0.0007, -0.1654 -0.3609 0.0886, -0.1654 -0.364 0.0845, -0.1654 -0.5799 0.0781, -0.1654 -0.5847 0.0761, -0.1654 -0.3589 0.0933, -0.1654 -0.5887 0.073, -0.1654 -0.5919 0.0689, -0.1654 -0.3681 0.0814, -0.1654 -0.3729 0.0794, -0.1654 -0.437 0.0394, -0.1654 -0.378 0.0787, -0.1654 -0.4421 0.0387, -0.1654 -0.4469 0.0367, -0.4213 -0.2913 0.2362, -0.4213 -0.3583 0.2362, -0.3622 -0.2913 0.2362, -0.3622 -0.3583 0.2362, -0.4213 -0.2913 0.041, -0.3622 -0.2913 0.041, -0.3622 -0.2952 0.0398, -0.4213 -0.2952 0.0398, -0.3622 -0.2992 0.0394, -0.4213 -0.2992 0.0394, -0.4213 -0.5938 0.0146, -0.4213 -0.5945 0.0197, -0.4213 -0.5748 0.0, -0.4213 -0.3681 0.0814, -0.4213 -0.364 0.0845, -0.4213 -0.5945 0.0591, -0.4213 -0.456 0.0248, -0.4213 -0.4567 0.0197, -0.4213 -0.4567 0.0, -0.4213 -0.5847 0.0026, -0.4213 -0.5887 0.0058, -0.4213 -0.5919 0.0098, -0.4213 -0.4421 0.0387, -0.4213 -0.4469 0.0367, -0.4213 -0.5748 0.0787, -0.4213 -0.5938 0.0641, -0.4213 -0.5919 0.0689, -0.4213 -0.5887 0.073, -0.4213 -0.3583 0.0984, -0.4213 -0.5799 0.0007, -0.4213 -0.3609 0.0886, -0.4213 -0.3589 0.0933, -0.4213 -0.437 0.0394, -0.4213 -0.378 0.0787, -0.4213 -0.3729 0.0794, -0.4213 -0.4509 0.0336, -0.4213 -0.4541 0.0295, -0.4213 -0.5799 0.0781, -0.4213 -0.5847 0.0761, -0.3622 -0.4541 0.0295, -0.3622 -0.4509 0.0336, -0.3622 -0.5748 0.0787, -0.3622 -0.4567 0.0, -0.3622 -0.4567 0.0197, -0.3622 -0.5748 0.0, -0.3622 -0.5945 0.0197, -0.3622 -0.5945 0.0591, -0.3622 -0.456 0.0248, -0.3622 -0.5938 0.0641, -0.3622 -0.3583 0.0984, -0.3622 -0.5919 0.0098, -0.3622 -0.5887 0.0058, -0.3622 -0.5847 0.0026, -0.3622 -0.5938 0.0146, -0.3622 -0.5799 0.0007, -0.3622 -0.3609 0.0886, -0.3622 -0.364 0.0845, -0.3622 -0.5799 0.0781, -0.3622 -0.5847 0.0761, -0.3622 -0.3589 0.0933, -0.3622 -0.5887 0.073, -0.3622 -0.5919 0.0689, -0.3622 -0.3681 0.0814, -0.3622 -0.3729 0.0794, -0.3622 -0.378 0.0787, -0.3622 -0.4469 0.0367, -0.3622 -0.4421 0.0387, -0.3622 -0.437 0.0394
            ]
        }
        coordIndex [
            0,1,2,-1,2,1,3,-1,4,5,6,-1,4,6,7,-1,7,6,8,-1,7,8,9,-1,10,11,12,-1,13,14,9,-1,15,16,17,-1,15,17,11,-1,11,17,18,-1,11,18,12,-1,19,20,21,-1,22,23,24,-1,15,25,16,-1,16,25,26,-1,16,26,27,-1,1,0,28,-1,28,0,4,-1,10,12,21,-1,21,12,29,-1,21,29,19,-1,9,14,7,-1,7,14,30,-1,7,30,4,-1,4,30,31,-1,4,31,28,-1,22,24,32,-1,32,24,33,-1,32,33,9,-1,9,33,34,-1,9,34,13,-1,23,35,24,-1,24,35,36,-1,24,36,37,-1,37,36,16,-1,37,16,38,-1,38,16,27,-1,39,40,41,-1,42,43,44,-1,44,43,45,-1,45,43,46,-1,46,43,47,-1,46,47,48,-1,2,3,5,-1,5,3,49,-1,50,51,52,-1,45,53,44,-1,44,53,50,-1,44,50,54,-1,54,50,52,-1,55,56,8,-1,39,41,47,-1,47,41,57,-1,47,57,58,-1,49,59,5,-1,5,59,55,-1,5,55,6,-1,6,55,8,-1,58,60,47,-1,47,60,61,-1,47,61,48,-1,56,62,8,-1,8,62,63,-1,8,63,64,-1,40,65,41,-1,41,65,66,-1,41,66,64,-1,64,66,67,-1,64,67,8,-1,32,9,67,-1,67,9,8,-1,32,67,22,-1,22,67,66,-1,22,66,23,-1,23,66,65,-1,23,65,35,-1,35,65,40,-1,35,40,36,-1,36,40,39,-1,36,39,16,-1,16,39,47,-1,16,47,17,-1,17,47,43,-1,18,17,42,-1,42,17,43,-1,12,18,44,-1,44,18,42,-1,12,44,54,-1,12,54,29,-1,29,54,52,-1,29,52,19,-1,19,52,51,-1,19,51,20,-1,20,51,50,-1,20,50,21,-1,21,50,53,-1,21,53,10,-1,10,53,45,-1,10,45,11,-1,15,11,46,-1,46,11,45,-1,15,46,48,-1,15,48,25,-1,25,48,61,-1,25,61,26,-1,26,61,60,-1,26,60,27,-1,27,60,58,-1,27,58,38,-1,38,58,57,-1,38,57,37,-1,37,57,41,-1,37,41,24,-1,33,24,64,-1,64,24,41,-1,33,64,34,-1,34,64,63,-1,34,63,13,-1,13,63,62,-1,13,62,14,-1,14,62,56,-1,14,56,30,-1,30,56,55,-1,30,55,31,-1,31,55,59,-1,31,59,28,-1,28,59,49,-1,1,28,3,-1,3,28,49,-1,68,69,70,-1,70,69,71,-1,72,73,74,-1,72,74,75,-1,75,74,76,-1,75,76,77,-1,78,79,80,-1,81,82,77,-1,83,84,85,-1,83,85,79,-1,79,85,86,-1,79,86,80,-1,87,88,89,-1,90,91,92,-1,83,93,84,-1,84,93,94,-1,84,94,95,-1,69,68,96,-1,96,68,72,-1,78,80,89,-1,89,80,97,-1,89,97,87,-1,77,82,75,-1,75,82,98,-1,75,98,72,-1,72,98,99,-1,72,99,96,-1,90,92,100,-1,100,92,101,-1,100,101,77,-1,77,101,102,-1,77,102,81,-1,91,103,92,-1,92,103,104,-1,92,104,105,-1,105,104,84,-1,105,84,106,-1,106,84,95,-1,107,108,109,-1,110,111,112,-1,112,111,113,-1,113,111,114,-1,114,111,115,-1,114,115,116,-1,70,71,73,-1,73,71,117,-1,118,119,120,-1,113,121,112,-1,112,121,118,-1,112,118,122,-1,122,118,120,-1,123,124,76,-1,107,109,115,-1,115,109,125,-1,115,125,126,-1,117,127,73,-1,73,127,123,-1,73,123,74,-1,74,123,76,-1,126,128,115,-1,115,128,129,-1,115,129,116,-1,124,130,76,-1,76,130,131,-1,76,131,132,-1,108,133,109,-1,109,133,134,-1,109,134,132,-1,132,134,135,-1,132,135,76,-1,100,77,135,-1,135,77,76,-1,100,135,90,-1,90,135,134,-1,90,134,91,-1,91,134,133,-1,91,133,103,-1,103,133,108,-1,103,108,104,-1,104,108,107,-1,104,107,84,-1,84,107,115,-1,84,115,85,-1,85,115,111,-1,86,85,110,-1,110,85,111,-1,80,86,112,-1,112,86,110,-1,80,112,122,-1,80,122,97,-1,97,122,120,-1,97,120,87,-1,87,120,119,-1,87,119,88,-1,88,119,118,-1,88,118,89,-1,89,118,121,-1,89,121,78,-1,78,121,113,-1,78,113,79,-1,83,79,114,-1,114,79,113,-1,83,114,116,-1,83,116,93,-1,93,116,129,-1,93,129,94,-1,94,129,128,-1,94,128,95,-1,95,128,126,-1,95,126,106,-1,106,126,125,-1,106,125,105,-1,105,125,109,-1,105,109,92,-1,101,92,132,-1,132,92,109,-1,101,132,102,-1,102,132,131,-1,102,131,81,-1,81,131,130,-1,81,130,82,-1,82,130,124,-1,82,124,98,-1,98,124,123,-1,98,123,99,-1,99,123,127,-1,99,127,96,-1,96,127,117,-1,69,96,71,-1,71,96,117,-1,136,137,138,-1,138,137,139,-1,140,141,142,-1,140,142,143,-1,143,142,144,-1,143,144,145,-1,146,147,148,-1,149,150,145,-1,137,136,151,-1,151,136,140,-1,152,153,154,-1,145,150,143,-1,143,150,155,-1,143,155,140,-1,140,155,156,-1,140,156,151,-1,157,158,159,-1,159,158,160,-1,157,159,161,-1,161,159,162,-1,161,162,147,-1,147,162,163,-1,147,163,148,-1,164,165,166,-1,152,154,167,-1,167,154,168,-1,167,168,145,-1,145,168,169,-1,145,169,149,-1,146,148,166,-1,166,148,170,-1,166,170,164,-1,153,171,154,-1,154,171,172,-1,154,172,173,-1,173,172,159,-1,173,159,174,-1,174,159,160,-1,175,176,177,-1,178,179,180,-1,180,179,181,-1,181,179,182,-1,182,179,183,-1,182,183,184,-1,138,139,141,-1,141,139,185,-1,186,187,188,-1,181,189,180,-1,180,189,186,-1,180,186,190,-1,190,186,188,-1,191,192,144,-1,175,177,183,-1,183,177,193,-1,183,193,194,-1,185,195,141,-1,141,195,191,-1,141,191,142,-1,142,191,144,-1,194,196,183,-1,183,196,197,-1,183,197,184,-1,192,198,144,-1,144,198,199,-1,144,199,200,-1,200,199,201,-1,200,201,202,-1,202,201,177,-1,202,177,203,-1,203,177,176,-1,167,145,200,-1,200,145,144,-1,167,200,152,-1,152,200,202,-1,152,202,153,-1,153,202,203,-1,153,203,171,-1,171,203,176,-1,171,176,172,-1,172,176,175,-1,172,175,159,-1,159,175,183,-1,159,183,162,-1,162,183,179,-1,163,162,178,-1,178,162,179,-1,148,163,180,-1,180,163,178,-1,148,180,190,-1,148,190,170,-1,170,190,188,-1,170,188,164,-1,164,188,187,-1,164,187,165,-1,165,187,186,-1,165,186,166,-1,166,186,189,-1,166,189,146,-1,146,189,181,-1,146,181,147,-1,161,147,182,-1,182,147,181,-1,161,182,184,-1,161,184,157,-1,157,184,197,-1,157,197,158,-1,158,197,196,-1,158,196,160,-1,160,196,194,-1,160,194,174,-1,174,194,193,-1,174,193,173,-1,173,193,177,-1,173,177,154,-1,168,154,201,-1,201,154,177,-1,168,201,169,-1,169,201,199,-1,169,199,149,-1,149,199,198,-1,149,198,150,-1,150,198,192,-1,150,192,155,-1,155,192,191,-1,155,191,156,-1,156,191,195,-1,156,195,151,-1,151,195,185,-1,137,151,139,-1,139,151,185,-1,204,205,206,-1,206,205,207,-1,208,209,210,-1,208,210,211,-1,211,210,212,-1,211,212,213,-1,214,215,216,-1,217,218,213,-1,219,220,221,-1,219,221,215,-1,215,221,222,-1,215,222,216,-1,223,224,225,-1,226,227,228,-1,219,229,220,-1,220,229,230,-1,220,230,231,-1,205,204,232,-1,232,204,208,-1,214,216,225,-1,225,216,233,-1,225,233,223,-1,213,218,211,-1,211,218,234,-1,211,234,208,-1,208,234,235,-1,208,235,232,-1,226,228,236,-1,236,228,237,-1,236,237,213,-1,213,237,238,-1,213,238,217,-1,227,239,228,-1,228,239,240,-1,228,240,241,-1,241,240,220,-1,241,220,242,-1,242,220,231,-1,243,244,245,-1,246,247,248,-1,248,247,249,-1,249,247,250,-1,250,247,251,-1,250,251,252,-1,206,207,209,-1,209,207,253,-1,254,255,256,-1,249,257,248,-1,248,257,254,-1,248,254,258,-1,258,254,256,-1,259,260,212,-1,243,245,251,-1,251,245,261,-1,251,261,262,-1,253,263,209,-1,209,263,259,-1,209,259,210,-1,210,259,212,-1,262,264,251,-1,251,264,265,-1,251,265,252,-1,260,266,212,-1,212,266,267,-1,212,267,268,-1,244,269,245,-1,245,269,270,-1,245,270,268,-1,268,270,271,-1,268,271,212,-1,236,213,271,-1,271,213,212,-1,236,271,226,-1,226,271,270,-1,226,270,227,-1,227,270,269,-1,227,269,239,-1,239,269,244,-1,239,244,240,-1,240,244,243,-1,240,243,220,-1,220,243,251,-1,220,251,221,-1,221,251,247,-1,222,221,246,-1,246,221,247,-1,216,222,248,-1,248,222,246,-1,216,248,258,-1,216,258,233,-1,233,258,256,-1,233,256,223,-1,223,256,255,-1,223,255,224,-1,224,255,254,-1,224,254,225,-1,225,254,257,-1,225,257,214,-1,214,257,249,-1,214,249,215,-1,219,215,250,-1,250,215,249,-1,219,250,252,-1,219,252,229,-1,229,252,265,-1,229,265,230,-1,230,265,264,-1,230,264,231,-1,231,264,262,-1,231,262,242,-1,242,262,261,-1,242,261,241,-1,241,261,245,-1,241,245,228,-1,237,228,268,-1,268,228,245,-1,237,268,238,-1,238,268,267,-1,238,267,217,-1,217,267,266,-1,217,266,218,-1,218,266,260,-1,218,260,234,-1,234,260,259,-1,234,259,235,-1,235,259,263,-1,235,263,232,-1,232,263,253,-1,205,232,207,-1,207,232,253,-1,
        ]
    }
}
Shape{
    appearance Appearance {
        material  Material {
            diffuseColor 1.0 1.0 1.0
            specularColor 0.5019607843137255 0.5019607843137255 0.5019607843137255
            ambientIntensity 1.0
            transparency 0.0
            shininess 0.5
        }
    }
    geometry IndexedFaceSet {
        ccw TRUE
        solid FALSE
        coord DEF co Coordinate {
            point [
                0.5669 -0.1732 0.3189, 0.8031 -0.1732 0.3189, 0.5669 -0.3701 0.3189, 0.8031 -0.3701 0.3189, 0.8031 -0.1732 0.0827, 0.8031 -0.3701 0.0827, 0.5669 -0.1732 0.0827, 0.5669 -0.3701 0.0827, -0.7992 -0.1732 0.0827, -0.7992 -0.1732 0.3189, -0.7992 -0.3701 0.0827, -0.7992 -0.3701 0.3189, -0.563 -0.1732 0.3189, -0.563 -0.3701 0.3189, -0.563 -0.1732 0.0827, -0.563 -0.3701 0.0827
            ]
        }
        coordIndex [
            0,1,2,-1,2,1,3,-1,1,4,3,-1,3,4,5,-1,4,6,5,-1,5,6,7,-1,6,0,7,-1,7,0,2,-1,6,4,0,-1,0,4,1,-1,8,9,10,-1,10,9,11,-1,9,12,11,-1,11,12,13,-1,12,14,13,-1,13,14,15,-1,14,8,15,-1,15,8,10,-1,14,12,8,-1,8,12,9,-1,
        ]
    }
}
Shape{
    appearance Appearance {
        material  Material {
            diffuseColor 0.0 0.0 0.0
            specularColor 0.0 0.0 0.0
            ambientIntensity 0.0
            transparency 0.0
            shininess 0.5
        }
    }
    geometry IndexedFaceSet {
        ccw TRUE
        solid FALSE
        coord DEF co Coordinate {
            point [
                -0.4193 0.2598 0.2795, -0.4193 0.4173 0.2795, -0.4193 0.2598 0.3976, -0.4193 0.4173 0.3976, -0.3642 0.4173 0.2795, -0.3642 0.4173 0.3976, -0.3642 0.2598 0.2795, -0.3642 0.2598 0.3976, 0.3681 0.2598 0.2795, 0.3681 0.4173 0.2795, 0.3681 0.2598 0.3976, 0.3681 0.4173 0.3976, 0.4232 0.4173 0.2795, 0.4232 0.4173 0.3976, 0.4232 0.2598 0.2795, 0.4232 0.2598 0.3976, 0.1713 0.2598 0.2795, 0.1713 0.4173 0.2795, 0.1713 0.2598 0.3976, 0.1713 0.4173 0.3976, 0.2264 0.4173 0.2795, 0.2264 0.4173 0.3976, 0.2264 0.2598 0.2795, 0.2264 0.2598 0.3976, -0.0256 0.2598 0.2795, -0.0256 0.4173 0.2795, -0.0256 0.2598 0.3976, -0.0256 0.4173 0.3976, 0.0295 0.4173 0.2795, 0.0295 0.4173 0.3976, 0.0295 0.2598 0.2795, 0.0295 0.2598 0.3976, -0.2224 0.2598 0.2795, -0.2224 0.4173 0.2795, -0.2224 0.2598 0.3976, -0.2224 0.4173 0.3976, -0.1673 0.4173 0.2795, -0.1673 0.4173 0.3976, -0.1673 0.2598 0.2795, -0.1673 0.2598 0.3976
            ]
        }
        coordIndex [
            0,1,2,-1,2,1,3,-1,1,4,3,-1,3,4,5,-1,4,6,5,-1,5,6,7,-1,8,9,10,-1,10,9,11,-1,9,12,11,-1,11,12,13,-1,12,14,13,-1,13,14,15,-1,16,17,18,-1,18,17,19,-1,17,20,19,-1,19,20,21,-1,20,22,21,-1,21,22,23,-1,24,25,26,-1,26,25,27,-1,25,28,27,-1,27,28,29,-1,28,30,29,-1,29,30,31,-1,32,33,34,-1,34,33,35,-1,33,36,35,-1,35,36,37,-1,36,38,37,-1,37,38,39,-1,
        ]
    }
}
Shape{
    appearance Appearance {
        material  Material {
            diffuseColor 1.0 1.0 0.0
            specularColor 0.5019607843137255 0.5019607843137255 0.0
            ambientIntensity 0.886
            transparency 0.0
            shininess 0.5
        }
    }
    geometry IndexedFaceSet {
        ccw TRUE
        solid FALSE
        coord DEF co Coordinate {
            point [
                0.2224 0.3779 0.3189, 0.2224 0.1417 0.3189, 0.2224 0.3779 0.2795, 0.2224 0.1417 0.2795, 0.1752 0.3779 0.3189, 0.1752 0.3779 0.2795, 0.1752 0.1417 0.3189, 0.1752 0.1417 0.2795, 0.0256 0.3779 0.3189, 0.0256 0.1417 0.3189, 0.0256 0.3779 0.2795, 0.0256 0.1417 0.2795
            ]
        }
        coordIndex [
            0,1,2,-1,2,1,3,-1,4,0,5,-1,5,0,2,-1,6,4,7,-1,7,4,5,-1,4,6,0,-1,0,6,1,-1,8,9,10,-1,10,9,11,-1,
        ]
    }
}
Shape{
    appearance Appearance {
        material  Material {
            diffuseColor 0.5019607843137255 0.25098039215686274 0.25098039215686274
            specularColor 0.44313725490196076 0.2196078431372549 0.2196078431372549
            ambientIntensity 0.326
            transparency 0.0
            shininess 0.5
        }
    }
    geometry IndexedFaceSet {
        ccw TRUE
        solid FALSE
        coord DEF co Coordinate {
            point [
                -0.0217 0.3779 0.3189, 0.0256 0.3779 0.3189, -0.0217 0.3779 0.2795, 0.0256 0.3779 0.2795
            ]
        }
        coordIndex [
            0,1,2,-1,2,1,3,-1,
        ]
    }
}
Shape{
    appearance Appearance {
        material  Material {
            diffuseColor 1.0 1.0 0.0
            specularColor 0.5019607843137255 0.5019607843137255 0.0
            ambientIntensity 0.886
            transparency 0.0
            shininess 0.5
        }
    }
    geometry IndexedFaceSet {
        ccw TRUE
        solid FALSE
        coord DEF co Coordinate {
            point [
                -0.0217 0.1417 0.3189, -0.0217 0.3779 0.3189, -0.0217 0.1417 0.2795, -0.0217 0.3779 0.2795, 0.0256 0.3779 0.3189, 0.0256 0.1417 0.3189, -0.1713 0.3779 0.3189, -0.1713 0.1417 0.3189, -0.1713 0.3779 0.2795, -0.1713 0.1417 0.2795
            ]
        }
        coordIndex [
            0,1,2,-1,2,1,3,-1,1,0,4,-1,4,0,5,-1,6,7,8,-1,8,7,9,-1,
        ]
    }
}
Shape{
    appearance Appearance {
        material  Material {
            diffuseColor 0.5019607843137255 0.25098039215686274 0.25098039215686274
            specularColor 0.44313725490196076 0.2196078431372549 0.2196078431372549
            ambientIntensity 0.326
            transparency 0.0
            shininess 0.5
        }
    }
    geometry IndexedFaceSet {
        ccw TRUE
        solid FALSE
        coord DEF co Coordinate {
            point [
                -0.2185 0.3779 0.3189, -0.1713 0.3779 0.3189, -0.2185 0.3779 0.2795, -0.1713 0.3779 0.2795
            ]
        }
        coordIndex [
            0,1,2,-1,2,1,3,-1,
        ]
    }
}
Shape{
    appearance Appearance {
        material  Material {
            diffuseColor 1.0 1.0 0.0
            specularColor 0.5019607843137255 0.5019607843137255 0.0
            ambientIntensity 0.886
            transparency 0.0
            shininess 0.5
        }
    }
    geometry IndexedFaceSet {
        ccw TRUE
        solid FALSE
        coord DEF co Coordinate {
            point [
                -0.2185 0.1417 0.3189, -0.2185 0.3779 0.3189, -0.2185 0.1417 0.2795, -0.2185 0.3779 0.2795, -0.1713 0.3779 0.3189, -0.1713 0.1417 0.3189, -0.3681 0.3779 0.3189, -0.3681 0.1417 0.3189, -0.3681 0.3779 0.2795, -0.3681 0.1417 0.2795
            ]
        }
        coordIndex [
            0,1,2,-1,2,1,3,-1,1,0,4,-1,4,0,5,-1,6,7,8,-1,8,7,9,-1,
        ]
    }
}
Shape{
    appearance Appearance {
        material  Material {
            diffuseColor 0.5019607843137255 0.25098039215686274 0.25098039215686274
            specularColor 0.44313725490196076 0.2196078431372549 0.2196078431372549
            ambientIntensity 0.326
            transparency 0.0
            shininess 0.5
        }
    }
    geometry IndexedFaceSet {
        ccw TRUE
        solid FALSE
        coord DEF co Coordinate {
            point [
                -0.4154 0.3779 0.3189, -0.3681 0.3779 0.3189, -0.4154 0.3779 0.2795, -0.3681 0.3779 0.2795
            ]
        }
        coordIndex [
            0,1,2,-1,2,1,3,-1,
        ]
    }
}
Shape{
    appearance Appearance {
        material  Material {
            diffuseColor 1.0 1.0 0.0
            specularColor 0.5019607843137255 0.5019607843137255 0.0
            ambientIntensity 0.886
            transparency 0.0
            shininess 0.5
        }
    }
    geometry IndexedFaceSet {
        ccw TRUE
        solid FALSE
        coord DEF co Coordinate {
            point [
                -0.4154 0.1417 0.3189, -0.4154 0.3779 0.3189, -0.4154 0.1417 0.2795, -0.4154 0.3779 0.2795, -0.3681 0.3779 0.3189, -0.3681 0.1417 0.3189, 0.4193 0.3779 0.3189, 0.4193 0.1417 0.3189, 0.4193 0.3779 0.2795, 0.4193 0.1417 0.2795
            ]
        }
        coordIndex [
            0,1,2,-1,2,1,3,-1,1,0,4,-1,4,0,5,-1,6,7,8,-1,8,7,9,-1,
        ]
    }
}
Shape{
    appearance Appearance {
        material  Material {
            diffuseColor 0.5019607843137255 0.25098039215686274 0.25098039215686274
            specularColor 0.44313725490196076 0.2196078431372549 0.2196078431372549
            ambientIntensity 0.326
            transparency 0.0
            shininess 0.5
        }
    }
    geometry IndexedFaceSet {
        ccw TRUE
        solid FALSE
        coord DEF co Coordinate {
            point [
                0.372 0.3779 0.3189, 0.4193 0.3779 0.3189, 0.372 0.3779 0.2795, 0.4193 0.3779 0.2795
            ]
        }
        coordIndex [
            0,1,2,-1,2,1,3,-1,
        ]
    }
}
Shape{
    appearance Appearance {
        material  Material {
            diffuseColor 1.0 1.0 0.0
            specularColor 0.5019607843137255 0.5019607843137255 0.0
            ambientIntensity 0.886
            transparency 0.0
            shininess 0.5
        }
    }
    geometry IndexedFaceSet {
        ccw TRUE
        solid FALSE
        coord DEF co Coordinate {
            point [
                0.372 0.1417 0.3189, 0.372 0.3779 0.3189, 0.372 0.1417 0.2795, 0.372 0.3779 0.2795, 0.4193 0.3779 0.3189, 0.4193 0.1417 0.3189
            ]
        }
        coordIndex [
            0,1,2,-1,2,1,3,-1,1,0,4,-1,4,0,5,-1,
        ]
    }
}
Shape{
    appearance Appearance {
        material  Material {
            diffuseColor 1.0 1.0 1.0
            specularColor 0.5019607843137255 0.5019607843137255 0.5019607843137255
            ambientIntensity 1.0
            transparency 0.0
            shininess 0.5
        }
    }
    geometry IndexedFaceSet {
        ccw TRUE
        solid FALSE
        coord DEF co Coordinate {
            point [
                0.3681 0.2598 0.2795, 0.372 0.1417 0.2795, 0.372 0.3779 0.2795, -0.0217 0.3779 0.2795, -0.0256 0.4173 0.2795, -0.0256 0.2598 0.2795, 0.2224 0.1417 0.2795, 0.2264 0.2598 0.2795, 0.2224 0.3779 0.2795, 0.2264 0.4173 0.2795, 0.1752 0.3779 0.2795, 0.1713 0.4173 0.2795, 0.1713 0.2598 0.2795, 0.8425 0.5945 0.2795, 0.7638 0.5945 0.2795, 0.8425 0.2598 0.2795, 0.7638 0.3583 0.2795, 0.7835 0.2598 0.2795, 0.6909 0.3583 0.2795, 0.7835 0.1417 0.2795, 0.6909 0.2598 0.2795, 0.4193 0.1417 0.2795, 0.4232 0.2598 0.2795, 0.4193 0.3779 0.2795, 0.4232 0.4173 0.2795, 0.3681 0.4173 0.2795, 0.0295 0.4173 0.2795, 0.0256 0.3779 0.2795, 0.0295 0.2598 0.2795, 0.0256 0.1417 0.2795, 0.1752 0.1417 0.2795, -0.2185 0.3779 0.2795, -0.2224 0.4173 0.2795, -0.2224 0.2598 0.2795, -0.1673 0.4173 0.2795, -0.1713 0.3779 0.2795, -0.1673 0.2598 0.2795, -0.1713 0.1417 0.2795, -0.0217 0.1417 0.2795, -0.4154 0.3779 0.2795, -0.4193 0.4173 0.2795, -0.4193 0.2598 0.2795, -0.3642 0.4173 0.2795, -0.3681 0.3779 0.2795, -0.3642 0.2598 0.2795, -0.3681 0.1417 0.2795, -0.2185 0.1417 0.2795, -0.7598 0.5945 0.2795, -0.8386 0.5945 0.2795, -0.7598 0.3583 0.2795, -0.8386 0.2598 0.2795, -0.687 0.3583 0.2795, -0.7795 0.2598 0.2795, -0.687 0.2598 0.2795, -0.7795 0.1417 0.2795, -0.4154 0.1417 0.2795, -0.7598 0.5945 0.0335, -0.7598 0.3583 0.0335
            ]
        }
        coordIndex [
            0,1,2,-1,3,4,5,-1,1,0,6,-1,6,0,7,-1,6,7,8,-1,8,7,9,-1,8,9,10,-1,10,9,11,-1,10,11,12,-1,13,14,15,-1,15,14,16,-1,15,16,17,-1,17,16,18,-1,17,18,19,-1,19,18,20,-1,19,20,21,-1,21,20,22,-1,21,22,23,-1,23,22,24,-1,23,24,2,-1,2,24,25,-1,2,25,0,-1,4,3,26,-1,26,3,27,-1,26,27,28,-1,28,27,29,-1,28,29,12,-1,12,29,30,-1,12,30,10,-1,31,32,33,-1,32,31,34,-1,34,31,35,-1,34,35,36,-1,36,35,37,-1,36,37,5,-1,5,37,38,-1,5,38,3,-1,39,40,41,-1,40,39,42,-1,42,39,43,-1,42,43,44,-1,44,43,45,-1,44,45,33,-1,33,45,46,-1,33,46,31,-1,47,48,49,-1,49,48,50,-1,49,50,51,-1,51,50,52,-1,51,52,53,-1,53,52,54,-1,53,54,41,-1,41,54,55,-1,41,55,39,-1,56,47,57,-1,57,47,49,-1,
        ]
    }
}
Shape{
    appearance Appearance {
        material  Material {
            diffuseColor 0.25098039215686274 0.25098039215686274 0.25098039215686274
            specularColor 0.12549019607843137 0.12549019607843137 0.12549019607843137
            ambientIntensity 0.251
            transparency 0.0
            shininess 0.5
        }
    }
    geometry IndexedFaceSet {
        ccw TRUE
        solid FALSE
        coord DEF co Coordinate {
            point [
                -0.7205 0.3583 0.2992, -0.7205 0.3583 0.3976, -0.687 0.3583 0.2992, -0.6083 0.3583 0.3976, -0.6083 0.3583 0.2992
            ]
        }
        coordIndex [
            0,1,2,-1,2,1,3,-1,2,3,4,-1,
        ]
    }
}
Shape{
    appearance Appearance {
        material  Material {
            diffuseColor 1.0 1.0 1.0
            specularColor 0.5019607843137255 0.5019607843137255 0.5019607843137255
            ambientIntensity 1.0
            transparency 0.0
            shininess 0.5
        }
    }
    geometry IndexedFaceSet {
        ccw TRUE
        solid FALSE
        coord DEF co Coordinate {
            point [
                0.7638 0.3583 0.2795, 0.7638 0.5945 0.2795, 0.7638 0.3583 0.0335, 0.7638 0.5945 0.0335
            ]
        }
        coordIndex [
            0,1,2,-1,2,1,3,-1,
        ]
    }
}
Shape{
    appearance Appearance {
        material  Material {
            diffuseColor 0.25098039215686274 0.25098039215686274 0.25098039215686274
            specularColor 0.12549019607843137 0.12549019607843137 0.12549019607843137
            ambientIntensity 0.251
            transparency 0.0
            shininess 0.5
        }
    }
    geometry IndexedFaceSet {
        ccw TRUE
        solid FALSE
        coord DEF co Coordinate {
            point [
                0.6122 0.3583 0.2992, 0.6122 0.3583 0.3976, 0.6909 0.3583 0.2992, 0.7244 0.3583 0.3976, 0.7244 0.3583 0.2992
            ]
        }
        coordIndex [
            0,1,2,-1,2,1,3,-1,2,3,4,-1,
        ]
    }
}
Shape{
    appearance Appearance {
        material  Material {
            diffuseColor 1.0 1.0 1.0
            specularColor 0.5019607843137255 0.5019607843137255 0.5019607843137255
            ambientIntensity 1.0
            transparency 0.0
            shininess 0.5
        }
    }
    geometry IndexedFaceSet {
        ccw TRUE
        solid FALSE
        coord DEF co Coordinate {
            point [
                0.7835 0.2598 0.2795, 0.7835 0.1417 0.2795, 0.7835 0.2598 0.2992, 0.7835 0.1417 0.3976, 0.7835 0.3583 0.2992, 0.7835 0.3583 0.3976, -0.7795 0.3583 0.2992, -0.7795 0.3583 0.3976, -0.7795 0.2598 0.2992, -0.7795 0.1417 0.3976, -0.7795 0.2598 0.2795, -0.7795 0.1417 0.2795, -0.6083 -0.0472 0.2216, -0.6083 -0.0472 0.0827, -0.6083 0.6614 0.2216, -0.6083 0.7402 0.0827, -0.6083 0.7402 0.2355, 0.6122 -0.0472 0.0827, 0.6122 -0.0472 0.2216, 0.6122 0.7402 0.0827, 0.6122 0.6614 0.2216, 0.6122 0.7402 0.2355, -0.687 0.7402 0.2992, -0.6083 0.7402 0.2992, -0.1634 0.7402 0.0514, -0.1634 0.7402 0.0827, -0.0295 0.7402 0.0827, -0.687 0.7402 0.0335, -0.6417 0.7402 0.0335, -0.4232 0.7402 0.0827, -0.4232 0.7402 0.0514, -0.6417 0.7402 0.0039, -0.3602 0.7402 0.0514, -0.3602 0.7402 0.0827, -0.2264 0.7402 0.0827, -0.2264 0.7402 0.0514, -0.0295 0.7402 0.0514, 0.0335 0.7402 0.0827, 0.1673 0.7402 0.0827, 0.0335 0.7402 0.0514, 0.1673 0.7402 0.0514, 0.2303 0.7402 0.0514, 0.6457 0.7402 0.0039, 0.6122 0.7402 0.2992, 0.6909 0.7402 0.2992, 0.4272 0.7402 0.0514, 0.4272 0.7402 0.0827, 0.2303 0.7402 0.0827, 0.3642 0.7402 0.0827, 0.3642 0.7402 0.0514, 0.6457 0.7402 0.0335, 0.6909 0.7402 0.0335
            ]
        }
        coordIndex [
            0,1,2,-1,2,1,3,-1,2,3,4,-1,4,3,5,-1,6,7,8,-1,8,7,9,-1,8,9,10,-1,10,9,11,-1,12,13,14,-1,14,13,15,-1,14,15,16,-1,17,18,19,-1,19,18,20,-1,19,20,21,-1,22,23,16,-1,24,25,26,-1,22,16,27,-1,27,16,15,-1,27,15,28,-1,15,29,28,-1,28,29,30,-1,28,30,31,-1,31,30,32,-1,33,34,32,-1,32,34,35,-1,32,35,31,-1,31,35,24,-1,31,24,36,-1,36,24,26,-1,37,38,39,-1,39,38,40,-1,41,42,40,-1,40,42,31,-1,40,31,39,-1,39,31,36,-1,21,43,44,-1,21,44,19,-1,45,46,19,-1,47,48,41,-1,41,48,49,-1,41,49,42,-1,42,49,45,-1,42,45,50,-1,50,45,19,-1,50,19,51,-1,51,19,44,-1,
        ]
    }
}
Shape{
    appearance Appearance {
        material  Material {
            diffuseColor 0.0 0.0 0.0
            specularColor 0.0 0.0 0.0
            ambientIntensity 0.0
            transparency 0.0
            shininess 0.5
        }
    }
    geometry IndexedFaceSet {
        ccw TRUE
        solid FALSE
        coord DEF co Coordinate {
            point [
                -0.2244 0.5142 0.2216, -0.2244 -0.0472 0.2216, -0.3622 -0.0472 0.2216, -0.4213 -0.0472 0.2216, -0.6083 -0.0472 0.2216, -0.4213 0.5142 0.2216, -0.6083 0.6614 0.2216, -0.3622 0.5142 0.2216, 0.6122 0.6614 0.2216, 0.6122 -0.0472 0.2216, 0.4252 -0.0472 0.2216, 0.4252 0.5142 0.2216, 0.3661 0.5142 0.2216, 0.3661 -0.0472 0.2216, 0.2283 -0.0472 0.2216, 0.2283 0.5142 0.2216, 0.1693 0.5142 0.2216, 0.1693 -0.0472 0.2216, 0.0315 -0.0472 0.2216, 0.0315 0.5142 0.2216, -0.0276 0.5142 0.2216, -0.0276 -0.0472 0.2216, -0.1654 -0.0472 0.2216, -0.1654 0.5142 0.2216
            ]
        }
        coordIndex [
            0,1,2,-1,3,4,5,-1,5,4,6,-1,5,6,7,-1,7,6,8,-1,9,10,8,-1,8,10,11,-1,8,11,12,-1,13,14,12,-1,12,14,15,-1,12,15,8,-1,8,15,16,-1,17,18,16,-1,16,18,19,-1,16,19,8,-1,8,19,20,-1,21,22,20,-1,20,22,23,-1,20,23,8,-1,8,23,0,-1,8,0,7,-1,7,0,2,-1,
        ]
    }
}
Shape{
    appearance Appearance {
        material  Material {
            diffuseColor 1.0 1.0 1.0
            specularColor 0.5019607843137255 0.5019607843137255 0.5019607843137255
            ambientIntensity 1.0
            transparency 0.0
            shininess 0.5
        }
    }
    geometry IndexedFaceSet {
        ccw TRUE
        solid FALSE
        coord DEF co Coordinate {
            point [
                0.4272 -0.0472 0.0827, 0.6122 -0.0472 0.0827, 0.4272 0.7402 0.0827, 0.6122 0.7402 0.0827, -0.4232 -0.0472 0.0827, -0.6083 -0.0472 0.0827, -0.6083 -0.0472 0.2216, -0.4213 -0.0472 0.2216, -0.4213 -0.0472 0.052, -0.4232 -0.0472 0.0514, -0.3622 -0.0472 0.052, -0.3602 -0.0472 0.0514, -0.3602 -0.0472 0.0827, -0.3622 -0.0472 0.2216, -0.2264 -0.0472 0.0827, -0.2244 -0.0472 0.2216, -0.2244 -0.0472 0.052, -0.2264 -0.0472 0.0514, -0.1654 -0.0472 0.052, -0.1634 -0.0472 0.0514, -0.1634 -0.0472 0.0827, -0.1654 -0.0472 0.2216, -0.0295 -0.0472 0.0827, -0.0276 -0.0472 0.2216, -0.0276 -0.0472 0.052, -0.0295 -0.0472 0.0514, 0.0315 -0.0472 0.052, 0.0335 -0.0472 0.0514, 0.0335 -0.0472 0.0827, 0.0315 -0.0472 0.2216, 0.1673 -0.0472 0.0827, 0.3642 -0.0472 0.0827, 0.3661 -0.0472 0.052, 0.3642 -0.0472 0.0514, 0.4252 -0.0472 0.052, 0.6122 -0.0472 0.2216, 0.4252 -0.0472 0.2216, 0.4272 -0.0472 0.0514, 0.1693 -0.0472 0.2216, 0.1693 -0.0472 0.052, 0.1673 -0.0472 0.0514, 0.2283 -0.0472 0.052, 0.2303 -0.0472 0.0514, 0.2303 -0.0472 0.0827, 0.2283 -0.0472 0.2216, 0.3661 -0.0472 0.2216, 0.1673 0.7402 0.0514, 0.1673 0.7402 0.0827, 0.2303 0.7402 0.0514, 0.2303 0.7402 0.0827, 0.3642 0.7402 0.0514, 0.3642 0.7402 0.0827, 0.4272 0.7402 0.0514, -0.0295 0.7402 0.0514, -0.0295 0.7402 0.0827, 0.0335 0.7402 0.0514, 0.0335 0.7402 0.0827, -0.2264 0.7402 0.0514, -0.2264 0.7402 0.0827, -0.1634 0.7402 0.0514, -0.1634 0.7402 0.0827, -0.4232 0.7402 0.0514, -0.4232 0.7402 0.0827, -0.3602 0.7402 0.0514, -0.3602 0.7402 0.0827, -0.8386 0.2677 0.0335, -0.6417 0.2677 0.0335, -0.8386 0.2677 0.0039, -0.6417 0.2677 0.0039, -0.6417 0.7402 0.0335, -0.6417 0.7402 0.0039, -0.687 0.7402 0.0335, -0.687 0.3583 0.0335, -0.7598 0.3583 0.0335, -0.7598 0.5945 0.0335, -0.8386 0.5945 0.0335, 0.8425 0.2677 0.0335, 0.8425 0.2677 0.0039, 0.6457 0.2677 0.0335, 0.6457 0.2677 0.0039, 0.6457 0.7402 0.0335, 0.6457 0.7402 0.0039, 0.7638 0.5945 0.0335, 0.8425 0.5945 0.0335, 0.7638 0.3583 0.0335, 0.6909 0.3583 0.0335, 0.6909 0.7402 0.0335, -0.7795 0.2598 0.2992, -0.7795 0.2598 0.2795, -0.8386 0.2598 0.2992, -0.8386 0.2598 0.2795, -0.7795 0.3583 0.2992, -0.8386 0.3583 0.2992, 0.7835 0.2598 0.2795, 0.7835 0.2598 0.2992, 0.8425 0.2598 0.2795, 0.8425 0.2598 0.2992, 0.7835 0.3583 0.2992, 0.8425 0.3583 0.2992, 0.6909 0.3583 0.2992, 0.7244 0.3583 0.2992, 0.6909 0.2598 0.2992, 0.7244 0.2598 0.2992, -0.687 0.2598 0.2992, -0.7205 0.2598 0.2992, -0.687 0.3583 0.2992, -0.7205 0.3583 0.2992
            ]
        }
        coordIndex [
            0,1,2,-1,2,1,3,-1,4,5,6,-1,6,7,4,-1,4,7,8,-1,4,8,9,-1,9,8,10,-1,9,10,11,-1,11,10,12,-1,12,10,13,-1,12,13,14,-1,13,15,14,-1,14,15,16,-1,14,16,17,-1,17,16,18,-1,17,18,19,-1,19,18,20,-1,20,18,21,-1,20,21,22,-1,21,23,22,-1,22,23,24,-1,22,24,25,-1,25,24,26,-1,25,26,27,-1,27,26,28,-1,28,26,29,-1,28,29,30,-1,31,32,33,-1,33,32,34,-1,35,1,36,-1,36,1,0,-1,36,0,34,-1,34,0,37,-1,34,37,33,-1,29,38,30,-1,30,38,39,-1,30,39,40,-1,40,39,41,-1,40,41,42,-1,42,41,43,-1,43,41,44,-1,43,44,31,-1,31,44,45,-1,31,45,32,-1,46,47,40,-1,40,47,30,-1,42,43,48,-1,48,43,49,-1,40,42,46,-1,46,42,48,-1,50,51,33,-1,33,51,31,-1,37,0,52,-1,52,0,2,-1,33,37,50,-1,50,37,52,-1,53,54,25,-1,25,54,22,-1,27,28,55,-1,55,28,56,-1,25,27,53,-1,53,27,55,-1,57,58,17,-1,17,58,14,-1,19,20,59,-1,59,20,60,-1,17,19,57,-1,57,19,59,-1,61,62,9,-1,9,62,4,-1,11,12,63,-1,63,12,64,-1,9,11,61,-1,61,11,63,-1,65,66,67,-1,67,66,68,-1,69,70,66,-1,66,70,68,-1,71,69,72,-1,72,69,66,-1,72,66,73,-1,73,66,65,-1,73,65,74,-1,74,65,75,-1,76,77,78,-1,78,77,79,-1,78,79,80,-1,80,79,81,-1,82,83,84,-1,84,83,76,-1,84,76,85,-1,85,76,78,-1,85,78,86,-1,86,78,80,-1,87,88,89,-1,89,88,90,-1,87,89,91,-1,91,89,92,-1,93,94,95,-1,95,94,96,-1,97,98,94,-1,94,98,96,-1,99,100,101,-1,101,100,102,-1,103,104,105,-1,105,104,106,-1,
        ]
    }
}
Shape{
    appearance Appearance {
        material  Material {
            diffuseColor 0.0 0.0 0.0
            specularColor 0.0 0.0 0.0
            ambientIntensity 0.0
            transparency 0.0
            shininess 0.5
        }
    }
    geometry IndexedFaceSet {
        ccw TRUE
        solid FALSE
        coord DEF co Coordinate {
            point [
                -0.8425 -0.1554 0.1278, -0.8425 -0.1554 0.1236, -0.8386 -0.1554 0.1278, -0.8386 -0.1554 0.1236, -0.8425 -0.1406 0.1278, -0.8386 -0.1406 0.1278, -0.8425 -0.1406 0.1607, -0.8386 -0.1406 0.1607, -0.8425 -0.1359 0.1607, -0.8386 -0.1359 0.1607, -0.8425 -0.1359 0.1236, -0.8386 -0.1359 0.1236, -0.8386 -0.1847 0.1251, -0.8425 -0.1847 0.1251, -0.8425 -0.184 0.1248, -0.8425 -0.1744 0.123, -0.8386 -0.1744 0.123, -0.8425 -0.1801 0.1235, -0.8386 -0.1777 0.1233, -0.8386 -0.1801 0.1235, -0.8386 -0.1831 0.1245, -0.8386 -0.184 0.1248, -0.8425 -0.1847 0.1297, -0.8386 -0.1847 0.1297, -0.8386 -0.1831 0.129, -0.8425 -0.181 0.1281, -0.8386 -0.181 0.1281, -0.8386 -0.1768 0.1273, -0.8425 -0.1768 0.1273, -0.8386 -0.1751 0.1272, -0.8425 -0.1751 0.1272, -0.8386 -0.1718 0.1276, -0.8425 -0.1718 0.1276, -0.8386 -0.1691 0.1285, -0.8425 -0.1691 0.1285, -0.8386 -0.1666 0.1302, -0.8425 -0.1666 0.1302, -0.8386 -0.1656 0.1311, -0.8425 -0.1656 0.1311, -0.8386 -0.1639 0.1335, -0.8425 -0.1639 0.1335, -0.8386 -0.1626 0.1364, -0.8425 -0.1626 0.1364, -0.8386 -0.162 0.1401, -0.8425 -0.162 0.1401, -0.8386 -0.1619 0.1417, -0.8425 -0.1619 0.1417, -0.8386 -0.1626 0.1468, -0.8425 -0.1626 0.1468, -0.8386 -0.1638 0.15, -0.8425 -0.1638 0.15, -0.8386 -0.1656 0.1526, -0.8425 -0.1656 0.1526, -0.8386 -0.1658 0.1529, -0.8425 -0.1658 0.1529, -0.8386 -0.1682 0.1548, -0.8425 -0.1682 0.1548, -0.8386 -0.171 0.1562, -0.8425 -0.171 0.1562, -0.8386 -0.1742 0.1569, -0.8425 -0.1742 0.1569, -0.8386 -0.1759 0.157, -0.8425 -0.1759 0.157, -0.8386 -0.1847 0.1548, -0.8425 -0.1847 0.1548, -0.8425 -0.1843 0.155, -0.8386 -0.1805 0.1564, -0.8425 -0.1805 0.1564, -0.8386 -0.1831 0.1554, -0.8386 -0.1843 0.155, -0.8425 -0.1847 0.1598, -0.8386 -0.1847 0.1598, -0.8386 -0.1831 0.1602, -0.8425 -0.1807 0.1609, -0.8386 -0.1759 0.1613, -0.8425 -0.1759 0.1613, -0.8386 -0.1799 0.161, -0.8386 -0.1807 0.1609, -0.8386 -0.1733 0.161, -0.8425 -0.1705 0.1606, -0.8386 -0.1705 0.1606, -0.8386 -0.1667 0.1591, -0.8425 -0.1667 0.1591, -0.8386 -0.1632 0.1567, -0.8425 -0.1632 0.1567, -0.8386 -0.1623 0.1558, -0.8425 -0.1623 0.1558, -0.8386 -0.1596 0.1523, -0.8425 -0.1596 0.1523, -0.8386 -0.1586 0.15, -0.8425 -0.1578 0.1482, -0.8386 -0.1578 0.1482, -0.8386 -0.157 0.1434, -0.8425 -0.157 0.1434, -0.8386 -0.1569 0.1414, -0.8425 -0.1569 0.1414, -0.8386 -0.1576 0.1354, -0.8425 -0.1576 0.1354, -0.8386 -0.1586 0.133, -0.8425 -0.1592 0.1315, -0.8386 -0.1592 0.1315, -0.8386 -0.1614 0.1284, -0.8425 -0.1614 0.1284, -0.8386 -0.1617 0.128, -0.8425 -0.1617 0.128, -0.8425 -0.1715 0.1231, -0.8386 -0.1642 0.1259, -0.8425 -0.1642 0.1259, -0.8386 -0.1676 0.1241, -0.8425 -0.1676 0.1241, -0.8386 -0.171 0.1233, -0.8386 -0.1715 0.1231, -0.8425 -0.212 0.1278, -0.8425 -0.212 0.1236, -0.8386 -0.212 0.1278, -0.8386 -0.212 0.1236, -0.8386 -0.1969 0.1278, -0.8425 -0.1969 0.1278, -0.8386 -0.2069 0.1278, -0.8425 -0.1969 0.1403, -0.8386 -0.1969 0.1403, -0.8425 -0.2101 0.1403, -0.8386 -0.2069 0.1403, -0.8386 -0.2101 0.1403, -0.8425 -0.2101 0.1445, -0.8386 -0.2101 0.1445, -0.8386 -0.1969 0.1445, -0.8425 -0.1969 0.1445, -0.8386 -0.2069 0.1445, -0.8425 -0.1969 0.1564, -0.8386 -0.1969 0.1564, -0.8425 -0.2112 0.1564, -0.8386 -0.2069 0.1564, -0.8386 -0.2112 0.1564, -0.8425 -0.2112 0.1607, -0.8386 -0.2112 0.1607, -0.8386 -0.1921 0.1607, -0.8425 -0.1921 0.1607, -0.8386 -0.2069 0.1607, -0.8425 -0.1921 0.1236, -0.8386 -0.1921 0.1236, -0.8386 -0.2069 0.1236, -0.8425 -0.2436 0.1288, -0.8425 -0.2398 0.1313, -0.8425 -0.2397 0.126, -0.8425 -0.2374 0.1296, -0.8425 -0.2355 0.1244, -0.8425 -0.2343 0.1284, -0.8425 -0.2292 0.1236, -0.8425 -0.2292 0.1278, -0.8425 -0.219 0.1236, -0.8425 -0.2238 0.1278, -0.8425 -0.219 0.1607, -0.8425 -0.2238 0.1564, -0.8425 -0.2296 0.1607, -0.8425 -0.2294 0.1564, -0.8425 -0.2297 0.1564, -0.8425 -0.2353 0.16, -0.8425 -0.2345 0.1558, -0.8425 -0.2397 0.1584, -0.8425 -0.2377 0.1546, -0.8425 -0.2436 0.1558, -0.8425 -0.2401 0.1529, -0.8425 -0.2449 0.1545, -0.8425 -0.2412 0.1519, -0.8425 -0.2472 0.1512, -0.8425 -0.2426 0.1498, -0.8425 -0.2486 0.1477, -0.8425 -0.2436 0.1471, -0.8425 -0.2492 0.1426, -0.8425 -0.2442 0.1425, -0.8425 -0.2491 0.1402, -0.8425 -0.244 0.14, -0.8425 -0.2482 0.1359, -0.8425 -0.2433 0.1366, -0.8425 -0.2464 0.1321, -0.8425 -0.242 0.1339, -0.8425 -0.2402 0.1317, -0.8386 -0.2292 0.1236, -0.8386 -0.219 0.1236, -0.8386 -0.2355 0.1244, -0.8386 -0.2397 0.126, -0.8386 -0.2436 0.1288, -0.8386 -0.2464 0.1321, -0.8386 -0.2482 0.1359, -0.8386 -0.2491 0.1402, -0.8386 -0.2492 0.1426, -0.8386 -0.2486 0.1477, -0.8386 -0.2472 0.1512, -0.8386 -0.2449 0.1545, -0.8386 -0.2436 0.1558, -0.8386 -0.2397 0.1584, -0.8386 -0.2353 0.16, -0.8386 -0.2296 0.1607, -0.8386 -0.219 0.1607, -0.8386 -0.2294 0.1564, -0.8386 -0.2238 0.1564, -0.8386 -0.2238 0.1278, -0.8386 -0.2292 0.1278, -0.8386 -0.2402 0.1317, -0.8386 -0.2398 0.1313, -0.8386 -0.2374 0.1296, -0.8386 -0.2343 0.1284, -0.8386 -0.2442 0.1425, -0.8386 -0.244 0.14, -0.8386 -0.2433 0.1366, -0.8386 -0.242 0.1339, -0.8386 -0.2401 0.1529, -0.8386 -0.2412 0.1519, -0.8386 -0.2426 0.1498, -0.8386 -0.2436 0.1471, -0.8386 -0.2297 0.1564, -0.8386 -0.2345 0.1558, -0.8386 -0.2377 0.1546
            ]
        }
        coordIndex [
            0,1,2,-1,2,1,3,-1,4,0,5,-1,5,0,2,-1,6,4,7,-1,7,4,5,-1,8,6,9,-1,9,6,7,-1,10,8,11,-1,11,8,9,-1,1,10,3,-1,3,10,11,-1,6,8,4,-1,4,8,10,-1,4,10,0,-1,0,10,1,-1,12,13,14,-1,15,16,17,-1,17,16,18,-1,18,19,17,-1,17,19,20,-1,17,20,14,-1,14,20,21,-1,14,21,12,-1,22,13,23,-1,23,13,12,-1,22,23,24,-1,22,24,25,-1,24,26,25,-1,25,26,27,-1,25,27,28,-1,28,27,29,-1,28,29,30,-1,30,29,31,-1,30,31,32,-1,32,31,33,-1,32,33,34,-1,34,33,35,-1,34,35,36,-1,36,35,37,-1,36,37,38,-1,38,37,39,-1,38,39,40,-1,40,39,41,-1,40,41,42,-1,42,41,43,-1,42,43,44,-1,44,43,45,-1,44,45,46,-1,46,45,47,-1,46,47,48,-1,48,47,49,-1,48,49,50,-1,50,49,51,-1,50,51,52,-1,52,51,53,-1,52,53,54,-1,54,53,55,-1,54,55,56,-1,56,55,57,-1,56,57,58,-1,58,57,59,-1,58,59,60,-1,60,59,61,-1,60,61,62,-1,63,64,65,-1,62,61,66,-1,62,66,67,-1,67,66,68,-1,67,68,65,-1,65,68,69,-1,65,69,63,-1,70,64,71,-1,71,64,63,-1,70,71,72,-1,70,72,73,-1,74,75,76,-1,76,75,73,-1,76,73,77,-1,77,73,72,-1,75,74,78,-1,75,78,79,-1,78,80,79,-1,79,80,81,-1,79,81,82,-1,82,81,83,-1,82,83,84,-1,84,83,85,-1,84,85,86,-1,86,85,87,-1,86,87,88,-1,88,87,89,-1,88,89,90,-1,89,91,90,-1,90,91,92,-1,90,92,93,-1,93,92,94,-1,93,94,95,-1,95,94,96,-1,95,96,97,-1,97,96,98,-1,97,98,99,-1,98,100,99,-1,99,100,101,-1,99,101,102,-1,102,101,103,-1,102,103,104,-1,16,15,105,-1,104,103,106,-1,104,106,107,-1,107,106,108,-1,107,108,109,-1,109,108,110,-1,109,110,105,-1,105,110,111,-1,105,111,16,-1,48,50,88,-1,88,50,86,-1,95,46,93,-1,93,46,48,-1,93,48,90,-1,90,48,88,-1,50,52,86,-1,86,52,54,-1,86,54,84,-1,84,54,56,-1,84,56,82,-1,82,56,79,-1,79,56,58,-1,79,58,75,-1,13,22,14,-1,14,22,25,-1,14,25,17,-1,17,25,28,-1,17,28,15,-1,15,28,30,-1,15,30,105,-1,105,30,32,-1,105,32,109,-1,109,32,34,-1,109,34,107,-1,107,34,36,-1,107,36,104,-1,104,36,38,-1,104,38,102,-1,102,38,40,-1,102,40,99,-1,99,40,97,-1,97,40,42,-1,97,42,95,-1,95,42,44,-1,95,44,46,-1,58,60,75,-1,75,60,62,-1,75,62,73,-1,73,62,67,-1,73,67,70,-1,70,67,65,-1,70,65,64,-1,112,113,114,-1,114,113,115,-1,116,117,118,-1,118,117,112,-1,118,112,114,-1,119,117,120,-1,120,117,116,-1,119,120,121,-1,121,120,122,-1,121,122,123,-1,124,121,125,-1,125,121,123,-1,126,127,128,-1,128,127,124,-1,128,124,125,-1,129,127,130,-1,130,127,126,-1,129,130,131,-1,131,130,132,-1,131,132,133,-1,134,131,135,-1,135,131,133,-1,136,137,138,-1,138,137,134,-1,138,134,135,-1,139,137,140,-1,140,137,136,-1,139,140,113,-1,113,140,141,-1,113,141,115,-1,113,112,139,-1,139,112,117,-1,121,124,119,-1,119,124,127,-1,131,134,129,-1,129,134,137,-1,129,137,127,-1,127,137,139,-1,127,139,119,-1,119,139,117,-1,142,143,144,-1,144,143,145,-1,144,145,146,-1,146,145,147,-1,146,147,148,-1,148,147,149,-1,148,149,150,-1,150,149,151,-1,150,151,152,-1,152,151,153,-1,152,153,154,-1,153,155,154,-1,154,155,156,-1,154,156,157,-1,157,156,158,-1,157,158,159,-1,159,158,160,-1,159,160,161,-1,161,160,162,-1,161,162,163,-1,163,162,164,-1,163,164,165,-1,165,164,166,-1,165,166,167,-1,167,166,168,-1,167,168,169,-1,169,168,170,-1,169,170,171,-1,171,170,172,-1,171,172,173,-1,173,172,174,-1,173,174,175,-1,175,174,176,-1,175,176,142,-1,142,176,177,-1,142,177,143,-1,148,150,178,-1,178,150,179,-1,148,178,180,-1,148,180,146,-1,146,180,181,-1,146,181,144,-1,144,181,182,-1,144,182,142,-1,142,182,183,-1,142,183,175,-1,175,183,184,-1,175,184,173,-1,173,184,185,-1,173,185,171,-1,171,185,186,-1,171,186,169,-1,169,186,187,-1,169,187,167,-1,167,187,188,-1,167,188,165,-1,165,188,189,-1,165,189,163,-1,163,189,190,-1,163,190,161,-1,161,190,191,-1,161,191,159,-1,159,191,192,-1,159,192,157,-1,157,192,193,-1,157,193,154,-1,152,154,194,-1,194,154,193,-1,150,152,179,-1,179,152,194,-1,155,153,195,-1,195,153,196,-1,153,151,196,-1,196,151,197,-1,151,149,197,-1,197,149,198,-1,177,199,200,-1,177,200,143,-1,143,200,201,-1,143,201,145,-1,145,201,202,-1,145,202,147,-1,147,202,198,-1,147,198,149,-1,170,203,204,-1,170,204,172,-1,172,204,205,-1,172,205,174,-1,174,205,206,-1,174,206,176,-1,176,206,199,-1,176,199,177,-1,162,207,208,-1,162,208,164,-1,164,208,209,-1,164,209,166,-1,166,209,210,-1,166,210,168,-1,168,210,203,-1,168,203,170,-1,155,195,211,-1,155,211,156,-1,156,211,212,-1,156,212,158,-1,158,212,213,-1,158,213,160,-1,160,213,207,-1,160,207,162,-1,
        ]
    }
}
Shape{
    appearance Appearance {
        material  Material {
            diffuseColor 1.0 1.0 1.0
            specularColor 0.5019607843137255 0.5019607843137255 0.5019607843137255
            ambientIntensity 1.0
            transparency 0.0
            shininess 0.5
        }
    }
    geometry IndexedFaceSet {
        ccw TRUE
        solid FALSE
        coord DEF co Coordinate {
            point [
                -0.8386 -0.2374 0.1296, -0.8386 -0.2398 0.1313, -0.8386 -0.2297 0.1564, -0.8386 -0.2238 0.1564, -0.8386 -0.2238 0.1278, -0.8386 -0.2294 0.1564, -0.8386 -0.2292 0.1278, -0.8386 -0.2343 0.1284, -0.8386 -0.2402 0.1317, -0.8386 -0.242 0.1339, -0.8386 -0.2433 0.1366, -0.8386 -0.2442 0.1425, -0.8386 -0.2401 0.1529, -0.8386 -0.2377 0.1546, -0.8386 -0.2436 0.1471, -0.8386 -0.2426 0.1498, -0.8386 -0.2412 0.1519, -0.8386 -0.244 0.14, -0.8386 -0.2345 0.1558
            ]
        }
        coordIndex [
            0,1,2,-1,3,4,5,-1,5,4,6,-1,5,6,2,-1,2,6,7,-1,2,7,0,-1,1,8,2,-1,2,8,9,-1,2,9,10,-1,11,12,13,-1,14,15,11,-1,11,15,16,-1,11,16,12,-1,10,17,2,-1,2,17,11,-1,2,11,18,-1,18,11,13,-1,
        ]
    }
}
Shape{
    appearance Appearance {
        material  Material {
            diffuseColor 0.0 0.0 0.0
            specularColor 0.0 0.0 0.0
            ambientIntensity 0.0
            transparency 0.0
            shininess 0.5
        }
    }
    geometry IndexedFaceSet {
        ccw TRUE
        solid FALSE
        coord DEF co Coordinate {
            point [
                -0.8425 -0.2616 0.1379, -0.8425 -0.2672 0.1533, -0.8425 -0.2654 0.1607, -0.8425 -0.2513 0.1236, -0.8425 -0.2566 0.1236, -0.8425 -0.2601 0.1337, -0.8425 -0.2675 0.1544, -0.8425 -0.2678 0.1559, -0.8425 -0.2705 0.1607, -0.8425 -0.2679 0.1559, -0.8425 -0.2682 0.1544, -0.8425 -0.2685 0.1533, -0.8425 -0.2741 0.1379, -0.8425 -0.2846 0.1236, -0.8425 -0.2793 0.1236, -0.8425 -0.2756 0.1337, -0.8386 -0.2705 0.1607, -0.8386 -0.2846 0.1236, -0.8386 -0.2654 0.1607, -0.8386 -0.2513 0.1236, -0.8386 -0.262 0.1516, -0.8386 -0.2566 0.1236, -0.8386 -0.2601 0.1337, -0.8386 -0.2756 0.1337, -0.8386 -0.262 0.1337, -0.8386 -0.2793 0.1236, -0.8386 -0.2616 0.1379, -0.8386 -0.2741 0.1379, -0.8386 -0.2685 0.1533, -0.8386 -0.2679 0.1559, -0.8386 -0.2682 0.1544, -0.8386 -0.2678 0.1559, -0.8386 -0.2672 0.1533, -0.8386 -0.2675 0.1544
            ]
        }
        coordIndex [
            0,1,2,-1,3,4,5,-1,1,6,2,-1,2,6,7,-1,2,7,8,-1,8,7,9,-1,8,9,10,-1,10,11,8,-1,8,11,12,-1,8,12,13,-1,14,13,15,-1,15,13,12,-1,15,12,5,-1,5,12,0,-1,5,0,3,-1,3,0,2,-1,8,13,16,-1,16,13,17,-1,2,8,18,-1,18,8,16,-1,19,3,20,-1,20,3,2,-1,20,2,18,-1,4,3,21,-1,21,3,19,-1,5,4,22,-1,22,4,21,-1,23,15,24,-1,24,15,5,-1,24,5,22,-1,14,15,25,-1,25,15,23,-1,13,14,17,-1,17,14,25,-1,0,12,26,-1,26,12,27,-1,12,11,27,-1,27,11,28,-1,9,29,30,-1,9,30,10,-1,10,30,28,-1,10,28,11,-1,9,7,29,-1,29,7,31,-1,1,32,33,-1,1,33,6,-1,6,33,31,-1,6,31,7,-1,1,0,32,-1,32,0,26,-1,
        ]
    }
}
Shape{
    appearance Appearance {
        material  Material {
            diffuseColor 1.0 1.0 1.0
            specularColor 0.5019607843137255 0.5019607843137255 0.5019607843137255
            ambientIntensity 1.0
            transparency 0.0
            shininess 0.5
        }
    }
    geometry IndexedFaceSet {
        ccw TRUE
        solid FALSE
        coord DEF co Coordinate {
            point [
                -0.8386 -0.2679 0.1559, -0.8386 -0.2678 0.1559, -0.8386 -0.2682 0.1544, -0.8386 -0.2675 0.1544, -0.8386 -0.2685 0.1533, -0.8386 -0.2672 0.1533, -0.8386 -0.2741 0.1379, -0.8386 -0.2616 0.1379
            ]
        }
        coordIndex [
            0,1,2,-1,2,1,3,-1,2,3,4,-1,4,3,5,-1,4,5,6,-1,6,5,7,-1,
        ]
    }
}
Shape{
    appearance Appearance {
        material  Material {
            diffuseColor 0.0 0.0 0.0
            specularColor 0.0 0.0 0.0
            ambientIntensity 0.0
            transparency 0.0
            shininess 0.5
        }
    }
    geometry IndexedFaceSet {
        ccw TRUE
        solid FALSE
        coord DEF co Coordinate {
            point [
                -0.8425 -0.1558 0.069, -0.8425 -0.1558 0.0648, -0.8386 -0.1558 0.069, -0.8386 -0.1558 0.0648, -0.8425 -0.1406 0.069, -0.8386 -0.1406 0.069, -0.8425 -0.1406 0.0815, -0.8386 -0.1406 0.0815, -0.8425 -0.1539 0.0815, -0.8386 -0.1539 0.0815, -0.8425 -0.1539 0.0857, -0.8386 -0.1539 0.0857, -0.8425 -0.1406 0.0857, -0.8386 -0.1406 0.0857, -0.8425 -0.1406 0.0976, -0.8386 -0.1406 0.0976, -0.8425 -0.155 0.0976, -0.8386 -0.155 0.0976, -0.8425 -0.155 0.1019, -0.8386 -0.155 0.1019, -0.8425 -0.1359 0.1019, -0.8386 -0.1359 0.1019, -0.8425 -0.1359 0.0648, -0.8386 -0.1359 0.0648, -0.8425 -0.1769 0.0648, -0.8425 -0.1815 0.0648, -0.8425 -0.1769 0.0689, -0.8425 -0.1815 0.0818, -0.8425 -0.1769 0.0816, -0.8425 -0.1667 0.076, -0.8425 -0.1678 0.0766, -0.8425 -0.1767 0.0689, -0.8425 -0.1743 0.0696, -0.8425 -0.176 0.0677, -0.8425 -0.173 0.0687, -0.8425 -0.1707 0.0772, -0.8425 -0.1769 0.0781, -0.8425 -0.1769 0.0755, -0.8425 -0.1769 0.0752, -0.8425 -0.1766 0.0732, -0.8425 -0.1759 0.0715, -0.8425 -0.1749 0.0701, -0.8425 -0.1767 0.0837, -0.8425 -0.1812 0.0853, -0.8425 -0.1762 0.0853, -0.8425 -0.1804 0.0874, -0.8425 -0.1757 0.0863, -0.8425 -0.1795 0.0889, -0.8425 -0.175 0.087, -0.8425 -0.1783 0.0901, -0.8425 -0.1742 0.0876, -0.8425 -0.1767 0.091, -0.8425 -0.1731 0.0879, -0.8425 -0.1748 0.0916, -0.8425 -0.1715 0.0881, -0.8425 -0.1719 0.0919, -0.8425 -0.1685 0.0878, -0.8425 -0.1673 0.0913, -0.8425 -0.1656 0.0867, -0.8425 -0.1638 0.09, -0.8425 -0.1628 0.0849, -0.8425 -0.1628 0.0894, -0.8425 -0.1659 0.0696, -0.8425 -0.1625 0.0662, -0.8425 -0.1663 0.0692, -0.8425 -0.1641 0.0652, -0.8425 -0.1672 0.0685, -0.8425 -0.1659 0.0645, -0.8425 -0.1683 0.0681, -0.8425 -0.1686 0.0642, -0.8425 -0.1698 0.068, -0.8425 -0.171 0.0644, -0.8425 -0.1716 0.0682, -0.8425 -0.1729 0.0651, -0.8425 -0.1745 0.0662, -0.8425 -0.165 0.073, -0.8425 -0.1603 0.0725, -0.8425 -0.1649 0.0723, -0.8425 -0.1602 0.0719, -0.8425 -0.1651 0.0712, -0.8425 -0.1605 0.0698, -0.8425 -0.1654 0.0703, -0.8425 -0.161 0.0682, -0.8425 -0.162 0.0668, -0.8425 -0.169 0.0805, -0.8425 -0.1656 0.0797, -0.8425 -0.1662 0.0756, -0.8425 -0.1636 0.0787, -0.8425 -0.1656 0.0749, -0.8425 -0.1622 0.0775, -0.8425 -0.1652 0.0741, -0.8425 -0.1612 0.0761, -0.8425 -0.1606 0.0745, -0.8386 -0.1719 0.0919, -0.8386 -0.1673 0.0913, -0.8386 -0.1638 0.09, -0.8386 -0.1628 0.0894, -0.8386 -0.1628 0.0849, -0.8386 -0.1656 0.0867, -0.8386 -0.1685 0.0878, -0.8386 -0.1715 0.0881, -0.8386 -0.1731 0.0879, -0.8386 -0.1742 0.0876, -0.8386 -0.175 0.087, -0.8386 -0.1757 0.0863, -0.8386 -0.1762 0.0853, -0.8386 -0.1767 0.0837, -0.8386 -0.1769 0.0816, -0.8386 -0.169 0.0805, -0.8386 -0.1656 0.0797, -0.8386 -0.1636 0.0787, -0.8386 -0.1622 0.0775, -0.8386 -0.1612 0.0761, -0.8386 -0.1606 0.0745, -0.8386 -0.1603 0.0725, -0.8386 -0.1602 0.0719, -0.8386 -0.1605 0.0698, -0.8386 -0.161 0.0682, -0.8386 -0.162 0.0668, -0.8386 -0.1625 0.0662, -0.8386 -0.1686 0.0642, -0.8386 -0.1659 0.0645, -0.8386 -0.1659 0.0645, -0.8386 -0.1641 0.0652, -0.8386 -0.171 0.0644, -0.8386 -0.1712 0.0645, -0.8386 -0.1729 0.0651, -0.8386 -0.1745 0.0662, -0.8386 -0.176 0.0677, -0.8386 -0.1767 0.0689, -0.8386 -0.1769 0.0689, -0.8386 -0.1769 0.0648, -0.8386 -0.1815 0.0648, -0.8386 -0.1815 0.0818, -0.8386 -0.1812 0.0853, -0.8386 -0.1804 0.0874, -0.8386 -0.1795 0.0889, -0.8386 -0.1783 0.0901, -0.8386 -0.1767 0.091, -0.8386 -0.1748 0.0916, -0.8386 -0.1662 0.0756, -0.8386 -0.1667 0.076, -0.8386 -0.1678 0.0766, -0.8386 -0.1707 0.0772, -0.8386 -0.1649 0.0723, -0.8386 -0.165 0.073, -0.8386 -0.1652 0.0741, -0.8386 -0.1656 0.0749, -0.8386 -0.1663 0.0692, -0.8386 -0.1659 0.0696, -0.8386 -0.1654 0.0703, -0.8386 -0.1651 0.0712, -0.8386 -0.1698 0.068, -0.8386 -0.1683 0.0681, -0.8386 -0.1672 0.0685, -0.8386 -0.1749 0.0701, -0.8386 -0.1743 0.0696, -0.8386 -0.173 0.0687, -0.8386 -0.1716 0.0682, -0.8386 -0.1769 0.0755, -0.8386 -0.1769 0.0752, -0.8386 -0.1766 0.0732, -0.8386 -0.1759 0.0715, -0.8386 -0.1769 0.0781
            ]
        }
        coordIndex [
            0,1,2,-1,2,1,3,-1,4,0,5,-1,5,0,2,-1,6,4,7,-1,7,4,5,-1,8,6,9,-1,9,6,7,-1,10,8,11,-1,11,8,9,-1,12,10,13,-1,13,10,11,-1,14,12,15,-1,15,12,13,-1,16,14,17,-1,17,14,15,-1,18,16,19,-1,19,16,17,-1,20,18,21,-1,21,18,19,-1,22,20,23,-1,23,20,21,-1,1,22,3,-1,3,22,23,-1,16,18,14,-1,14,18,20,-1,14,20,12,-1,1,0,22,-1,22,0,4,-1,22,4,6,-1,8,10,6,-1,6,10,12,-1,6,12,22,-1,22,12,20,-1,24,25,26,-1,26,25,27,-1,28,29,30,-1,31,32,33,-1,33,32,34,-1,35,36,27,-1,27,36,37,-1,37,38,27,-1,27,38,39,-1,27,39,26,-1,26,39,40,-1,26,40,31,-1,31,40,41,-1,31,41,32,-1,30,35,28,-1,28,35,27,-1,28,27,42,-1,42,27,43,-1,42,43,44,-1,44,43,45,-1,44,45,46,-1,46,45,47,-1,46,47,48,-1,48,47,49,-1,48,49,50,-1,50,49,51,-1,50,51,52,-1,52,51,53,-1,52,53,54,-1,54,53,55,-1,54,55,56,-1,56,55,57,-1,56,57,58,-1,58,57,59,-1,58,59,60,-1,60,59,61,-1,62,63,64,-1,64,63,65,-1,64,65,66,-1,66,65,67,-1,66,67,68,-1,68,67,69,-1,68,69,70,-1,70,69,71,-1,70,71,72,-1,72,71,73,-1,72,73,34,-1,34,73,74,-1,34,74,33,-1,75,76,77,-1,77,76,78,-1,77,78,79,-1,79,78,80,-1,79,80,81,-1,81,80,82,-1,81,82,62,-1,62,82,83,-1,62,83,63,-1,28,84,29,-1,29,84,85,-1,29,85,86,-1,86,85,87,-1,86,87,88,-1,88,87,89,-1,88,89,90,-1,90,89,91,-1,90,91,75,-1,75,91,92,-1,75,92,76,-1,55,93,94,-1,55,94,57,-1,57,94,95,-1,57,95,59,-1,59,95,96,-1,59,96,61,-1,60,61,97,-1,97,61,96,-1,60,97,98,-1,60,98,58,-1,58,98,99,-1,58,99,56,-1,56,99,100,-1,56,100,54,-1,54,100,101,-1,54,101,52,-1,52,101,102,-1,52,102,50,-1,50,102,103,-1,50,103,48,-1,48,103,104,-1,48,104,46,-1,46,104,105,-1,46,105,44,-1,44,105,106,-1,44,106,42,-1,42,106,107,-1,42,107,28,-1,84,28,108,-1,108,28,107,-1,84,108,109,-1,84,109,85,-1,85,109,110,-1,85,110,87,-1,87,110,111,-1,87,111,89,-1,89,111,112,-1,89,112,91,-1,91,112,113,-1,91,113,92,-1,92,113,114,-1,92,114,76,-1,76,114,115,-1,76,115,78,-1,78,115,116,-1,78,116,80,-1,80,116,117,-1,80,117,82,-1,82,117,118,-1,82,118,83,-1,83,118,119,-1,83,119,63,-1,120,69,121,-1,121,69,67,-1,121,67,122,-1,122,67,65,-1,122,65,123,-1,123,65,63,-1,123,63,119,-1,69,120,124,-1,69,124,71,-1,71,124,125,-1,71,125,73,-1,125,126,73,-1,73,126,127,-1,73,127,74,-1,74,127,128,-1,74,128,33,-1,33,128,129,-1,33,129,31,-1,26,31,130,-1,130,31,129,-1,24,26,131,-1,131,26,130,-1,25,24,132,-1,132,24,131,-1,27,25,133,-1,133,25,132,-1,27,133,134,-1,27,134,43,-1,43,134,135,-1,43,135,45,-1,45,135,136,-1,45,136,47,-1,47,136,137,-1,47,137,49,-1,49,137,138,-1,49,138,51,-1,51,138,139,-1,51,139,53,-1,53,139,93,-1,53,93,55,-1,86,140,141,-1,86,141,29,-1,29,141,142,-1,29,142,30,-1,30,142,143,-1,30,143,35,-1,77,144,145,-1,77,145,75,-1,75,145,146,-1,75,146,90,-1,90,146,147,-1,90,147,88,-1,88,147,140,-1,88,140,86,-1,64,148,149,-1,64,149,62,-1,62,149,150,-1,62,150,81,-1,81,150,151,-1,81,151,79,-1,79,151,144,-1,79,144,77,-1,70,152,153,-1,70,153,68,-1,68,153,154,-1,68,154,66,-1,66,154,148,-1,66,148,64,-1,41,155,156,-1,41,156,32,-1,32,156,157,-1,32,157,34,-1,34,157,158,-1,34,158,72,-1,72,158,152,-1,72,152,70,-1,37,159,160,-1,37,160,38,-1,38,160,161,-1,38,161,39,-1,39,161,162,-1,39,162,40,-1,40,162,155,-1,40,155,41,-1,37,36,159,-1,159,36,163,-1,36,35,163,-1,163,35,143,-1,
        ]
    }
}
Shape{
    appearance Appearance {
        material  Material {
            diffuseColor 1.0 1.0 1.0
            specularColor 0.5019607843137255 0.5019607843137255 0.5019607843137255
            ambientIntensity 1.0
            transparency 0.0
            shininess 0.5
        }
    }
    geometry IndexedFaceSet {
        ccw TRUE
        solid FALSE
        coord DEF co Coordinate {
            point [
                -0.8386 -0.1769 0.0752, -0.8386 -0.1769 0.0755, -0.8386 -0.1662 0.0756, -0.8386 -0.1769 0.0781, -0.8386 -0.1707 0.0772, -0.8386 -0.1678 0.0766, -0.8386 -0.1667 0.076, -0.8386 -0.1766 0.0732, -0.8386 -0.1656 0.0749, -0.8386 -0.1759 0.0715, -0.8386 -0.1659 0.0696, -0.8386 -0.1663 0.0692, -0.8386 -0.1743 0.0696, -0.8386 -0.1654 0.0703, -0.8386 -0.173 0.0687, -0.8386 -0.1716 0.0682, -0.8386 -0.1698 0.068, -0.8386 -0.1652 0.0741, -0.8386 -0.165 0.073, -0.8386 -0.1749 0.0701, -0.8386 -0.1649 0.0723, -0.8386 -0.1651 0.0712, -0.8386 -0.1672 0.0685, -0.8386 -0.1683 0.0681
            ]
        }
        coordIndex [
            0,1,2,-1,1,3,4,-1,4,5,1,-1,1,5,6,-1,1,6,2,-1,0,2,7,-1,7,2,8,-1,7,8,9,-1,10,11,12,-1,10,12,13,-1,14,12,15,-1,15,12,16,-1,8,17,9,-1,9,17,18,-1,9,18,19,-1,19,18,20,-1,19,20,12,-1,12,20,21,-1,12,21,13,-1,11,22,12,-1,12,22,23,-1,12,23,16,-1,
        ]
    }
}
Shape{
    appearance Appearance {
        material  Material {
            diffuseColor 0.0 0.0 0.0
            specularColor 0.0 0.0 0.0
            ambientIntensity 0.0
            transparency 0.0
            shininess 0.5
        }
    }
    geometry IndexedFaceSet {
        ccw TRUE
        solid FALSE
        coord DEF co Coordinate {
            point [
                -0.8386 -0.1878 0.0705, -0.8425 -0.1878 0.0705, -0.8425 -0.1896 0.0694, -0.8425 -0.1954 0.068, -0.8386 -0.1954 0.068, -0.8386 -0.1925 0.0683, -0.8425 -0.1925 0.0683, -0.8386 -0.19 0.0693, -0.8386 -0.1896 0.0694, -0.8425 -0.1878 0.0657, -0.8386 -0.1878 0.0657, -0.8386 -0.19 0.0649, -0.8425 -0.1907 0.0647, -0.8386 -0.195 0.0642, -0.8425 -0.195 0.0642, -0.8386 -0.1923 0.0645, -0.8386 -0.1907 0.0647, -0.8386 -0.1982 0.0645, -0.8425 -0.1985 0.0645, -0.8386 -0.1985 0.0645, -0.8386 -0.2011 0.0654, -0.8425 -0.2011 0.0654, -0.8386 -0.2027 0.0663, -0.8425 -0.2027 0.0663, -0.8386 -0.204 0.0674, -0.8425 -0.204 0.0674, -0.8386 -0.2049 0.0687, -0.8425 -0.2049 0.0687, -0.8386 -0.2055 0.0701, -0.8425 -0.2055 0.0701, -0.8386 -0.2057 0.072, -0.8425 -0.2057 0.072, -0.8386 -0.2055 0.0737, -0.8425 -0.2055 0.0737, -0.8386 -0.205 0.0751, -0.8425 -0.205 0.0751, -0.8386 -0.2041 0.0764, -0.8425 -0.2041 0.0764, -0.8386 -0.203 0.0774, -0.8425 -0.203 0.0774, -0.8386 -0.1999 0.0791, -0.8425 -0.1999 0.0791, -0.8386 -0.1981 0.0798, -0.8425 -0.1981 0.0798, -0.8386 -0.1953 0.081, -0.8425 -0.1953 0.081, -0.8386 -0.1936 0.0821, -0.8425 -0.1936 0.0821, -0.8386 -0.1932 0.0826, -0.8425 -0.1932 0.0826, -0.8386 -0.1928 0.0832, -0.8425 -0.1928 0.0832, -0.8386 -0.1927 0.0839, -0.8425 -0.1927 0.0839, -0.8386 -0.1926 0.0845, -0.8425 -0.1926 0.0845, -0.8386 -0.1927 0.0853, -0.8425 -0.1927 0.0853, -0.8386 -0.1929 0.0859, -0.8425 -0.1929 0.0859, -0.8386 -0.1933 0.0865, -0.8425 -0.1933 0.0865, -0.8386 -0.194 0.0871, -0.8425 -0.194 0.0871, -0.8386 -0.1951 0.0877, -0.8425 -0.1951 0.0877, -0.8386 -0.1963 0.088, -0.8425 -0.1963 0.088, -0.8386 -0.1977 0.0881, -0.8425 -0.1977 0.0881, -0.8386 -0.2007 0.0878, -0.8425 -0.2007 0.0878, -0.8386 -0.2033 0.0868, -0.8425 -0.2033 0.0868, -0.8386 -0.2044 0.0862, -0.8425 -0.2044 0.0862, -0.8425 -0.2044 0.0907, -0.8386 -0.2044 0.0907, -0.8386 -0.2014 0.0916, -0.8425 -0.2014 0.0916, -0.8386 -0.1981 0.0919, -0.8425 -0.1981 0.0919, -0.8386 -0.1948 0.0915, -0.8425 -0.1948 0.0915, -0.8386 -0.1923 0.0906, -0.8425 -0.1923 0.0906, -0.8386 -0.1908 0.0898, -0.8425 -0.1908 0.0898, -0.8386 -0.19 0.089, -0.8425 -0.1894 0.0885, -0.8386 -0.1894 0.0885, -0.8386 -0.1886 0.0873, -0.8425 -0.1886 0.0873, -0.8386 -0.188 0.0858, -0.8425 -0.188 0.0858, -0.8386 -0.1878 0.0841, -0.8425 -0.1878 0.0841, -0.8386 -0.188 0.0823, -0.8425 -0.188 0.0823, -0.8386 -0.1885 0.0809, -0.8425 -0.1885 0.0809, -0.8386 -0.1891 0.0799, -0.8425 -0.1891 0.0799, -0.8386 -0.1949 0.0764, -0.8425 -0.1949 0.0764, -0.8425 -0.1921 0.0777, -0.8386 -0.1899 0.0791, -0.8425 -0.1899 0.0791, -0.8386 -0.19 0.0791, -0.8386 -0.1921 0.0777, -0.8386 -0.1979 0.0751, -0.8425 -0.1979 0.0751, -0.8386 -0.1997 0.0741, -0.8425 -0.1997 0.0741, -0.8386 -0.2003 0.0735, -0.8425 -0.2003 0.0735, -0.8386 -0.2007 0.0728, -0.8425 -0.2007 0.0728, -0.8386 -0.2009 0.0721, -0.8425 -0.2009 0.0721, -0.8386 -0.2009 0.0715, -0.8425 -0.2009 0.0715, -0.8386 -0.2008 0.0706, -0.8425 -0.2008 0.0706, -0.8386 -0.2006 0.07, -0.8425 -0.2006 0.07, -0.8386 -0.2002 0.0694, -0.8425 -0.2002 0.0694, -0.8386 -0.1996 0.0689, -0.8425 -0.1996 0.0689, -0.8386 -0.1992 0.0687, -0.8425 -0.1992 0.0687, -0.8386 -0.198 0.0682, -0.8425 -0.198 0.0682, -0.8386 -0.1956 0.068, -0.8425 -0.1956 0.068, -0.8425 -0.2287 0.0913, -0.8425 -0.2335 0.0913, -0.8386 -0.2287 0.0913, -0.8386 -0.2335 0.0913, -0.8425 -0.2215 0.0713, -0.8386 -0.2215 0.0713, -0.8386 -0.2211 0.0701, -0.8425 -0.2211 0.0701, -0.8386 -0.2209 0.0692, -0.8425 -0.2209 0.0692, -0.8425 -0.2208 0.0692, -0.8386 -0.2208 0.0692, -0.8425 -0.2202 0.0714, -0.8386 -0.2202 0.0714, -0.8425 -0.2133 0.0913, -0.8386 -0.2155 0.0848, -0.8386 -0.2133 0.0913, -0.8425 -0.2081 0.0913, -0.8386 -0.2081 0.0913, -0.8425 -0.2185 0.0648, -0.8386 -0.2155 0.0724, -0.8386 -0.2185 0.0648, -0.8386 -0.2164 0.06, -0.8425 -0.2164 0.06, -0.8386 -0.2183 0.0645, -0.8386 -0.2155 0.0584, -0.8425 -0.2155 0.0583, -0.8386 -0.2155 0.0583, -0.8386 -0.2147 0.0574, -0.8425 -0.2147 0.0574, -0.8386 -0.2139 0.0568, -0.8425 -0.2139 0.0568, -0.8386 -0.2129 0.0564, -0.8425 -0.2129 0.0564, -0.8386 -0.2117 0.0563, -0.8425 -0.2117 0.0563, -0.8386 -0.21 0.0565, -0.8425 -0.21 0.0565, -0.8386 -0.2091 0.0568, -0.8425 -0.2091 0.0568, -0.8425 -0.2091 0.0527, -0.8386 -0.2091 0.0527, -0.8386 -0.211 0.0524, -0.8425 -0.211 0.0524, -0.8386 -0.2121 0.0523, -0.8425 -0.2121 0.0523, -0.8386 -0.2139 0.0525, -0.8425 -0.2139 0.0525, -0.8386 -0.2155 0.0531, -0.8425 -0.2158 0.0532, -0.8386 -0.2158 0.0532, -0.8386 -0.2174 0.0544, -0.8425 -0.2174 0.0544, -0.8386 -0.2177 0.0547, -0.8425 -0.2177 0.0547, -0.8386 -0.2194 0.0567, -0.8425 -0.2194 0.0567, -0.8386 -0.2215 0.0608, -0.8425 -0.2215 0.0608, -0.8386 -0.223 0.0645, -0.8425 -0.2585 0.069, -0.8425 -0.2585 0.0648, -0.8386 -0.2585 0.069, -0.8386 -0.2585 0.0648, -0.8425 -0.2433 0.069, -0.8386 -0.2502 0.069, -0.8386 -0.2433 0.069, -0.8425 -0.2433 0.0815, -0.8386 -0.2433 0.0815, -0.8425 -0.2566 0.0815, -0.8386 -0.2502 0.0815, -0.8386 -0.2566 0.0815, -0.8425 -0.2566 0.0857, -0.8386 -0.2566 0.0857, -0.8386 -0.2433 0.0857, -0.8425 -0.2433 0.0857, -0.8386 -0.2502 0.0857, -0.8425 -0.2433 0.0976, -0.8386 -0.2433 0.0976, -0.8386 -0.2576 0.0976, -0.8425 -0.2576 0.0976, -0.8386 -0.2502 0.0976, -0.8425 -0.2576 0.1019, -0.8386 -0.2576 0.1019, -0.8386 -0.2385 0.1019, -0.8425 -0.2385 0.1019, -0.8386 -0.2502 0.1019, -0.8425 -0.2385 0.0648, -0.8386 -0.2385 0.0648, -0.8386 -0.2502 0.0648, -0.8425 -0.29 0.07, -0.8425 -0.2862 0.0725, -0.8425 -0.2862 0.0672, -0.8425 -0.2838 0.0708, -0.8425 -0.2819 0.0655, -0.8425 -0.2807 0.0696, -0.8425 -0.2757 0.0648, -0.8425 -0.2756 0.069, -0.8425 -0.2655 0.0648, -0.8425 -0.2702 0.069, -0.8425 -0.2655 0.1019, -0.8425 -0.2702 0.0976, -0.8425 -0.276 0.1019, -0.8425 -0.2758 0.0976, -0.8425 -0.2761 0.0976, -0.8425 -0.2817 0.1012, -0.8425 -0.2809 0.097, -0.8425 -0.2862 0.0996, -0.8425 -0.2841 0.0958, -0.8425 -0.29 0.0969, -0.8425 -0.2865 0.0941, -0.8425 -0.2914 0.0957, -0.8425 -0.2876 0.0931, -0.8425 -0.2937 0.0924, -0.8425 -0.289 0.091, -0.8425 -0.295 0.0889, -0.8425 -0.2901 0.0883, -0.8425 -0.2956 0.0838, -0.8425 -0.2906 0.0837, -0.8425 -0.2955 0.0814, -0.8425 -0.2905 0.0812, -0.8425 -0.2946 0.0771, -0.8425 -0.2897 0.0778, -0.8425 -0.2928 0.0733, -0.8425 -0.2884 0.0751, -0.8425 -0.2866 0.0729, -0.8386 -0.2757 0.0648, -0.8386 -0.2655 0.0648, -0.8386 -0.2819 0.0655, -0.8386 -0.2862 0.0672, -0.8386 -0.29 0.07, -0.8386 -0.2928 0.0733, -0.8386 -0.2946 0.0771, -0.8386 -0.2955 0.0814, -0.8386 -0.2956 0.0838, -0.8386 -0.295 0.0889, -0.8386 -0.2937 0.0924, -0.8386 -0.2914 0.0957, -0.8386 -0.29 0.0969, -0.8386 -0.2862 0.0996, -0.8386 -0.2817 0.1012, -0.8386 -0.276 0.1019, -0.8386 -0.2655 0.1019, -0.8386 -0.2758 0.0976, -0.8386 -0.2702 0.0976, -0.8386 -0.2702 0.069, -0.8386 -0.2756 0.069, -0.8386 -0.2866 0.0729, -0.8386 -0.2862 0.0725, -0.8386 -0.2838 0.0708, -0.8386 -0.2807 0.0696, -0.8386 -0.2906 0.0837, -0.8386 -0.2905 0.0812, -0.8386 -0.2897 0.0778, -0.8386 -0.2884 0.0751, -0.8386 -0.2865 0.0941, -0.8386 -0.2876 0.0931, -0.8386 -0.289 0.091, -0.8386 -0.2901 0.0883, -0.8386 -0.2761 0.0976, -0.8386 -0.2809 0.097, -0.8386 -0.2841 0.0958
            ]
        }
        coordIndex [
            0,1,2,-1,3,4,5,-1,3,5,6,-1,6,5,7,-1,6,7,2,-1,2,7,8,-1,2,8,0,-1,9,1,10,-1,10,1,0,-1,10,11,9,-1,9,11,12,-1,13,14,15,-1,15,14,12,-1,15,12,16,-1,16,12,11,-1,13,17,14,-1,14,17,18,-1,17,19,18,-1,18,19,20,-1,18,20,21,-1,21,20,22,-1,21,22,23,-1,23,22,24,-1,23,24,25,-1,25,24,26,-1,25,26,27,-1,27,26,28,-1,27,28,29,-1,29,28,30,-1,29,30,31,-1,31,30,32,-1,31,32,33,-1,33,32,34,-1,33,34,35,-1,35,34,36,-1,35,36,37,-1,37,36,38,-1,37,38,39,-1,39,38,40,-1,39,40,41,-1,41,40,42,-1,41,42,43,-1,43,42,44,-1,43,44,45,-1,45,44,46,-1,45,46,47,-1,47,46,48,-1,47,48,49,-1,49,48,50,-1,49,50,51,-1,51,50,52,-1,51,52,53,-1,53,52,54,-1,53,54,55,-1,55,54,56,-1,55,56,57,-1,57,56,58,-1,57,58,59,-1,59,58,60,-1,59,60,61,-1,61,60,62,-1,61,62,63,-1,63,62,64,-1,63,64,65,-1,65,64,66,-1,65,66,67,-1,67,66,68,-1,67,68,69,-1,69,68,70,-1,69,70,71,-1,71,70,72,-1,71,72,73,-1,73,72,74,-1,73,74,75,-1,76,75,77,-1,77,75,74,-1,76,77,78,-1,76,78,79,-1,79,78,80,-1,79,80,81,-1,81,80,82,-1,81,82,83,-1,83,82,84,-1,83,84,85,-1,85,84,86,-1,85,86,87,-1,86,88,87,-1,87,88,89,-1,88,90,89,-1,89,90,91,-1,89,91,92,-1,92,91,93,-1,92,93,94,-1,94,93,95,-1,94,95,96,-1,96,95,97,-1,96,97,98,-1,98,97,99,-1,98,99,100,-1,100,99,101,-1,100,101,102,-1,103,104,105,-1,102,101,106,-1,102,106,107,-1,107,106,108,-1,107,108,105,-1,105,108,109,-1,105,109,103,-1,104,103,110,-1,104,110,111,-1,111,110,112,-1,111,112,113,-1,113,112,114,-1,113,114,115,-1,115,114,116,-1,115,116,117,-1,117,116,118,-1,117,118,119,-1,119,118,120,-1,119,120,121,-1,121,120,122,-1,121,122,123,-1,123,122,124,-1,123,124,125,-1,125,124,126,-1,125,126,127,-1,127,126,128,-1,127,128,129,-1,129,128,130,-1,129,130,131,-1,131,130,132,-1,131,132,133,-1,133,132,134,-1,133,134,135,-1,135,134,4,-1,135,4,3,-1,61,63,85,-1,85,63,83,-1,45,104,43,-1,43,104,111,-1,43,111,41,-1,14,3,12,-1,12,3,6,-1,12,6,9,-1,9,6,2,-1,9,2,1,-1,63,65,83,-1,83,65,67,-1,83,67,81,-1,81,67,69,-1,81,69,79,-1,79,69,71,-1,79,71,76,-1,76,71,73,-1,76,73,75,-1,41,111,39,-1,39,111,113,-1,39,113,37,-1,37,113,115,-1,37,115,35,-1,35,115,117,-1,35,117,33,-1,33,117,119,-1,33,119,31,-1,31,119,121,-1,31,121,29,-1,29,121,123,-1,29,123,27,-1,27,123,125,-1,27,125,25,-1,25,125,127,-1,25,127,23,-1,23,127,129,-1,23,129,21,-1,21,129,131,-1,21,131,18,-1,18,131,133,-1,18,133,14,-1,14,133,135,-1,14,135,3,-1,85,87,61,-1,61,87,89,-1,61,89,59,-1,59,89,92,-1,59,92,57,-1,57,92,94,-1,57,94,55,-1,55,94,96,-1,55,96,53,-1,53,96,98,-1,53,98,51,-1,51,98,100,-1,51,100,49,-1,49,100,102,-1,49,102,47,-1,47,102,107,-1,47,107,45,-1,45,107,105,-1,45,105,104,-1,136,137,138,-1,138,137,139,-1,140,136,141,-1,141,136,138,-1,140,141,142,-1,140,142,143,-1,143,142,144,-1,143,144,145,-1,146,145,147,-1,147,145,144,-1,148,146,149,-1,149,146,147,-1,148,149,150,-1,150,149,151,-1,150,151,152,-1,153,150,154,-1,154,150,152,-1,153,154,155,-1,155,154,156,-1,155,156,157,-1,158,159,160,-1,160,159,155,-1,160,155,157,-1,158,161,159,-1,159,161,162,-1,161,163,162,-1,162,163,164,-1,162,164,165,-1,165,164,166,-1,165,166,167,-1,167,166,168,-1,167,168,169,-1,169,168,170,-1,169,170,171,-1,171,170,172,-1,171,172,173,-1,173,172,174,-1,173,174,175,-1,176,175,177,-1,177,175,174,-1,176,177,178,-1,176,178,179,-1,179,178,180,-1,179,180,181,-1,181,180,182,-1,181,182,183,-1,183,182,184,-1,183,184,185,-1,184,186,185,-1,185,186,187,-1,185,187,188,-1,188,187,189,-1,188,189,190,-1,190,189,191,-1,190,191,192,-1,192,191,193,-1,192,193,194,-1,139,137,195,-1,195,137,194,-1,195,194,193,-1,143,145,194,-1,137,136,194,-1,194,136,140,-1,194,140,143,-1,150,153,148,-1,148,153,155,-1,148,155,146,-1,175,176,173,-1,173,176,179,-1,173,179,171,-1,171,179,181,-1,171,181,169,-1,169,181,183,-1,169,183,167,-1,167,183,185,-1,167,185,165,-1,145,146,194,-1,194,146,155,-1,194,155,192,-1,155,159,192,-1,192,159,162,-1,192,162,190,-1,190,162,165,-1,190,165,188,-1,188,165,185,-1,196,197,198,-1,198,197,199,-1,196,198,200,-1,200,198,201,-1,200,201,202,-1,203,200,204,-1,204,200,202,-1,203,204,205,-1,205,204,206,-1,205,206,207,-1,208,205,209,-1,209,205,207,-1,210,211,212,-1,212,211,208,-1,212,208,209,-1,213,211,214,-1,214,211,210,-1,215,216,217,-1,217,216,213,-1,217,213,214,-1,218,216,219,-1,219,216,215,-1,220,221,222,-1,222,221,218,-1,222,218,219,-1,223,221,224,-1,224,221,220,-1,223,224,197,-1,197,224,225,-1,197,225,199,-1,223,197,196,-1,196,200,223,-1,223,200,203,-1,223,203,221,-1,216,218,213,-1,213,218,221,-1,213,221,211,-1,211,221,203,-1,211,203,208,-1,208,203,205,-1,226,227,228,-1,228,227,229,-1,228,229,230,-1,230,229,231,-1,230,231,232,-1,232,231,233,-1,232,233,234,-1,234,233,235,-1,234,235,236,-1,236,235,237,-1,236,237,238,-1,237,239,238,-1,238,239,240,-1,238,240,241,-1,241,240,242,-1,241,242,243,-1,243,242,244,-1,243,244,245,-1,245,244,246,-1,245,246,247,-1,247,246,248,-1,247,248,249,-1,249,248,250,-1,249,250,251,-1,251,250,252,-1,251,252,253,-1,253,252,254,-1,253,254,255,-1,255,254,256,-1,255,256,257,-1,257,256,258,-1,257,258,259,-1,259,258,260,-1,259,260,226,-1,226,260,261,-1,226,261,227,-1,232,234,262,-1,262,234,263,-1,232,262,264,-1,232,264,230,-1,230,264,265,-1,230,265,228,-1,228,265,266,-1,228,266,226,-1,226,266,267,-1,226,267,259,-1,259,267,268,-1,259,268,257,-1,257,268,269,-1,257,269,255,-1,255,269,270,-1,255,270,253,-1,253,270,271,-1,253,271,251,-1,251,271,272,-1,251,272,249,-1,249,272,273,-1,249,273,247,-1,247,273,274,-1,247,274,245,-1,245,274,275,-1,245,275,243,-1,243,275,276,-1,243,276,241,-1,241,276,277,-1,241,277,238,-1,236,238,278,-1,278,238,277,-1,234,236,263,-1,263,236,278,-1,239,237,279,-1,279,237,280,-1,237,235,280,-1,280,235,281,-1,235,233,281,-1,281,233,282,-1,261,283,284,-1,261,284,227,-1,227,284,285,-1,227,285,229,-1,229,285,286,-1,229,286,231,-1,231,286,282,-1,231,282,233,-1,254,287,288,-1,254,288,256,-1,256,288,289,-1,256,289,258,-1,258,289,290,-1,258,290,260,-1,260,290,283,-1,260,283,261,-1,246,291,292,-1,246,292,248,-1,248,292,293,-1,248,293,250,-1,250,293,294,-1,250,294,252,-1,252,294,287,-1,252,287,254,-1,239,279,295,-1,239,295,240,-1,240,295,296,-1,240,296,242,-1,242,296,297,-1,242,297,244,-1,244,297,291,-1,244,291,246,-1,
        ]
    }
}
Shape{
    appearance Appearance {
        material  Material {
            diffuseColor 1.0 1.0 1.0
            specularColor 0.5019607843137255 0.5019607843137255 0.5019607843137255
            ambientIntensity 1.0
            transparency 0.0
            shininess 0.5
        }
    }
    geometry IndexedFaceSet {
        ccw TRUE
        solid FALSE
        coord DEF co Coordinate {
            point [
                -0.8386 -0.2838 0.0708, -0.8386 -0.2862 0.0725, -0.8386 -0.2761 0.0976, -0.8386 -0.2702 0.0976, -0.8386 -0.2702 0.069, -0.8386 -0.2758 0.0976, -0.8386 -0.2756 0.069, -0.8386 -0.2807 0.0696, -0.8386 -0.2866 0.0729, -0.8386 -0.2884 0.0751, -0.8386 -0.2897 0.0778, -0.8386 -0.2906 0.0837, -0.8386 -0.2865 0.0941, -0.8386 -0.2841 0.0958, -0.8386 -0.2901 0.0883, -0.8386 -0.289 0.091, -0.8386 -0.2876 0.0931, -0.8386 -0.2905 0.0812, -0.8386 -0.2809 0.097
            ]
        }
        coordIndex [
            0,1,2,-1,3,4,5,-1,5,4,6,-1,5,6,2,-1,2,6,7,-1,2,7,0,-1,1,8,2,-1,2,8,9,-1,2,9,10,-1,11,12,13,-1,14,15,11,-1,11,15,16,-1,11,16,12,-1,10,17,2,-1,2,17,11,-1,2,11,18,-1,18,11,13,-1,
        ]
    }
}
Shape{
    appearance Appearance {
        material  Material {
            diffuseColor 0.0 0.0 0.0
            specularColor 0.0 0.0 0.0
            ambientIntensity 0.0
            transparency 0.0
            shininess 0.5
        }
    }
    geometry IndexedFaceSet {
        ccw TRUE
        solid FALSE
        coord DEF co Coordinate {
            point [
                -0.8425 -0.3081 0.0791, -0.8425 -0.3136 0.0945, -0.8425 -0.3118 0.1019, -0.8425 -0.2977 0.0648, -0.8425 -0.303 0.0648, -0.8425 -0.3065 0.0749, -0.8425 -0.3139 0.0956, -0.8425 -0.3142 0.0971, -0.8425 -0.3169 0.1019, -0.8425 -0.3143 0.0971, -0.8425 -0.3146 0.0955, -0.8425 -0.3149 0.0945, -0.8425 -0.3205 0.0791, -0.8425 -0.331 0.0648, -0.8425 -0.3258 0.0648, -0.8425 -0.322 0.0749, -0.8386 -0.3169 0.1019, -0.8386 -0.331 0.0648, -0.8386 -0.3118 0.1019, -0.8386 -0.2977 0.0648, -0.8386 -0.303 0.0648, -0.8386 -0.3065 0.0749, -0.8386 -0.322 0.0749, -0.8386 -0.3258 0.0648, -0.8386 -0.3081 0.0791, -0.8386 -0.3205 0.0791, -0.8386 -0.3149 0.0945, -0.8386 -0.3143 0.0971, -0.8386 -0.3146 0.0955, -0.8386 -0.3142 0.0971, -0.8386 -0.3136 0.0945, -0.8386 -0.3139 0.0956
            ]
        }
        coordIndex [
            0,1,2,-1,3,4,5,-1,1,6,2,-1,2,6,7,-1,2,7,8,-1,8,7,9,-1,8,9,10,-1,10,11,8,-1,8,11,12,-1,8,12,13,-1,14,13,15,-1,15,13,12,-1,15,12,5,-1,5,12,0,-1,5,0,3,-1,3,0,2,-1,8,13,16,-1,16,13,17,-1,2,8,18,-1,18,8,16,-1,3,2,19,-1,19,2,18,-1,4,3,20,-1,20,3,19,-1,5,4,21,-1,21,4,20,-1,15,5,22,-1,22,5,21,-1,14,15,23,-1,23,15,22,-1,13,14,17,-1,17,14,23,-1,0,12,24,-1,24,12,25,-1,12,11,25,-1,25,11,26,-1,9,27,28,-1,9,28,10,-1,10,28,26,-1,10,26,11,-1,9,7,27,-1,27,7,29,-1,1,30,31,-1,1,31,6,-1,6,31,29,-1,6,29,7,-1,1,0,30,-1,30,0,24,-1,
        ]
    }
}
Shape{
    appearance Appearance {
        material  Material {
            diffuseColor 1.0 1.0 1.0
            specularColor 0.5019607843137255 0.5019607843137255 0.5019607843137255
            ambientIntensity 1.0
            transparency 0.0
            shininess 0.5
        }
    }
    geometry IndexedFaceSet {
        ccw TRUE
        solid FALSE
        coord DEF co Coordinate {
            point [
                -0.8386 -0.3143 0.0971, -0.8386 -0.3142 0.0971, -0.8386 -0.3146 0.0955, -0.8386 -0.3139 0.0956, -0.8386 -0.3149 0.0945, -0.8386 -0.3136 0.0945, -0.8386 -0.3205 0.0791, -0.8386 -0.3081 0.0791
            ]
        }
        coordIndex [
            0,1,2,-1,2,1,3,-1,2,3,4,-1,4,3,5,-1,4,5,6,-1,6,5,7,-1,
        ]
    }
}
Shape{
    appearance Appearance {
        material  Material {
            diffuseColor 0.0 0.0 0.0
            specularColor 0.0 0.0 0.0
            ambientIntensity 0.0
            transparency 0.0
            shininess 0.5
        }
    }
    geometry IndexedFaceSet {
        ccw TRUE
        solid FALSE
        coord DEF co Coordinate {
            point [
                -0.8425 0.0279 0.0595, -0.8425 0.0239 0.0547, -0.8425 0.0302 0.0828, -0.8425 0.0348 0.1286, -0.8425 0.0289 0.1318, -0.8425 0.0303 0.148, -0.8425 0.0139 0.1487, -0.8425 0.0057 0.1295, -0.8425 0.0017 0.1378, -0.8425 -0.0209 0.0736, -0.8425 -0.0209 0.0763, -0.8425 0.0014 0.0827, -0.8425 0.0039 0.0835, -0.8425 0.036 0.0864, -0.8425 0.0338 0.0662, -0.8425 0.0305 0.0652, -0.8425 0.02 0.1493, -0.8425 -0.0025 0.0795, -0.8425 -0.0037 0.0774, -0.8425 -0.0208 0.0709, -0.8425 -0.0578 0.0958, -0.8425 -0.0496 0.1097, -0.8425 -0.0143 0.0913, -0.8425 0.0057 0.0836, -0.8425 0.0083 0.0833, -0.8425 0.0118 0.0995, -0.8425 0.0106 0.0824, -0.8425 0.0176 0.0972, -0.8425 0.0126 0.081, -0.8425 0.023 0.0935, -0.8425 0.0138 0.0797, -0.8425 0.0273 0.0885, -0.8425 0.0151 0.0775, -0.8425 0.0159 0.075, -0.8425 0.016 0.0725, -0.8425 -0.0041 0.0985, -0.8425 0.0023 0.1, -0.8425 0.0055 0.1002, -0.8425 -0.0007 0.0813, -0.8425 -0.0665 0.1219, -0.8425 -0.0686 0.1219, -0.8425 -0.0794 0.1361, -0.8425 -0.0736 0.1212, -0.8425 -0.0807 0.1356, -0.8425 -0.0782 0.1195, -0.8425 -0.0885 0.1318, -0.8425 -0.0957 0.1257, -0.8425 0.0085 0.155, -0.8425 -0.0042 0.1449, -0.8425 0.0023 0.1603, -0.8425 -0.0113 0.1501, -0.8425 -0.005 0.1648, -0.8425 0.0224 0.1333, -0.8425 0.0197 0.1334, -0.8425 0.0169 0.1491, -0.8425 0.0135 0.1327, -0.8425 0.0076 0.1305, -0.8425 0.0154 0.07, -0.8425 0.0144 0.0678, -0.8425 -0.0097 0.0955, -0.8425 -0.0957 0.0765, -0.8425 -0.0835 0.087, -0.8425 -0.0886 0.0704, -0.8425 -0.0796 0.0838, -0.8425 -0.0805 0.0665, -0.8425 -0.0749 0.0816, -0.8425 -0.0718 0.0647, -0.8425 -0.0702 0.0807, -0.8425 -0.0562 0.0647, -0.8425 -0.0583 0.0807, -0.8425 -0.0547 0.0649, -0.8425 -0.0823 0.1166, -0.8425 -0.0853 0.1132, -0.8425 -0.1011 0.1182, -0.8425 -0.0878 0.1087, -0.8425 -0.1043 0.1102, -0.8425 -0.089 0.1036, -0.8425 -0.1055 0.1016, -0.8425 -0.0892 0.1013, -0.8425 -0.1043 0.0921, -0.8425 -0.0885 0.0962, -0.8425 -0.101 0.0838, -0.8425 -0.0867 0.0915, -0.8425 -0.0838 0.0874, -0.8425 -0.0652 0.1569, -0.8425 -0.0549 0.1448, -0.8425 -0.0742 0.1464, -0.8425 -0.0608 0.1377, -0.8425 -0.0649 0.1292, -0.8425 0.0453 0.1135, -0.8425 0.0626 0.1091, -0.8425 0.046 0.1071, -0.8425 0.0626 0.1066, -0.8425 0.0457 0.103, -0.8425 0.0614 0.0962, -0.8425 0.0438 0.0966, -0.8425 0.0576 0.0864, -0.8425 0.0407 0.0912, -0.8425 0.0516 0.0778, -0.8425 0.0433 0.0708, -0.8425 -0.0044 0.075, -0.8425 -0.0045 0.0724, -0.8425 -0.0192 0.0644, -0.8425 -0.004 0.0699, -0.8425 -0.0161 0.0585, -0.8425 -0.0028 0.0676, -0.8425 -0.012 0.054, -0.8425 -0.0011 0.0657, -0.8425 -0.0068 0.0503, -0.8425 0.0009 0.0643, -0.8425 -0.0009 0.048, -0.8425 0.0032 0.0634, -0.8425 0.0055 0.0473, -0.8425 0.0057 0.0631, -0.8425 0.0065 0.0473, -0.8425 0.0062 0.0631, -0.8425 0.0127 0.0483, -0.8425 0.0085 0.0635, -0.8425 0.0188 0.0508, -0.8425 0.0109 0.0645, -0.8425 0.0129 0.066, -0.8425 -0.0172 0.1692, -0.8425 -0.0199 0.1535, -0.8425 -0.0293 0.1706, -0.8425 -0.0296 0.1548, -0.8425 -0.0416 0.1691, -0.8425 -0.0385 0.1537, -0.8425 -0.0547 0.1641, -0.8425 -0.0468 0.1505, -0.8425 -0.0542 0.1454, -0.8425 0.0401 0.1442, -0.8425 0.0485 0.1383, -0.8425 0.0393 0.1246, -0.8425 0.0503 0.1366, -0.8425 0.043 0.1193, -0.8425 0.0566 0.1285, -0.8425 0.0608 0.119, -0.8425 -0.057 0.081, -0.8425 -0.0507 0.0674, -0.8425 -0.0513 0.0668, -0.8425 -0.0578 0.0808, -0.8425 -0.053 0.0656, -0.8425 -0.0486 0.0728, -0.8425 -0.0488 0.0709, -0.8425 -0.0495 0.0691, -0.8425 -0.0547 0.0807, -0.8425 -0.0529 0.08, -0.8425 -0.0486 0.0739, -0.8425 -0.0513 0.0789, -0.8425 -0.0502 0.0777, -0.8425 -0.0492 0.0759, -0.8425 -0.0567 0.081, -0.8386 -0.0974 0.1233, -0.8386 -0.1011 0.1182, -0.8386 -0.1034 0.1124, -0.8386 -0.1043 0.1102, -0.8386 -0.1055 0.1016, -0.8386 -0.0957 0.1257, -0.8386 -0.0885 0.1318, -0.8386 -0.0807 0.1356, -0.8386 -0.0794 0.1361, -0.8386 -0.0742 0.1464, -0.8386 -0.0652 0.1569, -0.8386 -0.0593 0.161, -0.8386 -0.0547 0.1641, -0.8386 -0.0416 0.1691, -0.8386 -0.0293 0.1706, -0.8386 0.0023 0.1603, -0.8386 0.0012 0.161, -0.8386 -0.005 0.1648, -0.8386 -0.0172 0.1692, -0.8386 0.0085 0.155, -0.8386 0.0139 0.1487, -0.8386 0.0169 0.1491, -0.8386 0.02 0.1493, -0.8386 0.0303 0.148, -0.8386 0.0401 0.1442, -0.8386 0.0485 0.1383, -0.8386 0.0503 0.1366, -0.8386 0.0566 0.1285, -0.8386 0.0589 0.1233, -0.8386 0.0608 0.119, -0.8386 0.062 0.1124, -0.8386 0.0626 0.1091, -0.8386 0.0626 0.1066, -0.8386 0.0614 0.0962, -0.8386 0.0576 0.0864, -0.8386 0.0516 0.0778, -0.8386 0.0433 0.0708, -0.8386 0.0338 0.0662, -0.8386 0.0305 0.0652, -0.8386 0.0302 0.0645, -0.8386 0.0279 0.0595, -0.8386 0.0239 0.0547, -0.8386 0.0188 0.0508, -0.8386 0.0164 0.0498, -0.8386 0.0127 0.0483, -0.8386 0.0065 0.0473, -0.8386 0.0055 0.0473, -0.8386 -0.0209 0.0736, -0.8386 -0.0009 0.048, -0.8386 -0.0055 0.0498, -0.8386 -0.0068 0.0503, -0.8386 -0.012 0.054, -0.8386 -0.0161 0.0585, -0.8386 -0.0192 0.0644, -0.8386 -0.0192 0.0645, -0.8386 -0.0208 0.0709, -0.8386 -0.0209 0.0763, -0.8386 -0.0578 0.0958, -0.8386 -0.0496 0.1097, -0.8386 -0.0143 0.0913, -0.8386 -0.0097 0.0955, -0.8386 -0.0041 0.0985, -0.8386 0.0023 0.1, -0.8386 0.0055 0.1002, -0.8386 0.0118 0.0995, -0.8386 0.0176 0.0972, -0.8386 0.023 0.0935, -0.8386 0.0273 0.0885, -0.8386 0.0302 0.0828, -0.8386 0.036 0.0864, -0.8386 0.0407 0.0912, -0.8386 0.0438 0.0966, -0.8386 0.0457 0.103, -0.8386 0.046 0.1071, -0.8386 0.0454 0.1124, -0.8386 0.0453 0.1135, -0.8386 0.043 0.1193, -0.8386 0.0403 0.1233, -0.8386 0.0393 0.1246, -0.8386 0.0348 0.1286, -0.8386 0.0289 0.1318, -0.8386 0.0224 0.1333, -0.8386 0.0197 0.1334, -0.8386 0.0135 0.1327, -0.8386 0.0076 0.1305, -0.8386 0.0057 0.1295, -0.8386 0.0017 0.1378, -0.8386 -0.0042 0.1449, -0.8386 -0.0113 0.1501, -0.8386 -0.0199 0.1535, -0.8386 -0.0296 0.1548, -0.8386 -0.0665 0.1219, -0.8386 -0.0662 0.1233, -0.8386 -0.0649 0.1292, -0.8386 -0.0608 0.1377, -0.8386 -0.0549 0.1448, -0.8386 -0.0542 0.1454, -0.8386 -0.0468 0.1505, -0.8386 -0.0385 0.1537, -0.8386 -0.0686 0.1219, -0.8386 -0.0736 0.1212, -0.8386 -0.0782 0.1195, -0.8386 -0.0823 0.1166, -0.8386 -0.0853 0.1132, -0.8386 -0.0858 0.1124, -0.8386 -0.0878 0.1087, -0.8386 -0.089 0.1036, -0.8386 -0.0892 0.1013, -0.8386 -0.0885 0.0962, -0.8386 -0.0867 0.0915, -0.8386 -0.0838 0.0874, -0.8386 -0.0835 0.087, -0.8386 -0.0796 0.0838, -0.8386 -0.0749 0.0816, -0.8386 -0.0702 0.0807, -0.8386 -0.0583 0.0807, -0.8386 -0.0578 0.0808, -0.8386 -0.057 0.081, -0.8386 -0.0567 0.081, -0.8386 -0.0547 0.0807, -0.8386 -0.0529 0.08, -0.8386 -0.0513 0.0789, -0.8386 -0.0502 0.0777, -0.8386 -0.0492 0.0759, -0.8386 -0.0486 0.0739, -0.8386 -0.0486 0.0728, -0.8386 -0.0488 0.0709, -0.8386 -0.0495 0.0691, -0.8386 -0.0507 0.0674, -0.8386 -0.0513 0.0668, -0.8386 -0.053 0.0656, -0.8386 -0.0547 0.0649, -0.8386 -0.0562 0.0647, -0.8386 -0.0718 0.0647, -0.8386 -0.0805 0.0665, -0.8386 -0.0886 0.0704, -0.8386 -0.0957 0.0765, -0.8386 -0.101 0.0838, -0.8386 -0.1043 0.0921, -0.8386 0.0057 0.0836, -0.8386 0.0039 0.0835, -0.8386 0.0014 0.0827, -0.8386 -0.0007 0.0813, -0.8386 -0.0025 0.0795, -0.8386 -0.0037 0.0774, -0.8386 -0.0044 0.075, -0.8386 -0.0045 0.0724, -0.8386 -0.004 0.0699, -0.8386 -0.0028 0.0676, -0.8386 -0.0011 0.0657, -0.8386 0.0009 0.0643, -0.8386 0.0032 0.0634, -0.8386 0.0057 0.0631, -0.8386 0.0062 0.0631, -0.8386 0.0085 0.0635, -0.8386 0.0109 0.0645, -0.8386 0.0129 0.066, -0.8386 0.0144 0.0678, -0.8386 0.0154 0.07, -0.8386 0.016 0.0725, -0.8386 0.0159 0.075, -0.8386 0.0151 0.0775, -0.8386 0.0138 0.0797, -0.8386 0.0126 0.081, -0.8386 0.0106 0.0824, -0.8386 0.0083 0.0833
            ]
        }
        coordIndex [
            0,1,2,-1,3,4,5,-1,6,7,8,-1,9,10,11,-1,11,10,12,-1,13,14,2,-1,2,14,15,-1,2,15,0,-1,5,4,16,-1,17,18,19,-1,20,21,10,-1,10,21,22,-1,10,22,12,-1,12,22,23,-1,24,25,26,-1,26,25,27,-1,26,27,28,-1,28,27,29,-1,28,29,30,-1,30,29,31,-1,30,31,32,-1,32,31,2,-1,32,2,33,-1,33,2,34,-1,35,36,24,-1,24,36,37,-1,24,37,25,-1,9,11,19,-1,19,11,38,-1,19,38,17,-1,39,40,41,-1,41,40,42,-1,41,42,43,-1,43,42,44,-1,43,44,45,-1,45,44,46,-1,6,8,47,-1,47,8,48,-1,47,48,49,-1,49,48,50,-1,49,50,51,-1,4,52,16,-1,16,52,53,-1,16,53,54,-1,54,53,55,-1,54,55,6,-1,6,55,56,-1,6,56,7,-1,34,2,57,-1,57,2,1,-1,57,1,58,-1,23,22,24,-1,24,22,59,-1,24,59,35,-1,60,61,62,-1,62,61,63,-1,62,63,64,-1,64,63,65,-1,64,65,66,-1,66,65,67,-1,66,67,68,-1,68,67,69,-1,68,69,70,-1,44,71,46,-1,46,71,72,-1,46,72,73,-1,73,72,74,-1,73,74,75,-1,75,74,76,-1,75,76,77,-1,77,76,78,-1,77,78,79,-1,79,78,80,-1,79,80,81,-1,81,80,82,-1,81,82,60,-1,60,82,83,-1,60,83,61,-1,84,85,86,-1,86,85,87,-1,86,87,41,-1,41,87,88,-1,41,88,39,-1,89,90,91,-1,91,90,92,-1,91,92,93,-1,93,92,94,-1,93,94,95,-1,95,94,96,-1,95,96,97,-1,97,96,98,-1,97,98,13,-1,13,98,99,-1,13,99,14,-1,18,100,19,-1,19,100,101,-1,19,101,102,-1,102,101,103,-1,102,103,104,-1,104,103,105,-1,104,105,106,-1,106,105,107,-1,106,107,108,-1,108,107,109,-1,108,109,110,-1,110,109,111,-1,110,111,112,-1,112,111,113,-1,112,113,114,-1,114,113,115,-1,114,115,116,-1,116,115,117,-1,116,117,118,-1,118,117,119,-1,118,119,1,-1,1,119,120,-1,1,120,58,-1,51,50,121,-1,121,50,122,-1,121,122,123,-1,123,122,124,-1,123,124,125,-1,125,124,126,-1,125,126,127,-1,127,126,128,-1,127,128,84,-1,84,128,129,-1,84,129,85,-1,5,130,3,-1,3,130,131,-1,3,131,132,-1,132,131,133,-1,132,133,134,-1,134,133,135,-1,134,135,89,-1,89,135,136,-1,89,136,90,-1,137,138,139,-1,69,140,70,-1,70,140,137,-1,70,137,141,-1,141,137,139,-1,142,143,137,-1,137,143,144,-1,137,144,138,-1,145,146,147,-1,146,148,147,-1,147,148,149,-1,147,149,150,-1,142,137,147,-1,147,137,151,-1,147,151,145,-1,152,46,153,-1,153,46,73,-1,153,73,154,-1,154,73,75,-1,154,75,155,-1,155,75,77,-1,155,77,156,-1,152,157,46,-1,46,157,158,-1,46,158,45,-1,45,158,159,-1,45,159,43,-1,43,159,160,-1,43,160,41,-1,41,160,161,-1,41,161,86,-1,86,161,162,-1,86,162,84,-1,84,162,127,-1,127,162,163,-1,163,164,127,-1,127,164,165,-1,127,165,125,-1,125,165,166,-1,125,166,123,-1,167,49,168,-1,168,49,51,-1,168,51,169,-1,169,51,121,-1,169,121,170,-1,170,121,123,-1,170,123,166,-1,49,167,171,-1,49,171,47,-1,47,171,172,-1,47,172,6,-1,6,172,173,-1,6,173,54,-1,54,173,174,-1,54,174,16,-1,16,174,175,-1,16,175,5,-1,5,175,176,-1,5,176,130,-1,130,176,177,-1,130,177,131,-1,131,177,178,-1,131,178,133,-1,136,135,179,-1,179,135,133,-1,179,133,178,-1,179,180,136,-1,136,180,181,-1,136,181,90,-1,90,181,182,-1,182,183,90,-1,90,183,184,-1,90,184,92,-1,92,184,185,-1,92,185,94,-1,94,185,186,-1,94,186,96,-1,96,186,187,-1,96,187,98,-1,98,187,188,-1,98,188,99,-1,99,188,189,-1,99,189,14,-1,14,189,190,-1,14,190,15,-1,15,190,191,-1,15,191,0,-1,191,192,0,-1,0,192,193,-1,0,193,1,-1,1,193,194,-1,1,194,118,-1,118,194,195,-1,118,195,116,-1,195,196,116,-1,116,196,197,-1,116,197,114,-1,114,197,198,-1,114,198,112,-1,199,9,19,-1,112,198,200,-1,112,200,110,-1,110,200,201,-1,110,201,108,-1,201,202,108,-1,108,202,203,-1,108,203,106,-1,106,203,204,-1,106,204,104,-1,104,204,205,-1,104,205,102,-1,102,205,206,-1,102,206,19,-1,19,206,207,-1,19,207,199,-1,10,9,208,-1,208,9,199,-1,20,10,209,-1,209,10,208,-1,21,20,210,-1,210,20,209,-1,22,21,211,-1,211,21,210,-1,22,211,212,-1,22,212,59,-1,59,212,213,-1,59,213,35,-1,35,213,214,-1,35,214,36,-1,36,214,215,-1,36,215,37,-1,37,215,216,-1,37,216,25,-1,25,216,217,-1,25,217,27,-1,27,217,218,-1,27,218,29,-1,29,218,219,-1,29,219,31,-1,31,219,220,-1,31,220,2,-1,2,220,221,-1,2,221,13,-1,13,221,222,-1,13,222,97,-1,97,222,223,-1,97,223,95,-1,95,223,224,-1,95,224,93,-1,93,224,225,-1,93,225,91,-1,225,226,91,-1,91,226,89,-1,226,227,89,-1,89,227,228,-1,89,228,134,-1,134,228,229,-1,134,229,132,-1,229,230,132,-1,132,230,231,-1,132,231,3,-1,3,231,232,-1,3,232,4,-1,4,232,233,-1,4,233,52,-1,52,233,234,-1,52,234,53,-1,53,234,235,-1,53,235,55,-1,55,235,236,-1,55,236,56,-1,56,236,237,-1,56,237,7,-1,7,237,238,-1,7,238,8,-1,8,238,239,-1,8,239,48,-1,48,239,240,-1,48,240,50,-1,50,240,241,-1,50,241,122,-1,122,241,242,-1,122,242,124,-1,243,39,244,-1,244,39,88,-1,244,88,245,-1,245,88,87,-1,245,87,246,-1,246,87,85,-1,246,85,247,-1,247,85,129,-1,247,129,248,-1,248,129,128,-1,248,128,249,-1,249,128,126,-1,249,126,250,-1,250,126,124,-1,250,124,242,-1,40,39,251,-1,251,39,243,-1,40,251,252,-1,40,252,42,-1,42,252,253,-1,42,253,44,-1,44,253,254,-1,44,254,71,-1,71,254,255,-1,71,255,72,-1,72,255,256,-1,72,256,74,-1,256,257,74,-1,74,257,258,-1,74,258,76,-1,76,258,259,-1,76,259,78,-1,78,259,260,-1,78,260,80,-1,80,260,261,-1,80,261,82,-1,82,261,262,-1,82,262,83,-1,83,262,263,-1,83,263,61,-1,61,263,264,-1,61,264,63,-1,63,264,265,-1,63,265,65,-1,65,265,266,-1,65,266,67,-1,69,67,267,-1,267,67,266,-1,69,267,268,-1,69,268,140,-1,140,268,269,-1,140,269,137,-1,137,269,270,-1,137,270,151,-1,151,270,271,-1,151,271,145,-1,145,271,272,-1,145,272,146,-1,146,272,273,-1,146,273,148,-1,148,273,274,-1,148,274,149,-1,149,274,275,-1,149,275,150,-1,150,275,276,-1,150,276,147,-1,147,276,277,-1,147,277,142,-1,142,277,278,-1,142,278,143,-1,143,278,279,-1,143,279,144,-1,144,279,280,-1,144,280,138,-1,138,280,281,-1,138,281,139,-1,139,281,282,-1,139,282,141,-1,141,282,283,-1,141,283,70,-1,70,283,284,-1,70,284,68,-1,66,68,285,-1,285,68,284,-1,66,285,286,-1,66,286,64,-1,64,286,287,-1,64,287,62,-1,62,287,288,-1,62,288,60,-1,60,288,289,-1,60,289,81,-1,81,289,290,-1,81,290,79,-1,79,290,156,-1,79,156,77,-1,23,291,292,-1,23,292,12,-1,12,292,293,-1,12,293,11,-1,11,293,294,-1,11,294,38,-1,38,294,295,-1,38,295,17,-1,17,295,296,-1,17,296,18,-1,18,296,297,-1,18,297,100,-1,100,297,298,-1,100,298,101,-1,101,298,299,-1,101,299,103,-1,103,299,300,-1,103,300,105,-1,105,300,301,-1,105,301,107,-1,107,301,302,-1,107,302,109,-1,109,302,303,-1,109,303,111,-1,111,303,304,-1,111,304,113,-1,113,304,305,-1,113,305,115,-1,115,305,306,-1,115,306,117,-1,117,306,307,-1,117,307,119,-1,119,307,308,-1,119,308,120,-1,120,308,309,-1,120,309,58,-1,58,309,310,-1,58,310,57,-1,57,310,311,-1,57,311,34,-1,34,311,312,-1,34,312,33,-1,33,312,313,-1,33,313,32,-1,32,313,314,-1,32,314,30,-1,30,314,315,-1,30,315,28,-1,28,315,316,-1,28,316,26,-1,26,316,317,-1,26,317,24,-1,24,317,291,-1,24,291,23,-1,
        ]
    }
}
Shape{
    appearance Appearance {
        material  Material {
            diffuseColor 1.0 1.0 1.0
            specularColor 0.5019607843137255 0.5019607843137255 0.5019607843137255
            ambientIntensity 1.0
            transparency 0.0
            shininess 0.5
        }
    }
    geometry IndexedFaceSet {
        ccw TRUE
        solid FALSE
        coord DEF co Coordinate {
            point [
                -0.8386 0.0062 0.0631, -0.8386 0.0126 0.081, -0.8386 0.0138 0.0797, -0.8386 0.0057 0.0836, -0.8386 0.0083 0.0833, -0.8386 0.0106 0.0824, -0.8386 0.0154 0.07, -0.8386 0.0144 0.0678, -0.8386 0.0129 0.066, -0.8386 0.0039 0.0835, -0.8386 0.0057 0.0631, -0.8386 0.0032 0.0634, -0.8386 -0.0028 0.0676, -0.8386 -0.0037 0.0774, -0.8386 -0.0011 0.0657, -0.8386 -0.0025 0.0795, -0.8386 -0.0007 0.0813, -0.8386 0.0009 0.0643, -0.8386 0.0014 0.0827, -0.8386 0.0151 0.0775, -0.8386 0.0159 0.075, -0.8386 0.016 0.0725, -0.8386 0.0109 0.0645, -0.8386 0.0085 0.0635, -0.8386 -0.004 0.0699, -0.8386 -0.0045 0.0724, -0.8386 -0.0044 0.075
            ]
        }
        coordIndex [
            0,1,2,-1,3,4,0,-1,0,4,5,-1,0,5,1,-1,6,7,2,-1,2,7,8,-1,3,0,9,-1,9,0,10,-1,9,10,11,-1,12,13,14,-1,14,13,15,-1,14,15,16,-1,11,17,9,-1,9,17,14,-1,9,14,18,-1,18,14,16,-1,19,20,2,-1,2,20,21,-1,2,21,6,-1,8,22,2,-1,2,22,23,-1,2,23,0,-1,24,25,12,-1,12,25,26,-1,12,26,13,-1,
        ]
    }
}
Shape{
    appearance Appearance {
        material  Material {
            diffuseColor 1.0 1.0 0.0
            specularColor 0.5019607843137255 0.5019607843137255 0.0
            ambientIntensity 0.886
            transparency 0.0
            shininess 0.5
        }
    }
    geometry IndexedFaceSet {
        ccw TRUE
        solid FALSE
        coord DEF co Coordinate {
            point [
                -0.3622 0.5142 0.2216, -0.3622 0.5413 0.2012, -0.4213 0.5142 0.2216, -0.4213 0.5413 0.2012, -0.4213 -0.0472 0.052, -0.4213 0.6444 0.052, -0.3622 -0.0472 0.052, -0.3622 0.6444 0.052, -0.4213 0.5124 0.1626, -0.4213 0.4473 0.2114, -0.4213 0.5399 0.1666, -0.4213 0.5453 0.1737, -0.4213 0.5922 0.0799, -0.4213 0.6265 0.1141, -0.4213 0.6541 0.0935, -0.4213 0.6562 0.0638, -0.4213 0.6591 0.0676, -0.4213 0.6616 0.0815, -0.4213 0.6619 0.0767, -0.4213 0.6611 0.072, -0.4213 0.0068 0.0799, -0.4213 0.0068 0.2114, -0.4213 -0.0472 0.2216, -0.4213 0.5445 0.1982, -0.4213 0.5162 0.1604, -0.4213 0.5369 0.1633, -0.4213 0.5332 0.1609, -0.4213 0.547 0.1946, -0.4213 0.5486 0.1904, -0.4213 0.5475 0.1775, -0.4213 0.5492 0.1861, -0.4213 0.5488 0.1817, -0.4213 0.5291 0.1593, -0.4213 0.5248 0.1587, -0.4213 0.5204 0.159, -0.4213 0.6601 0.0861, -0.4213 0.6575 0.0901, -0.3622 0.6541 0.0935, -0.3622 0.6265 0.1141, -0.3622 0.5922 0.0799, -0.3622 0.4473 0.2114, -0.3622 -0.0472 0.2216, -0.3622 0.0068 0.2114, -0.3622 0.5369 0.1633, -0.3622 0.5399 0.1666, -0.3622 0.5162 0.1604, -0.3622 0.6591 0.0676, -0.3622 0.6611 0.072, -0.3622 0.0068 0.0799, -0.3622 0.6562 0.0638, -0.3622 0.6619 0.0767, -0.3622 0.6616 0.0815, -0.3622 0.6575 0.0901, -0.3622 0.6601 0.0861, -0.3622 0.5445 0.1982, -0.3622 0.5453 0.1737, -0.3622 0.5124 0.1626, -0.3622 0.5204 0.159, -0.3622 0.5248 0.1587, -0.3622 0.5291 0.1593, -0.3622 0.5332 0.1609, -0.3622 0.5488 0.1817, -0.3622 0.5492 0.1861, -0.3622 0.5475 0.1775, -0.3622 0.5486 0.1904, -0.3622 0.547 0.1946, -0.1654 0.5142 0.2216, -0.1654 0.5413 0.2012, -0.2244 0.5142 0.2216, -0.2244 0.5413 0.2012, -0.2244 -0.0472 0.052, -0.2244 0.6444 0.052, -0.1654 -0.0472 0.052, -0.1654 0.6444 0.052, -0.2244 0.5124 0.1626, -0.2244 0.4473 0.2114, -0.2244 0.5399 0.1666, -0.2244 0.6591 0.0676, -0.2244 0.6562 0.0638, -0.2244 0.6541 0.0935, -0.2244 0.6265 0.1141, -0.2244 0.6616 0.0815, -0.2244 0.6619 0.0767, -0.2244 0.6611 0.072, -0.2244 0.5445 0.1982, -0.2244 0.5453 0.1737, -0.2244 -0.0472 0.2216, -0.2244 0.0068 0.2114, -0.2244 0.0068 0.0799, -0.2244 0.5922 0.0799, -0.2244 0.5162 0.1604, -0.2244 0.5369 0.1633, -0.2244 0.5332 0.1609, -0.2244 0.547 0.1946, -0.2244 0.5486 0.1904, -0.2244 0.5475 0.1775, -0.2244 0.5492 0.1861, -0.2244 0.5488 0.1817, -0.2244 0.5291 0.1593, -0.2244 0.5248 0.1587, -0.2244 0.5204 0.159, -0.2244 0.6601 0.0861, -0.2244 0.6575 0.0901, -0.1654 0.6541 0.0935, -0.1654 0.6265 0.1141, -0.1654 0.5922 0.0799, -0.1654 -0.0472 0.2216, -0.1654 0.4473 0.2114, -0.1654 0.0068 0.2114, -0.1654 0.6591 0.0676, -0.1654 0.6611 0.072, -0.1654 0.5445 0.1982, -0.1654 0.5453 0.1737, -0.1654 0.0068 0.0799, -0.1654 0.6562 0.0638, -0.1654 0.5124 0.1626, -0.1654 0.5399 0.1666, -0.1654 0.5162 0.1604, -0.1654 0.5369 0.1633, -0.1654 0.6619 0.0767, -0.1654 0.6616 0.0815, -0.1654 0.6575 0.0901, -0.1654 0.6601 0.0861, -0.1654 0.5204 0.159, -0.1654 0.5248 0.1587, -0.1654 0.5291 0.1593, -0.1654 0.5332 0.1609, -0.1654 0.5488 0.1817, -0.1654 0.5492 0.1861, -0.1654 0.5475 0.1775, -0.1654 0.5486 0.1904, -0.1654 0.547 0.1946, 0.0315 0.5142 0.2216, 0.0315 0.5413 0.2012, -0.0276 0.5142 0.2216, -0.0276 0.5413 0.2012, -0.0276 -0.0472 0.052, -0.0276 0.6444 0.052, 0.0315 -0.0472 0.052, 0.0315 0.6444 0.052, -0.0276 0.5124 0.1626, -0.0276 0.4473 0.2114, -0.0276 0.5399 0.1666, -0.0276 0.5453 0.1737, -0.0276 0.5922 0.0799, -0.0276 0.6265 0.1141, -0.0276 0.6541 0.0935, -0.0276 0.6562 0.0638, -0.0276 0.6591 0.0676, -0.0276 0.6616 0.0815, -0.0276 0.6619 0.0767, -0.0276 0.6611 0.072, -0.0276 0.0068 0.0799, -0.0276 0.0068 0.2114, -0.0276 -0.0472 0.2216, -0.0276 0.5445 0.1982, -0.0276 0.5162 0.1604, -0.0276 0.5369 0.1633, -0.0276 0.5332 0.1609, -0.0276 0.547 0.1946, -0.0276 0.5486 0.1904, -0.0276 0.5475 0.1775, -0.0276 0.5492 0.1861, -0.0276 0.5488 0.1817, -0.0276 0.5291 0.1593, -0.0276 0.5248 0.1587, -0.0276 0.5204 0.159, -0.0276 0.6601 0.0861, -0.0276 0.6575 0.0901, 0.0315 0.6541 0.0935, 0.0315 0.6265 0.1141, 0.0315 0.5922 0.0799, 0.0315 0.4473 0.2114, 0.0315 -0.0472 0.2216, 0.0315 0.0068 0.2114, 0.0315 0.5369 0.1633, 0.0315 0.5399 0.1666, 0.0315 0.5162 0.1604, 0.0315 0.6591 0.0676, 0.0315 0.6611 0.072, 0.0315 0.0068 0.0799, 0.0315 0.6562 0.0638, 0.0315 0.6619 0.0767, 0.0315 0.6616 0.0815, 0.0315 0.6575 0.0901, 0.0315 0.6601 0.0861, 0.0315 0.5445 0.1982, 0.0315 0.5453 0.1737, 0.0315 0.5124 0.1626, 0.0315 0.5204 0.159, 0.0315 0.5248 0.1587, 0.0315 0.5291 0.1593, 0.0315 0.5332 0.1609, 0.0315 0.5488 0.1817, 0.0315 0.5492 0.1861, 0.0315 0.5475 0.1775, 0.0315 0.5486 0.1904, 0.0315 0.547 0.1946, 0.2283 0.5142 0.2216, 0.2283 0.5413 0.2012, 0.1693 0.5142 0.2216, 0.1693 0.5413 0.2012, 0.1693 -0.0472 0.052, 0.1693 0.6444 0.052, 0.2283 -0.0472 0.052, 0.2283 0.6444 0.052, 0.1693 0.5124 0.1626, 0.1693 0.4473 0.2114, 0.1693 0.5399 0.1666, 0.1693 0.5453 0.1737, 0.1693 0.5922 0.0799, 0.1693 0.6265 0.1141, 0.1693 0.6541 0.0935, 0.1693 0.6562 0.0638, 0.1693 0.6591 0.0676, 0.1693 0.6616 0.0815, 0.1693 0.6619 0.0767, 0.1693 0.6611 0.072, 0.1693 0.0068 0.0799, 0.1693 0.0068 0.2114, 0.1693 -0.0472 0.2216, 0.1693 0.5445 0.1982, 0.1693 0.5162 0.1604, 0.1693 0.5369 0.1633, 0.1693 0.5332 0.1609, 0.1693 0.547 0.1946, 0.1693 0.5486 0.1904, 0.1693 0.5475 0.1775, 0.1693 0.5492 0.1861, 0.1693 0.5488 0.1817, 0.1693 0.5291 0.1593, 0.1693 0.5248 0.1587, 0.1693 0.5204 0.159, 0.1693 0.6601 0.0861, 0.1693 0.6575 0.0901, 0.2283 0.6541 0.0935, 0.2283 0.6265 0.1141, 0.2283 0.5922 0.0799, 0.2283 0.4473 0.2114, 0.2283 -0.0472 0.2216, 0.2283 0.0068 0.2114, 0.2283 0.5369 0.1633, 0.2283 0.5399 0.1666, 0.2283 0.5162 0.1604, 0.2283 0.6591 0.0676, 0.2283 0.6611 0.072, 0.2283 0.0068 0.0799, 0.2283 0.6562 0.0638, 0.2283 0.6619 0.0767, 0.2283 0.6616 0.0815, 0.2283 0.6575 0.0901, 0.2283 0.6601 0.0861, 0.2283 0.5445 0.1982, 0.2283 0.5453 0.1737, 0.2283 0.5124 0.1626, 0.2283 0.5204 0.159, 0.2283 0.5248 0.1587, 0.2283 0.5291 0.1593, 0.2283 0.5332 0.1609, 0.2283 0.5488 0.1817, 0.2283 0.5492 0.1861, 0.2283 0.5475 0.1775, 0.2283 0.5486 0.1904, 0.2283 0.547 0.1946, 0.4252 0.5142 0.2216, 0.4252 0.5413 0.2012, 0.3661 0.5142 0.2216, 0.3661 0.5413 0.2012, 0.3661 -0.0472 0.052, 0.3661 0.6444 0.052, 0.4252 -0.0472 0.052, 0.4252 0.6444 0.052, 0.3661 0.5124 0.1626, 0.3661 0.4473 0.2114, 0.3661 0.5399 0.1666, 0.3661 0.5453 0.1737, 0.3661 0.5922 0.0799, 0.3661 0.6265 0.1141, 0.3661 0.6541 0.0935, 0.3661 0.6562 0.0638, 0.3661 0.6591 0.0676, 0.3661 0.6616 0.0815, 0.3661 0.6619 0.0767, 0.3661 0.6611 0.072, 0.3661 0.0068 0.0799, 0.3661 0.0068 0.2114, 0.3661 -0.0472 0.2216, 0.3661 0.5445 0.1982, 0.3661 0.5162 0.1604, 0.3661 0.5369 0.1633, 0.3661 0.5332 0.1609, 0.3661 0.547 0.1946, 0.3661 0.5486 0.1904, 0.3661 0.5475 0.1775, 0.3661 0.5492 0.1861, 0.3661 0.5488 0.1817, 0.3661 0.5291 0.1593, 0.3661 0.5248 0.1587, 0.3661 0.5204 0.159, 0.3661 0.6601 0.0861, 0.3661 0.6575 0.0901, 0.4252 0.6541 0.0935, 0.4252 0.6265 0.1141, 0.4252 0.5922 0.0799, 0.4252 0.4473 0.2114, 0.4252 -0.0472 0.2216, 0.4252 0.0068 0.2114, 0.4252 0.5369 0.1633, 0.4252 0.5399 0.1666, 0.4252 0.5162 0.1604, 0.4252 0.6591 0.0676, 0.4252 0.6611 0.072, 0.4252 0.0068 0.0799, 0.4252 0.6562 0.0638, 0.4252 0.6619 0.0767, 0.4252 0.6616 0.0815, 0.4252 0.6575 0.0901, 0.4252 0.6601 0.0861, 0.4252 0.5445 0.1982, 0.4252 0.5453 0.1737, 0.4252 0.5124 0.1626, 0.4252 0.5204 0.159, 0.4252 0.5248 0.1587, 0.4252 0.5291 0.1593, 0.4252 0.5332 0.1609, 0.4252 0.5488 0.1817, 0.4252 0.5492 0.1861, 0.4252 0.5475 0.1775, 0.4252 0.5486 0.1904, 0.4252 0.547 0.1946
            ]
        }
        coordIndex [
            0,1,2,-1,2,1,3,-1,4,5,6,-1,6,5,7,-1,8,9,10,-1,10,9,11,-1,12,13,5,-1,5,13,14,-1,5,14,15,-1,15,14,16,-1,17,18,19,-1,12,5,20,-1,20,5,4,-1,20,4,21,-1,21,4,22,-1,21,22,9,-1,9,22,2,-1,9,2,11,-1,11,2,3,-1,11,3,23,-1,8,10,24,-1,24,10,25,-1,24,25,26,-1,23,27,11,-1,11,27,28,-1,11,28,29,-1,29,28,30,-1,29,30,31,-1,26,32,24,-1,24,32,33,-1,24,33,34,-1,17,19,35,-1,16,14,19,-1,19,14,36,-1,19,36,35,-1,37,38,39,-1,1,0,40,-1,40,0,41,-1,40,41,42,-1,43,44,45,-1,46,47,37,-1,42,41,48,-1,48,41,6,-1,48,6,39,-1,39,6,7,-1,39,7,37,-1,37,7,49,-1,37,49,46,-1,47,50,37,-1,37,50,51,-1,37,51,52,-1,52,51,53,-1,54,1,55,-1,55,1,40,-1,55,40,44,-1,44,40,56,-1,44,56,45,-1,45,57,58,-1,58,59,45,-1,45,59,60,-1,45,60,43,-1,61,62,63,-1,63,62,64,-1,63,64,55,-1,55,64,65,-1,55,65,54,-1,3,1,54,-1,3,54,23,-1,23,54,65,-1,23,65,27,-1,27,65,64,-1,27,64,28,-1,28,64,62,-1,28,62,30,-1,30,62,61,-1,30,61,31,-1,31,61,63,-1,31,63,29,-1,29,63,55,-1,29,55,11,-1,10,11,44,-1,44,11,55,-1,10,44,43,-1,10,43,25,-1,25,43,60,-1,25,60,26,-1,26,60,59,-1,26,59,32,-1,32,59,58,-1,32,58,33,-1,33,58,57,-1,33,57,34,-1,34,57,45,-1,34,45,24,-1,24,45,56,-1,24,56,8,-1,9,8,40,-1,40,8,56,-1,21,9,42,-1,42,9,40,-1,20,21,48,-1,48,21,42,-1,12,20,39,-1,39,20,48,-1,13,12,38,-1,38,12,39,-1,14,13,37,-1,37,13,38,-1,14,37,52,-1,14,52,36,-1,36,52,53,-1,36,53,35,-1,35,53,51,-1,35,51,17,-1,17,51,50,-1,17,50,18,-1,18,50,47,-1,18,47,19,-1,19,47,46,-1,19,46,16,-1,16,46,49,-1,16,49,15,-1,5,15,7,-1,7,15,49,-1,66,67,68,-1,68,67,69,-1,70,71,72,-1,72,71,73,-1,74,75,76,-1,77,78,79,-1,79,78,71,-1,79,71,80,-1,81,82,83,-1,84,85,69,-1,69,85,76,-1,69,76,68,-1,68,76,75,-1,68,75,86,-1,86,75,87,-1,86,87,70,-1,70,87,88,-1,70,88,71,-1,71,88,89,-1,71,89,80,-1,74,76,90,-1,90,76,91,-1,90,91,92,-1,84,93,85,-1,85,93,94,-1,85,94,95,-1,95,94,96,-1,95,96,97,-1,92,98,90,-1,90,98,99,-1,90,99,100,-1,81,83,101,-1,77,79,83,-1,83,79,102,-1,83,102,101,-1,103,104,105,-1,66,106,107,-1,107,106,108,-1,109,110,103,-1,111,67,112,-1,108,106,113,-1,113,106,72,-1,113,72,105,-1,105,72,73,-1,105,73,103,-1,103,73,114,-1,103,114,109,-1,107,115,116,-1,116,115,117,-1,116,117,118,-1,66,107,67,-1,67,107,116,-1,67,116,112,-1,110,119,103,-1,103,119,120,-1,103,120,121,-1,121,120,122,-1,117,123,124,-1,124,125,117,-1,117,125,126,-1,117,126,118,-1,127,128,129,-1,129,128,130,-1,129,130,112,-1,112,130,131,-1,112,131,111,-1,69,67,111,-1,69,111,84,-1,84,111,131,-1,84,131,93,-1,93,131,130,-1,93,130,94,-1,94,130,128,-1,94,128,96,-1,96,128,127,-1,96,127,97,-1,97,127,129,-1,97,129,95,-1,95,129,112,-1,95,112,85,-1,76,85,116,-1,116,85,112,-1,76,116,118,-1,76,118,91,-1,91,118,126,-1,91,126,92,-1,92,126,125,-1,92,125,98,-1,98,125,124,-1,98,124,99,-1,99,124,123,-1,99,123,100,-1,100,123,117,-1,100,117,90,-1,90,117,115,-1,90,115,74,-1,75,74,107,-1,107,74,115,-1,87,75,108,-1,108,75,107,-1,88,87,113,-1,113,87,108,-1,89,88,105,-1,105,88,113,-1,80,89,104,-1,104,89,105,-1,79,80,103,-1,103,80,104,-1,79,103,121,-1,79,121,102,-1,102,121,122,-1,102,122,101,-1,101,122,120,-1,101,120,81,-1,81,120,119,-1,81,119,82,-1,82,119,110,-1,82,110,83,-1,83,110,109,-1,83,109,77,-1,77,109,114,-1,77,114,78,-1,71,78,73,-1,73,78,114,-1,132,133,134,-1,134,133,135,-1,136,137,138,-1,138,137,139,-1,140,141,142,-1,142,141,143,-1,144,145,137,-1,137,145,146,-1,137,146,147,-1,147,146,148,-1,149,150,151,-1,144,137,152,-1,152,137,136,-1,152,136,153,-1,153,136,154,-1,153,154,141,-1,141,154,134,-1,141,134,143,-1,143,134,135,-1,143,135,155,-1,140,142,156,-1,156,142,157,-1,156,157,158,-1,155,159,143,-1,143,159,160,-1,143,160,161,-1,161,160,162,-1,161,162,163,-1,158,164,156,-1,156,164,165,-1,156,165,166,-1,149,151,167,-1,148,146,151,-1,151,146,168,-1,151,168,167,-1,169,170,171,-1,133,132,172,-1,172,132,173,-1,172,173,174,-1,175,176,177,-1,178,179,169,-1,174,173,180,-1,180,173,138,-1,180,138,171,-1,171,138,139,-1,171,139,169,-1,169,139,181,-1,169,181,178,-1,179,182,169,-1,169,182,183,-1,169,183,184,-1,184,183,185,-1,186,133,187,-1,187,133,172,-1,187,172,176,-1,176,172,188,-1,176,188,177,-1,177,189,190,-1,190,191,177,-1,177,191,192,-1,177,192,175,-1,193,194,195,-1,195,194,196,-1,195,196,187,-1,187,196,197,-1,187,197,186,-1,135,133,186,-1,135,186,155,-1,155,186,197,-1,155,197,159,-1,159,197,196,-1,159,196,160,-1,160,196,194,-1,160,194,162,-1,162,194,193,-1,162,193,163,-1,163,193,195,-1,163,195,161,-1,161,195,187,-1,161,187,143,-1,142,143,176,-1,176,143,187,-1,142,176,175,-1,142,175,157,-1,157,175,192,-1,157,192,158,-1,158,192,191,-1,158,191,164,-1,164,191,190,-1,164,190,165,-1,165,190,189,-1,165,189,166,-1,166,189,177,-1,166,177,156,-1,156,177,188,-1,156,188,140,-1,141,140,172,-1,172,140,188,-1,153,141,174,-1,174,141,172,-1,152,153,180,-1,180,153,174,-1,144,152,171,-1,171,152,180,-1,145,144,170,-1,170,144,171,-1,146,145,169,-1,169,145,170,-1,146,169,184,-1,146,184,168,-1,168,184,185,-1,168,185,167,-1,167,185,183,-1,167,183,149,-1,149,183,182,-1,149,182,150,-1,150,182,179,-1,150,179,151,-1,151,179,178,-1,151,178,148,-1,148,178,181,-1,148,181,147,-1,137,147,139,-1,139,147,181,-1,198,199,200,-1,200,199,201,-1,202,203,204,-1,204,203,205,-1,206,207,208,-1,208,207,209,-1,210,211,203,-1,203,211,212,-1,203,212,213,-1,213,212,214,-1,215,216,217,-1,210,203,218,-1,218,203,202,-1,218,202,219,-1,219,202,220,-1,219,220,207,-1,207,220,200,-1,207,200,209,-1,209,200,201,-1,209,201,221,-1,206,208,222,-1,222,208,223,-1,222,223,224,-1,221,225,209,-1,209,225,226,-1,209,226,227,-1,227,226,228,-1,227,228,229,-1,224,230,222,-1,222,230,231,-1,222,231,232,-1,215,217,233,-1,214,212,217,-1,217,212,234,-1,217,234,233,-1,235,236,237,-1,199,198,238,-1,238,198,239,-1,238,239,240,-1,241,242,243,-1,244,245,235,-1,240,239,246,-1,246,239,204,-1,246,204,237,-1,237,204,205,-1,237,205,235,-1,235,205,247,-1,235,247,244,-1,245,248,235,-1,235,248,249,-1,235,249,250,-1,250,249,251,-1,252,199,253,-1,253,199,238,-1,253,238,242,-1,242,238,254,-1,242,254,243,-1,243,255,256,-1,256,257,243,-1,243,257,258,-1,243,258,241,-1,259,260,261,-1,261,260,262,-1,261,262,253,-1,253,262,263,-1,253,263,252,-1,201,199,252,-1,201,252,221,-1,221,252,263,-1,221,263,225,-1,225,263,262,-1,225,262,226,-1,226,262,260,-1,226,260,228,-1,228,260,259,-1,228,259,229,-1,229,259,261,-1,229,261,227,-1,227,261,253,-1,227,253,209,-1,208,209,242,-1,242,209,253,-1,208,242,241,-1,208,241,223,-1,223,241,258,-1,223,258,224,-1,224,258,257,-1,224,257,230,-1,230,257,256,-1,230,256,231,-1,231,256,255,-1,231,255,232,-1,232,255,243,-1,232,243,222,-1,222,243,254,-1,222,254,206,-1,207,206,238,-1,238,206,254,-1,219,207,240,-1,240,207,238,-1,218,219,246,-1,246,219,240,-1,210,218,237,-1,237,218,246,-1,211,210,236,-1,236,210,237,-1,212,211,235,-1,235,211,236,-1,212,235,250,-1,212,250,234,-1,234,250,251,-1,234,251,233,-1,233,251,249,-1,233,249,215,-1,215,249,248,-1,215,248,216,-1,216,248,245,-1,216,245,217,-1,217,245,244,-1,217,244,214,-1,214,244,247,-1,214,247,213,-1,203,213,205,-1,205,213,247,-1,264,265,266,-1,266,265,267,-1,268,269,270,-1,270,269,271,-1,272,273,274,-1,274,273,275,-1,276,277,269,-1,269,277,278,-1,269,278,279,-1,279,278,280,-1,281,282,283,-1,276,269,284,-1,284,269,268,-1,284,268,285,-1,285,268,286,-1,285,286,273,-1,273,286,266,-1,273,266,275,-1,275,266,267,-1,275,267,287,-1,272,274,288,-1,288,274,289,-1,288,289,290,-1,287,291,275,-1,275,291,292,-1,275,292,293,-1,293,292,294,-1,293,294,295,-1,290,296,288,-1,288,296,297,-1,288,297,298,-1,281,283,299,-1,280,278,283,-1,283,278,300,-1,283,300,299,-1,301,302,303,-1,265,264,304,-1,304,264,305,-1,304,305,306,-1,307,308,309,-1,310,311,301,-1,306,305,312,-1,312,305,270,-1,312,270,303,-1,303,270,271,-1,303,271,301,-1,301,271,313,-1,301,313,310,-1,311,314,301,-1,301,314,315,-1,301,315,316,-1,316,315,317,-1,318,265,319,-1,319,265,304,-1,319,304,308,-1,308,304,320,-1,308,320,309,-1,309,321,322,-1,322,323,309,-1,309,323,324,-1,309,324,307,-1,325,326,327,-1,327,326,328,-1,327,328,319,-1,319,328,329,-1,319,329,318,-1,267,265,318,-1,267,318,287,-1,287,318,329,-1,287,329,291,-1,291,329,328,-1,291,328,292,-1,292,328,326,-1,292,326,294,-1,294,326,325,-1,294,325,295,-1,295,325,327,-1,295,327,293,-1,293,327,319,-1,293,319,275,-1,274,275,308,-1,308,275,319,-1,274,308,307,-1,274,307,289,-1,289,307,324,-1,289,324,290,-1,290,324,323,-1,290,323,296,-1,296,323,322,-1,296,322,297,-1,297,322,321,-1,297,321,298,-1,298,321,309,-1,298,309,288,-1,288,309,320,-1,288,320,272,-1,273,272,304,-1,304,272,320,-1,285,273,306,-1,306,273,304,-1,284,285,312,-1,312,285,306,-1,276,284,303,-1,303,284,312,-1,277,276,302,-1,302,276,303,-1,278,277,301,-1,301,277,302,-1,278,301,316,-1,278,316,300,-1,300,316,317,-1,300,317,299,-1,299,317,315,-1,299,315,281,-1,281,315,314,-1,281,314,282,-1,282,314,311,-1,282,311,283,-1,283,311,310,-1,283,310,280,-1,280,310,313,-1,280,313,279,-1,269,279,271,-1,271,279,313,-1,
        ]
    }
}