#VRML V2.0 utf8
# 3D model generated by kicad-lcsc-manager
# Based on easyeda2kicad.py v1.0.1

Shape{
    appearance Appearance {
        material  Material {
            diffuseColor 0.25098039215686274 0.25098039215686274 0.25098039215686274
            specularColor 0.12549019607843137 0.12549019607843137 0.12549019607843137
            ambientIntensity 0.251
            transparency 0.0
            shininess 0.5
        }
    }
    geometry IndexedFaceSet {
        ccw TRUE
        solid FALSE
        coord DEF co Coordinate {
            point [
                0.9767 -0.4045 0.4331, 0.9732 -0.4049 0.4331, 0.9933 -0.4049 0.4331, 0.9147 -0.1972 0.4331, 0.9208 -0.1964 0.4331, 0.889 -0.1964 0.4331, 0.9354 -0.2774 0.4331, 0.9302 -0.2779 0.4331, 0.9567 -0.2779 0.4331, 0.519 -0.4399 0.4331, 0.5111 -0.4366 0.4331, -0.3656 -0.4366 0.4331, 0.4114 -0.3066 0.4331, 0.4123 -0.302 0.4331, -0.3656 -0.302 0.4331, 0.7387 -0.2603 0.4331, 0.754 -0.2735 0.4331, 0.8071 -0.1964 0.4331, 0.8071 -0.2779 0.4331, 0.6618 -0.1882 0.4331, 0.6741 -0.1964 0.4331, 0.6872 -0.2052 0.4331, 0.7058 -0.2267 0.4331, 0.7179 -0.2502 0.4331, 0.7219 -0.2516 0.4331, 0.6332 -0.1781 0.4331, 0.8071 0.5373 0.4331, 0.6098 -0.1756 0.4331, 0.5815 -0.1791 0.4331, 0.4379 -0.2491 0.4331, 0.4435 -0.2439 0.4331, -0.3656 -0.1964 0.4331, 0.5553 -0.1893 0.4331, -0.3656 0.5373 0.4331, 0.5437 -0.1964 0.4331, 0.5415 -0.1978 0.4331, 0.4627 -0.2312 0.4331, 0.484 -0.2238 0.4331, 0.5033 -0.2217 0.4331, 0.5281 -0.2093 0.4331, 0.5099 -0.2221 0.4331, 0.5164 -0.2229 0.4331, -0.3656 -0.2779 0.4331, 0.416 -0.2842 0.4331, 0.4191 -0.2779 0.4331, 0.4257 -0.2641 0.4331, 0.4806 -0.4033 0.4331, 0.4701 -0.4 0.4331, -0.3656 -0.4049 0.4331, 0.4499 -0.3892 0.4331, 0.435 -0.376 0.4331, 0.4324 -0.373 0.4331, 0.4205 -0.3546 0.4331, 0.4131 -0.3332 0.4331, 0.4111 -0.314 0.4331, 0.5058 -0.4344 0.4331, 0.4947 -0.426 0.4331, 0.4862 -0.4155 0.4331, 0.4813 -0.4049 0.4331, 0.5582 -0.4366 0.4331, 0.5484 -0.4404 0.4331, 0.8071 -0.5373 0.4331, 0.5346 -0.4421 0.4331, 0.5324 -0.442 0.4331, -0.3656 -0.5373 0.4331, 0.588 -0.4049 0.4331, 0.588 -0.405 0.4331, 0.8071 -0.4366 0.4331, 0.5812 -0.4177 0.4331, 0.5724 -0.4276 0.4331, 0.5611 -0.4355 0.4331, 0.5773 -0.347 0.4331, 0.6536 -0.3071 0.4331, 0.5674 -0.3379 0.4331, 0.5553 -0.3315 0.4331, 0.7387 -0.3205 0.4331, 0.7361 -0.3095 0.4331, 0.7321 -0.302 0.4331, 0.4483 -0.302 0.4331, 0.6655 -0.4042 0.4331, 0.6617 -0.4029 0.4331, 0.6578 -0.4004 0.4331, 0.6557 -0.3983 0.4331, 0.6575 -0.3735 0.4331, 0.661 -0.3711 0.4331, 0.6713 -0.3373 0.4331, 0.6649 -0.3697 0.4331, 0.7638 -0.3644 0.4331, 0.7532 -0.3789 0.4331, 0.8071 -0.4049 0.4331, 0.7515 -0.3807 0.4331, 0.7365 -0.3927 0.4331, 0.4517 -0.3354 0.4331, 0.4585 -0.3471 0.4331, 0.4874 -0.3529 0.4331, 0.4687 -0.3576 0.4331, 0.4811 -0.3652 0.4331, 0.5085 -0.3341 0.4331, 0.4969 -0.3422 0.4331, 0.447 -0.3128 0.4331, 0.4476 -0.3215 0.4331, 0.772 -0.3074 0.4331, 0.7743 -0.3248 0.4331, 0.8071 -0.302 0.4331, 0.7742 -0.3279 0.4331, 0.7713 -0.3465 0.4331, 0.7191 -0.4009 0.4331, 0.7014 -0.4045 0.4331, 0.6678 -0.4045 0.4331, 0.6513 -0.3868 0.4331, 0.6514 -0.3852 0.4331, 0.5916 -0.3794 0.4331, 0.6524 -0.3808 0.4331, 0.6545 -0.3768 0.4331, 0.5211 -0.3293 0.4331, 0.5346 -0.3276 0.4331, 0.5416 -0.328 0.4331, 0.6533 -0.3947 0.4331, 0.6518 -0.3908 0.4331, 0.5913 -0.3909 0.4331, 0.5916 -0.3851 0.4331, 0.669 -0.3692 0.4331, 0.6695 -0.3692 0.4331, 0.6712 -0.3696 0.4331, 0.7275 -0.3554 0.4331, 0.7337 -0.3466 0.4331, 0.7376 -0.3364 0.4331, 0.739 -0.3254 0.4331, 0.6724 -0.3698 0.4331, 0.698 -0.3698 0.4331, 0.7082 -0.3678 0.4331, 0.7182 -0.3632 0.4331, 0.7267 -0.3563 0.4331, 0.69 -0.2809 0.4331, 0.4535 -0.2864 0.4331, 0.4487 -0.2991 0.4331, 0.6946 -0.2809 0.4331, 0.7308 -0.2997 0.4331, 0.7242 -0.2923 0.4331, 0.7153 -0.2861 0.4331, 0.7054 -0.2823 0.4331, 0.4594 -0.2779 0.4331, 0.5341 -0.2644 0.4331, 0.5299 -0.2622 0.4331, 0.6803 -0.2509 0.4331, 0.6684 -0.2348 0.4331, 0.6623 -0.229 0.4331, 0.6461 -0.2183 0.4331, 0.6281 -0.2118 0.4331, 0.5171 -0.2575 0.4331, 0.5039 -0.2559 0.4331, 0.4981 -0.2562 0.4331, 0.6895 -0.2779 0.4331, 0.688 -0.2698 0.4331, 0.6103 -0.2098 0.4331, 0.6074 -0.2098 0.4331, 0.5418 -0.2479 0.4331, 0.5884 -0.2127 0.4331, 0.5542 -0.2324 0.4331, 0.5699 -0.2205 0.4331, 0.484 -0.2595 0.4331, 0.4713 -0.2662 0.4331, 0.4614 -0.275 0.4331, 0.757 -0.2779 0.4331, 0.7653 -0.2899 0.4331, 0.77 -0.302 0.4331, 1.1416 -0.2553 0.4331, 1.1123 -0.2553 0.4331, 1.1498 -0.2772 0.4331, 1.1123 -0.2779 0.4331, 1.1612 -0.2772 0.4331, 1.3443 -0.2779 0.4331, 1.3443 -0.1964 0.4331, 1.1307 -0.1971 0.4331, 1.1123 -0.1964 0.4331, 1.1083 -0.2553 0.4331, 1.1006 -0.2772 0.4331, 1.087 -0.2779 0.4331, 1.0892 -0.2772 0.4331, 1.087 -0.1964 0.4331, 1.1123 -0.2166 0.4331, 1.1197 -0.1971 0.4331, 0.9933 -0.2411 0.4331, 0.9717 -0.2411 0.4331, 0.9933 -0.2681 0.4331, 0.9717 -0.2681 0.4331, 1.012 -0.1964 0.4331, 0.9933 -0.1964 0.4331, 1.0026 -0.1971 0.4331, 0.9933 -0.1971 0.4331, 1.0026 -0.2063 0.4331, 1.0044 -0.2681 0.4331, 1.012 -0.2779 0.4331, 1.0044 -0.2772 0.4331, 0.9933 -0.2779 0.4331, 1.0003 -0.2411 0.4331, 1.0003 -0.232 0.4331, 0.9933 -0.232 0.4331, 0.9933 -0.2063 0.4331, 0.9717 -0.2063 0.4331, 0.9717 -0.232 0.4331, 0.9614 -0.1971 0.4331, 0.9567 -0.1964 0.4331, 0.9614 -0.2772 0.4331, 0.9453 -0.199 0.4331, 0.937 -0.1966 0.4331, 0.9349 -0.1964 0.4331, 0.9933 -0.2772 0.4331, 0.9453 -0.2098 0.4331, 0.944 -0.2745 0.4331, 0.9284 -0.2692 0.4331, 0.9375 -0.2675 0.4331, 0.9453 -0.264 0.4331, 0.9453 -0.2739 0.4331, 0.8963 -0.241 0.4331, 0.9444 -0.2094 0.4331, 0.9363 -0.2063 0.4331, 0.9002 -0.2555 0.4331, 0.9041 -0.2609 0.4331, 0.9056 -0.2624 0.4331, 0.9109 -0.2661 0.4331, 0.9166 -0.2683 0.4331, 0.9247 -0.2693 0.4331, 0.9046 -0.214 0.4331, 0.9003 -0.22 0.4331, 0.9101 -0.2095 0.4331, 0.9164 -0.2066 0.4331, 0.9265 -0.2051 0.4331, 0.9234 -0.2052 0.4331, 0.8962 -0.238 0.4331, 0.8976 -0.2269 0.4331, 0.8976 -0.249 0.4331, 0.889 0.5373 0.4331, 0.9264 -0.1958 0.4331, 0.9567 0.5373 0.4331, 0.9265 -0.1958 0.4331, 0.8911 -0.2151 0.4331, 0.8969 -0.2076 0.4331, 0.8988 -0.2057 0.4331, 0.9063 -0.2005 0.4331, 0.889 -0.2569 0.4331, 0.8867 -0.2506 0.4331, 0.8842 -0.2779 0.4331, 0.8854 -0.2387 0.4331, 0.8855 -0.2345 0.4331, 0.8842 -0.1964 0.4331, 0.8873 -0.224 0.4331, 0.889 -0.2202 0.4331, 0.9021 -0.273 0.4331, 0.8957 -0.2676 0.4331, 0.889 -0.2779 0.4331, 0.8944 -0.2662 0.4331, 0.8898 -0.2592 0.4331, 0.9232 -0.2785 0.4331, 0.9183 -0.2783 0.4331, 0.889 -0.302 0.4331, 0.9162 -0.2779 0.4331, 0.9097 -0.2765 0.4331, -1.1423 -0.3779 0.4331, -1.1456 -0.3526 0.4331, -1.1554 -0.3289 0.4331, -1.171 -0.3086 0.4331, -1.3443 -0.302 0.4331, -1.3009 -0.302 0.4331, -1.3443 -0.2779 0.4331, -1.2892 -0.2931 0.4331, -1.2656 -0.2833 0.4331, -1.2402 -0.2799 0.4331, -1.2149 -0.2833 0.4331, -1.1912 -0.2931 0.4331, -1.1796 -0.302 0.4331, -1.3349 -0.3526 0.4331, -1.3251 -0.3289 0.4331, -1.3095 -0.3086 0.4331, -1.3382 -0.3779 0.4331, -1.3443 -0.4049 0.4331, -1.3349 -0.4033 0.4331, -1.3443 -0.4366 0.4331, -1.3251 -0.4269 0.4331, -1.3342 -0.4049 0.4331, -1.1628 -0.4366 0.4331, -1.171 -0.4472 0.4331, -1.1912 -0.4628 0.4331, -1.2149 -0.4726 0.4331, -1.3443 -0.5373 0.4331, -1.2402 -0.4759 0.4331, -1.2656 -0.4726 0.4331, -1.2892 -0.4628 0.4331, -1.3095 -0.4472 0.4331, -1.3177 -0.4366 0.4331, -1.1456 -0.4033 0.4331, -1.1463 -0.4049 0.4331, -1.1554 -0.4269 0.4331, 1.0826 -0.2506 0.4331, 1.0786 -0.2589 0.4331, 1.0562 -0.1964 0.4331, 1.0562 -0.1991 0.4331, 1.0643 -0.202 0.4331, 1.0562 -0.2751 0.4331, 1.0562 -0.2779 0.4331, 1.0644 -0.2719 0.4331, 1.0727 -0.266 0.4331, 1.0727 -0.2077 0.4331, 1.0754 -0.2104 0.4331, 1.0804 -0.2174 0.4331, 1.0834 -0.225 0.4331, 1.0847 -0.2361 0.4331, 1.0845 -0.2412 0.4331, 1.0424 -0.1971 0.4331, 1.0546 -0.1985 0.4331, 1.0553 -0.2755 0.4331, 1.0416 -0.2772 0.4331, 1.0195 -0.2772 0.4331, 1.0195 -0.1971 0.4331, 0.9197 -0.4036 0.4331, 0.9161 -0.4049 0.4331, 0.9285 -0.4042 0.4331, 0.8966 -0.377 0.4331, 0.8981 -0.3608 0.4331, 0.8946 -0.3798 0.4331, 0.8932 -0.3834 0.4331, 0.9233 -0.4013 0.4331, 0.9045 -0.4048 0.4331, 0.9007 -0.4033 0.4331, 0.889 -0.4049 0.4331, 0.8943 -0.3969 0.4331, 0.893 -0.3935 0.4331, 0.9076 -0.347 0.4331, 0.9001 -0.3499 0.4331, 0.8981 -0.351 0.4331, 0.8996 -0.3743 0.4331, 0.9039 -0.3721 0.4331, 0.9051 -0.3564 0.4331, 0.9115 -0.3702 0.4331, 0.9203 -0.3542 0.4331, 0.9169 -0.3539 0.4331, 0.9114 -0.3544 0.4331, 0.8975 -0.4011 0.4331, 0.8964 -0.3999 0.4331, 0.9285 -0.3954 0.4331, 0.9282 -0.3954 0.4331, 0.9265 -0.3979 0.4331, 0.9566 -0.3732 0.4331, 0.9521 -0.3918 0.4331, 0.9567 -0.3733 0.4331, 0.9557 -0.3941 0.4331, 0.9567 -0.3945 0.4331, 0.8925 -0.3889 0.4331, 0.8926 -0.3877 0.4331, 0.9536 -0.3559 0.4331, 0.934 -0.3519 0.4331, 0.9525 -0.3591 0.4331, 0.9361 -0.3552 0.4331, 0.9377 -0.3597 0.4331, 0.9285 -0.3679 0.4331, 0.9281 -0.3635 0.4331, 0.9271 -0.3599 0.4331, 0.9259 -0.3578 0.4331, 0.9178 -0.3457 0.4331, 0.9238 -0.3462 0.4331, 0.928 -0.3475 0.4331, 0.9244 -0.3562 0.4331, 0.9226 -0.355 0.4331, 0.955 -0.3715 0.4331, 0.9538 -0.3696 0.4331, 0.9385 -0.3674 0.4331, 0.9526 -0.3666 0.4331, 0.9521 -0.3625 0.4331, 0.9567 -0.302 0.4331, 0.9554 -0.3531 0.4331, 0.9314 -0.3494 0.4331, 0.9156 -0.405 0.4331, 0.9567 -0.4366 0.4331, 0.889 -0.4366 0.4331, 0.9107 -0.4056 0.4331, 0.9093 -0.4055 0.4331, 0.905 -0.4049 0.4331, 0.9521 -0.4022 0.4331, 0.9385 -0.4042 0.4331, 0.9567 -0.4038 0.4331, 0.9567 -0.4049 0.4331, 0.9591 -0.4047 0.4331, 0.9611 -0.4049 0.4331, 0.9676 -0.4056 0.4331, 0.9933 -0.302 0.4331, 0.988 -0.3482 0.4331, 0.988 -0.358 0.4331, 0.9873 -0.3792 0.4331, 0.9891 -0.3817 0.4331, 0.9891 -0.3956 0.4331, 0.9873 -0.3983 0.4331, 0.9567 -0.3519 0.4331, 0.9586 -0.3503 0.4331, 0.961 -0.3488 0.4331, 0.9664 -0.3467 0.4331, 0.9744 -0.3457 0.4331, 0.9814 -0.3463 0.4331, 0.9843 -0.401 0.4331, 0.982 -0.4024 0.4331, 0.9902 -0.3846 0.4331, 0.9907 -0.3887 0.4331, 0.9903 -0.3924 0.4331, 0.9734 -0.3539 0.4331, 0.9705 -0.3541 0.4331, 0.9625 -0.3616 0.4331, 0.9678 -0.3548 0.4331, 0.9655 -0.356 0.4331, 0.9626 -0.3629 0.4331, 0.963 -0.3644 0.4331, 0.9637 -0.3658 0.4331, 0.9647 -0.3669 0.4331, 0.9682 -0.3691 0.4331, 0.9804 -0.3547 0.4331, 0.9744 -0.3718 0.4331, 0.9861 -0.3569 0.4331, 0.9783 -0.3734 0.4331, 0.985 -0.3771 0.4331, 0.964 -0.3573 0.4331, 0.9632 -0.3586 0.4331, 0.9627 -0.36 0.4331, 0.962 -0.3966 0.4331, 0.9673 -0.3791 0.4331, 0.9614 -0.3763 0.4331, 0.9686 -0.3974 0.4331, 0.969 -0.3974 0.4331, 0.9739 -0.3818 0.4331, 0.9742 -0.3968 0.4331, 0.9804 -0.3896 0.4331, 0.9803 -0.3884 0.4331, 0.9768 -0.3958 0.4331, 0.9777 -0.3953 0.4331, 0.9788 -0.3943 0.4331, 0.9797 -0.393 0.4331, 0.9802 -0.3915 0.4331, 0.9799 -0.3868 0.4331, 0.9791 -0.3855 0.4331, 0.9778 -0.3842 0.4331, 1.0404 -0.347 0.4331, 1.0508 -0.347 0.4331, 1.0562 -0.302 0.4331, 1.0221 -0.39 0.4331, 1.0233 -0.3947 0.4331, 1.0236 -0.3947 0.4331, 1.012 -0.302 0.4331, 1.012 -0.3609 0.4331, 1.0248 -0.3901 0.4331, 1.024 -0.3927 0.4331, 1.012 -0.4049 0.4331, 1.012 -0.3879 0.4331, 0.9959 -0.347 0.4331, 1.0071 -0.347 0.4331, 1.0184 -0.4041 0.4331, 1.018 -0.4049 0.4331, 1.014 -0.4145 0.4331, 0.9933 -0.4366 0.4331, 0.998 -0.4303 0.4331, 0.998 -0.4214 0.4331, 1.0 -0.4221 0.4331, 1.0037 -0.4225 0.4331, 1.0056 -0.4224 0.4331, 1.0078 -0.4217 0.4331, 1.0097 -0.4205 0.4331, 1.012 -0.4293 0.4331, 1.0086 -0.4306 0.4331, 1.012 -0.4366 0.4331, 1.0045 -0.4311 0.4331, 1.0022 -0.4311 0.4331, 1.0118 -0.4184 0.4331, 1.012 -0.418 0.4331, 1.028 -0.4049 0.4331, 1.0249 -0.4128 0.4331, 1.0562 -0.4366 0.4331, 1.0248 -0.4129 0.4331, 1.02 -0.4222 0.4331, 1.0163 -0.4264 0.4331, 1.0161 -0.4266 0.4331, 1.0126 -0.4291 0.4331, 1.087 -0.3681 0.4331, 1.072 -0.3681 0.4331, 1.087 -0.3951 0.4331, 1.072 -0.3951 0.4331, 1.1029 -0.3241 0.4331, 1.1029 -0.3333 0.4331, 1.1123 -0.302 0.4331, 1.1047 -0.3951 0.4331, 1.1123 -0.4049 0.4331, 1.1047 -0.4042 0.4331, 1.087 -0.4049 0.4331, 1.1006 -0.3681 0.4331, 1.1006 -0.359 0.4331, 1.087 -0.359 0.4331, 1.087 -0.3333 0.4331, 1.072 -0.3333 0.4331, 1.072 -0.359 0.4331, 1.087 -0.4042 0.4331, 1.0616 -0.4042 0.4331, 1.0562 -0.4049 0.4331, 1.0616 -0.3241 0.4331, 1.087 -0.3241 0.4331, 1.087 -0.302 0.4331, 0.9933 0.5373 0.4331, 1.012 0.5373 0.4331, 1.0562 0.5373 0.4331, 1.087 0.5373 0.4331, 1.1123 0.5373 0.4331, 1.3443 0.5373 0.4331, 0.8842 0.5373 0.4331, 0.8821 -0.2681 0.4331, 0.8821 -0.2772 0.4331, 0.8399 -0.2772 0.4331, 0.8399 -0.1971 0.4331, 0.8502 -0.1971 0.4331, 0.8502 -0.2681 0.4331, -1.3443 0.5373 0.4331, -1.3443 -0.1964 0.4331, 0.8842 -0.302 0.4331, 1.2419 -0.3823 0.4331, 1.2086 -0.3823 0.4331, 1.2501 -0.4042 0.4331, 1.2009 -0.4042 0.4331, 1.3443 -0.4049 0.4331, 1.3443 -0.302 0.4331, 1.231 -0.3241 0.4331, 1.2615 -0.4042 0.4331, 1.1894 -0.4042 0.4331, 1.2199 -0.3241 0.4331, 1.1828 -0.3776 0.4331, 1.1848 -0.3682 0.4331, 1.185 -0.3631 0.4331, 1.1836 -0.352 0.4331, 1.1789 -0.3859 0.4331, 1.1729 -0.393 0.4331, 1.1647 -0.3989 0.4331, 1.1198 -0.3241 0.4331, 1.1198 -0.4042 0.4331, 1.1418 -0.4042 0.4331, 1.1556 -0.4025 0.4331, 1.1729 -0.3347 0.4331, 1.1757 -0.3374 0.4331, 1.1807 -0.3444 0.4331, 1.1427 -0.3241 0.4331, 1.1549 -0.3255 0.4331, 1.1645 -0.329 0.4331, 0.8842 -0.4049 0.4331, 0.8399 -0.4042 0.4331, 0.8829 -0.4042 0.4331, 0.8829 -0.3951 0.4331, 0.8811 -0.3333 0.4331, 0.8399 -0.3241 0.4331, 0.8811 -0.3241 0.4331, 0.8502 -0.3681 0.4331, 0.8502 -0.3951 0.4331, 0.8789 -0.3681 0.4331, 0.8789 -0.359 0.4331, 0.8502 -0.359 0.4331, 0.8502 -0.3333 0.4331, 1.087 -0.4366 0.4331, 1.1123 -0.4366 0.4331, 1.3443 -0.4366 0.4331, 0.8842 -0.4366 0.4331, 0.8842 -0.5373 0.4331, 0.889 -0.5373 0.4331, 0.9567 -0.5373 0.4331, 0.9933 -0.5373 0.4331, 1.012 -0.5373 0.4331, 1.0562 -0.5373 0.4331, 1.087 -0.5373 0.4331, 1.1123 -0.5373 0.4331, 1.3443 -0.5373 0.4331, -1.3443 0.5373 0.0394, -0.9449 0.0591 0.0394, -1.3443 -0.5373 0.0394, -0.9449 -0.0591 0.0394, 0.9055 -0.3258 0.0394, 0.9055 -0.0591 0.0394, 0.9449 -0.0591 0.0394, 0.8909 -0.3448 0.0394, 0.8957 -0.3428 0.0394, 1.3443 -0.5373 0.0394, 0.9048 -0.3309 0.0394, 1.3443 0.5373 0.0394, 0.9449 0.0591 0.0394, 0.8997 -0.3397 0.0394, 0.9029 -0.3356 0.0394, -0.9055 0.0591 0.0394, -0.9055 0.3258 0.0394, -0.9048 0.3309 0.0394, -0.9029 0.3356 0.0394, -0.9055 -0.0591 0.0394, -0.9055 -0.3258 0.0394, -0.9048 -0.3309 0.0394, 0.9055 0.0591 0.0394, 0.9055 0.3258 0.0394, 0.9048 0.3309 0.0394, -0.9029 -0.3356 0.0394, -0.8997 -0.3397 0.0394, -0.8957 -0.3428 0.0394, 0.9029 0.3356 0.0394, 0.8997 0.3397 0.0394, 0.8957 0.3428 0.0394, -0.8909 0.3448 0.0394, -0.8957 0.3428 0.0394, -0.8997 0.3397 0.0394, -0.8909 -0.3448 0.0394, -0.8858 -0.3455 0.0394, 0.8858 -0.3455 0.0394, 0.8909 0.3448 0.0394, 0.8858 0.3455 0.0394, -0.8858 0.3455 0.0394
            ]
        }
        coordIndex [
            0,1,2,-1,3,4,5,-1,6,7,8,-1,9,10,11,-1,12,13,14,-1,15,16,17,-1,17,16,18,-1,19,20,17,-1,17,20,21,-1,17,21,22,-1,22,23,17,-1,17,23,24,-1,17,24,15,-1,25,26,27,-1,27,26,28,-1,29,30,31,-1,28,26,32,-1,32,26,33,-1,32,33,34,-1,34,33,31,-1,34,31,35,-1,30,36,31,-1,31,36,37,-1,31,37,35,-1,35,37,38,-1,35,38,39,-1,39,38,40,-1,39,40,41,-1,14,13,42,-1,13,43,42,-1,42,43,44,-1,42,44,31,-1,31,44,45,-1,31,45,29,-1,46,47,48,-1,47,49,48,-1,48,49,50,-1,48,50,51,-1,51,52,48,-1,48,52,53,-1,48,53,14,-1,14,53,54,-1,14,54,12,-1,11,10,48,-1,48,10,55,-1,48,55,56,-1,56,57,48,-1,48,57,58,-1,48,58,46,-1,59,60,61,-1,60,62,61,-1,61,62,63,-1,61,63,64,-1,64,63,9,-1,65,66,67,-1,67,66,68,-1,68,69,67,-1,67,69,70,-1,67,70,59,-1,71,72,73,-1,73,72,74,-1,75,76,72,-1,72,76,77,-1,72,77,78,-1,79,80,65,-1,65,80,81,-1,65,81,82,-1,83,84,85,-1,85,84,86,-1,87,88,89,-1,89,88,90,-1,89,90,91,-1,92,93,94,-1,94,93,95,-1,94,95,96,-1,97,78,98,-1,98,78,99,-1,98,99,94,-1,94,99,100,-1,94,100,92,-1,101,102,103,-1,103,102,104,-1,103,104,89,-1,89,104,105,-1,89,105,87,-1,91,106,89,-1,89,106,107,-1,89,107,65,-1,65,107,108,-1,65,108,79,-1,109,110,111,-1,111,110,112,-1,111,112,85,-1,85,112,113,-1,85,113,83,-1,97,114,78,-1,78,114,115,-1,78,115,72,-1,72,115,116,-1,72,116,74,-1,82,117,65,-1,65,117,118,-1,65,118,119,-1,119,118,109,-1,119,109,120,-1,120,109,111,-1,86,121,85,-1,85,121,122,-1,85,122,123,-1,124,125,85,-1,85,125,126,-1,85,126,72,-1,72,126,127,-1,72,127,75,-1,123,128,85,-1,85,128,129,-1,85,129,130,-1,130,131,85,-1,85,131,132,-1,85,132,124,-1,133,134,135,-1,135,78,133,-1,133,78,77,-1,133,77,136,-1,136,77,137,-1,137,138,136,-1,136,138,139,-1,136,139,140,-1,141,142,143,-1,144,145,142,-1,145,146,142,-1,142,146,147,-1,142,147,148,-1,143,149,141,-1,141,149,150,-1,141,150,151,-1,134,133,141,-1,141,133,152,-1,141,152,142,-1,142,152,153,-1,142,153,144,-1,148,154,142,-1,142,154,155,-1,142,155,156,-1,156,155,157,-1,156,157,158,-1,158,157,159,-1,160,161,151,-1,151,161,162,-1,151,162,141,-1,16,163,18,-1,18,163,164,-1,18,164,103,-1,103,164,165,-1,103,165,101,-1,166,167,168,-1,168,167,169,-1,168,169,170,-1,171,172,173,-1,173,172,174,-1,167,175,169,-1,169,175,176,-1,169,176,177,-1,177,176,178,-1,177,178,179,-1,179,178,180,-1,179,180,174,-1,174,180,181,-1,174,181,173,-1,182,183,184,-1,184,183,185,-1,186,187,188,-1,188,187,189,-1,188,190,186,-1,186,190,191,-1,186,191,192,-1,192,191,193,-1,192,193,194,-1,182,184,195,-1,195,184,191,-1,195,191,196,-1,196,191,190,-1,196,190,197,-1,190,198,197,-1,197,198,199,-1,197,199,200,-1,189,187,201,-1,201,187,202,-1,201,202,203,-1,204,202,205,-1,205,202,206,-1,193,207,194,-1,194,207,203,-1,194,203,8,-1,8,203,202,-1,8,202,208,-1,208,202,204,-1,6,8,209,-1,210,211,208,-1,208,211,212,-1,208,212,8,-1,8,212,213,-1,8,213,209,-1,214,215,216,-1,217,218,208,-1,208,218,219,-1,208,219,220,-1,220,221,208,-1,208,221,222,-1,208,222,210,-1,223,224,225,-1,225,224,226,-1,216,227,214,-1,214,227,228,-1,214,228,229,-1,229,228,226,-1,229,226,230,-1,230,226,224,-1,215,214,208,-1,208,214,231,-1,208,231,217,-1,232,233,234,-1,234,233,235,-1,234,235,206,-1,5,236,237,-1,237,238,5,-1,5,238,239,-1,5,239,3,-1,240,241,242,-1,242,241,243,-1,243,244,245,-1,245,244,246,-1,245,246,5,-1,5,246,247,-1,5,247,236,-1,248,249,250,-1,250,249,251,-1,250,251,252,-1,253,254,255,-1,255,254,256,-1,255,256,250,-1,250,256,257,-1,250,257,248,-1,258,48,259,-1,259,48,14,-1,259,14,260,-1,260,14,261,-1,262,263,264,-1,264,263,265,-1,264,265,266,-1,267,268,42,-1,42,268,269,-1,42,269,14,-1,14,269,270,-1,14,270,261,-1,271,272,262,-1,262,272,273,-1,262,273,263,-1,271,262,274,-1,274,262,275,-1,274,275,276,-1,277,278,275,-1,275,278,279,-1,275,279,276,-1,9,11,64,-1,64,11,280,-1,64,280,281,-1,281,282,64,-1,64,282,283,-1,64,283,284,-1,284,283,285,-1,284,285,286,-1,286,287,284,-1,284,287,288,-1,284,288,277,-1,277,288,289,-1,277,289,278,-1,258,290,48,-1,48,290,291,-1,48,291,11,-1,11,291,292,-1,11,292,280,-1,293,294,177,-1,295,296,179,-1,179,296,297,-1,298,299,300,-1,300,299,177,-1,300,177,301,-1,301,177,294,-1,297,302,179,-1,179,302,303,-1,179,303,304,-1,304,305,179,-1,179,305,306,-1,179,306,177,-1,177,306,307,-1,177,307,293,-1,186,308,295,-1,295,308,309,-1,295,309,296,-1,298,310,299,-1,299,310,311,-1,299,311,192,-1,192,311,312,-1,192,312,186,-1,186,312,313,-1,186,313,308,-1,314,315,316,-1,317,318,319,-1,319,318,320,-1,314,316,321,-1,322,323,324,-1,324,325,326,-1,327,255,328,-1,328,255,329,-1,317,330,318,-1,318,330,331,-1,318,331,332,-1,332,331,333,-1,334,335,333,-1,333,335,336,-1,333,336,332,-1,323,337,324,-1,324,337,338,-1,324,338,325,-1,339,340,316,-1,316,340,341,-1,316,341,321,-1,342,343,344,-1,344,343,345,-1,344,345,346,-1,326,347,324,-1,324,347,348,-1,324,348,255,-1,255,348,320,-1,255,320,329,-1,329,320,318,-1,349,350,351,-1,351,350,352,-1,351,352,353,-1,354,355,333,-1,333,355,356,-1,333,356,357,-1,327,358,255,-1,255,358,359,-1,255,359,360,-1,357,361,333,-1,333,361,362,-1,333,362,334,-1,363,364,365,-1,365,364,366,-1,365,366,353,-1,353,366,367,-1,353,367,351,-1,7,253,368,-1,368,253,255,-1,368,255,369,-1,369,255,360,-1,369,360,349,-1,349,360,370,-1,349,370,350,-1,315,371,372,-1,372,371,373,-1,371,374,373,-1,373,374,375,-1,373,375,376,-1,342,363,343,-1,343,363,365,-1,343,365,377,-1,377,365,378,-1,377,378,379,-1,379,378,380,-1,379,380,381,-1,381,380,382,-1,383,382,372,-1,372,382,380,-1,372,380,315,-1,315,380,378,-1,315,378,316,-1,384,385,386,-1,387,388,386,-1,389,390,2,-1,369,391,368,-1,368,391,392,-1,368,392,393,-1,393,394,368,-1,368,394,395,-1,368,395,384,-1,384,395,396,-1,384,396,385,-1,390,397,2,-1,2,397,398,-1,2,398,0,-1,399,400,2,-1,2,400,401,-1,2,401,389,-1,402,403,404,-1,404,403,405,-1,404,405,406,-1,404,407,402,-1,402,407,408,-1,402,408,409,-1,409,410,402,-1,402,410,411,-1,402,411,412,-1,412,411,413,-1,412,413,414,-1,414,413,415,-1,414,415,386,-1,386,415,416,-1,386,416,387,-1,417,418,406,-1,406,418,419,-1,406,419,404,-1,420,421,346,-1,346,421,422,-1,346,422,344,-1,420,423,421,-1,421,423,424,-1,421,424,425,-1,425,424,426,-1,425,427,428,-1,426,429,425,-1,425,429,430,-1,425,430,431,-1,431,432,425,-1,425,432,433,-1,425,433,427,-1,428,434,425,-1,425,434,435,-1,425,435,436,-1,437,438,439,-1,440,441,442,-1,439,443,437,-1,437,443,444,-1,437,444,445,-1,445,444,440,-1,445,440,446,-1,446,440,442,-1,447,448,2,-1,2,448,449,-1,388,399,386,-1,386,399,2,-1,386,2,384,-1,384,2,449,-1,384,449,443,-1,443,449,450,-1,443,450,444,-1,451,448,452,-1,452,448,447,-1,452,447,453,-1,454,455,456,-1,383,372,1,-1,1,372,454,-1,1,454,2,-1,2,454,456,-1,2,456,447,-1,447,456,457,-1,447,457,458,-1,458,459,447,-1,447,459,460,-1,447,460,461,-1,462,463,464,-1,464,463,465,-1,464,465,454,-1,454,465,466,-1,454,466,455,-1,461,467,447,-1,447,467,468,-1,447,468,453,-1,469,470,471,-1,471,470,472,-1,471,472,473,-1,473,474,471,-1,471,474,475,-1,471,475,464,-1,464,475,476,-1,464,476,462,-1,477,478,479,-1,479,478,480,-1,481,482,483,-1,483,482,484,-1,483,484,485,-1,485,484,486,-1,485,486,487,-1,477,479,488,-1,488,479,484,-1,488,484,489,-1,489,484,482,-1,489,482,490,-1,482,491,490,-1,490,491,492,-1,490,492,493,-1,486,494,487,-1,487,494,495,-1,487,495,496,-1,496,495,497,-1,481,483,498,-1,498,483,499,-1,498,499,497,-1,497,499,439,-1,497,439,496,-1,496,439,438,-1,496,438,469,-1,206,202,234,-1,234,202,187,-1,234,187,500,-1,500,187,186,-1,500,186,501,-1,501,186,295,-1,501,295,502,-1,502,295,179,-1,502,179,503,-1,503,179,174,-1,503,174,504,-1,504,174,172,-1,504,172,505,-1,26,245,506,-1,506,245,5,-1,506,5,232,-1,232,5,4,-1,232,4,233,-1,243,245,242,-1,242,245,507,-1,242,507,508,-1,18,509,17,-1,17,509,510,-1,17,510,511,-1,512,507,511,-1,511,507,245,-1,511,245,17,-1,17,245,26,-1,17,26,19,-1,19,26,25,-1,33,513,31,-1,31,513,514,-1,31,514,42,-1,42,514,264,-1,42,264,267,-1,267,264,266,-1,7,368,8,-1,8,368,384,-1,8,384,194,-1,194,384,443,-1,194,443,192,-1,192,443,439,-1,192,439,299,-1,299,439,499,-1,299,499,177,-1,177,499,483,-1,177,483,169,-1,508,509,242,-1,242,509,18,-1,242,18,515,-1,515,18,103,-1,516,517,518,-1,518,517,519,-1,520,521,522,-1,522,523,520,-1,520,523,518,-1,520,518,485,-1,485,518,519,-1,485,519,524,-1,173,170,171,-1,171,170,169,-1,171,169,521,-1,521,169,483,-1,521,483,522,-1,522,483,525,-1,526,524,527,-1,527,524,525,-1,527,525,528,-1,528,525,529,-1,526,530,524,-1,524,530,531,-1,524,531,532,-1,533,483,534,-1,534,483,485,-1,534,485,535,-1,535,485,524,-1,535,524,536,-1,536,524,532,-1,537,538,525,-1,525,538,539,-1,525,539,529,-1,533,540,483,-1,483,540,541,-1,483,541,525,-1,525,541,542,-1,525,542,537,-1,252,240,250,-1,250,240,242,-1,250,242,255,-1,255,242,515,-1,255,515,324,-1,324,515,543,-1,89,543,544,-1,544,543,545,-1,545,543,546,-1,546,543,515,-1,546,515,547,-1,89,544,103,-1,103,544,548,-1,103,548,515,-1,515,548,549,-1,515,549,547,-1,550,551,552,-1,552,551,546,-1,552,546,553,-1,553,546,547,-1,553,547,554,-1,554,547,555,-1,469,471,496,-1,496,471,556,-1,496,556,487,-1,487,556,557,-1,487,557,485,-1,485,557,558,-1,485,558,520,-1,65,67,89,-1,89,67,559,-1,89,559,543,-1,543,559,373,-1,543,373,324,-1,324,373,376,-1,324,376,322,-1,59,61,67,-1,67,61,560,-1,67,560,559,-1,559,560,561,-1,559,561,373,-1,373,561,562,-1,373,562,372,-1,372,562,563,-1,372,563,454,-1,454,563,564,-1,454,564,464,-1,464,564,565,-1,464,565,471,-1,471,565,566,-1,471,566,556,-1,556,566,567,-1,556,567,557,-1,557,567,568,-1,557,568,558,-1,569,570,571,-1,571,570,572,-1,573,574,575,-1,576,577,578,-1,579,573,578,-1,578,573,575,-1,578,575,580,-1,580,575,581,-1,577,582,578,-1,578,582,583,-1,578,583,579,-1,584,570,585,-1,585,570,569,-1,585,569,586,-1,586,569,587,-1,572,588,571,-1,571,588,589,-1,571,589,590,-1,581,591,580,-1,580,591,592,-1,580,592,593,-1,590,594,571,-1,571,594,595,-1,571,595,596,-1,593,597,580,-1,580,597,598,-1,580,598,599,-1,600,601,569,-1,569,601,602,-1,569,602,587,-1,596,603,571,-1,571,603,604,-1,571,604,578,-1,578,604,605,-1,578,605,576,-1,599,606,580,-1,580,606,607,-1,580,607,569,-1,569,607,608,-1,569,608,600,-1,
        ]
    }
}
Shape{
    appearance Appearance {
        material  Material {
            diffuseColor 1.0 1.0 1.0
            specularColor 0.5019607843137255 0.5019607843137255 0.5019607843137255
            ambientIntensity 1.0
            transparency 0.0
            shininess 0.5
        }
    }
    geometry IndexedFaceSet {
        ccw TRUE
        solid FALSE
        coord DEF co Coordinate {
            point [
                0.9055 0.3258 0.0, 0.9055 0.3258 0.0394, 0.9055 0.0591 0.0, 0.9055 0.0591 0.0394, 0.9055 -0.3258 0.0394, 0.9055 -0.3258 0.0, 0.9055 -0.0591 0.0394, 0.9055 -0.0591 0.0, -0.9055 0.3258 0.0394, -0.9055 0.3258 0.0, -0.9055 0.0591 0.0394, -0.9055 0.0591 0.0, -0.9055 -0.3258 0.0, -0.9055 -0.3258 0.0394, -0.9055 -0.0591 0.0, -0.9055 -0.0591 0.0394
            ]
        }
        coordIndex [
            0,1,2,-1,2,1,3,-1,4,5,6,-1,6,5,7,-1,8,9,10,-1,10,9,11,-1,12,13,14,-1,14,13,15,-1,
        ]
    }
}
Shape{
    appearance Appearance {
        material  Material {
            diffuseColor 0.25098039215686274 0.25098039215686274 0.25098039215686274
            specularColor 0.12549019607843137 0.12549019607843137 0.12549019607843137
            ambientIntensity 0.251
            transparency 0.0
            shininess 0.5
        }
    }
    geometry IndexedFaceSet {
        ccw TRUE
        solid FALSE
        coord DEF co Coordinate {
            point [
                -1.3584 0.5906 0.2362, -1.3224 0.5906 0.2362, -1.3224 0.5871 0.1969, -1.3443 0.5765 0.0753, -1.2366 0.5871 0.1969, 1.3443 0.5765 0.0753, -1.0398 0.5871 0.1969, -1.0398 0.5906 0.2362, -0.9287 0.5906 0.2362, -0.9287 0.5871 0.1969, -0.8429 0.5871 0.1969, -0.6461 0.5871 0.1969, -0.6461 0.5906 0.2362, -0.535 0.5906 0.2362, -1.2366 0.5906 0.2362, -1.1256 0.5906 0.2362, -1.1256 0.5871 0.1969, -0.535 0.5871 0.1969, -0.4492 0.5871 0.1969, -0.7319 0.5871 0.1969, -0.7319 0.5906 0.2362, -0.8429 0.5906 0.2362, -0.2524 0.5871 0.1969, -0.2524 0.5906 0.2362, -0.1413 0.5906 0.2362, -0.1413 0.5871 0.1969, -0.0555 0.5871 0.1969, -0.3382 0.5871 0.1969, -0.3382 0.5906 0.2362, -0.4492 0.5906 0.2362, 0.1413 0.5871 0.1969, 0.1413 0.5906 0.2362, 0.2524 0.5906 0.2362, 0.2524 0.5871 0.1969, 0.3382 0.5871 0.1969, 0.0555 0.5871 0.1969, 0.0555 0.5906 0.2362, -0.0555 0.5906 0.2362, 0.535 0.5871 0.1969, 0.535 0.5906 0.2362, 0.6461 0.5906 0.2362, 0.6461 0.5871 0.1969, 0.7319 0.5871 0.1969, 0.4492 0.5871 0.1969, 0.4492 0.5906 0.2362, 0.3382 0.5906 0.2362, 0.9287 0.5871 0.1969, 0.9287 0.5906 0.2362, 1.0398 0.5906 0.2362, 1.0398 0.5871 0.1969, 1.1256 0.5871 0.1969, 0.8429 0.5871 0.1969, 0.8429 0.5906 0.2362, 0.7319 0.5906 0.2362, 1.3224 0.5906 0.2362, 1.3584 0.5906 0.2362, 1.3224 0.5871 0.1969, 1.2366 0.5871 0.1969, 1.2366 0.5906 0.2362, 1.1256 0.5906 0.2362, 1.3224 0.5864 0.2835, 1.3443 0.5765 0.3971, 1.2366 0.5864 0.2835, -1.3443 0.5765 0.3971, 1.0398 0.5864 0.2835, 0.9287 0.5864 0.2835, 0.8429 0.5864 0.2835, 1.1256 0.5864 0.2835, 0.535 0.5864 0.2835, 0.4492 0.5864 0.2835, 0.6461 0.5864 0.2835, 0.7319 0.5864 0.2835, 0.2524 0.5864 0.2835, 0.1413 0.5864 0.2835, 0.0555 0.5864 0.2835, 0.3382 0.5864 0.2835, -0.2524 0.5864 0.2835, -0.3382 0.5864 0.2835, -0.1413 0.5864 0.2835, -0.0555 0.5864 0.2835, -0.6461 0.5864 0.2835, -0.7319 0.5864 0.2835, -0.535 0.5864 0.2835, -0.4492 0.5864 0.2835, -1.0398 0.5864 0.2835, -1.1256 0.5864 0.2835, -0.9287 0.5864 0.2835, -0.8429 0.5864 0.2835, -1.3224 0.5864 0.2835, -1.2366 0.5864 0.2835, 1.3584 -0.5906 0.2362, 1.3224 -0.5906 0.2362, 1.3224 -0.5871 0.1969, 1.3443 -0.5765 0.0753, 1.2366 -0.5871 0.1969, -1.3443 -0.5765 0.0753, 1.0398 -0.5871 0.1969, 1.0398 -0.5906 0.2362, 0.9287 -0.5906 0.2362, 0.9287 -0.5871 0.1969, 0.8429 -0.5871 0.1969, 1.2366 -0.5906 0.2362, 1.1256 -0.5906 0.2362, 1.1256 -0.5871 0.1969, 0.6461 -0.5871 0.1969, 0.6461 -0.5906 0.2362, 0.535 -0.5906 0.2362, 0.535 -0.5871 0.1969, 0.4492 -0.5871 0.1969, 0.7319 -0.5871 0.1969, 0.7319 -0.5906 0.2362, 0.8429 -0.5906 0.2362, 0.2524 -0.5871 0.1969, 0.2524 -0.5906 0.2362, 0.1413 -0.5906 0.2362, 0.1413 -0.5871 0.1969, 0.0555 -0.5871 0.1969, 0.3382 -0.5871 0.1969, 0.3382 -0.5906 0.2362, 0.4492 -0.5906 0.2362, -0.1413 -0.5871 0.1969, -0.1413 -0.5906 0.2362, -0.2524 -0.5906 0.2362, -0.2524 -0.5871 0.1969, -0.3382 -0.5871 0.1969, -0.0555 -0.5871 0.1969, -0.0555 -0.5906 0.2362, 0.0555 -0.5906 0.2362, -0.6461 -0.5871 0.1969, -0.7319 -0.5871 0.1969, -0.535 -0.5871 0.1969, -0.535 -0.5906 0.2362, -0.6461 -0.5906 0.2362, -0.4492 -0.5871 0.1969, -0.4492 -0.5906 0.2362, -0.3382 -0.5906 0.2362, -1.0398 -0.5871 0.1969, -1.1256 -0.5871 0.1969, -0.9287 -0.5871 0.1969, -0.9287 -0.5906 0.2362, -1.0398 -0.5906 0.2362, -0.8429 -0.5871 0.1969, -0.8429 -0.5906 0.2362, -0.7319 -0.5906 0.2362, -1.3224 -0.5906 0.2362, -1.3584 -0.5906 0.2362, -1.3224 -0.5871 0.1969, -1.2366 -0.5871 0.1969, -1.2366 -0.5906 0.2362, -1.1256 -0.5906 0.2362, -1.3224 -0.5864 0.2835, -1.2366 -0.5864 0.2835, -1.1256 -0.5864 0.2835, -0.8429 -0.5864 0.2835, -1.3443 -0.5765 0.3971, 1.3443 -0.5765 0.3971, -1.0398 -0.5864 0.2835, -0.4492 -0.5864 0.2835, -0.7319 -0.5864 0.2835, -0.6461 -0.5864 0.2835, -0.9287 -0.5864 0.2835, -0.3382 -0.5864 0.2835, -0.2524 -0.5864 0.2835, -0.0555 -0.5864 0.2835, -0.535 -0.5864 0.2835, 0.0555 -0.5864 0.2835, 0.1413 -0.5864 0.2835, -0.1413 -0.5864 0.2835, 0.535 -0.5864 0.2835, 0.2524 -0.5864 0.2835, 0.3382 -0.5864 0.2835, 0.6461 -0.5864 0.2835, 0.7319 -0.5864 0.2835, 0.4492 -0.5864 0.2835, 0.9287 -0.5864 0.2835, 1.0398 -0.5864 0.2835, 1.1256 -0.5864 0.2835, 0.8429 -0.5864 0.2835, 1.3224 -0.5864 0.2835, 1.2366 -0.5864 0.2835, 1.3976 0.5513 0.2362, 1.3976 -0.5513 0.2362, 1.3836 0.5373 0.0753, 1.3836 -0.5373 0.0753, -1.3836 0.5373 0.0753, -1.3836 -0.5373 0.0753, -1.3976 0.5513 0.2362, -1.3976 -0.5513 0.2362, 1.3836 0.5373 0.3971, 1.3836 -0.5373 0.3971, -1.3836 0.5373 0.3971, -1.3836 -0.5373 0.3971, -1.3443 -0.5745 0.4064, 1.3443 -0.5745 0.4064, -1.3443 -0.5744 0.4066, 1.3443 -0.5744 0.4066, -1.3443 -0.5703 0.4151, 1.3443 -0.5703 0.4151, -1.3443 -0.5701 0.4153, 1.3443 -0.5701 0.4153, -1.3443 -0.564 0.4226, 1.3443 -0.564 0.4226, -1.3443 -0.5638 0.4227, 1.3443 -0.5638 0.4227, -1.3443 -0.556 0.4283, 1.3443 -0.556 0.4283, -1.3443 -0.5559 0.4283, 1.3443 -0.5559 0.4283, -1.3443 -0.5469 0.4319, 1.3443 -0.5469 0.4319, -1.3443 -0.5469 0.4319, 1.3443 -0.5469 0.4319, 1.3443 -0.5373 0.4331, 1.1123 -0.5373 0.4331, 1.087 -0.5373 0.4331, 1.0562 -0.5373 0.4331, 1.012 -0.5373 0.4331, 0.9933 -0.5373 0.4331, 0.9567 -0.5373 0.4331, 0.889 -0.5373 0.4331, 0.8842 -0.5373 0.4331, -1.3443 -0.5373 0.4331, -0.3656 -0.5373 0.4331, 0.8071 -0.5373 0.4331, 1.3772 -0.5373 0.4153, 1.3711 -0.5373 0.4226, 1.3702 -0.5442 0.4226, 1.3625 -0.5421 0.4283, 1.3537 -0.5398 0.4319, 1.3527 -0.5421 0.4319, 1.3492 -0.5456 0.4319, 1.3512 -0.5441 0.4319, 1.3468 -0.5466 0.4319, 1.354 -0.5373 0.4319, 1.3804 -0.5469 0.4064, 1.3821 -0.5474 0.3979, 1.3822 -0.5474 0.3979, 1.3782 -0.5568 0.3984, 1.3766 -0.5559 0.4064, 1.3782 -0.5568 0.3984, 1.3707 -0.5636 0.4064, 1.372 -0.5649 0.3985, 1.363 -0.5695 0.4064, 1.3639 -0.5711 0.3984, 1.3639 -0.5711 0.3984, 1.354 -0.5733 0.4064, 1.3545 -0.5751 0.3979, 1.3544 -0.5751 0.3979, 1.3709 -0.5373 0.4227, 1.3631 -0.5373 0.4283, 1.363 -0.5373 0.4283, 1.354 -0.5373 0.4319, 1.3606 -0.5466 0.4283, 1.3576 -0.5505 0.4283, 1.3537 -0.5535 0.4283, 1.3492 -0.5554 0.4283, 1.3675 -0.5506 0.4226, 1.3632 -0.5562 0.4226, 1.3577 -0.5604 0.4226, 1.3513 -0.5631 0.4226, 1.3815 -0.5373 0.4066, 1.3774 -0.5373 0.4151, 1.3762 -0.5458 0.4151, 1.3729 -0.5538 0.4151, 1.3677 -0.5606 0.4151, 1.3608 -0.5658 0.4151, 1.3529 -0.5691 0.4151, 1.3816 -0.5373 0.4064, -1.3517 -0.5694 0.4151, -1.3503 -0.5633 0.4226, -1.3485 -0.5556 0.4283, -1.3465 -0.5467 0.4319, -1.3485 -0.546 0.4319, -1.3531 -0.5415 0.4319, -1.3519 -0.5433 0.4319, -1.3538 -0.5394 0.4319, -1.353 -0.5753 0.3978, -1.3526 -0.5736 0.4064, -1.3544 -0.5751 0.3979, -1.3605 -0.5708 0.4064, -1.3612 -0.5722 0.3982, -1.3639 -0.5711 0.3984, -1.3676 -0.5664 0.4064, -1.3685 -0.5675 0.3985, -1.372 -0.5649 0.3985, -1.3735 -0.5605 0.4064, -1.3746 -0.5614 0.3985, -1.3782 -0.5568 0.3984, -1.3779 -0.5534 0.4064, -1.3793 -0.5541 0.3982, -1.3822 -0.5474 0.3979, -1.3807 -0.5455 0.4064, -1.3824 -0.5459 0.3978, -1.3816 -0.5373 0.4064, -1.354 -0.5373 0.4319, -1.3561 -0.5519 0.4283, -1.359 -0.549 0.4283, -1.3613 -0.5454 0.4283, -1.3627 -0.5414 0.4283, -1.3525 -0.5542 0.4283, -1.3504 -0.5448 0.4319, -1.354 -0.5373 0.4319, -1.363 -0.5373 0.4283, -1.3631 -0.5373 0.4283, -1.3709 -0.5373 0.4227, -1.3559 -0.5613 0.4226, -1.361 -0.5581 0.4226, -1.3652 -0.5539 0.4226, -1.3684 -0.5488 0.4226, -1.3704 -0.5432 0.4226, -1.3587 -0.567 0.4151, -1.3649 -0.5631 0.4151, -1.3702 -0.5578 0.4151, -1.3741 -0.5516 0.4151, -1.3765 -0.5446 0.4151, -1.3711 -0.5373 0.4226, -1.3772 -0.5373 0.4153, -1.3774 -0.5373 0.4151, -1.3815 -0.5373 0.4066, 1.3963 -0.5615 0.2362, 1.3947 -0.5664 0.2362, 1.3924 -0.571 0.2362, 1.3895 -0.5752 0.2362, 1.3862 -0.5791 0.2362, 1.3823 -0.5825 0.2362, 1.3781 -0.5853 0.2362, 1.3734 -0.5876 0.2362, 1.3686 -0.5892 0.2362, 1.3816 0.5373 0.4064, 1.3815 0.5373 0.4066, 1.3774 0.5373 0.4151, 1.3772 0.5373 0.4153, 1.3711 0.5373 0.4226, 1.3709 0.5373 0.4227, 1.3631 0.5373 0.4283, 1.363 0.5373 0.4283, 1.354 0.5373 0.4319, 1.354 0.5373 0.4319, 1.3443 0.5373 0.4331, 1.3443 -0.1964 0.4331, 1.3443 -0.2779 0.4331, 1.3443 -0.302 0.4331, 1.3443 -0.4049 0.4331, 1.3443 -0.4366 0.4331, -0.3656 0.5373 0.4331, 0.8071 0.5373 0.4331, 1.3443 0.5469 0.4319, -1.3443 0.5373 0.4331, -1.3443 0.5469 0.4319, -1.3443 0.5469 0.4319, 1.3443 0.5469 0.4319, -1.3443 0.5559 0.4283, 1.3443 0.5559 0.4283, -1.3443 0.556 0.4283, 1.3443 0.556 0.4283, -1.3443 0.5638 0.4227, 1.3443 0.5638 0.4227, -1.3443 0.564 0.4226, 1.3443 0.564 0.4226, -1.3443 0.5701 0.4153, 1.3443 0.5701 0.4153, -1.3443 0.5703 0.4151, 1.3443 0.5703 0.4151, -1.3443 0.5744 0.4066, 1.3443 0.5744 0.4066, -1.3443 0.5745 0.4064, 1.3443 0.5745 0.4064, 0.8842 0.5373 0.4331, 0.889 0.5373 0.4331, 0.9567 0.5373 0.4331, 0.9933 0.5373 0.4331, 1.012 0.5373 0.4331, 1.0562 0.5373 0.4331, 1.087 0.5373 0.4331, 1.1123 0.5373 0.4331, -1.354 0.5373 0.4319, -1.354 0.5373 0.4319, -1.363 0.5373 0.4283, -1.3631 0.5373 0.4283, -1.3709 0.5373 0.4227, -1.3711 0.5373 0.4226, -1.3772 0.5373 0.4153, -1.3774 0.5373 0.4151, -1.3815 0.5373 0.4066, -1.3816 0.5373 0.4064, -1.3443 -0.4366 0.4331, -1.3443 -0.4049 0.4331, -1.3443 -0.302 0.4331, -1.3443 -0.2779 0.4331, -1.3443 -0.1964 0.4331, -1.3686 -0.5892 0.2362, -1.3734 -0.5876 0.2362, -1.3781 -0.5853 0.2362, -1.3823 -0.5825 0.2362, -1.3862 -0.5791 0.2362, -1.3895 -0.5752 0.2362, -1.3924 -0.571 0.2362, -1.3947 -0.5664 0.2362, -1.3963 -0.5615 0.2362, 1.3544 -0.5751 0.0745, 1.3545 -0.5751 0.0745, 1.3639 -0.5711 0.0741, 1.3639 -0.5711 0.0741, 1.372 -0.5649 0.0739, 1.3782 -0.5568 0.0741, 1.3782 -0.5568 0.0741, 1.3821 -0.5474 0.0745, 1.3822 -0.5474 0.0745, 1.3517 0.5694 0.4151, 1.3503 0.5633 0.4226, 1.3485 0.5556 0.4283, 1.3465 0.5467 0.4319, 1.3485 0.546 0.4319, 1.3531 0.5415 0.4319, 1.3519 0.5433 0.4319, 1.3538 0.5394 0.4319, 1.353 0.5753 0.3978, 1.3526 0.5736 0.4064, 1.3544 0.5751 0.3979, 1.3605 0.5708 0.4064, 1.3612 0.5722 0.3982, 1.3639 0.5711 0.3984, 1.3676 0.5664 0.4064, 1.3685 0.5675 0.3985, 1.372 0.5649 0.3985, 1.3735 0.5605 0.4064, 1.3746 0.5614 0.3985, 1.3782 0.5568 0.3984, 1.3779 0.5534 0.4064, 1.3793 0.5541 0.3982, 1.3822 0.5474 0.3979, 1.3807 0.5455 0.4064, 1.3824 0.5459 0.3978, 1.3561 0.5519 0.4283, 1.359 0.549 0.4283, 1.3613 0.5454 0.4283, 1.3627 0.5414 0.4283, 1.3525 0.5542 0.4283, 1.3504 0.5448 0.4319, 1.3559 0.5613 0.4226, 1.361 0.5581 0.4226, 1.3652 0.5539 0.4226, 1.3684 0.5488 0.4226, 1.3704 0.5432 0.4226, 1.3587 0.567 0.4151, 1.3649 0.5631 0.4151, 1.3702 0.5578 0.4151, 1.3741 0.5516 0.4151, 1.3765 0.5446 0.4151, -1.3765 0.5446 0.4151, -1.3704 0.5432 0.4226, -1.3627 0.5414 0.4283, -1.3538 0.5394 0.4319, -1.3531 0.5415 0.4319, -1.3485 0.546 0.4319, -1.3504 0.5448 0.4319, -1.3465 0.5467 0.4319, -1.3824 0.5459 0.3978, -1.3807 0.5455 0.4064, -1.3822 0.5474 0.3979, -1.3779 0.5534 0.4064, -1.3793 0.5541 0.3982, -1.3782 0.5568 0.3984, -1.3735 0.5605 0.4064, -1.3746 0.5614 0.3985, -1.372 0.5649 0.3985, -1.3676 0.5664 0.4064, -1.3685 0.5675 0.3985, -1.3639 0.5711 0.3984, -1.3605 0.5708 0.4064, -1.3612 0.5722 0.3982, -1.3544 0.5751 0.3979, -1.3526 0.5736 0.4064, -1.353 0.5753 0.3978, -1.359 0.549 0.4283, -1.3561 0.5519 0.4283, -1.3525 0.5542 0.4283, -1.3485 0.5556 0.4283, -1.3613 0.5454 0.4283, -1.3519 0.5433 0.4319, -1.3684 0.5488 0.4226, -1.3652 0.5539 0.4226, -1.361 0.5581 0.4226, -1.3559 0.5613 0.4226, -1.3503 0.5633 0.4226, -1.3741 0.5516 0.4151, -1.3702 0.5578 0.4151, -1.3649 0.5631 0.4151, -1.3587 0.567 0.4151, -1.3517 0.5694 0.4151, -1.3822 -0.5474 0.0745, -1.3821 -0.5474 0.0745, -1.3782 -0.5568 0.0741, -1.3782 -0.5568 0.0741, -1.372 -0.5649 0.0739, -1.3639 -0.5711 0.0741, -1.3639 -0.5711 0.0741, -1.3545 -0.5751 0.0745, -1.3544 -0.5751 0.0745, 1.3443 -0.5745 0.0661, -1.3443 -0.5745 0.0661, 1.3443 -0.5744 0.0658, -1.3443 -0.5744 0.0658, 1.3443 -0.5703 0.0573, -1.3443 -0.5703 0.0573, 1.3443 -0.5701 0.0571, -1.3443 -0.5701 0.0571, 1.3443 -0.564 0.0498, -1.3443 -0.564 0.0498, 1.3443 -0.5638 0.0497, -1.3443 -0.5638 0.0497, 1.3443 -0.556 0.0441, -1.3443 -0.556 0.0441, 1.3443 -0.5559 0.0441, -1.3443 -0.5559 0.0441, 1.3443 -0.5469 0.0406, -1.3443 -0.5469 0.0406, 1.3443 -0.5469 0.0406, -1.3443 -0.5469 0.0406, -1.3443 -0.5373 0.0394, 1.3443 -0.5373 0.0394, 1.3468 -0.5466 0.0406, 1.363 -0.5373 0.0441, 1.3631 -0.5373 0.0441, 1.3625 -0.5421 0.0441, 1.3709 -0.5373 0.0497, 1.3711 -0.5373 0.0498, 1.3702 -0.5442 0.0498, 1.3762 -0.5458 0.0573, 1.3804 -0.5469 0.0661, 1.3766 -0.5559 0.0661, 1.354 -0.5733 0.0661, 1.3816 -0.5373 0.0661, 1.3815 -0.5373 0.0658, 1.3774 -0.5373 0.0573, 1.3772 -0.5373 0.0571, 1.3529 -0.5691 0.0573, 1.3729 -0.5538 0.0573, 1.3707 -0.5636 0.0661, 1.3513 -0.5631 0.0498, 1.3675 -0.5506 0.0498, 1.3677 -0.5606 0.0573, 1.3492 -0.5554 0.0441, 1.3632 -0.5562 0.0498, 1.3606 -0.5466 0.0441, 1.3537 -0.5398 0.0406, 1.363 -0.5695 0.0661, 1.3608 -0.5658 0.0573, 1.3577 -0.5604 0.0498, 1.3537 -0.5535 0.0441, 1.3492 -0.5456 0.0406, 1.354 -0.5373 0.0406, 1.354 -0.5373 0.0406, 1.3576 -0.5505 0.0441, 1.3527 -0.5421 0.0406, 1.3512 -0.5441 0.0406, 1.3686 0.5892 0.2362, 1.3734 0.5876 0.2362, 1.3781 0.5853 0.2362, 1.3823 0.5825 0.2362, 1.3862 0.5791 0.2362, 1.3895 0.5752 0.2362, 1.3924 0.571 0.2362, 1.3947 0.5664 0.2362, 1.3963 0.5615 0.2362, -1.3963 0.5615 0.2362, -1.3947 0.5664 0.2362, -1.3924 0.571 0.2362, -1.3895 0.5752 0.2362, -1.3862 0.5791 0.2362, -1.3823 0.5825 0.2362, -1.3781 0.5853 0.2362, -1.3734 0.5876 0.2362, -1.3686 0.5892 0.2362, -1.354 -0.5373 0.0406, -1.3537 -0.5398 0.0406, -1.3492 -0.5554 0.0441, -1.3513 -0.5631 0.0498, -1.3529 -0.5691 0.0573, -1.354 -0.5733 0.0661, -1.363 -0.5695 0.0661, -1.3816 -0.5373 0.0661, -1.3804 -0.5469 0.0661, -1.3815 -0.5373 0.0658, -1.3762 -0.5458 0.0573, -1.3608 -0.5658 0.0573, -1.3707 -0.5636 0.0661, -1.3774 -0.5373 0.0573, -1.3772 -0.5373 0.0571, -1.3702 -0.5442 0.0498, -1.3577 -0.5604 0.0498, -1.3677 -0.5606 0.0573, -1.3711 -0.5373 0.0498, -1.3709 -0.5373 0.0497, -1.3625 -0.5421 0.0441, -1.3632 -0.5562 0.0498, -1.3537 -0.5535 0.0441, -1.3468 -0.5466 0.0406, -1.3766 -0.5559 0.0661, -1.3729 -0.5538 0.0573, -1.3675 -0.5506 0.0498, -1.3606 -0.5466 0.0441, -1.3527 -0.5421 0.0406, -1.3576 -0.5505 0.0441, -1.3492 -0.5456 0.0406, -1.3512 -0.5441 0.0406, -1.3631 -0.5373 0.0441, -1.363 -0.5373 0.0441, -1.354 -0.5373 0.0406, 1.3816 0.5373 0.0661, 1.3815 0.5373 0.0658, 1.3774 0.5373 0.0573, 1.3772 0.5373 0.0571, 1.3711 0.5373 0.0498, 1.3709 0.5373 0.0497, 1.3631 0.5373 0.0441, 1.363 0.5373 0.0441, 1.354 0.5373 0.0406, 1.354 0.5373 0.0406, 1.3443 0.5373 0.0394, 1.3824 0.5459 0.0747, 1.3822 0.5474 0.0745, 1.3793 0.5541 0.0742, 1.3782 0.5568 0.0741, 1.3746 0.5614 0.074, 1.372 0.5649 0.0739, 1.3685 0.5675 0.074, 1.3639 0.5711 0.0741, 1.3612 0.5722 0.0742, 1.353 0.5753 0.0747, 1.3544 0.5751 0.0745, -1.353 0.5753 0.0747, -1.3544 0.5751 0.0745, -1.3612 0.5722 0.0742, -1.3639 0.5711 0.0741, -1.3685 0.5675 0.074, -1.372 0.5649 0.0739, -1.3746 0.5614 0.074, -1.3782 0.5568 0.0741, -1.3793 0.5541 0.0742, -1.3824 0.5459 0.0747, -1.3822 0.5474 0.0745, -1.3816 0.5373 0.0661, -1.3815 0.5373 0.0658, -1.3774 0.5373 0.0573, -1.3772 0.5373 0.0571, -1.3711 0.5373 0.0498, -1.3709 0.5373 0.0497, -1.3631 0.5373 0.0441, -1.363 0.5373 0.0441, -1.354 0.5373 0.0406, -1.354 0.5373 0.0406, -1.3443 0.5373 0.0394, 1.3538 0.5394 0.0406, 1.3504 0.5448 0.0406, 1.3519 0.5433 0.0406, 1.3443 0.5559 0.0441, 1.3443 0.556 0.0441, 1.3485 0.5556 0.0441, 1.3443 0.5638 0.0497, 1.3443 0.564 0.0498, 1.3503 0.5633 0.0498, 1.3517 0.5694 0.0573, 1.3526 0.5736 0.0661, 1.3605 0.5708 0.0661, 1.3779 0.5534 0.0661, 1.3807 0.5455 0.0661, 1.3676 0.5664 0.0661, 1.3443 0.5745 0.0661, 1.3443 0.5744 0.0658, 1.3443 0.5703 0.0573, 1.3443 0.5701 0.0571, 1.3765 0.5446 0.0573, 1.3587 0.567 0.0573, 1.3704 0.5432 0.0498, 1.3559 0.5613 0.0498, 1.3649 0.5631 0.0573, 1.3735 0.5605 0.0661, 1.3627 0.5414 0.0441, 1.3702 0.5578 0.0573, 1.361 0.5581 0.0498, 1.3525 0.5542 0.0441, 1.3465 0.5467 0.0406, 1.359 0.549 0.0441, 1.3741 0.5516 0.0573, 1.3684 0.5488 0.0498, 1.3613 0.5454 0.0441, 1.3531 0.5415 0.0406, 1.3443 0.5469 0.0406, 1.3443 0.5469 0.0406, 1.3652 0.5539 0.0498, 1.3561 0.5519 0.0441, 1.3485 0.546 0.0406, -1.3443 0.5469 0.0406, -1.3465 0.5467 0.0406, -1.3519 0.5433 0.0406, -1.3504 0.5448 0.0406, -1.3627 0.5414 0.0441, -1.3704 0.5432 0.0498, -1.3765 0.5446 0.0573, -1.3807 0.5455 0.0661, -1.3779 0.5534 0.0661, -1.3605 0.5708 0.0661, -1.3526 0.5736 0.0661, -1.3735 0.5605 0.0661, -1.3443 0.5745 0.0661, -1.3443 0.5744 0.0658, -1.3517 0.5694 0.0573, -1.3741 0.5516 0.0573, -1.3443 0.5703 0.0573, -1.3443 0.5701 0.0571, -1.3503 0.5633 0.0498, -1.3684 0.5488 0.0498, -1.3702 0.5578 0.0573, -1.3676 0.5664 0.0661, -1.3443 0.564 0.0498, -1.3443 0.5638 0.0497, -1.3485 0.5556 0.0441, -1.3649 0.5631 0.0573, -1.3652 0.5539 0.0498, -1.3613 0.5454 0.0441, -1.3538 0.5394 0.0406, -1.3561 0.5519 0.0441, -1.3587 0.567 0.0573, -1.3559 0.5613 0.0498, -1.3525 0.5542 0.0441, -1.3485 0.546 0.0406, -1.361 0.5581 0.0498, -1.359 0.549 0.0441, -1.3531 0.5415 0.0406, -1.3443 0.556 0.0441, -1.3443 0.5559 0.0441, -1.3443 0.5469 0.0406
            ]
        }
        coordIndex [
            0,1,2,-1,0,2,3,-1,3,2,4,-1,3,4,5,-1,6,7,8,-1,9,10,5,-1,11,12,13,-1,14,15,4,-1,4,15,16,-1,4,16,5,-1,5,16,6,-1,5,6,9,-1,9,6,8,-1,17,18,5,-1,13,17,11,-1,11,17,5,-1,11,5,19,-1,19,5,10,-1,19,10,20,-1,20,10,21,-1,22,23,24,-1,25,26,5,-1,24,25,22,-1,22,25,5,-1,22,5,27,-1,27,5,18,-1,27,18,28,-1,28,18,29,-1,30,31,32,-1,33,34,5,-1,32,33,30,-1,30,33,5,-1,30,5,35,-1,35,5,26,-1,35,26,36,-1,36,26,37,-1,38,39,40,-1,41,42,5,-1,40,41,38,-1,38,41,5,-1,38,5,43,-1,43,5,34,-1,43,34,44,-1,44,34,45,-1,46,47,48,-1,49,50,5,-1,48,49,46,-1,46,49,5,-1,46,5,51,-1,51,5,42,-1,51,42,52,-1,52,42,53,-1,54,55,56,-1,56,55,5,-1,56,5,57,-1,57,5,50,-1,57,50,58,-1,58,50,59,-1,55,54,60,-1,55,60,61,-1,61,60,62,-1,61,62,63,-1,64,48,47,-1,65,66,63,-1,58,59,62,-1,62,59,67,-1,62,67,63,-1,63,67,64,-1,63,64,65,-1,65,64,47,-1,68,69,63,-1,70,40,39,-1,39,68,70,-1,70,68,63,-1,70,63,71,-1,71,63,66,-1,71,66,53,-1,53,66,52,-1,72,32,31,-1,73,74,63,-1,31,73,72,-1,72,73,63,-1,72,63,75,-1,75,63,69,-1,75,69,45,-1,45,69,44,-1,76,77,63,-1,78,24,23,-1,23,76,78,-1,78,76,63,-1,78,63,79,-1,79,63,74,-1,79,74,37,-1,37,74,36,-1,80,81,63,-1,82,13,12,-1,12,80,82,-1,82,80,63,-1,82,63,83,-1,83,63,77,-1,83,77,29,-1,29,77,28,-1,84,85,63,-1,86,8,7,-1,7,84,86,-1,86,84,63,-1,86,63,87,-1,87,63,81,-1,87,81,21,-1,21,81,20,-1,1,0,88,-1,88,0,63,-1,88,63,89,-1,89,63,85,-1,89,85,14,-1,14,85,15,-1,90,91,92,-1,90,92,93,-1,93,92,94,-1,93,94,95,-1,96,97,98,-1,99,100,95,-1,101,102,94,-1,94,102,103,-1,94,103,95,-1,95,103,96,-1,95,96,99,-1,99,96,98,-1,104,105,106,-1,107,108,95,-1,106,107,104,-1,104,107,95,-1,104,95,109,-1,109,95,100,-1,109,100,110,-1,110,100,111,-1,112,113,114,-1,115,116,95,-1,114,115,112,-1,112,115,95,-1,112,95,117,-1,117,95,108,-1,117,108,118,-1,118,108,119,-1,120,121,122,-1,123,124,95,-1,122,123,120,-1,120,123,95,-1,120,95,125,-1,125,95,116,-1,125,116,126,-1,126,116,127,-1,128,129,95,-1,130,131,132,-1,132,128,130,-1,130,128,95,-1,130,95,133,-1,133,95,124,-1,133,124,134,-1,134,124,135,-1,136,137,95,-1,138,139,140,-1,140,136,138,-1,138,136,95,-1,138,95,141,-1,141,95,129,-1,141,129,142,-1,142,129,143,-1,144,145,146,-1,146,145,95,-1,146,95,147,-1,147,95,137,-1,147,137,148,-1,148,137,149,-1,145,144,150,-1,148,149,151,-1,151,149,152,-1,153,142,143,-1,145,150,154,-1,154,150,151,-1,154,151,155,-1,155,151,152,-1,155,152,156,-1,157,134,135,-1,158,159,155,-1,143,158,153,-1,153,158,155,-1,153,155,160,-1,160,155,156,-1,160,156,139,-1,139,156,140,-1,161,162,155,-1,163,126,127,-1,135,161,157,-1,157,161,155,-1,157,155,164,-1,164,155,159,-1,164,159,131,-1,131,159,132,-1,165,166,155,-1,122,121,162,-1,162,121,167,-1,162,167,155,-1,155,167,163,-1,155,163,165,-1,165,163,127,-1,168,106,105,-1,114,113,166,-1,166,113,169,-1,166,169,155,-1,155,169,170,-1,171,172,155,-1,105,171,168,-1,168,171,155,-1,168,155,173,-1,173,155,170,-1,173,170,119,-1,119,170,118,-1,174,98,97,-1,175,176,155,-1,97,175,174,-1,174,175,155,-1,174,155,177,-1,177,155,172,-1,177,172,111,-1,111,172,110,-1,91,90,178,-1,178,90,155,-1,178,155,179,-1,179,155,176,-1,179,176,101,-1,101,176,102,-1,180,181,182,-1,182,181,183,-1,184,185,186,-1,186,185,187,-1,188,189,180,-1,180,189,181,-1,186,187,190,-1,190,187,191,-1,154,155,192,-1,192,155,193,-1,192,193,194,-1,194,193,195,-1,194,195,196,-1,196,195,197,-1,196,197,198,-1,198,197,199,-1,198,199,200,-1,200,199,201,-1,200,201,202,-1,202,201,203,-1,202,203,204,-1,204,203,205,-1,204,205,206,-1,206,205,207,-1,206,207,208,-1,208,207,209,-1,208,209,210,-1,210,209,211,-1,212,213,211,-1,211,213,214,-1,214,215,211,-1,211,215,216,-1,211,216,217,-1,217,218,211,-1,211,218,219,-1,211,219,220,-1,221,210,222,-1,222,210,211,-1,222,211,223,-1,223,211,220,-1,224,225,226,-1,227,228,229,-1,212,230,231,-1,232,230,212,-1,229,228,212,-1,233,212,228,-1,234,235,236,-1,235,234,237,-1,237,234,238,-1,237,238,239,-1,239,238,240,-1,239,240,241,-1,241,240,242,-1,241,242,243,-1,243,242,244,-1,244,242,245,-1,244,245,246,-1,246,245,247,-1,247,245,193,-1,247,193,155,-1,211,232,212,-1,248,249,227,-1,227,249,250,-1,227,250,228,-1,228,250,251,-1,228,251,233,-1,252,231,253,-1,253,231,230,-1,253,230,254,-1,254,230,232,-1,254,232,255,-1,211,209,232,-1,232,209,207,-1,232,207,255,-1,255,207,205,-1,255,205,203,-1,226,252,256,-1,256,252,253,-1,256,253,257,-1,257,253,254,-1,257,254,258,-1,258,254,255,-1,258,255,259,-1,259,255,203,-1,260,261,262,-1,262,261,224,-1,224,226,262,-1,262,226,256,-1,262,256,263,-1,263,256,257,-1,263,257,264,-1,264,257,258,-1,264,258,265,-1,265,258,259,-1,265,259,266,-1,225,248,226,-1,226,248,227,-1,226,227,252,-1,252,227,229,-1,252,229,231,-1,231,229,212,-1,260,234,267,-1,267,234,236,-1,267,236,189,-1,203,201,259,-1,259,201,199,-1,259,199,266,-1,266,199,197,-1,266,197,195,-1,260,262,234,-1,234,262,263,-1,234,263,238,-1,238,263,264,-1,238,264,240,-1,240,264,265,-1,240,265,242,-1,242,265,266,-1,242,266,245,-1,245,266,195,-1,245,195,193,-1,194,196,268,-1,198,200,269,-1,270,271,272,-1,221,273,274,-1,275,273,221,-1,272,271,221,-1,210,221,271,-1,276,277,278,-1,278,277,279,-1,278,279,280,-1,280,279,281,-1,281,279,282,-1,281,282,283,-1,283,282,284,-1,284,282,285,-1,284,285,286,-1,286,285,287,-1,287,285,288,-1,287,288,289,-1,289,288,290,-1,290,288,291,-1,290,291,292,-1,292,291,293,-1,292,293,191,-1,294,275,221,-1,202,204,270,-1,270,204,206,-1,270,206,271,-1,271,206,208,-1,271,208,210,-1,295,274,296,-1,296,274,273,-1,296,273,297,-1,297,273,275,-1,297,275,298,-1,200,202,269,-1,269,202,270,-1,269,270,299,-1,299,270,272,-1,299,272,300,-1,300,272,221,-1,294,301,275,-1,275,301,302,-1,275,302,298,-1,298,302,303,-1,298,303,304,-1,305,295,306,-1,306,295,296,-1,306,296,307,-1,307,296,297,-1,307,297,308,-1,308,297,298,-1,308,298,309,-1,309,298,304,-1,268,305,310,-1,310,305,306,-1,310,306,311,-1,311,306,307,-1,311,307,312,-1,312,307,308,-1,312,308,313,-1,313,308,309,-1,313,309,314,-1,196,198,268,-1,268,198,269,-1,268,269,305,-1,305,269,299,-1,305,299,295,-1,295,299,300,-1,295,300,274,-1,274,300,221,-1,276,154,277,-1,277,154,192,-1,277,192,194,-1,304,315,309,-1,309,315,316,-1,309,316,314,-1,314,316,317,-1,314,317,318,-1,194,268,277,-1,277,268,310,-1,277,310,279,-1,279,310,311,-1,279,311,282,-1,282,311,312,-1,282,312,285,-1,285,312,313,-1,285,313,288,-1,288,313,314,-1,288,314,291,-1,291,314,318,-1,291,318,293,-1,189,236,181,-1,181,236,319,-1,319,236,320,-1,320,236,235,-1,320,235,321,-1,321,235,237,-1,321,237,322,-1,322,237,239,-1,322,239,323,-1,323,239,241,-1,323,241,324,-1,324,241,243,-1,324,243,325,-1,325,243,244,-1,325,244,326,-1,326,244,246,-1,326,246,327,-1,246,247,327,-1,327,247,155,-1,327,155,90,-1,189,188,267,-1,267,188,328,-1,267,328,260,-1,260,328,329,-1,260,329,261,-1,261,329,330,-1,261,330,224,-1,224,330,331,-1,224,331,225,-1,225,331,332,-1,225,332,248,-1,248,332,333,-1,248,333,249,-1,249,333,334,-1,249,334,250,-1,250,334,335,-1,250,335,251,-1,251,335,336,-1,251,336,233,-1,233,336,337,-1,337,338,339,-1,337,339,233,-1,233,339,340,-1,233,340,341,-1,341,342,233,-1,233,342,343,-1,233,343,212,-1,344,345,346,-1,347,344,348,-1,348,344,346,-1,348,346,349,-1,349,346,350,-1,349,350,351,-1,351,350,352,-1,351,352,353,-1,353,352,354,-1,353,354,355,-1,355,354,356,-1,355,356,357,-1,357,356,358,-1,357,358,359,-1,359,358,360,-1,359,360,361,-1,361,360,362,-1,361,362,363,-1,363,362,364,-1,363,364,365,-1,365,364,366,-1,365,366,63,-1,63,366,61,-1,345,367,346,-1,346,367,368,-1,346,368,369,-1,369,370,346,-1,346,370,371,-1,346,371,372,-1,372,373,346,-1,346,373,374,-1,346,374,338,-1,294,375,301,-1,301,375,376,-1,301,376,302,-1,302,376,377,-1,302,377,303,-1,303,377,378,-1,303,378,304,-1,304,378,379,-1,304,379,315,-1,315,379,380,-1,315,380,316,-1,316,380,381,-1,316,381,317,-1,317,381,382,-1,317,382,318,-1,318,382,383,-1,318,383,293,-1,293,383,384,-1,293,384,191,-1,191,384,190,-1,221,385,294,-1,294,385,386,-1,386,387,294,-1,294,387,388,-1,294,388,375,-1,375,388,389,-1,375,389,347,-1,145,154,276,-1,145,276,390,-1,390,276,278,-1,390,278,391,-1,391,278,280,-1,391,280,392,-1,392,280,281,-1,392,281,393,-1,393,281,283,-1,393,283,394,-1,394,283,284,-1,394,284,395,-1,395,284,286,-1,395,286,396,-1,396,286,287,-1,396,287,397,-1,397,287,289,-1,397,289,398,-1,191,187,292,-1,292,187,398,-1,292,398,290,-1,290,398,289,-1,93,399,90,-1,90,399,327,-1,327,399,326,-1,326,399,400,-1,326,400,325,-1,325,400,401,-1,325,401,324,-1,324,401,402,-1,324,402,323,-1,323,402,403,-1,323,403,322,-1,322,403,404,-1,322,404,321,-1,321,404,405,-1,321,405,320,-1,320,405,406,-1,320,406,319,-1,406,407,319,-1,319,407,183,-1,319,183,181,-1,364,362,408,-1,360,358,409,-1,410,411,412,-1,338,413,414,-1,415,413,338,-1,412,411,338,-1,346,338,411,-1,416,417,418,-1,418,417,419,-1,418,419,420,-1,420,419,421,-1,421,419,422,-1,421,422,423,-1,423,422,424,-1,424,422,425,-1,424,425,426,-1,426,425,427,-1,427,425,428,-1,427,428,429,-1,429,428,430,-1,430,428,431,-1,430,431,432,-1,432,431,328,-1,432,328,188,-1,337,415,338,-1,356,354,410,-1,410,354,352,-1,410,352,411,-1,411,352,350,-1,411,350,346,-1,433,414,434,-1,434,414,413,-1,434,413,435,-1,435,413,415,-1,435,415,436,-1,358,356,409,-1,409,356,410,-1,409,410,437,-1,437,410,412,-1,437,412,438,-1,438,412,338,-1,337,336,415,-1,415,336,335,-1,415,335,436,-1,436,335,334,-1,436,334,333,-1,439,433,440,-1,440,433,434,-1,440,434,441,-1,441,434,435,-1,441,435,442,-1,442,435,436,-1,442,436,443,-1,443,436,333,-1,408,439,444,-1,444,439,440,-1,444,440,445,-1,445,440,441,-1,445,441,446,-1,446,441,442,-1,446,442,447,-1,447,442,443,-1,447,443,448,-1,362,360,408,-1,408,360,409,-1,408,409,439,-1,439,409,437,-1,439,437,433,-1,433,437,438,-1,433,438,414,-1,414,438,338,-1,416,61,417,-1,417,61,366,-1,417,366,364,-1,333,332,443,-1,443,332,331,-1,443,331,448,-1,448,331,330,-1,448,330,329,-1,364,408,417,-1,417,408,444,-1,417,444,419,-1,419,444,445,-1,419,445,422,-1,422,445,446,-1,422,446,425,-1,425,446,447,-1,425,447,428,-1,428,447,448,-1,428,448,431,-1,431,448,329,-1,431,329,328,-1,383,382,449,-1,381,380,450,-1,451,452,453,-1,347,454,455,-1,456,454,347,-1,453,452,347,-1,375,347,452,-1,457,458,459,-1,459,458,460,-1,459,460,461,-1,461,460,462,-1,462,460,463,-1,462,463,464,-1,464,463,465,-1,465,463,466,-1,465,466,467,-1,467,466,468,-1,468,466,469,-1,468,469,470,-1,470,469,471,-1,471,469,472,-1,471,472,473,-1,473,472,365,-1,473,365,63,-1,348,456,347,-1,379,378,451,-1,451,378,377,-1,451,377,452,-1,452,377,376,-1,452,376,375,-1,474,455,475,-1,475,455,454,-1,475,454,476,-1,476,454,456,-1,476,456,477,-1,380,379,450,-1,450,379,451,-1,450,451,478,-1,478,451,453,-1,478,453,479,-1,479,453,347,-1,348,349,456,-1,456,349,351,-1,456,351,477,-1,477,351,353,-1,477,353,355,-1,480,474,481,-1,481,474,475,-1,481,475,482,-1,482,475,476,-1,482,476,483,-1,483,476,477,-1,483,477,484,-1,484,477,355,-1,449,480,485,-1,485,480,481,-1,485,481,486,-1,486,481,482,-1,486,482,487,-1,487,482,483,-1,487,483,488,-1,488,483,484,-1,488,484,489,-1,382,381,449,-1,449,381,450,-1,449,450,480,-1,480,450,478,-1,480,478,474,-1,474,478,479,-1,474,479,455,-1,455,479,347,-1,457,190,458,-1,458,190,384,-1,458,384,383,-1,355,357,484,-1,484,357,359,-1,484,359,489,-1,489,359,361,-1,489,361,363,-1,383,449,458,-1,458,449,485,-1,458,485,460,-1,460,485,486,-1,460,486,463,-1,463,486,487,-1,463,487,466,-1,466,487,488,-1,466,488,469,-1,469,488,489,-1,469,489,472,-1,472,489,363,-1,472,363,365,-1,185,490,187,-1,187,490,398,-1,398,490,397,-1,397,490,491,-1,397,491,396,-1,396,491,492,-1,396,492,395,-1,395,492,493,-1,395,493,394,-1,394,493,494,-1,394,494,393,-1,393,494,495,-1,393,495,392,-1,392,495,496,-1,392,496,391,-1,391,496,497,-1,391,497,390,-1,497,498,390,-1,390,498,95,-1,390,95,145,-1,93,95,499,-1,499,95,500,-1,499,500,501,-1,501,500,502,-1,501,502,503,-1,503,502,504,-1,503,504,505,-1,505,504,506,-1,505,506,507,-1,507,506,508,-1,507,508,509,-1,509,508,510,-1,509,510,511,-1,511,510,512,-1,511,512,513,-1,513,512,514,-1,513,514,515,-1,515,514,516,-1,515,516,517,-1,516,518,517,-1,517,518,519,-1,517,519,520,-1,517,520,521,-1,522,523,524,-1,525,526,527,-1,528,529,530,-1,399,93,499,-1,401,400,531,-1,531,400,399,-1,407,406,529,-1,529,406,405,-1,529,405,530,-1,530,405,404,-1,530,404,403,-1,183,407,532,-1,532,407,529,-1,532,529,533,-1,533,529,528,-1,533,528,534,-1,534,528,535,-1,399,499,531,-1,531,499,501,-1,531,501,536,-1,526,535,527,-1,527,535,528,-1,527,528,537,-1,537,528,530,-1,537,530,538,-1,538,530,403,-1,501,503,536,-1,536,503,505,-1,536,505,539,-1,523,525,524,-1,524,525,527,-1,524,527,540,-1,540,527,537,-1,540,537,541,-1,541,537,538,-1,505,507,539,-1,539,507,509,-1,539,509,542,-1,541,543,540,-1,540,543,544,-1,540,544,524,-1,524,544,545,-1,524,545,522,-1,402,401,546,-1,546,401,531,-1,546,531,547,-1,547,531,536,-1,547,536,548,-1,548,536,539,-1,548,539,549,-1,549,539,542,-1,549,542,550,-1,550,542,521,-1,550,521,520,-1,520,551,545,-1,545,551,552,-1,545,552,522,-1,543,553,544,-1,544,553,554,-1,544,554,545,-1,545,554,520,-1,553,555,554,-1,554,555,520,-1,509,511,542,-1,542,511,513,-1,542,513,521,-1,521,513,515,-1,521,515,517,-1,403,402,538,-1,538,402,546,-1,538,546,541,-1,541,546,547,-1,541,547,543,-1,543,547,548,-1,543,548,553,-1,553,548,549,-1,553,549,555,-1,555,549,550,-1,555,550,520,-1,55,61,416,-1,55,416,556,-1,556,416,418,-1,556,418,557,-1,557,418,420,-1,557,420,558,-1,558,420,421,-1,558,421,559,-1,559,421,423,-1,559,423,560,-1,560,423,424,-1,560,424,561,-1,561,424,426,-1,561,426,562,-1,562,426,427,-1,562,427,563,-1,563,427,429,-1,563,429,564,-1,188,180,432,-1,432,180,564,-1,432,564,430,-1,430,564,429,-1,186,190,457,-1,186,457,565,-1,565,457,459,-1,565,459,566,-1,566,459,461,-1,566,461,567,-1,567,461,462,-1,567,462,568,-1,568,462,464,-1,568,464,569,-1,569,464,465,-1,569,465,570,-1,570,465,467,-1,570,467,571,-1,571,467,468,-1,571,468,572,-1,572,468,470,-1,572,470,573,-1,63,0,473,-1,473,0,573,-1,473,573,471,-1,471,573,470,-1,574,519,575,-1,514,512,576,-1,510,508,577,-1,578,579,580,-1,490,185,581,-1,492,491,582,-1,582,491,490,-1,498,497,579,-1,579,497,496,-1,579,496,580,-1,580,496,495,-1,580,495,494,-1,95,498,500,-1,500,498,579,-1,500,579,502,-1,502,579,578,-1,502,578,504,-1,504,578,506,-1,490,581,582,-1,582,581,583,-1,582,583,584,-1,508,506,577,-1,577,506,578,-1,577,578,585,-1,585,578,580,-1,585,580,586,-1,586,580,494,-1,583,587,584,-1,584,587,588,-1,584,588,589,-1,512,510,576,-1,576,510,577,-1,576,577,590,-1,590,577,585,-1,590,585,591,-1,591,585,586,-1,588,592,589,-1,589,592,593,-1,589,593,594,-1,591,595,590,-1,590,595,596,-1,590,596,576,-1,576,596,597,-1,576,597,514,-1,493,492,598,-1,598,492,582,-1,598,582,599,-1,599,582,584,-1,599,584,600,-1,600,584,589,-1,600,589,601,-1,601,589,594,-1,601,594,602,-1,602,594,575,-1,602,575,519,-1,519,518,597,-1,597,518,516,-1,597,516,514,-1,595,603,596,-1,596,603,604,-1,596,604,597,-1,597,604,519,-1,603,605,604,-1,604,605,519,-1,593,606,594,-1,594,606,607,-1,594,607,575,-1,575,607,608,-1,575,608,574,-1,494,493,586,-1,586,493,598,-1,586,598,591,-1,591,598,599,-1,591,599,595,-1,595,599,600,-1,595,600,603,-1,603,600,601,-1,603,601,605,-1,605,601,602,-1,605,602,519,-1,182,183,609,-1,609,183,532,-1,609,532,610,-1,610,532,533,-1,610,533,611,-1,611,533,534,-1,611,534,612,-1,612,534,535,-1,612,535,613,-1,613,535,526,-1,613,526,614,-1,614,526,525,-1,614,525,615,-1,615,525,523,-1,615,523,616,-1,616,523,522,-1,616,522,617,-1,617,522,552,-1,617,552,618,-1,552,551,618,-1,618,551,520,-1,618,520,619,-1,180,182,620,-1,180,620,564,-1,564,620,621,-1,564,621,563,-1,563,621,622,-1,563,622,562,-1,562,622,623,-1,562,623,561,-1,561,623,624,-1,561,624,560,-1,560,624,625,-1,560,625,559,-1,559,625,626,-1,559,626,558,-1,558,626,627,-1,558,627,557,-1,557,627,628,-1,557,628,556,-1,5,55,629,-1,629,55,556,-1,629,556,630,-1,630,556,628,-1,0,3,631,-1,0,631,573,-1,573,631,632,-1,573,632,572,-1,572,632,633,-1,572,633,571,-1,571,633,634,-1,571,634,570,-1,570,634,635,-1,570,635,569,-1,569,635,636,-1,569,636,568,-1,568,636,637,-1,568,637,567,-1,567,637,638,-1,567,638,566,-1,566,638,639,-1,566,639,565,-1,184,186,640,-1,640,186,565,-1,640,565,641,-1,641,565,639,-1,185,184,581,-1,581,184,642,-1,581,642,583,-1,583,642,643,-1,583,643,587,-1,587,643,644,-1,587,644,588,-1,588,644,645,-1,588,645,592,-1,592,645,646,-1,592,646,593,-1,593,646,647,-1,593,647,606,-1,606,647,648,-1,606,648,607,-1,607,648,649,-1,607,649,608,-1,608,649,650,-1,608,650,574,-1,650,651,574,-1,574,651,652,-1,574,652,519,-1,618,619,653,-1,654,655,619,-1,656,657,658,-1,659,660,661,-1,662,663,664,-1,623,622,665,-1,621,620,666,-1,666,620,182,-1,667,626,625,-1,664,628,627,-1,628,664,630,-1,630,664,663,-1,630,663,629,-1,5,629,668,-1,668,629,663,-1,668,663,669,-1,669,663,662,-1,669,662,670,-1,670,662,671,-1,182,609,666,-1,666,609,610,-1,666,610,672,-1,660,671,661,-1,661,671,662,-1,661,662,673,-1,673,662,664,-1,673,664,667,-1,667,664,627,-1,667,627,626,-1,610,611,672,-1,672,611,612,-1,672,612,674,-1,657,659,658,-1,658,659,661,-1,658,661,675,-1,675,661,673,-1,675,673,676,-1,676,673,667,-1,676,667,677,-1,677,667,625,-1,677,625,624,-1,612,613,674,-1,674,613,614,-1,674,614,678,-1,677,679,676,-1,676,679,680,-1,676,680,675,-1,675,680,681,-1,675,681,658,-1,658,681,682,-1,658,682,656,-1,655,654,683,-1,622,621,665,-1,665,621,666,-1,665,666,684,-1,684,666,672,-1,684,672,685,-1,685,672,674,-1,685,674,686,-1,686,674,678,-1,686,678,687,-1,687,678,653,-1,687,653,619,-1,619,688,682,-1,682,688,689,-1,682,689,656,-1,679,690,680,-1,680,690,691,-1,680,691,681,-1,681,691,692,-1,681,692,682,-1,682,692,619,-1,690,683,691,-1,691,683,654,-1,691,654,692,-1,692,654,619,-1,614,615,678,-1,678,615,616,-1,678,616,653,-1,653,616,617,-1,653,617,618,-1,624,623,677,-1,677,623,665,-1,677,665,679,-1,679,665,684,-1,679,684,690,-1,690,684,685,-1,690,685,683,-1,683,685,686,-1,683,686,655,-1,655,686,687,-1,655,687,619,-1,693,652,694,-1,695,696,652,-1,649,648,697,-1,647,646,698,-1,699,700,701,-1,634,633,702,-1,632,631,703,-1,703,631,3,-1,704,637,636,-1,701,639,638,-1,639,701,641,-1,641,701,700,-1,641,700,640,-1,184,640,642,-1,642,640,700,-1,642,700,643,-1,643,700,699,-1,643,699,644,-1,644,699,645,-1,3,705,703,-1,703,705,706,-1,703,706,707,-1,646,645,698,-1,698,645,699,-1,698,699,708,-1,708,699,701,-1,708,701,704,-1,704,701,638,-1,704,638,637,-1,706,709,707,-1,707,709,710,-1,707,710,711,-1,648,647,697,-1,697,647,698,-1,697,698,712,-1,712,698,708,-1,712,708,713,-1,713,708,704,-1,713,704,714,-1,714,704,636,-1,714,636,635,-1,710,715,711,-1,711,715,716,-1,711,716,717,-1,714,718,713,-1,713,718,719,-1,713,719,712,-1,712,719,720,-1,712,720,697,-1,697,720,721,-1,697,721,649,-1,696,695,722,-1,633,632,702,-1,702,632,703,-1,702,703,723,-1,723,703,707,-1,723,707,724,-1,724,707,711,-1,724,711,725,-1,725,711,717,-1,725,717,726,-1,726,717,694,-1,726,694,652,-1,652,651,721,-1,721,651,650,-1,721,650,649,-1,718,727,719,-1,719,727,728,-1,719,728,720,-1,720,728,729,-1,720,729,721,-1,721,729,652,-1,727,722,728,-1,728,722,695,-1,728,695,729,-1,729,695,652,-1,716,730,717,-1,717,730,731,-1,717,731,694,-1,694,731,732,-1,694,732,693,-1,635,634,714,-1,714,634,702,-1,714,702,718,-1,718,702,723,-1,718,723,727,-1,727,723,724,-1,727,724,722,-1,722,724,725,-1,722,725,696,-1,696,725,726,-1,696,726,652,-1,3,5,705,-1,705,5,668,-1,705,668,706,-1,706,668,669,-1,706,669,709,-1,709,669,670,-1,709,670,710,-1,710,670,671,-1,710,671,715,-1,715,671,660,-1,715,660,716,-1,716,660,659,-1,716,659,730,-1,730,659,657,-1,730,657,731,-1,731,657,656,-1,731,656,732,-1,732,656,689,-1,732,689,693,-1,689,688,693,-1,693,688,619,-1,693,619,652,-1,
        ]
    }
}
Shape{
    appearance Appearance {
        material  Material {
            diffuseColor 1.0 1.0 1.0
            specularColor 0.5019607843137255 0.5019607843137255 0.5019607843137255
            ambientIntensity 1.0
            transparency 0.0
            shininess 0.5
        }
    }
    geometry IndexedFaceSet {
        ccw TRUE
        solid FALSE
        coord DEF co Coordinate {
            point [
                -1.171 -0.3086 0.4327, -1.1796 -0.302 0.4331, -1.1912 -0.2931 0.4327, -1.1912 -0.2931 0.4331, -1.2149 -0.2833 0.4327, -1.2149 -0.2833 0.4331, -1.2402 -0.2799 0.4327, -1.2402 -0.2799 0.4331, -1.2656 -0.2833 0.4327, -1.2656 -0.2833 0.4331, -1.2892 -0.2931 0.4327, -1.2892 -0.2931 0.4331, -1.3009 -0.302 0.4331, -1.3095 -0.3086 0.4327, -1.3095 -0.3086 0.4331, -1.3251 -0.3289 0.4327, -1.3251 -0.3289 0.4331, -1.3349 -0.3526 0.4327, -1.3349 -0.3526 0.4331, -1.3382 -0.3779 0.4327, -1.3382 -0.3779 0.4331, -1.3349 -0.4033 0.4327, -1.3349 -0.4033 0.4331, -1.3342 -0.4049 0.4331, -1.3251 -0.4269 0.4327, -1.1628 -0.4366 0.4331, -1.1554 -0.4269 0.4327, -1.171 -0.4472 0.4327, -1.3251 -0.4269 0.4331, -1.3177 -0.4366 0.4331, -1.3095 -0.4472 0.4327, -1.3095 -0.4472 0.4331, -1.2892 -0.4628 0.4327, -1.2892 -0.4628 0.4331, -1.2656 -0.4726 0.4327, -1.2656 -0.4726 0.4331, -1.2402 -0.4759 0.4327, -1.2402 -0.4759 0.4331, -1.2149 -0.4726 0.4327, -1.2149 -0.4726 0.4331, -1.1912 -0.4628 0.4327, -1.1912 -0.4628 0.4331, -1.171 -0.4472 0.4331, -1.1554 -0.4269 0.4331, -1.1463 -0.4049 0.4331, -1.1456 -0.4033 0.4327, -1.1456 -0.4033 0.4331, -1.1423 -0.3779 0.4327, -1.1423 -0.3779 0.4331, -1.1456 -0.3526 0.4327, -1.1456 -0.3526 0.4331, -1.1554 -0.3289 0.4327, -1.1554 -0.3289 0.4331, -1.171 -0.3086 0.4331, -1.2402 -0.3779 0.4327, 0.0555 -0.5864 0.2835, 0.0555 -0.6915 0.2835, 0.1413 -0.5864 0.2835, 0.1413 -0.6915 0.2835, 0.1413 -0.9646 0.0866, 0.1413 -0.8253 0.0866, 0.0555 -0.9646 0.0866, 0.0555 -0.8253 0.0866, 0.1413 -0.9646 0.0, 0.0555 -0.9646 0.0, 0.1413 -0.8253 0.0, 0.0555 -0.8253 0.0, 0.0555 -0.8026 0.0027, 0.1413 -0.8026 0.0027, 0.0555 -0.7811 0.0105, 0.1413 -0.7811 0.0105, 0.0555 -0.762 0.023, 0.1413 -0.762 0.023, 0.0555 -0.7463 0.0396, 0.1413 -0.7463 0.0396, 0.0555 -0.7349 0.0594, 0.1413 -0.7349 0.0594, 0.0555 -0.7283 0.0813, 0.1413 -0.7283 0.0813, 0.1413 -0.7108 0.1806, 0.0555 -0.7108 0.1806, 0.1413 -0.7095 0.185, 0.0555 -0.7095 0.185, 0.1413 -0.7073 0.1889, 0.0555 -0.7073 0.1889, 0.1413 -0.7041 0.1922, 0.0555 -0.7041 0.1922, 0.1413 -0.7003 0.1948, 0.0555 -0.7003 0.1948, 0.1413 -0.696 0.1963, 0.0555 -0.696 0.1963, 0.1413 -0.6915 0.1969, 0.0555 -0.6915 0.1969, 0.1413 -0.5871 0.1969, 0.0555 -0.5871 0.1969, 0.0555 -0.716 0.2806, 0.1413 -0.716 0.2806, 0.0555 -0.7392 0.2722, 0.1413 -0.7392 0.2722, 0.0555 -0.7598 0.2586, 0.1413 -0.7598 0.2586, 0.0555 -0.7767 0.2406, 0.1413 -0.7767 0.2406, 0.0555 -0.7891 0.2193, 0.1413 -0.7891 0.2193, 0.0555 -0.7961 0.1956, 0.1413 -0.7961 0.1956, 0.1413 -0.8136 0.0964, 0.0555 -0.8136 0.0964, 0.1413 -0.8144 0.0937, 0.0555 -0.8144 0.0937, 0.1413 -0.8158 0.0914, 0.0555 -0.8158 0.0914, 0.1413 -0.8177 0.0894, 0.0555 -0.8177 0.0894, 0.1413 -0.82 0.0879, 0.0555 -0.82 0.0879, 0.1413 -0.8226 0.0869, 0.0555 -0.8226 0.0869, 0.1413 -0.5906 0.2362, 0.0555 -0.5906 0.2362, -0.0555 -0.9646 0.0866, -0.0555 -0.8253 0.0866, -0.1413 -0.9646 0.0866, -0.1413 -0.8253 0.0866, -0.0555 -0.9646 0.0, -0.1413 -0.9646 0.0, -0.0555 -0.8253 0.0, -0.1413 -0.8253 0.0, -0.1413 -0.8026 0.0027, -0.0555 -0.8026 0.0027, -0.1413 -0.7811 0.0105, -0.0555 -0.7811 0.0105, -0.1413 -0.762 0.023, -0.0555 -0.762 0.023, -0.1413 -0.7463 0.0396, -0.0555 -0.7463 0.0396, -0.1413 -0.7349 0.0594, -0.0555 -0.7349 0.0594, -0.1413 -0.7283 0.0813, -0.0555 -0.7283 0.0813, -0.0555 -0.7108 0.1806, -0.1413 -0.7108 0.1806, -0.0555 -0.7095 0.185, -0.1413 -0.7095 0.185, -0.0555 -0.7073 0.1889, -0.1413 -0.7073 0.1889, -0.0555 -0.7041 0.1922, -0.1413 -0.7041 0.1922, -0.0555 -0.7003 0.1948, -0.1413 -0.7003 0.1948, -0.0555 -0.696 0.1963, -0.1413 -0.696 0.1963, -0.0555 -0.6915 0.1969, -0.1413 -0.6915 0.1969, -0.0555 -0.5871 0.1969, -0.1413 -0.5871 0.1969, -0.1413 -0.5864 0.2835, -0.1413 -0.6915 0.2835, -0.0555 -0.5864 0.2835, -0.0555 -0.6915 0.2835, -0.1413 -0.716 0.2806, -0.0555 -0.716 0.2806, -0.1413 -0.7392 0.2722, -0.0555 -0.7392 0.2722, -0.1413 -0.7598 0.2586, -0.0555 -0.7598 0.2586, -0.1413 -0.7767 0.2406, -0.0555 -0.7767 0.2406, -0.1413 -0.7891 0.2193, -0.0555 -0.7891 0.2193, -0.1413 -0.7961 0.1956, -0.0555 -0.7961 0.1956, -0.0555 -0.8136 0.0964, -0.1413 -0.8136 0.0964, -0.0555 -0.5906 0.2362, -0.0555 -0.8226 0.0869, -0.0555 -0.82 0.0879, -0.0555 -0.8177 0.0894, -0.0555 -0.8158 0.0914, -0.0555 -0.8144 0.0937, -0.1413 -0.8144 0.0937, -0.1413 -0.8158 0.0914, -0.1413 -0.8177 0.0894, -0.1413 -0.82 0.0879, -0.1413 -0.8226 0.0869, -0.1413 -0.5906 0.2362, -0.2524 -0.9646 0.0866, -0.2524 -0.8253 0.0866, -0.3382 -0.9646 0.0866, -0.3382 -0.8253 0.0866, -0.2524 -0.9646 0.0, -0.3382 -0.9646 0.0, -0.2524 -0.8253 0.0, -0.3382 -0.8253 0.0, -0.3382 -0.8026 0.0027, -0.2524 -0.8026 0.0027, -0.3382 -0.7811 0.0105, -0.2524 -0.7811 0.0105, -0.3382 -0.762 0.023, -0.2524 -0.762 0.023, -0.3382 -0.7463 0.0396, -0.2524 -0.7463 0.0396, -0.3382 -0.7349 0.0594, -0.2524 -0.7349 0.0594, -0.3382 -0.7283 0.0813, -0.2524 -0.7283 0.0813, -0.2524 -0.7108 0.1806, -0.3382 -0.7108 0.1806, -0.2524 -0.7095 0.185, -0.3382 -0.7095 0.185, -0.2524 -0.7073 0.1889, -0.3382 -0.7073 0.1889, -0.2524 -0.7041 0.1922, -0.3382 -0.7041 0.1922, -0.2524 -0.7003 0.1948, -0.3382 -0.7003 0.1948, -0.2524 -0.696 0.1963, -0.3382 -0.696 0.1963, -0.2524 -0.6915 0.1969, -0.3382 -0.6915 0.1969, -0.2524 -0.5871 0.1969, -0.3382 -0.5871 0.1969, -0.3382 -0.5864 0.2835, -0.3382 -0.6915 0.2835, -0.2524 -0.5864 0.2835, -0.2524 -0.6915 0.2835, -0.3382 -0.716 0.2806, -0.2524 -0.716 0.2806, -0.3382 -0.7392 0.2722, -0.2524 -0.7392 0.2722, -0.3382 -0.7598 0.2586, -0.2524 -0.7598 0.2586, -0.3382 -0.7767 0.2406, -0.2524 -0.7767 0.2406, -0.3382 -0.7891 0.2193, -0.2524 -0.7891 0.2193, -0.3382 -0.7961 0.1956, -0.2524 -0.7961 0.1956, -0.2524 -0.8136 0.0964, -0.3382 -0.8136 0.0964, -0.2524 -0.5906 0.2362, -0.2524 -0.8226 0.0869, -0.2524 -0.82 0.0879, -0.2524 -0.8177 0.0894, -0.2524 -0.8158 0.0914, -0.2524 -0.8144 0.0937, -0.3382 -0.8144 0.0937, -0.3382 -0.8158 0.0914, -0.3382 -0.8177 0.0894, -0.3382 -0.82 0.0879, -0.3382 -0.8226 0.0869, -0.3382 -0.5906 0.2362, -0.4492 -0.9646 0.0866, -0.4492 -0.8253 0.0866, -0.535 -0.9646 0.0866, -0.535 -0.8253 0.0866, -0.4492 -0.9646 0.0, -0.535 -0.9646 0.0, -0.4492 -0.8253 0.0, -0.535 -0.8253 0.0, -0.535 -0.8026 0.0027, -0.4492 -0.8026 0.0027, -0.535 -0.7811 0.0105, -0.4492 -0.7811 0.0105, -0.535 -0.762 0.023, -0.4492 -0.762 0.023, -0.535 -0.7463 0.0396, -0.4492 -0.7463 0.0396, -0.535 -0.7349 0.0594, -0.4492 -0.7349 0.0594, -0.535 -0.7283 0.0813, -0.4492 -0.7283 0.0813, -0.4492 -0.7108 0.1806, -0.535 -0.7108 0.1806, -0.4492 -0.7095 0.185, -0.535 -0.7095 0.185, -0.4492 -0.7073 0.1889, -0.535 -0.7073 0.1889, -0.4492 -0.7041 0.1922, -0.535 -0.7041 0.1922, -0.4492 -0.7003 0.1948, -0.535 -0.7003 0.1948, -0.4492 -0.696 0.1963, -0.535 -0.696 0.1963, -0.4492 -0.6915 0.1969, -0.535 -0.6915 0.1969, -0.4492 -0.5871 0.1969, -0.535 -0.5871 0.1969, -0.535 -0.5864 0.2835, -0.535 -0.6915 0.2835, -0.4492 -0.5864 0.2835, -0.4492 -0.6915 0.2835, -0.535 -0.716 0.2806, -0.4492 -0.716 0.2806, -0.535 -0.7392 0.2722, -0.4492 -0.7392 0.2722, -0.535 -0.7598 0.2586, -0.4492 -0.7598 0.2586, -0.535 -0.7767 0.2406, -0.4492 -0.7767 0.2406, -0.535 -0.7891 0.2193, -0.4492 -0.7891 0.2193, -0.535 -0.7961 0.1956, -0.4492 -0.7961 0.1956, -0.4492 -0.8136 0.0964, -0.535 -0.8136 0.0964, -0.4492 -0.5906 0.2362, -0.4492 -0.8226 0.0869, -0.4492 -0.82 0.0879, -0.4492 -0.8177 0.0894, -0.4492 -0.8158 0.0914, -0.4492 -0.8144 0.0937, -0.535 -0.8144 0.0937, -0.535 -0.8158 0.0914, -0.535 -0.8177 0.0894, -0.535 -0.82 0.0879, -0.535 -0.8226 0.0869, -0.535 -0.5906 0.2362, -0.6461 -0.9646 0.0866, -0.6461 -0.8253 0.0866, -0.7319 -0.9646 0.0866, -0.7319 -0.8253 0.0866, -0.6461 -0.9646 0.0, -0.7319 -0.9646 0.0, -0.6461 -0.8253 0.0, -0.7319 -0.8253 0.0, -0.7319 -0.8026 0.0027, -0.6461 -0.8026 0.0027, -0.7319 -0.7811 0.0105, -0.6461 -0.7811 0.0105, -0.7319 -0.762 0.023, -0.6461 -0.762 0.023, -0.7319 -0.7463 0.0396, -0.6461 -0.7463 0.0396, -0.7319 -0.7349 0.0594, -0.6461 -0.7349 0.0594, -0.7319 -0.7283 0.0813, -0.6461 -0.7283 0.0813, -0.6461 -0.7108 0.1806, -0.7319 -0.7108 0.1806, -0.6461 -0.7095 0.185, -0.7319 -0.7095 0.185, -0.6461 -0.7073 0.1889, -0.7319 -0.7073 0.1889, -0.6461 -0.7041 0.1922, -0.7319 -0.7041 0.1922, -0.6461 -0.7003 0.1948, -0.7319 -0.7003 0.1948, -0.6461 -0.696 0.1963, -0.7319 -0.696 0.1963, -0.6461 -0.6915 0.1969, -0.7319 -0.6915 0.1969, -0.6461 -0.5871 0.1969, -0.7319 -0.5871 0.1969, -0.7319 -0.5864 0.2835, -0.7319 -0.6915 0.2835, -0.6461 -0.5864 0.2835, -0.6461 -0.6915 0.2835, -0.7319 -0.716 0.2806, -0.6461 -0.716 0.2806, -0.7319 -0.7392 0.2722, -0.6461 -0.7392 0.2722, -0.7319 -0.7598 0.2586, -0.6461 -0.7598 0.2586, -0.7319 -0.7767 0.2406, -0.6461 -0.7767 0.2406, -0.7319 -0.7891 0.2193, -0.6461 -0.7891 0.2193, -0.7319 -0.7961 0.1956, -0.6461 -0.7961 0.1956, -0.6461 -0.8136 0.0964, -0.7319 -0.8136 0.0964, -0.6461 -0.5906 0.2362, -0.6461 -0.8226 0.0869, -0.6461 -0.82 0.0879, -0.6461 -0.8177 0.0894, -0.6461 -0.8158 0.0914, -0.6461 -0.8144 0.0937, -0.7319 -0.8144 0.0937, -0.7319 -0.8158 0.0914, -0.7319 -0.8177 0.0894, -0.7319 -0.82 0.0879, -0.7319 -0.8226 0.0869, -0.7319 -0.5906 0.2362, -0.8429 -0.9646 0.0866, -0.8429 -0.8253 0.0866, -0.9287 -0.9646 0.0866, -0.9287 -0.8253 0.0866, -0.8429 -0.9646 0.0, -0.9287 -0.9646 0.0, -0.8429 -0.8253 0.0, -0.9287 -0.8253 0.0, -0.9287 -0.8026 0.0027, -0.8429 -0.8026 0.0027, -0.9287 -0.7811 0.0105, -0.8429 -0.7811 0.0105, -0.9287 -0.762 0.023, -0.8429 -0.762 0.023, -0.9287 -0.7463 0.0396, -0.8429 -0.7463 0.0396, -0.9287 -0.7349 0.0594, -0.8429 -0.7349 0.0594, -0.9287 -0.7283 0.0813, -0.8429 -0.7283 0.0813, -0.8429 -0.7108 0.1806, -0.9287 -0.7108 0.1806, -0.8429 -0.7095 0.185, -0.9287 -0.7095 0.185, -0.8429 -0.7073 0.1889, -0.9287 -0.7073 0.1889, -0.8429 -0.7041 0.1922, -0.9287 -0.7041 0.1922, -0.8429 -0.7003 0.1948, -0.9287 -0.7003 0.1948, -0.8429 -0.696 0.1963, -0.9287 -0.696 0.1963, -0.8429 -0.6915 0.1969, -0.9287 -0.6915 0.1969, -0.8429 -0.5871 0.1969, -0.9287 -0.5871 0.1969, -0.9287 -0.5864 0.2835, -0.9287 -0.6915 0.2835, -0.8429 -0.5864 0.2835, -0.8429 -0.6915 0.2835, -0.9287 -0.716 0.2806, -0.8429 -0.716 0.2806, -0.9287 -0.7392 0.2722, -0.8429 -0.7392 0.2722, -0.9287 -0.7598 0.2586, -0.8429 -0.7598 0.2586, -0.9287 -0.7767 0.2406, -0.8429 -0.7767 0.2406, -0.9287 -0.7891 0.2193, -0.8429 -0.7891 0.2193, -0.9287 -0.7961 0.1956, -0.8429 -0.7961 0.1956, -0.8429 -0.8136 0.0964, -0.9287 -0.8136 0.0964, -0.8429 -0.5906 0.2362, -0.8429 -0.8226 0.0869, -0.8429 -0.82 0.0879, -0.8429 -0.8177 0.0894, -0.8429 -0.8158 0.0914, -0.8429 -0.8144 0.0937, -0.9287 -0.8144 0.0937, -0.9287 -0.8158 0.0914, -0.9287 -0.8177 0.0894, -0.9287 -0.82 0.0879, -0.9287 -0.8226 0.0869, -0.9287 -0.5906 0.2362, -1.0398 -0.9646 0.0866, -1.0398 -0.8253 0.0866, -1.1256 -0.9646 0.0866, -1.1256 -0.8253 0.0866, -1.0398 -0.9646 0.0, -1.1256 -0.9646 0.0, -1.0398 -0.8253 0.0, -1.1256 -0.8253 0.0, -1.1256 -0.8026 0.0027, -1.0398 -0.8026 0.0027, -1.1256 -0.7811 0.0105, -1.0398 -0.7811 0.0105, -1.1256 -0.762 0.023, -1.0398 -0.762 0.023, -1.1256 -0.7463 0.0396, -1.0398 -0.7463 0.0396, -1.1256 -0.7349 0.0594, -1.0398 -0.7349 0.0594, -1.1256 -0.7283 0.0813, -1.0398 -0.7283 0.0813, -1.0398 -0.7108 0.1806, -1.1256 -0.7108 0.1806, -1.0398 -0.7095 0.185, -1.1256 -0.7095 0.185, -1.0398 -0.7073 0.1889, -1.1256 -0.7073 0.1889, -1.0398 -0.7041 0.1922, -1.1256 -0.7041 0.1922, -1.0398 -0.7003 0.1948, -1.1256 -0.7003 0.1948, -1.0398 -0.696 0.1963, -1.1256 -0.696 0.1963, -1.0398 -0.6915 0.1969, -1.1256 -0.6915 0.1969, -1.0398 -0.5871 0.1969, -1.1256 -0.5871 0.1969, -1.1256 -0.5864 0.2835, -1.1256 -0.6915 0.2835, -1.0398 -0.5864 0.2835, -1.0398 -0.6915 0.2835, -1.1256 -0.716 0.2806, -1.0398 -0.716 0.2806, -1.1256 -0.7392 0.2722, -1.0398 -0.7392 0.2722, -1.1256 -0.7598 0.2586, -1.0398 -0.7598 0.2586, -1.1256 -0.7767 0.2406, -1.0398 -0.7767 0.2406, -1.1256 -0.7891 0.2193, -1.0398 -0.7891 0.2193, -1.1256 -0.7961 0.1956, -1.0398 -0.7961 0.1956, -1.0398 -0.8136 0.0964, -1.1256 -0.8136 0.0964, -1.0398 -0.5906 0.2362, -1.0398 -0.8226 0.0869, -1.0398 -0.82 0.0879, -1.0398 -0.8177 0.0894, -1.0398 -0.8158 0.0914, -1.0398 -0.8144 0.0937, -1.1256 -0.8144 0.0937, -1.1256 -0.8158 0.0914, -1.1256 -0.8177 0.0894, -1.1256 -0.82 0.0879, -1.1256 -0.8226 0.0869, -1.1256 -0.5906 0.2362, -1.2366 -0.9646 0.0866, -1.2366 -0.8253 0.0866, -1.3224 -0.9646 0.0866, -1.3224 -0.8253 0.0866, -1.2366 -0.9646 0.0, -1.3224 -0.9646 0.0, -1.2366 -0.8253 0.0, -1.3224 -0.8253 0.0, -1.3224 -0.8026 0.0027, -1.2366 -0.8026 0.0027, -1.3224 -0.7811 0.0105, -1.2366 -0.7811 0.0105, -1.3224 -0.762 0.023, -1.2366 -0.762 0.023, -1.3224 -0.7463 0.0396, -1.2366 -0.7463 0.0396, -1.3224 -0.7349 0.0594, -1.2366 -0.7349 0.0594, -1.3224 -0.7283 0.0813, -1.2366 -0.7283 0.0813, -1.2366 -0.7108 0.1806, -1.3224 -0.7108 0.1806, -1.2366 -0.7095 0.185, -1.3224 -0.7095 0.185, -1.2366 -0.7073 0.1889, -1.3224 -0.7073 0.1889, -1.2366 -0.7041 0.1922, -1.3224 -0.7041 0.1922, -1.2366 -0.7003 0.1948, -1.3224 -0.7003 0.1948, -1.2366 -0.696 0.1963, -1.3224 -0.696 0.1963, -1.2366 -0.6915 0.1969, -1.3224 -0.6915 0.1969, -1.2366 -0.5871 0.1969, -1.3224 -0.5871 0.1969, -1.3224 -0.5864 0.2835, -1.3224 -0.6915 0.2835, -1.2366 -0.5864 0.2835, -1.2366 -0.6915 0.2835, -1.3224 -0.716 0.2806, -1.2366 -0.716 0.2806, -1.3224 -0.7392 0.2722, -1.2366 -0.7392 0.2722, -1.3224 -0.7598 0.2586, -1.2366 -0.7598 0.2586, -1.3224 -0.7767 0.2406, -1.2366 -0.7767 0.2406, -1.3224 -0.7891 0.2193, -1.2366 -0.7891 0.2193, -1.3224 -0.7961 0.1956, -1.2366 -0.7961 0.1956, -1.2366 -0.8136 0.0964, -1.3224 -0.8136 0.0964, -1.2366 -0.5906 0.2362, -1.2366 -0.8226 0.0869, -1.2366 -0.82 0.0879, -1.2366 -0.8177 0.0894, -1.2366 -0.8158 0.0914, -1.2366 -0.8144 0.0937, -1.3224 -0.8144 0.0937, -1.3224 -0.8158 0.0914, -1.3224 -0.8177 0.0894, -1.3224 -0.82 0.0879, -1.3224 -0.8226 0.0869, -1.3224 -0.5906 0.2362, 0.3382 -0.9646 0.0866, 0.3382 -0.8253 0.0866, 0.2524 -0.9646 0.0866, 0.2524 -0.8253 0.0866, 0.3382 -0.9646 0.0, 0.2524 -0.9646 0.0, 0.3382 -0.8253 0.0, 0.2524 -0.8253 0.0, 0.2524 -0.8026 0.0027, 0.3382 -0.8026 0.0027, 0.2524 -0.7811 0.0105, 0.3382 -0.7811 0.0105, 0.2524 -0.762 0.023, 0.3382 -0.762 0.023, 0.2524 -0.7463 0.0396, 0.3382 -0.7463 0.0396, 0.2524 -0.7349 0.0594, 0.3382 -0.7349 0.0594, 0.2524 -0.7283 0.0813, 0.3382 -0.7283 0.0813, 0.3382 -0.7108 0.1806, 0.2524 -0.7108 0.1806, 0.3382 -0.7095 0.185, 0.2524 -0.7095 0.185, 0.3382 -0.7073 0.1889, 0.2524 -0.7073 0.1889, 0.3382 -0.7041 0.1922, 0.2524 -0.7041 0.1922, 0.3382 -0.7003 0.1948, 0.2524 -0.7003 0.1948, 0.3382 -0.696 0.1963, 0.2524 -0.696 0.1963, 0.3382 -0.6915 0.1969, 0.2524 -0.6915 0.1969, 0.3382 -0.5871 0.1969, 0.2524 -0.5871 0.1969, 0.2524 -0.5864 0.2835, 0.2524 -0.6915 0.2835, 0.3382 -0.5864 0.2835, 0.3382 -0.6915 0.2835, 0.2524 -0.716 0.2806, 0.3382 -0.716 0.2806, 0.2524 -0.7392 0.2722, 0.3382 -0.7392 0.2722, 0.2524 -0.7598 0.2586, 0.3382 -0.7598 0.2586, 0.2524 -0.7767 0.2406, 0.3382 -0.7767 0.2406, 0.2524 -0.7891 0.2193, 0.3382 -0.7891 0.2193, 0.2524 -0.7961 0.1956, 0.3382 -0.7961 0.1956, 0.3382 -0.8136 0.0964, 0.2524 -0.8136 0.0964, 0.3382 -0.5906 0.2362, 0.3382 -0.8226 0.0869, 0.3382 -0.82 0.0879, 0.3382 -0.8177 0.0894, 0.3382 -0.8158 0.0914, 0.3382 -0.8144 0.0937, 0.2524 -0.8144 0.0937, 0.2524 -0.8158 0.0914, 0.2524 -0.8177 0.0894, 0.2524 -0.82 0.0879, 0.2524 -0.8226 0.0869, 0.2524 -0.5906 0.2362, 0.535 -0.9646 0.0866, 0.535 -0.8253 0.0866, 0.4492 -0.9646 0.0866, 0.4492 -0.8253 0.0866, 0.535 -0.9646 0.0, 0.4492 -0.9646 0.0, 0.535 -0.8253 0.0, 0.4492 -0.8253 0.0, 0.4492 -0.8026 0.0027, 0.535 -0.8026 0.0027, 0.4492 -0.7811 0.0105, 0.535 -0.7811 0.0105, 0.4492 -0.762 0.023, 0.535 -0.762 0.023, 0.4492 -0.7463 0.0396, 0.535 -0.7463 0.0396, 0.4492 -0.7349 0.0594, 0.535 -0.7349 0.0594, 0.4492 -0.7283 0.0813, 0.535 -0.7283 0.0813, 0.535 -0.7108 0.1806, 0.4492 -0.7108 0.1806, 0.535 -0.7095 0.185, 0.4492 -0.7095 0.185, 0.535 -0.7073 0.1889, 0.4492 -0.7073 0.1889, 0.535 -0.7041 0.1922, 0.4492 -0.7041 0.1922, 0.535 -0.7003 0.1948, 0.4492 -0.7003 0.1948, 0.535 -0.696 0.1963, 0.4492 -0.696 0.1963, 0.535 -0.6915 0.1969, 0.4492 -0.6915 0.1969, 0.535 -0.5871 0.1969, 0.4492 -0.5871 0.1969, 0.4492 -0.5864 0.2835, 0.4492 -0.6915 0.2835, 0.535 -0.5864 0.2835, 0.535 -0.6915 0.2835, 0.4492 -0.716 0.2806, 0.535 -0.716 0.2806, 0.4492 -0.7392 0.2722, 0.535 -0.7392 0.2722, 0.4492 -0.7598 0.2586, 0.535 -0.7598 0.2586, 0.4492 -0.7767 0.2406, 0.535 -0.7767 0.2406, 0.4492 -0.7891 0.2193, 0.535 -0.7891 0.2193, 0.4492 -0.7961 0.1956, 0.535 -0.7961 0.1956, 0.535 -0.8136 0.0964, 0.4492 -0.8136 0.0964, 0.535 -0.5906 0.2362, 0.535 -0.8226 0.0869, 0.535 -0.82 0.0879, 0.535 -0.8177 0.0894, 0.535 -0.8158 0.0914, 0.535 -0.8144 0.0937, 0.4492 -0.8144 0.0937, 0.4492 -0.8158 0.0914, 0.4492 -0.8177 0.0894, 0.4492 -0.82 0.0879, 0.4492 -0.8226 0.0869, 0.4492 -0.5906 0.2362, 0.7319 -0.9646 0.0866, 0.7319 -0.8253 0.0866, 0.6461 -0.9646 0.0866, 0.6461 -0.8253 0.0866, 0.7319 -0.9646 0.0, 0.6461 -0.9646 0.0, 0.7319 -0.8253 0.0, 0.6461 -0.8253 0.0, 0.6461 -0.8026 0.0027, 0.7319 -0.8026 0.0027, 0.6461 -0.7811 0.0105, 0.7319 -0.7811 0.0105, 0.6461 -0.762 0.023, 0.7319 -0.762 0.023, 0.6461 -0.7463 0.0396, 0.7319 -0.7463 0.0396, 0.6461 -0.7349 0.0594, 0.7319 -0.7349 0.0594, 0.6461 -0.7283 0.0813, 0.7319 -0.7283 0.0813, 0.7319 -0.7108 0.1806, 0.6461 -0.7108 0.1806, 0.7319 -0.7095 0.185, 0.6461 -0.7095 0.185, 0.7319 -0.7073 0.1889, 0.6461 -0.7073 0.1889, 0.7319 -0.7041 0.1922, 0.6461 -0.7041 0.1922, 0.7319 -0.7003 0.1948, 0.6461 -0.7003 0.1948, 0.7319 -0.696 0.1963, 0.6461 -0.696 0.1963, 0.7319 -0.6915 0.1969, 0.6461 -0.6915 0.1969, 0.7319 -0.5871 0.1969, 0.6461 -0.5871 0.1969, 0.6461 -0.5864 0.2835, 0.6461 -0.6915 0.2835, 0.7319 -0.5864 0.2835, 0.7319 -0.6915 0.2835, 0.6461 -0.716 0.2806, 0.7319 -0.716 0.2806, 0.6461 -0.7392 0.2722, 0.7319 -0.7392 0.2722, 0.6461 -0.7598 0.2586, 0.7319 -0.7598 0.2586, 0.6461 -0.7767 0.2406, 0.7319 -0.7767 0.2406, 0.6461 -0.7891 0.2193, 0.7319 -0.7891 0.2193, 0.6461 -0.7961 0.1956, 0.7319 -0.7961 0.1956, 0.7319 -0.8136 0.0964, 0.6461 -0.8136 0.0964, 0.7319 -0.5906 0.2362, 0.7319 -0.8226 0.0869, 0.7319 -0.82 0.0879, 0.7319 -0.8177 0.0894, 0.7319 -0.8158 0.0914, 0.7319 -0.8144 0.0937, 0.6461 -0.8144 0.0937, 0.6461 -0.8158 0.0914, 0.6461 -0.8177 0.0894, 0.6461 -0.82 0.0879, 0.6461 -0.8226 0.0869, 0.6461 -0.5906 0.2362, 0.9287 -0.9646 0.0866, 0.9287 -0.8253 0.0866, 0.8429 -0.9646 0.0866, 0.8429 -0.8253 0.0866, 0.9287 -0.9646 0.0, 0.8429 -0.9646 0.0, 0.9287 -0.8253 0.0, 0.8429 -0.8253 0.0, 0.8429 -0.8026 0.0027, 0.9287 -0.8026 0.0027, 0.8429 -0.7811 0.0105, 0.9287 -0.7811 0.0105, 0.8429 -0.762 0.023, 0.9287 -0.762 0.023, 0.8429 -0.7463 0.0396, 0.9287 -0.7463 0.0396, 0.8429 -0.7349 0.0594, 0.9287 -0.7349 0.0594, 0.8429 -0.7283 0.0813, 0.9287 -0.7283 0.0813, 0.9287 -0.7108 0.1806, 0.8429 -0.7108 0.1806, 0.9287 -0.7095 0.185, 0.8429 -0.7095 0.185, 0.9287 -0.7073 0.1889, 0.8429 -0.7073 0.1889, 0.9287 -0.7041 0.1922, 0.8429 -0.7041 0.1922, 0.9287 -0.7003 0.1948, 0.8429 -0.7003 0.1948, 0.9287 -0.696 0.1963, 0.8429 -0.696 0.1963, 0.9287 -0.6915 0.1969, 0.8429 -0.6915 0.1969, 0.9287 -0.5871 0.1969, 0.8429 -0.5871 0.1969, 0.8429 -0.5864 0.2835, 0.8429 -0.6915 0.2835, 0.9287 -0.5864 0.2835, 0.9287 -0.6915 0.2835, 0.8429 -0.716 0.2806, 0.9287 -0.716 0.2806, 0.8429 -0.7392 0.2722, 0.9287 -0.7392 0.2722, 0.8429 -0.7598 0.2586, 0.9287 -0.7598 0.2586, 0.8429 -0.7767 0.2406, 0.9287 -0.7767 0.2406, 0.8429 -0.7891 0.2193, 0.9287 -0.7891 0.2193, 0.8429 -0.7961 0.1956, 0.9287 -0.7961 0.1956, 0.9287 -0.8136 0.0964, 0.8429 -0.8136 0.0964, 0.9287 -0.5906 0.2362, 0.9287 -0.8226 0.0869, 0.9287 -0.82 0.0879, 0.9287 -0.8177 0.0894, 0.9287 -0.8158 0.0914, 0.9287 -0.8144 0.0937, 0.8429 -0.8144 0.0937, 0.8429 -0.8158 0.0914, 0.8429 -0.8177 0.0894, 0.8429 -0.82 0.0879, 0.8429 -0.8226 0.0869, 0.8429 -0.5906 0.2362, 1.1256 -0.9646 0.0866, 1.1256 -0.8253 0.0866, 1.0398 -0.9646 0.0866, 1.0398 -0.8253 0.0866, 1.1256 -0.9646 0.0, 1.0398 -0.9646 0.0, 1.1256 -0.8253 0.0, 1.0398 -0.8253 0.0, 1.0398 -0.8026 0.0027, 1.1256 -0.8026 0.0027, 1.0398 -0.7811 0.0105, 1.1256 -0.7811 0.0105, 1.0398 -0.762 0.023, 1.1256 -0.762 0.023, 1.0398 -0.7463 0.0396, 1.1256 -0.7463 0.0396, 1.0398 -0.7349 0.0594, 1.1256 -0.7349 0.0594, 1.0398 -0.7283 0.0813, 1.1256 -0.7283 0.0813, 1.1256 -0.7108 0.1806, 1.0398 -0.7108 0.1806, 1.1256 -0.7095 0.185, 1.0398 -0.7095 0.185, 1.1256 -0.7073 0.1889, 1.0398 -0.7073 0.1889, 1.1256 -0.7041 0.1922, 1.0398 -0.7041 0.1922, 1.1256 -0.7003 0.1948, 1.0398 -0.7003 0.1948, 1.1256 -0.696 0.1963, 1.0398 -0.696 0.1963, 1.1256 -0.6915 0.1969, 1.0398 -0.6915 0.1969, 1.1256 -0.5871 0.1969, 1.0398 -0.5871 0.1969, 1.0398 -0.5864 0.2835, 1.0398 -0.6915 0.2835, 1.1256 -0.5864 0.2835, 1.1256 -0.6915 0.2835, 1.0398 -0.716 0.2806, 1.1256 -0.716 0.2806, 1.0398 -0.7392 0.2722, 1.1256 -0.7392 0.2722, 1.0398 -0.7598 0.2586, 1.1256 -0.7598 0.2586, 1.0398 -0.7767 0.2406, 1.1256 -0.7767 0.2406, 1.0398 -0.7891 0.2193, 1.1256 -0.7891 0.2193, 1.0398 -0.7961 0.1956, 1.1256 -0.7961 0.1956, 1.1256 -0.8136 0.0964, 1.0398 -0.8136 0.0964, 1.1256 -0.5906 0.2362, 1.1256 -0.8226 0.0869, 1.1256 -0.82 0.0879, 1.1256 -0.8177 0.0894, 1.1256 -0.8158 0.0914, 1.1256 -0.8144 0.0937, 1.0398 -0.8144 0.0937, 1.0398 -0.8158 0.0914, 1.0398 -0.8177 0.0894, 1.0398 -0.82 0.0879, 1.0398 -0.8226 0.0869, 1.0398 -0.5906 0.2362, 1.3224 -0.9646 0.0866, 1.3224 -0.8253 0.0866, 1.2366 -0.9646 0.0866, 1.2366 -0.8253 0.0866, 1.3224 -0.9646 0.0, 1.2366 -0.9646 0.0, 1.3224 -0.8253 0.0, 1.2366 -0.8253 0.0, 1.2366 -0.8026 0.0027, 1.3224 -0.8026 0.0027, 1.2366 -0.7811 0.0105, 1.3224 -0.7811 0.0105, 1.2366 -0.762 0.023, 1.3224 -0.762 0.023, 1.2366 -0.7463 0.0396, 1.3224 -0.7463 0.0396, 1.2366 -0.7349 0.0594, 1.3224 -0.7349 0.0594, 1.2366 -0.7283 0.0813, 1.3224 -0.7283 0.0813, 1.3224 -0.7108 0.1806, 1.2366 -0.7108 0.1806, 1.3224 -0.7095 0.185, 1.2366 -0.7095 0.185, 1.3224 -0.7073 0.1889, 1.2366 -0.7073 0.1889, 1.3224 -0.7041 0.1922, 1.2366 -0.7041 0.1922, 1.3224 -0.7003 0.1948, 1.2366 -0.7003 0.1948, 1.3224 -0.696 0.1963, 1.2366 -0.696 0.1963, 1.3224 -0.6915 0.1969, 1.2366 -0.6915 0.1969, 1.3224 -0.5871 0.1969, 1.2366 -0.5871 0.1969, 1.2366 -0.5864 0.2835, 1.2366 -0.6915 0.2835, 1.3224 -0.5864 0.2835, 1.3224 -0.6915 0.2835, 1.2366 -0.716 0.2806, 1.3224 -0.716 0.2806, 1.2366 -0.7392 0.2722, 1.3224 -0.7392 0.2722, 1.2366 -0.7598 0.2586, 1.3224 -0.7598 0.2586, 1.2366 -0.7767 0.2406, 1.3224 -0.7767 0.2406, 1.2366 -0.7891 0.2193, 1.3224 -0.7891 0.2193, 1.2366 -0.7961 0.1956, 1.3224 -0.7961 0.1956, 1.3224 -0.8136 0.0964, 1.2366 -0.8136 0.0964, 1.3224 -0.5906 0.2362, 1.3224 -0.8226 0.0869, 1.3224 -0.82 0.0879, 1.3224 -0.8177 0.0894, 1.3224 -0.8158 0.0914, 1.3224 -0.8144 0.0937, 1.2366 -0.8144 0.0937, 1.2366 -0.8158 0.0914, 1.2366 -0.8177 0.0894, 1.2366 -0.82 0.0879, 1.2366 -0.8226 0.0869, 1.2366 -0.5906 0.2362, 0.1413 0.8253 0.0866, 0.1413 0.9646 0.0866, 0.0555 0.8253 0.0866, 0.0555 0.9646 0.0866, 0.1413 0.9646 0.0, 0.0555 0.9646 0.0, 0.1413 0.8253 0.0, 0.0555 0.8253 0.0, 0.1413 0.7283 0.0813, 0.0555 0.7283 0.0813, 0.0555 0.7349 0.0594, 0.1413 0.7349 0.0594, 0.0555 0.7463 0.0396, 0.1413 0.7463 0.0396, 0.0555 0.762 0.023, 0.1413 0.762 0.023, 0.0555 0.7811 0.0105, 0.1413 0.7811 0.0105, 0.0555 0.8026 0.0027, 0.1413 0.8026 0.0027, 0.1413 0.7108 0.1806, 0.0555 0.7108 0.1806, 0.1413 0.6915 0.1969, 0.0555 0.6915 0.1969, 0.1413 0.696 0.1963, 0.0555 0.696 0.1963, 0.1413 0.7003 0.1948, 0.0555 0.7003 0.1948, 0.1413 0.7041 0.1922, 0.0555 0.7041 0.1922, 0.1413 0.7073 0.1889, 0.0555 0.7073 0.1889, 0.1413 0.7095 0.185, 0.0555 0.7095 0.185, 0.1413 0.5871 0.1969, 0.0555 0.5871 0.1969, 0.0555 0.6915 0.2835, 0.0555 0.5864 0.2835, 0.1413 0.6915 0.2835, 0.1413 0.5864 0.2835, 0.1413 0.7961 0.1956, 0.0555 0.7961 0.1956, 0.0555 0.7891 0.2193, 0.1413 0.7891 0.2193, 0.0555 0.7767 0.2406, 0.1413 0.7767 0.2406, 0.0555 0.7598 0.2586, 0.1413 0.7598 0.2586, 0.0555 0.7392 0.2722, 0.1413 0.7392 0.2722, 0.0555 0.716 0.2806, 0.1413 0.716 0.2806, 0.1413 0.8136 0.0964, 0.0555 0.8136 0.0964, 0.1413 0.5906 0.2362, 0.1413 0.8226 0.0869, 0.1413 0.82 0.0879, 0.1413 0.8177 0.0894, 0.1413 0.8158 0.0914, 0.1413 0.8144 0.0937, 0.0555 0.8226 0.0869, 0.0555 0.82 0.0879, 0.0555 0.8177 0.0894, 0.0555 0.8158 0.0914, 0.0555 0.8144 0.0937, 0.0555 0.5906 0.2362, -0.0555 0.8253 0.0866, -0.0555 0.9646 0.0866, -0.1413 0.8253 0.0866, -0.1413 0.9646 0.0866, -0.0555 0.9646 0.0, -0.1413 0.9646 0.0, -0.0555 0.8253 0.0, -0.1413 0.8253 0.0, -0.0555 0.7283 0.0813, -0.1413 0.7283 0.0813, -0.1413 0.7349 0.0594, -0.0555 0.7349 0.0594, -0.1413 0.7463 0.0396, -0.0555 0.7463 0.0396, -0.1413 0.762 0.023, -0.0555 0.762 0.023, -0.1413 0.7811 0.0105, -0.0555 0.7811 0.0105, -0.1413 0.8026 0.0027, -0.0555 0.8026 0.0027, -0.0555 0.7108 0.1806, -0.1413 0.7108 0.1806, -0.0555 0.6915 0.1969, -0.1413 0.6915 0.1969, -0.0555 0.696 0.1963, -0.1413 0.696 0.1963, -0.0555 0.7003 0.1948, -0.1413 0.7003 0.1948, -0.0555 0.7041 0.1922, -0.1413 0.7041 0.1922, -0.0555 0.7073 0.1889, -0.1413 0.7073 0.1889, -0.0555 0.7095 0.185, -0.1413 0.7095 0.185, -0.0555 0.5871 0.1969, -0.1413 0.5871 0.1969, -0.1413 0.6915 0.2835, -0.1413 0.5864 0.2835, -0.0555 0.6915 0.2835, -0.0555 0.5864 0.2835, -0.0555 0.7961 0.1956, -0.1413 0.7961 0.1956, -0.1413 0.7891 0.2193, -0.0555 0.7891 0.2193, -0.1413 0.7767 0.2406, -0.0555 0.7767 0.2406, -0.1413 0.7598 0.2586, -0.0555 0.7598 0.2586, -0.1413 0.7392 0.2722, -0.0555 0.7392 0.2722, -0.1413 0.716 0.2806, -0.0555 0.716 0.2806, -0.0555 0.8136 0.0964, -0.1413 0.8136 0.0964, -0.0555 0.5906 0.2362, -0.0555 0.8226 0.0869, -0.0555 0.82 0.0879, -0.0555 0.8177 0.0894, -0.0555 0.8158 0.0914, -0.0555 0.8144 0.0937, -0.1413 0.8226 0.0869, -0.1413 0.82 0.0879, -0.1413 0.8177 0.0894, -0.1413 0.8158 0.0914, -0.1413 0.8144 0.0937, -0.1413 0.5906 0.2362, -0.2524 0.8253 0.0866, -0.2524 0.9646 0.0866, -0.3382 0.8253 0.0866, -0.3382 0.9646 0.0866, -0.2524 0.9646 0.0, -0.3382 0.9646 0.0, -0.2524 0.8253 0.0, -0.3382 0.8253 0.0, -0.2524 0.7283 0.0813, -0.3382 0.7283 0.0813, -0.3382 0.7349 0.0594, -0.2524 0.7349 0.0594, -0.3382 0.7463 0.0396, -0.2524 0.7463 0.0396, -0.3382 0.762 0.023, -0.2524 0.762 0.023, -0.3382 0.7811 0.0105, -0.2524 0.7811 0.0105, -0.3382 0.8026 0.0027, -0.2524 0.8026 0.0027, -0.2524 0.7108 0.1806, -0.3382 0.7108 0.1806, -0.2524 0.6915 0.1969, -0.3382 0.6915 0.1969, -0.2524 0.696 0.1963, -0.3382 0.696 0.1963, -0.2524 0.7003 0.1948, -0.3382 0.7003 0.1948, -0.2524 0.7041 0.1922, -0.3382 0.7041 0.1922, -0.2524 0.7073 0.1889, -0.3382 0.7073 0.1889, -0.2524 0.7095 0.185, -0.3382 0.7095 0.185, -0.2524 0.5871 0.1969, -0.3382 0.5871 0.1969, -0.3382 0.6915 0.2835, -0.3382 0.5864 0.2835, -0.2524 0.6915 0.2835, -0.2524 0.5864 0.2835, -0.2524 0.7961 0.1956, -0.3382 0.7961 0.1956, -0.3382 0.7891 0.2193, -0.2524 0.7891 0.2193, -0.3382 0.7767 0.2406, -0.2524 0.7767 0.2406, -0.3382 0.7598 0.2586, -0.2524 0.7598 0.2586, -0.3382 0.7392 0.2722, -0.2524 0.7392 0.2722, -0.3382 0.716 0.2806, -0.2524 0.716 0.2806, -0.2524 0.8136 0.0964, -0.3382 0.8136 0.0964, -0.2524 0.5906 0.2362, -0.2524 0.8226 0.0869, -0.2524 0.82 0.0879, -0.2524 0.8177 0.0894, -0.2524 0.8158 0.0914, -0.2524 0.8144 0.0937, -0.3382 0.8226 0.0869, -0.3382 0.82 0.0879, -0.3382 0.8177 0.0894, -0.3382 0.8158 0.0914, -0.3382 0.8144 0.0937, -0.3382 0.5906 0.2362, -0.4492 0.8253 0.0866, -0.4492 0.9646 0.0866, -0.535 0.8253 0.0866, -0.535 0.9646 0.0866, -0.4492 0.9646 0.0, -0.535 0.9646 0.0, -0.4492 0.8253 0.0, -0.535 0.8253 0.0, -0.4492 0.7283 0.0813, -0.535 0.7283 0.0813, -0.535 0.7349 0.0594, -0.4492 0.7349 0.0594, -0.535 0.7463 0.0396, -0.4492 0.7463 0.0396, -0.535 0.762 0.023, -0.4492 0.762 0.023, -0.535 0.7811 0.0105, -0.4492 0.7811 0.0105, -0.535 0.8026 0.0027, -0.4492 0.8026 0.0027, -0.4492 0.7108 0.1806, -0.535 0.7108 0.1806, -0.4492 0.6915 0.1969, -0.535 0.6915 0.1969, -0.4492 0.696 0.1963, -0.535 0.696 0.1963, -0.4492 0.7003 0.1948, -0.535 0.7003 0.1948, -0.4492 0.7041 0.1922, -0.535 0.7041 0.1922, -0.4492 0.7073 0.1889, -0.535 0.7073 0.1889, -0.4492 0.7095 0.185, -0.535 0.7095 0.185, -0.4492 0.5871 0.1969, -0.535 0.5871 0.1969, -0.535 0.6915 0.2835, -0.535 0.5864 0.2835, -0.4492 0.6915 0.2835, -0.4492 0.5864 0.2835, -0.4492 0.7961 0.1956, -0.535 0.7961 0.1956, -0.535 0.7891 0.2193, -0.4492 0.7891 0.2193, -0.535 0.7767 0.2406, -0.4492 0.7767 0.2406, -0.535 0.7598 0.2586, -0.4492 0.7598 0.2586, -0.535 0.7392 0.2722, -0.4492 0.7392 0.2722, -0.535 0.716 0.2806, -0.4492 0.716 0.2806, -0.4492 0.8136 0.0964, -0.535 0.8136 0.0964, -0.4492 0.5906 0.2362, -0.4492 0.8226 0.0869, -0.4492 0.82 0.0879, -0.4492 0.8177 0.0894, -0.4492 0.8158 0.0914, -0.4492 0.8144 0.0937, -0.535 0.8226 0.0869, -0.535 0.82 0.0879, -0.535 0.8177 0.0894, -0.535 0.8158 0.0914, -0.535 0.8144 0.0937, -0.535 0.5906 0.2362, -0.6461 0.8253 0.0866, -0.6461 0.9646 0.0866, -0.7319 0.8253 0.0866, -0.7319 0.9646 0.0866, -0.6461 0.9646 0.0, -0.7319 0.9646 0.0, -0.6461 0.8253 0.0, -0.7319 0.8253 0.0, -0.6461 0.7283 0.0813, -0.7319 0.7283 0.0813, -0.7319 0.7349 0.0594, -0.6461 0.7349 0.0594, -0.7319 0.7463 0.0396, -0.6461 0.7463 0.0396, -0.7319 0.762 0.023, -0.6461 0.762 0.023, -0.7319 0.7811 0.0105, -0.6461 0.7811 0.0105, -0.7319 0.8026 0.0027, -0.6461 0.8026 0.0027, -0.6461 0.7108 0.1806, -0.7319 0.7108 0.1806, -0.6461 0.6915 0.1969, -0.7319 0.6915 0.1969, -0.6461 0.696 0.1963, -0.7319 0.696 0.1963, -0.6461 0.7003 0.1948, -0.7319 0.7003 0.1948, -0.6461 0.7041 0.1922, -0.7319 0.7041 0.1922, -0.6461 0.7073 0.1889, -0.7319 0.7073 0.1889, -0.6461 0.7095 0.185, -0.7319 0.7095 0.185, -0.6461 0.5871 0.1969, -0.7319 0.5871 0.1969, -0.7319 0.6915 0.2835, -0.7319 0.5864 0.2835, -0.6461 0.6915 0.2835, -0.6461 0.5864 0.2835, -0.6461 0.7961 0.1956, -0.7319 0.7961 0.1956, -0.7319 0.7891 0.2193, -0.6461 0.7891 0.2193, -0.7319 0.7767 0.2406, -0.6461 0.7767 0.2406, -0.7319 0.7598 0.2586, -0.6461 0.7598 0.2586, -0.7319 0.7392 0.2722, -0.6461 0.7392 0.2722, -0.7319 0.716 0.2806, -0.6461 0.716 0.2806, -0.6461 0.8136 0.0964, -0.7319 0.8136 0.0964, -0.6461 0.5906 0.2362, -0.6461 0.8226 0.0869, -0.6461 0.82 0.0879, -0.6461 0.8177 0.0894, -0.6461 0.8158 0.0914, -0.6461 0.8144 0.0937, -0.7319 0.8226 0.0869, -0.7319 0.82 0.0879, -0.7319 0.8177 0.0894, -0.7319 0.8158 0.0914, -0.7319 0.8144 0.0937, -0.7319 0.5906 0.2362, -0.8429 0.8253 0.0866, -0.8429 0.9646 0.0866, -0.9287 0.8253 0.0866, -0.9287 0.9646 0.0866, -0.8429 0.9646 0.0, -0.9287 0.9646 0.0, -0.8429 0.8253 0.0, -0.9287 0.8253 0.0, -0.8429 0.7283 0.0813, -0.9287 0.7283 0.0813, -0.9287 0.7349 0.0594, -0.8429 0.7349 0.0594, -0.9287 0.7463 0.0396, -0.8429 0.7463 0.0396, -0.9287 0.762 0.023, -0.8429 0.762 0.023, -0.9287 0.7811 0.0105, -0.8429 0.7811 0.0105, -0.9287 0.8026 0.0027, -0.8429 0.8026 0.0027, -0.8429 0.7108 0.1806, -0.9287 0.7108 0.1806, -0.8429 0.6915 0.1969, -0.9287 0.6915 0.1969, -0.8429 0.696 0.1963, -0.9287 0.696 0.1963, -0.8429 0.7003 0.1948, -0.9287 0.7003 0.1948, -0.8429 0.7041 0.1922, -0.9287 0.7041 0.1922, -0.8429 0.7073 0.1889, -0.9287 0.7073 0.1889, -0.8429 0.7095 0.185, -0.9287 0.7095 0.185, -0.8429 0.5871 0.1969, -0.9287 0.5871 0.1969, -0.9287 0.6915 0.2835, -0.9287 0.5864 0.2835, -0.8429 0.6915 0.2835, -0.8429 0.5864 0.2835, -0.8429 0.7961 0.1956, -0.9287 0.7961 0.1956, -0.9287 0.7891 0.2193, -0.8429 0.7891 0.2193, -0.9287 0.7767 0.2406, -0.8429 0.7767 0.2406, -0.9287 0.7598 0.2586, -0.8429 0.7598 0.2586, -0.9287 0.7392 0.2722, -0.8429 0.7392 0.2722, -0.9287 0.716 0.2806, -0.8429 0.716 0.2806, -0.8429 0.8136 0.0964, -0.9287 0.8136 0.0964, -0.8429 0.5906 0.2362, -0.8429 0.8226 0.0869, -0.8429 0.82 0.0879, -0.8429 0.8177 0.0894, -0.8429 0.8158 0.0914, -0.8429 0.8144 0.0937, -0.9287 0.8226 0.0869, -0.9287 0.82 0.0879, -0.9287 0.8177 0.0894, -0.9287 0.8158 0.0914, -0.9287 0.8144 0.0937, -0.9287 0.5906 0.2362, -1.0398 0.8253 0.0866, -1.0398 0.9646 0.0866, -1.1256 0.8253 0.0866, -1.1256 0.9646 0.0866, -1.0398 0.9646 0.0, -1.1256 0.9646 0.0, -1.0398 0.8253 0.0, -1.1256 0.8253 0.0, -1.0398 0.7283 0.0813, -1.1256 0.7283 0.0813, -1.1256 0.7349 0.0594, -1.0398 0.7349 0.0594, -1.1256 0.7463 0.0396, -1.0398 0.7463 0.0396, -1.1256 0.762 0.023, -1.0398 0.762 0.023, -1.1256 0.7811 0.0105, -1.0398 0.7811 0.0105, -1.1256 0.8026 0.0027, -1.0398 0.8026 0.0027, -1.0398 0.7108 0.1806, -1.1256 0.7108 0.1806, -1.0398 0.6915 0.1969, -1.1256 0.6915 0.1969, -1.0398 0.696 0.1963, -1.1256 0.696 0.1963, -1.0398 0.7003 0.1948, -1.1256 0.7003 0.1948, -1.0398 0.7041 0.1922, -1.1256 0.7041 0.1922, -1.0398 0.7073 0.1889, -1.1256 0.7073 0.1889, -1.0398 0.7095 0.185, -1.1256 0.7095 0.185, -1.0398 0.5871 0.1969, -1.1256 0.5871 0.1969, -1.1256 0.6915 0.2835, -1.1256 0.5864 0.2835, -1.0398 0.6915 0.2835, -1.0398 0.5864 0.2835, -1.0398 0.7961 0.1956, -1.1256 0.7961 0.1956, -1.1256 0.7891 0.2193, -1.0398 0.7891 0.2193, -1.1256 0.7767 0.2406, -1.0398 0.7767 0.2406, -1.1256 0.7598 0.2586, -1.0398 0.7598 0.2586, -1.1256 0.7392 0.2722, -1.0398 0.7392 0.2722, -1.1256 0.716 0.2806, -1.0398 0.716 0.2806, -1.0398 0.8136 0.0964, -1.1256 0.8136 0.0964, -1.0398 0.5906 0.2362, -1.0398 0.8226 0.0869, -1.0398 0.82 0.0879, -1.0398 0.8177 0.0894, -1.0398 0.8158 0.0914, -1.0398 0.8144 0.0937, -1.1256 0.8226 0.0869, -1.1256 0.82 0.0879, -1.1256 0.8177 0.0894, -1.1256 0.8158 0.0914, -1.1256 0.8144 0.0937, -1.1256 0.5906 0.2362, -1.2366 0.8253 0.0866, -1.2366 0.9646 0.0866, -1.3224 0.8253 0.0866, -1.3224 0.9646 0.0866, -1.2366 0.9646 0.0, -1.3224 0.9646 0.0, -1.2366 0.8253 0.0, -1.3224 0.8253 0.0, -1.2366 0.7283 0.0813, -1.3224 0.7283 0.0813, -1.3224 0.7349 0.0594, -1.2366 0.7349 0.0594, -1.3224 0.7463 0.0396, -1.2366 0.7463 0.0396, -1.3224 0.762 0.023, -1.2366 0.762 0.023, -1.3224 0.7811 0.0105, -1.2366 0.7811 0.0105, -1.3224 0.8026 0.0027, -1.2366 0.8026 0.0027, -1.2366 0.7108 0.1806, -1.3224 0.7108 0.1806, -1.2366 0.6915 0.1969, -1.3224 0.6915 0.1969, -1.2366 0.696 0.1963, -1.3224 0.696 0.1963, -1.2366 0.7003 0.1948, -1.3224 0.7003 0.1948, -1.2366 0.7041 0.1922, -1.3224 0.7041 0.1922, -1.2366 0.7073 0.1889, -1.3224 0.7073 0.1889, -1.2366 0.7095 0.185, -1.3224 0.7095 0.185, -1.2366 0.5871 0.1969, -1.3224 0.5871 0.1969, -1.3224 0.6915 0.2835, -1.3224 0.5864 0.2835, -1.2366 0.6915 0.2835, -1.2366 0.5864 0.2835, -1.2366 0.7961 0.1956, -1.3224 0.7961 0.1956, -1.3224 0.7891 0.2193, -1.2366 0.7891 0.2193, -1.3224 0.7767 0.2406, -1.2366 0.7767 0.2406, -1.3224 0.7598 0.2586, -1.2366 0.7598 0.2586, -1.3224 0.7392 0.2722, -1.2366 0.7392 0.2722, -1.3224 0.716 0.2806, -1.2366 0.716 0.2806, -1.2366 0.8136 0.0964, -1.3224 0.8136 0.0964, -1.2366 0.5906 0.2362, -1.2366 0.8226 0.0869, -1.2366 0.82 0.0879, -1.2366 0.8177 0.0894, -1.2366 0.8158 0.0914, -1.2366 0.8144 0.0937, -1.3224 0.8226 0.0869, -1.3224 0.82 0.0879, -1.3224 0.8177 0.0894, -1.3224 0.8158 0.0914, -1.3224 0.8144 0.0937, -1.3224 0.5906 0.2362, 0.3382 0.8253 0.0866, 0.3382 0.9646 0.0866, 0.2524 0.8253 0.0866, 0.2524 0.9646 0.0866, 0.3382 0.9646 0.0, 0.2524 0.9646 0.0, 0.3382 0.8253 0.0, 0.2524 0.8253 0.0, 0.3382 0.7283 0.0813, 0.2524 0.7283 0.0813, 0.2524 0.7349 0.0594, 0.3382 0.7349 0.0594, 0.2524 0.7463 0.0396, 0.3382 0.7463 0.0396, 0.2524 0.762 0.023, 0.3382 0.762 0.023, 0.2524 0.7811 0.0105, 0.3382 0.7811 0.0105, 0.2524 0.8026 0.0027, 0.3382 0.8026 0.0027, 0.3382 0.7108 0.1806, 0.2524 0.7108 0.1806, 0.3382 0.6915 0.1969, 0.2524 0.6915 0.1969, 0.3382 0.696 0.1963, 0.2524 0.696 0.1963, 0.3382 0.7003 0.1948, 0.2524 0.7003 0.1948, 0.3382 0.7041 0.1922, 0.2524 0.7041 0.1922, 0.3382 0.7073 0.1889, 0.2524 0.7073 0.1889, 0.3382 0.7095 0.185, 0.2524 0.7095 0.185, 0.3382 0.5871 0.1969, 0.2524 0.5871 0.1969, 0.2524 0.6915 0.2835, 0.2524 0.5864 0.2835, 0.3382 0.6915 0.2835, 0.3382 0.5864 0.2835, 0.3382 0.7961 0.1956, 0.2524 0.7961 0.1956, 0.2524 0.7891 0.2193, 0.3382 0.7891 0.2193, 0.2524 0.7767 0.2406, 0.3382 0.7767 0.2406, 0.2524 0.7598 0.2586, 0.3382 0.7598 0.2586, 0.2524 0.7392 0.2722, 0.3382 0.7392 0.2722, 0.2524 0.716 0.2806, 0.3382 0.716 0.2806, 0.3382 0.8136 0.0964, 0.2524 0.8136 0.0964, 0.3382 0.5906 0.2362, 0.3382 0.8226 0.0869, 0.3382 0.82 0.0879, 0.3382 0.8177 0.0894, 0.3382 0.8158 0.0914, 0.3382 0.8144 0.0937, 0.2524 0.8226 0.0869, 0.2524 0.82 0.0879, 0.2524 0.8177 0.0894, 0.2524 0.8158 0.0914, 0.2524 0.8144 0.0937, 0.2524 0.5906 0.2362, 0.535 0.8253 0.0866, 0.535 0.9646 0.0866, 0.4492 0.8253 0.0866, 0.4492 0.9646 0.0866, 0.535 0.9646 0.0, 0.4492 0.9646 0.0, 0.535 0.8253 0.0, 0.4492 0.8253 0.0, 0.535 0.7283 0.0813, 0.4492 0.7283 0.0813, 0.4492 0.7349 0.0594, 0.535 0.7349 0.0594, 0.4492 0.7463 0.0396, 0.535 0.7463 0.0396, 0.4492 0.762 0.023, 0.535 0.762 0.023, 0.4492 0.7811 0.0105, 0.535 0.7811 0.0105, 0.4492 0.8026 0.0027, 0.535 0.8026 0.0027, 0.535 0.7108 0.1806, 0.4492 0.7108 0.1806, 0.535 0.6915 0.1969, 0.4492 0.6915 0.1969, 0.535 0.696 0.1963, 0.4492 0.696 0.1963, 0.535 0.7003 0.1948, 0.4492 0.7003 0.1948, 0.535 0.7041 0.1922, 0.4492 0.7041 0.1922, 0.535 0.7073 0.1889, 0.4492 0.7073 0.1889, 0.535 0.7095 0.185, 0.4492 0.7095 0.185, 0.535 0.5871 0.1969, 0.4492 0.5871 0.1969, 0.4492 0.6915 0.2835, 0.4492 0.5864 0.2835, 0.535 0.6915 0.2835, 0.535 0.5864 0.2835, 0.535 0.7961 0.1956, 0.4492 0.7961 0.1956, 0.4492 0.7891 0.2193, 0.535 0.7891 0.2193, 0.4492 0.7767 0.2406, 0.535 0.7767 0.2406, 0.4492 0.7598 0.2586, 0.535 0.7598 0.2586, 0.4492 0.7392 0.2722, 0.535 0.7392 0.2722, 0.4492 0.716 0.2806, 0.535 0.716 0.2806, 0.535 0.8136 0.0964, 0.4492 0.8136 0.0964, 0.535 0.5906 0.2362, 0.535 0.8226 0.0869, 0.535 0.82 0.0879, 0.535 0.8177 0.0894, 0.535 0.8158 0.0914, 0.535 0.8144 0.0937, 0.4492 0.8226 0.0869, 0.4492 0.82 0.0879, 0.4492 0.8177 0.0894, 0.4492 0.8158 0.0914, 0.4492 0.8144 0.0937, 0.4492 0.5906 0.2362, 0.7319 0.8253 0.0866, 0.7319 0.9646 0.0866, 0.6461 0.8253 0.0866, 0.6461 0.9646 0.0866, 0.7319 0.9646 0.0, 0.6461 0.9646 0.0, 0.7319 0.8253 0.0, 0.6461 0.8253 0.0, 0.7319 0.7283 0.0813, 0.6461 0.7283 0.0813, 0.6461 0.7349 0.0594, 0.7319 0.7349 0.0594, 0.6461 0.7463 0.0396, 0.7319 0.7463 0.0396, 0.6461 0.762 0.023, 0.7319 0.762 0.023, 0.6461 0.7811 0.0105, 0.7319 0.7811 0.0105, 0.6461 0.8026 0.0027, 0.7319 0.8026 0.0027, 0.7319 0.7108 0.1806, 0.6461 0.7108 0.1806, 0.7319 0.6915 0.1969, 0.6461 0.6915 0.1969, 0.7319 0.696 0.1963, 0.6461 0.696 0.1963, 0.7319 0.7003 0.1948, 0.6461 0.7003 0.1948, 0.7319 0.7041 0.1922, 0.6461 0.7041 0.1922, 0.7319 0.7073 0.1889, 0.6461 0.7073 0.1889, 0.7319 0.7095 0.185, 0.6461 0.7095 0.185, 0.7319 0.5871 0.1969, 0.6461 0.5871 0.1969, 0.6461 0.6915 0.2835, 0.6461 0.5864 0.2835, 0.7319 0.6915 0.2835, 0.7319 0.5864 0.2835, 0.7319 0.7961 0.1956, 0.6461 0.7961 0.1956, 0.6461 0.7891 0.2193, 0.7319 0.7891 0.2193, 0.6461 0.7767 0.2406, 0.7319 0.7767 0.2406, 0.6461 0.7598 0.2586, 0.7319 0.7598 0.2586, 0.6461 0.7392 0.2722, 0.7319 0.7392 0.2722, 0.6461 0.716 0.2806, 0.7319 0.716 0.2806, 0.7319 0.8136 0.0964, 0.6461 0.8136 0.0964, 0.7319 0.5906 0.2362, 0.7319 0.8226 0.0869, 0.7319 0.82 0.0879, 0.7319 0.8177 0.0894, 0.7319 0.8158 0.0914, 0.7319 0.8144 0.0937, 0.6461 0.8226 0.0869, 0.6461 0.82 0.0879, 0.6461 0.8177 0.0894, 0.6461 0.8158 0.0914, 0.6461 0.8144 0.0937, 0.6461 0.5906 0.2362, 0.9287 0.8253 0.0866, 0.9287 0.9646 0.0866, 0.8429 0.8253 0.0866, 0.8429 0.9646 0.0866, 0.9287 0.9646 0.0, 0.8429 0.9646 0.0, 0.9287 0.8253 0.0, 0.8429 0.8253 0.0, 0.9287 0.7283 0.0813, 0.8429 0.7283 0.0813, 0.8429 0.7349 0.0594, 0.9287 0.7349 0.0594, 0.8429 0.7463 0.0396, 0.9287 0.7463 0.0396, 0.8429 0.762 0.023, 0.9287 0.762 0.023, 0.8429 0.7811 0.0105, 0.9287 0.7811 0.0105, 0.8429 0.8026 0.0027, 0.9287 0.8026 0.0027, 0.9287 0.7108 0.1806, 0.8429 0.7108 0.1806, 0.9287 0.6915 0.1969, 0.8429 0.6915 0.1969, 0.9287 0.696 0.1963, 0.8429 0.696 0.1963, 0.9287 0.7003 0.1948, 0.8429 0.7003 0.1948, 0.9287 0.7041 0.1922, 0.8429 0.7041 0.1922, 0.9287 0.7073 0.1889, 0.8429 0.7073 0.1889, 0.9287 0.7095 0.185, 0.8429 0.7095 0.185, 0.9287 0.5871 0.1969, 0.8429 0.5871 0.1969, 0.8429 0.6915 0.2835, 0.8429 0.5864 0.2835, 0.9287 0.6915 0.2835, 0.9287 0.5864 0.2835, 0.9287 0.7961 0.1956, 0.8429 0.7961 0.1956, 0.8429 0.7891 0.2193, 0.9287 0.7891 0.2193, 0.8429 0.7767 0.2406, 0.9287 0.7767 0.2406, 0.8429 0.7598 0.2586, 0.9287 0.7598 0.2586, 0.8429 0.7392 0.2722, 0.9287 0.7392 0.2722, 0.8429 0.716 0.2806, 0.9287 0.716 0.2806, 0.9287 0.8136 0.0964, 0.8429 0.8136 0.0964, 0.9287 0.5906 0.2362, 0.9287 0.8226 0.0869, 0.9287 0.82 0.0879, 0.9287 0.8177 0.0894, 0.9287 0.8158 0.0914, 0.9287 0.8144 0.0937, 0.8429 0.8226 0.0869, 0.8429 0.82 0.0879, 0.8429 0.8177 0.0894, 0.8429 0.8158 0.0914, 0.8429 0.8144 0.0937, 0.8429 0.5906 0.2362, 1.1256 0.8253 0.0866, 1.1256 0.9646 0.0866, 1.0398 0.8253 0.0866, 1.0398 0.9646 0.0866, 1.1256 0.9646 0.0, 1.0398 0.9646 0.0, 1.1256 0.8253 0.0, 1.0398 0.8253 0.0, 1.1256 0.7283 0.0813, 1.0398 0.7283 0.0813, 1.0398 0.7349 0.0594, 1.1256 0.7349 0.0594, 1.0398 0.7463 0.0396, 1.1256 0.7463 0.0396, 1.0398 0.762 0.023, 1.1256 0.762 0.023, 1.0398 0.7811 0.0105, 1.1256 0.7811 0.0105, 1.0398 0.8026 0.0027, 1.1256 0.8026 0.0027, 1.1256 0.7108 0.1806, 1.0398 0.7108 0.1806, 1.1256 0.6915 0.1969, 1.0398 0.6915 0.1969, 1.1256 0.696 0.1963, 1.0398 0.696 0.1963, 1.1256 0.7003 0.1948, 1.0398 0.7003 0.1948, 1.1256 0.7041 0.1922, 1.0398 0.7041 0.1922, 1.1256 0.7073 0.1889, 1.0398 0.7073 0.1889, 1.1256 0.7095 0.185, 1.0398 0.7095 0.185, 1.1256 0.5871 0.1969, 1.0398 0.5871 0.1969, 1.0398 0.6915 0.2835, 1.0398 0.5864 0.2835, 1.1256 0.6915 0.2835, 1.1256 0.5864 0.2835, 1.1256 0.7961 0.1956, 1.0398 0.7961 0.1956, 1.0398 0.7891 0.2193, 1.1256 0.7891 0.2193, 1.0398 0.7767 0.2406, 1.1256 0.7767 0.2406, 1.0398 0.7598 0.2586, 1.1256 0.7598 0.2586, 1.0398 0.7392 0.2722, 1.1256 0.7392 0.2722, 1.0398 0.716 0.2806, 1.1256 0.716 0.2806, 1.1256 0.8136 0.0964, 1.0398 0.8136 0.0964, 1.1256 0.5906 0.2362, 1.1256 0.8226 0.0869, 1.1256 0.82 0.0879, 1.1256 0.8177 0.0894, 1.1256 0.8158 0.0914, 1.1256 0.8144 0.0937, 1.0398 0.8226 0.0869, 1.0398 0.82 0.0879, 1.0398 0.8177 0.0894, 1.0398 0.8158 0.0914, 1.0398 0.8144 0.0937, 1.0398 0.5906 0.2362, 1.3224 0.8253 0.0866, 1.3224 0.9646 0.0866, 1.2366 0.8253 0.0866, 1.2366 0.9646 0.0866, 1.3224 0.9646 0.0, 1.2366 0.9646 0.0, 1.3224 0.8253 0.0, 1.2366 0.8253 0.0, 1.3224 0.7283 0.0813, 1.2366 0.7283 0.0813, 1.2366 0.7349 0.0594, 1.3224 0.7349 0.0594, 1.2366 0.7463 0.0396, 1.3224 0.7463 0.0396, 1.2366 0.762 0.023, 1.3224 0.762 0.023, 1.2366 0.7811 0.0105, 1.3224 0.7811 0.0105, 1.2366 0.8026 0.0027, 1.3224 0.8026 0.0027, 1.3224 0.7108 0.1806, 1.2366 0.7108 0.1806, 1.3224 0.6915 0.1969, 1.2366 0.6915 0.1969, 1.3224 0.696 0.1963, 1.2366 0.696 0.1963, 1.3224 0.7003 0.1948, 1.2366 0.7003 0.1948, 1.3224 0.7041 0.1922, 1.2366 0.7041 0.1922, 1.3224 0.7073 0.1889, 1.2366 0.7073 0.1889, 1.3224 0.7095 0.185, 1.2366 0.7095 0.185, 1.3224 0.5871 0.1969, 1.2366 0.5871 0.1969, 1.2366 0.6915 0.2835, 1.2366 0.5864 0.2835, 1.3224 0.6915 0.2835, 1.3224 0.5864 0.2835, 1.3224 0.7961 0.1956, 1.2366 0.7961 0.1956, 1.2366 0.7891 0.2193, 1.3224 0.7891 0.2193, 1.2366 0.7767 0.2406, 1.3224 0.7767 0.2406, 1.2366 0.7598 0.2586, 1.3224 0.7598 0.2586, 1.2366 0.7392 0.2722, 1.3224 0.7392 0.2722, 1.2366 0.716 0.2806, 1.3224 0.716 0.2806, 1.3224 0.8136 0.0964, 1.2366 0.8136 0.0964, 1.3224 0.5906 0.2362, 1.3224 0.8226 0.0869, 1.3224 0.82 0.0879, 1.3224 0.8177 0.0894, 1.3224 0.8158 0.0914, 1.3224 0.8144 0.0937, 1.2366 0.8226 0.0869, 1.2366 0.82 0.0879, 1.2366 0.8177 0.0894, 1.2366 0.8158 0.0914, 1.2366 0.8144 0.0937, 1.2366 0.5906 0.2362, -0.9055 0.3258 0.0, -0.9055 0.3258 0.0394, -0.9048 0.3309 0.0394, -0.9048 0.3309 0.0, -0.9029 0.3356 0.0394, -0.9029 0.3356 0.0, -0.8997 0.3397 0.0394, -0.8997 0.3397 0.0, -0.8957 0.3428 0.0394, -0.8957 0.3428 0.0, -0.8909 0.3448 0.0394, -0.8909 0.3448 0.0, -0.8858 0.3455 0.0394, -0.8858 0.3455 0.0, 0.8858 0.3455 0.0394, 0.8858 0.3455 0.0, 0.8909 0.3448 0.0394, 0.8909 0.3448 0.0, 0.8957 0.3428 0.0394, 0.8957 0.3428 0.0, 0.8997 0.3397 0.0394, 0.8997 0.3397 0.0, 0.9029 0.3356 0.0394, 0.9029 0.3356 0.0, 0.9048 0.3309 0.0394, 0.9048 0.3309 0.0, 0.9055 0.3258 0.0394, 0.9055 0.3258 0.0, 0.9055 -0.3258 0.0, 0.9055 -0.3258 0.0394, 0.9048 -0.3309 0.0394, 0.9048 -0.3309 0.0, 0.9029 -0.3356 0.0394, 0.9029 -0.3356 0.0, 0.8997 -0.3397 0.0394, 0.8997 -0.3397 0.0, 0.8957 -0.3428 0.0394, 0.8957 -0.3428 0.0, 0.8909 -0.3448 0.0394, 0.8909 -0.3448 0.0, 0.8858 -0.3455 0.0394, 0.8858 -0.3455 0.0, -0.8858 -0.3455 0.0394, -0.8858 -0.3455 0.0, -0.8909 -0.3448 0.0394, -0.8909 -0.3448 0.0, -0.8957 -0.3428 0.0394, -0.8957 -0.3428 0.0, -0.8997 -0.3397 0.0394, -0.8997 -0.3397 0.0, -0.9029 -0.3356 0.0394, -0.9029 -0.3356 0.0, -0.9048 -0.3309 0.0394, -0.9048 -0.3309 0.0, -0.9055 -0.3258 0.0394, -0.9055 -0.3258 0.0, 0.9055 0.0591 0.0, 0.9449 0.0591 0.0, 0.9449 -0.0591 0.0, -0.9055 -0.0591 0.0, 0.9055 -0.0591 0.0, -0.9449 -0.0591 0.0, -0.9449 0.0591 0.0, -0.9055 0.0591 0.0, -0.9055 -0.0591 0.0394, -0.9449 -0.0591 0.0394, -0.9055 0.0591 0.0394, -0.9449 0.0591 0.0394, 0.9055 0.0591 0.0394, 0.9449 0.0591 0.0394, 0.9055 -0.0591 0.0394, 0.9449 -0.0591 0.0394, 0.8821 -0.2681 0.437, 0.8821 -0.2772 0.437, 0.8821 -0.2681 0.4331, 0.8821 -0.2772 0.4331, 0.8502 -0.2681 0.437, 0.8502 -0.2681 0.4331, 0.8502 -0.1971 0.437, 0.8502 -0.1971 0.4331, 0.8399 -0.1971 0.437, 0.8399 -0.1971 0.4331, 0.8399 -0.2772 0.437, 0.8399 -0.2772 0.4331, 0.9232 -0.2785 0.437, 0.9232 -0.2785 0.4331, 0.9354 -0.2774 0.437, 0.9302 -0.2779 0.4331, 0.9354 -0.2774 0.4331, 0.944 -0.2745 0.4331, 0.944 -0.2745 0.437, 0.9453 -0.2739 0.4331, 0.9453 -0.2739 0.437, 0.9453 -0.264 0.437, 0.9453 -0.264 0.4331, 0.9375 -0.2675 0.4331, 0.9375 -0.2675 0.437, 0.9284 -0.2692 0.4331, 0.9284 -0.2692 0.437, 0.9247 -0.2693 0.4331, 0.9247 -0.2693 0.437, 0.9166 -0.2683 0.4331, 0.9166 -0.2683 0.437, 0.9109 -0.2661 0.4331, 0.9109 -0.2661 0.437, 0.9056 -0.2624 0.4331, 0.9056 -0.2624 0.437, 0.9041 -0.2609 0.4331, 0.9041 -0.2609 0.437, 0.9002 -0.2555 0.4331, 0.9002 -0.2555 0.437, 0.8976 -0.249 0.4331, 0.8976 -0.249 0.437, 0.8963 -0.241 0.4331, 0.8963 -0.241 0.437, 0.8962 -0.238 0.4331, 0.8962 -0.238 0.437, 0.8976 -0.2269 0.4331, 0.8976 -0.2269 0.437, 0.9003 -0.22 0.4331, 0.9003 -0.22 0.437, 0.9046 -0.214 0.4331, 0.9046 -0.214 0.437, 0.9101 -0.2095 0.4331, 0.9101 -0.2095 0.437, 0.9164 -0.2066 0.4331, 0.9164 -0.2066 0.437, 0.9234 -0.2052 0.4331, 0.9234 -0.2052 0.437, 0.9265 -0.2051 0.4331, 0.9265 -0.2051 0.437, 0.9363 -0.2063 0.4331, 0.9363 -0.2063 0.437, 0.9444 -0.2094 0.4331, 0.9444 -0.2094 0.437, 0.9453 -0.2098 0.4331, 0.9453 -0.2098 0.437, 0.9453 -0.199 0.437, 0.9453 -0.199 0.4331, 0.9264 -0.1958 0.4331, 0.9264 -0.1958 0.437, 0.9265 -0.1958 0.437, 0.937 -0.1966 0.4331, 0.937 -0.1966 0.437, 0.9349 -0.1964 0.4331, 0.9265 -0.1958 0.4331, 0.9208 -0.1964 0.4331, 0.9147 -0.1972 0.437, 0.9147 -0.1972 0.4331, 0.9063 -0.2005 0.4331, 0.9063 -0.2005 0.437, 0.8988 -0.2057 0.4331, 0.8988 -0.2057 0.437, 0.8969 -0.2076 0.4331, 0.8969 -0.2076 0.437, 0.8911 -0.2151 0.4331, 0.889 -0.2202 0.4331, 0.8873 -0.224 0.437, 0.8911 -0.2151 0.437, 0.8873 -0.224 0.4331, 0.8855 -0.2345 0.4331, 0.8855 -0.2345 0.437, 0.8854 -0.2387 0.4331, 0.8854 -0.2387 0.437, 0.8867 -0.2506 0.4331, 0.889 -0.2569 0.4331, 0.8898 -0.2592 0.437, 0.8867 -0.2506 0.437, 0.8898 -0.2592 0.4331, 0.8944 -0.2662 0.4331, 0.8944 -0.2662 0.437, 0.8957 -0.2676 0.4331, 0.8957 -0.2676 0.437, 0.9183 -0.2783 0.437, 0.9021 -0.273 0.4331, 0.9021 -0.273 0.437, 0.9097 -0.2765 0.4331, 0.9097 -0.2765 0.437, 0.9162 -0.2779 0.4331, 0.9183 -0.2783 0.4331, 1.0044 -0.2681 0.437, 1.0044 -0.2772 0.437, 1.0044 -0.2681 0.4331, 1.0044 -0.2772 0.4331, 0.9717 -0.2681 0.4331, 0.9717 -0.2681 0.437, 0.9933 -0.2681 0.4331, 0.9717 -0.2411 0.437, 0.9717 -0.2411 0.4331, 1.0003 -0.2411 0.437, 0.9933 -0.2411 0.4331, 1.0003 -0.2411 0.4331, 1.0003 -0.232 0.437, 1.0003 -0.232 0.4331, 0.9717 -0.232 0.4331, 0.9717 -0.232 0.437, 0.9933 -0.232 0.4331, 0.9717 -0.2063 0.437, 0.9717 -0.2063 0.4331, 1.0026 -0.2063 0.437, 0.9933 -0.2063 0.4331, 1.0026 -0.2063 0.4331, 1.0026 -0.1971 0.437, 1.0026 -0.1971 0.4331, 0.9614 -0.1971 0.4331, 0.9614 -0.1971 0.437, 0.9933 -0.1971 0.4331, 0.9614 -0.2772 0.437, 0.9614 -0.2772 0.4331, 0.9933 -0.2772 0.4331, 1.0693 -0.2548 0.437, 1.0653 -0.2597 0.437, 1.0727 -0.266 0.437, 1.0638 -0.261 0.437, 1.0644 -0.2719 0.437, 1.0585 -0.2645 0.437, 1.0553 -0.2755 0.437, 1.0517 -0.267 0.437, 1.0416 -0.2772 0.437, 1.0415 -0.2681 0.437, 1.0195 -0.2772 0.437, 1.0299 -0.2681 0.437, 1.0195 -0.1971 0.437, 1.0299 -0.2063 0.437, 1.0424 -0.1971 0.437, 1.042 -0.2063 0.437, 1.0546 -0.1985 0.437, 1.0523 -0.2075 0.437, 1.0643 -0.202 0.437, 1.0592 -0.21 0.437, 1.0727 -0.2077 0.437, 1.0651 -0.2139 0.437, 1.0754 -0.2104 0.437, 1.0677 -0.2165 0.437, 1.0804 -0.2174 0.437, 1.0707 -0.2211 0.437, 1.0834 -0.225 0.437, 1.0729 -0.2272 0.437, 1.0847 -0.2361 0.437, 1.0739 -0.2364 0.437, 1.0845 -0.2412 0.437, 1.0736 -0.2415 0.437, 1.0826 -0.2506 0.437, 1.0721 -0.2488 0.437, 1.0786 -0.2589 0.437, 1.0416 -0.2772 0.4331, 1.0195 -0.2772 0.4331, 1.0727 -0.266 0.4331, 1.0553 -0.2755 0.4331, 1.0562 -0.2751 0.4331, 1.0644 -0.2719 0.4331, 1.0786 -0.2589 0.4331, 1.0826 -0.2506 0.4331, 1.0845 -0.2412 0.4331, 1.0847 -0.2361 0.4331, 1.0834 -0.225 0.4331, 1.0804 -0.2174 0.4331, 1.0754 -0.2104 0.4331, 1.0727 -0.2077 0.4331, 1.0424 -0.1971 0.4331, 1.0643 -0.202 0.4331, 1.0562 -0.1991 0.4331, 1.0546 -0.1985 0.4331, 1.0195 -0.1971 0.4331, 1.042 -0.2063 0.4331, 1.0299 -0.2063 0.4331, 1.0299 -0.2681 0.4331, 1.0415 -0.2681 0.4331, 1.0653 -0.2597 0.4331, 1.0638 -0.261 0.4331, 1.0585 -0.2645 0.4331, 1.0517 -0.267 0.4331, 1.0739 -0.2364 0.4331, 1.0736 -0.2415 0.4331, 1.0721 -0.2488 0.4331, 1.0693 -0.2548 0.4331, 1.0651 -0.2139 0.4331, 1.0677 -0.2165 0.4331, 1.0707 -0.2211 0.4331, 1.0729 -0.2272 0.4331, 1.0523 -0.2075 0.4331, 1.0592 -0.21 0.4331
            ]
        }
        coordIndex [
            0,1,2,-1,2,1,3,-1,2,3,4,-1,4,3,5,-1,4,5,6,-1,6,5,7,-1,6,7,8,-1,8,7,9,-1,8,9,10,-1,9,11,10,-1,10,11,12,-1,10,12,13,-1,13,12,14,-1,13,14,15,-1,15,14,16,-1,15,16,17,-1,17,16,18,-1,17,18,19,-1,19,18,20,-1,19,20,21,-1,20,22,21,-1,21,22,23,-1,21,23,24,-1,25,26,27,-1,23,28,24,-1,24,28,29,-1,24,29,30,-1,30,29,31,-1,30,31,32,-1,32,31,33,-1,32,33,34,-1,34,33,35,-1,34,35,36,-1,36,35,37,-1,36,37,38,-1,38,37,39,-1,38,39,40,-1,40,39,41,-1,40,41,27,-1,27,41,42,-1,27,42,25,-1,25,43,26,-1,26,43,44,-1,26,44,45,-1,45,44,46,-1,45,46,47,-1,47,46,48,-1,47,48,49,-1,49,48,50,-1,49,50,51,-1,51,50,52,-1,51,52,0,-1,0,52,53,-1,0,53,1,-1,26,45,54,-1,54,45,47,-1,54,47,49,-1,38,40,54,-1,54,40,27,-1,54,27,26,-1,32,34,54,-1,54,34,36,-1,54,36,38,-1,21,24,54,-1,54,24,30,-1,54,30,32,-1,15,17,54,-1,54,17,19,-1,54,19,21,-1,8,10,54,-1,54,10,13,-1,54,13,15,-1,2,4,54,-1,54,4,6,-1,54,6,8,-1,49,51,54,-1,54,51,0,-1,54,0,2,-1,55,56,57,-1,57,56,58,-1,59,60,61,-1,61,60,62,-1,63,59,64,-1,64,59,61,-1,65,63,66,-1,66,63,64,-1,65,66,67,-1,65,67,68,-1,68,67,69,-1,68,69,70,-1,70,69,71,-1,70,71,72,-1,72,71,73,-1,72,73,74,-1,74,73,75,-1,74,75,76,-1,76,75,77,-1,76,77,78,-1,79,78,80,-1,80,78,77,-1,79,80,81,-1,81,80,82,-1,81,82,83,-1,83,82,84,-1,83,84,85,-1,85,84,86,-1,85,86,87,-1,87,86,88,-1,87,88,89,-1,89,88,90,-1,89,90,91,-1,91,90,92,-1,93,91,94,-1,94,91,92,-1,58,56,95,-1,58,95,96,-1,96,95,97,-1,96,97,98,-1,98,97,99,-1,98,99,100,-1,100,99,101,-1,100,101,102,-1,102,101,103,-1,102,103,104,-1,104,103,105,-1,104,105,106,-1,107,106,108,-1,108,106,105,-1,107,108,109,-1,109,108,110,-1,109,110,111,-1,111,110,112,-1,111,112,113,-1,113,112,114,-1,113,114,115,-1,115,114,116,-1,115,116,117,-1,117,116,118,-1,117,118,60,-1,60,118,62,-1,119,57,58,-1,58,96,119,-1,119,96,91,-1,119,91,93,-1,59,63,60,-1,60,63,65,-1,60,65,117,-1,117,65,68,-1,117,68,115,-1,115,68,70,-1,115,70,113,-1,113,70,72,-1,113,72,111,-1,111,72,74,-1,111,74,109,-1,109,74,76,-1,109,76,107,-1,107,76,78,-1,107,78,106,-1,106,78,79,-1,106,79,104,-1,104,79,81,-1,104,81,102,-1,102,81,83,-1,102,83,100,-1,100,83,85,-1,100,85,98,-1,98,85,87,-1,98,87,96,-1,96,87,89,-1,96,89,91,-1,94,95,120,-1,120,95,56,-1,120,56,55,-1,64,61,66,-1,66,61,62,-1,66,62,67,-1,67,62,118,-1,67,118,69,-1,69,118,116,-1,69,116,71,-1,71,116,114,-1,71,114,73,-1,73,114,112,-1,73,112,75,-1,75,112,110,-1,75,110,77,-1,77,110,108,-1,77,108,80,-1,80,108,105,-1,80,105,82,-1,82,105,103,-1,82,103,84,-1,84,103,101,-1,84,101,86,-1,86,101,99,-1,86,99,88,-1,88,99,97,-1,88,97,90,-1,90,97,95,-1,90,95,92,-1,92,95,94,-1,121,122,123,-1,123,122,124,-1,125,121,126,-1,126,121,123,-1,127,125,128,-1,128,125,126,-1,127,128,129,-1,127,129,130,-1,130,129,131,-1,130,131,132,-1,132,131,133,-1,132,133,134,-1,134,133,135,-1,134,135,136,-1,136,135,137,-1,136,137,138,-1,138,137,139,-1,138,139,140,-1,141,140,142,-1,142,140,139,-1,141,142,143,-1,143,142,144,-1,143,144,145,-1,145,144,146,-1,145,146,147,-1,147,146,148,-1,147,148,149,-1,149,148,150,-1,149,150,151,-1,151,150,152,-1,151,152,153,-1,153,152,154,-1,155,153,156,-1,156,153,154,-1,157,158,159,-1,159,158,160,-1,160,158,161,-1,160,161,162,-1,162,161,163,-1,162,163,164,-1,164,163,165,-1,164,165,166,-1,166,165,167,-1,166,167,168,-1,168,167,169,-1,168,169,170,-1,170,169,171,-1,170,171,172,-1,173,172,174,-1,174,172,171,-1,175,159,160,-1,160,162,175,-1,175,162,153,-1,175,153,155,-1,121,125,122,-1,122,125,127,-1,122,127,176,-1,176,127,130,-1,176,130,177,-1,177,130,132,-1,177,132,178,-1,178,132,134,-1,178,134,179,-1,179,134,136,-1,179,136,180,-1,180,136,138,-1,180,138,173,-1,173,138,140,-1,173,140,172,-1,172,140,141,-1,172,141,170,-1,170,141,143,-1,170,143,168,-1,168,143,145,-1,168,145,166,-1,166,145,147,-1,166,147,164,-1,164,147,149,-1,164,149,162,-1,162,149,151,-1,162,151,153,-1,173,174,180,-1,180,174,181,-1,180,181,179,-1,179,181,182,-1,179,182,178,-1,178,182,183,-1,178,183,177,-1,177,183,184,-1,177,184,176,-1,176,184,185,-1,176,185,122,-1,122,185,124,-1,156,161,186,-1,186,161,158,-1,186,158,157,-1,126,123,128,-1,128,123,124,-1,128,124,129,-1,129,124,185,-1,129,185,131,-1,131,185,184,-1,131,184,133,-1,133,184,183,-1,133,183,135,-1,135,183,182,-1,135,182,137,-1,137,182,181,-1,137,181,139,-1,139,181,174,-1,139,174,142,-1,142,174,171,-1,142,171,144,-1,144,171,169,-1,144,169,146,-1,146,169,167,-1,146,167,148,-1,148,167,165,-1,148,165,150,-1,150,165,163,-1,150,163,152,-1,152,163,161,-1,152,161,154,-1,154,161,156,-1,187,188,189,-1,189,188,190,-1,191,187,192,-1,192,187,189,-1,193,191,194,-1,194,191,192,-1,193,194,195,-1,193,195,196,-1,196,195,197,-1,196,197,198,-1,198,197,199,-1,198,199,200,-1,200,199,201,-1,200,201,202,-1,202,201,203,-1,202,203,204,-1,204,203,205,-1,204,205,206,-1,207,206,208,-1,208,206,205,-1,207,208,209,-1,209,208,210,-1,209,210,211,-1,211,210,212,-1,211,212,213,-1,213,212,214,-1,213,214,215,-1,215,214,216,-1,215,216,217,-1,217,216,218,-1,217,218,219,-1,219,218,220,-1,221,219,222,-1,222,219,220,-1,223,224,225,-1,225,224,226,-1,226,224,227,-1,226,227,228,-1,228,227,229,-1,228,229,230,-1,230,229,231,-1,230,231,232,-1,232,231,233,-1,232,233,234,-1,234,233,235,-1,234,235,236,-1,236,235,237,-1,236,237,238,-1,239,238,240,-1,240,238,237,-1,241,225,226,-1,226,228,241,-1,241,228,219,-1,241,219,221,-1,187,191,188,-1,188,191,193,-1,188,193,242,-1,242,193,196,-1,242,196,243,-1,243,196,198,-1,243,198,244,-1,244,198,200,-1,244,200,245,-1,245,200,202,-1,245,202,246,-1,246,202,204,-1,246,204,239,-1,239,204,206,-1,239,206,238,-1,238,206,207,-1,238,207,236,-1,236,207,209,-1,236,209,234,-1,234,209,211,-1,234,211,232,-1,232,211,213,-1,232,213,230,-1,230,213,215,-1,230,215,228,-1,228,215,217,-1,228,217,219,-1,239,240,246,-1,246,240,247,-1,246,247,245,-1,245,247,248,-1,245,248,244,-1,244,248,249,-1,244,249,243,-1,243,249,250,-1,243,250,242,-1,242,250,251,-1,242,251,188,-1,188,251,190,-1,222,227,252,-1,252,227,224,-1,252,224,223,-1,192,189,194,-1,194,189,190,-1,194,190,195,-1,195,190,251,-1,195,251,197,-1,197,251,250,-1,197,250,199,-1,199,250,249,-1,199,249,201,-1,201,249,248,-1,201,248,203,-1,203,248,247,-1,203,247,205,-1,205,247,240,-1,205,240,208,-1,208,240,237,-1,208,237,210,-1,210,237,235,-1,210,235,212,-1,212,235,233,-1,212,233,214,-1,214,233,231,-1,214,231,216,-1,216,231,229,-1,216,229,218,-1,218,229,227,-1,218,227,220,-1,220,227,222,-1,253,254,255,-1,255,254,256,-1,257,253,258,-1,258,253,255,-1,259,257,260,-1,260,257,258,-1,259,260,261,-1,259,261,262,-1,262,261,263,-1,262,263,264,-1,264,263,265,-1,264,265,266,-1,266,265,267,-1,266,267,268,-1,268,267,269,-1,268,269,270,-1,270,269,271,-1,270,271,272,-1,273,272,274,-1,274,272,271,-1,273,274,275,-1,275,274,276,-1,275,276,277,-1,277,276,278,-1,277,278,279,-1,279,278,280,-1,279,280,281,-1,281,280,282,-1,281,282,283,-1,283,282,284,-1,283,284,285,-1,285,284,286,-1,287,285,288,-1,288,285,286,-1,289,290,291,-1,291,290,292,-1,292,290,293,-1,292,293,294,-1,294,293,295,-1,294,295,296,-1,296,295,297,-1,296,297,298,-1,298,297,299,-1,298,299,300,-1,300,299,301,-1,300,301,302,-1,302,301,303,-1,302,303,304,-1,305,304,306,-1,306,304,303,-1,307,291,292,-1,292,294,307,-1,307,294,285,-1,307,285,287,-1,253,257,254,-1,254,257,259,-1,254,259,308,-1,308,259,262,-1,308,262,309,-1,309,262,264,-1,309,264,310,-1,310,264,266,-1,310,266,311,-1,311,266,268,-1,311,268,312,-1,312,268,270,-1,312,270,305,-1,305,270,272,-1,305,272,304,-1,304,272,273,-1,304,273,302,-1,302,273,275,-1,302,275,300,-1,300,275,277,-1,300,277,298,-1,298,277,279,-1,298,279,296,-1,296,279,281,-1,296,281,294,-1,294,281,283,-1,294,283,285,-1,305,306,312,-1,312,306,313,-1,312,313,311,-1,311,313,314,-1,311,314,310,-1,310,314,315,-1,310,315,309,-1,309,315,316,-1,309,316,308,-1,308,316,317,-1,308,317,254,-1,254,317,256,-1,288,293,318,-1,318,293,290,-1,318,290,289,-1,258,255,260,-1,260,255,256,-1,260,256,261,-1,261,256,317,-1,261,317,263,-1,263,317,316,-1,263,316,265,-1,265,316,315,-1,265,315,267,-1,267,315,314,-1,267,314,269,-1,269,314,313,-1,269,313,271,-1,271,313,306,-1,271,306,274,-1,274,306,303,-1,274,303,276,-1,276,303,301,-1,276,301,278,-1,278,301,299,-1,278,299,280,-1,280,299,297,-1,280,297,282,-1,282,297,295,-1,282,295,284,-1,284,295,293,-1,284,293,286,-1,286,293,288,-1,319,320,321,-1,321,320,322,-1,323,319,324,-1,324,319,321,-1,325,323,326,-1,326,323,324,-1,325,326,327,-1,325,327,328,-1,328,327,329,-1,328,329,330,-1,330,329,331,-1,330,331,332,-1,332,331,333,-1,332,333,334,-1,334,333,335,-1,334,335,336,-1,336,335,337,-1,336,337,338,-1,339,338,340,-1,340,338,337,-1,339,340,341,-1,341,340,342,-1,341,342,343,-1,343,342,344,-1,343,344,345,-1,345,344,346,-1,345,346,347,-1,347,346,348,-1,347,348,349,-1,349,348,350,-1,349,350,351,-1,351,350,352,-1,353,351,354,-1,354,351,352,-1,355,356,357,-1,357,356,358,-1,358,356,359,-1,358,359,360,-1,360,359,361,-1,360,361,362,-1,362,361,363,-1,362,363,364,-1,364,363,365,-1,364,365,366,-1,366,365,367,-1,366,367,368,-1,368,367,369,-1,368,369,370,-1,371,370,372,-1,372,370,369,-1,373,357,358,-1,358,360,373,-1,373,360,351,-1,373,351,353,-1,319,323,320,-1,320,323,325,-1,320,325,374,-1,374,325,328,-1,374,328,375,-1,375,328,330,-1,375,330,376,-1,376,330,332,-1,376,332,377,-1,377,332,334,-1,377,334,378,-1,378,334,336,-1,378,336,371,-1,371,336,338,-1,371,338,370,-1,370,338,339,-1,370,339,368,-1,368,339,341,-1,368,341,366,-1,366,341,343,-1,366,343,364,-1,364,343,345,-1,364,345,362,-1,362,345,347,-1,362,347,360,-1,360,347,349,-1,360,349,351,-1,371,372,378,-1,378,372,379,-1,378,379,377,-1,377,379,380,-1,377,380,376,-1,376,380,381,-1,376,381,375,-1,375,381,382,-1,375,382,374,-1,374,382,383,-1,374,383,320,-1,320,383,322,-1,354,359,384,-1,384,359,356,-1,384,356,355,-1,324,321,326,-1,326,321,322,-1,326,322,327,-1,327,322,383,-1,327,383,329,-1,329,383,382,-1,329,382,331,-1,331,382,381,-1,331,381,333,-1,333,381,380,-1,333,380,335,-1,335,380,379,-1,335,379,337,-1,337,379,372,-1,337,372,340,-1,340,372,369,-1,340,369,342,-1,342,369,367,-1,342,367,344,-1,344,367,365,-1,344,365,346,-1,346,365,363,-1,346,363,348,-1,348,363,361,-1,348,361,350,-1,350,361,359,-1,350,359,352,-1,352,359,354,-1,385,386,387,-1,387,386,388,-1,389,385,390,-1,390,385,387,-1,391,389,392,-1,392,389,390,-1,391,392,393,-1,391,393,394,-1,394,393,395,-1,394,395,396,-1,396,395,397,-1,396,397,398,-1,398,397,399,-1,398,399,400,-1,400,399,401,-1,400,401,402,-1,402,401,403,-1,402,403,404,-1,405,404,406,-1,406,404,403,-1,405,406,407,-1,407,406,408,-1,407,408,409,-1,409,408,410,-1,409,410,411,-1,411,410,412,-1,411,412,413,-1,413,412,414,-1,413,414,415,-1,415,414,416,-1,415,416,417,-1,417,416,418,-1,419,417,420,-1,420,417,418,-1,421,422,423,-1,423,422,424,-1,424,422,425,-1,424,425,426,-1,426,425,427,-1,426,427,428,-1,428,427,429,-1,428,429,430,-1,430,429,431,-1,430,431,432,-1,432,431,433,-1,432,433,434,-1,434,433,435,-1,434,435,436,-1,437,436,438,-1,438,436,435,-1,439,423,424,-1,424,426,439,-1,439,426,417,-1,439,417,419,-1,385,389,386,-1,386,389,391,-1,386,391,440,-1,440,391,394,-1,440,394,441,-1,441,394,396,-1,441,396,442,-1,442,396,398,-1,442,398,443,-1,443,398,400,-1,443,400,444,-1,444,400,402,-1,444,402,437,-1,437,402,404,-1,437,404,436,-1,436,404,405,-1,436,405,434,-1,434,405,407,-1,434,407,432,-1,432,407,409,-1,432,409,430,-1,430,409,411,-1,430,411,428,-1,428,411,413,-1,428,413,426,-1,426,413,415,-1,426,415,417,-1,437,438,444,-1,444,438,445,-1,444,445,443,-1,443,445,446,-1,443,446,442,-1,442,446,447,-1,442,447,441,-1,441,447,448,-1,441,448,440,-1,440,448,449,-1,440,449,386,-1,386,449,388,-1,420,425,450,-1,450,425,422,-1,450,422,421,-1,390,387,392,-1,392,387,388,-1,392,388,393,-1,393,388,449,-1,393,449,395,-1,395,449,448,-1,395,448,397,-1,397,448,447,-1,397,447,399,-1,399,447,446,-1,399,446,401,-1,401,446,445,-1,401,445,403,-1,403,445,438,-1,403,438,406,-1,406,438,435,-1,406,435,408,-1,408,435,433,-1,408,433,410,-1,410,433,431,-1,410,431,412,-1,412,431,429,-1,412,429,414,-1,414,429,427,-1,414,427,416,-1,416,427,425,-1,416,425,418,-1,418,425,420,-1,451,452,453,-1,453,452,454,-1,455,451,456,-1,456,451,453,-1,457,455,458,-1,458,455,456,-1,457,458,459,-1,457,459,460,-1,460,459,461,-1,460,461,462,-1,462,461,463,-1,462,463,464,-1,464,463,465,-1,464,465,466,-1,466,465,467,-1,466,467,468,-1,468,467,469,-1,468,469,470,-1,471,470,472,-1,472,470,469,-1,471,472,473,-1,473,472,474,-1,473,474,475,-1,475,474,476,-1,475,476,477,-1,477,476,478,-1,477,478,479,-1,479,478,480,-1,479,480,481,-1,481,480,482,-1,481,482,483,-1,483,482,484,-1,485,483,486,-1,486,483,484,-1,487,488,489,-1,489,488,490,-1,490,488,491,-1,490,491,492,-1,492,491,493,-1,492,493,494,-1,494,493,495,-1,494,495,496,-1,496,495,497,-1,496,497,498,-1,498,497,499,-1,498,499,500,-1,500,499,501,-1,500,501,502,-1,503,502,504,-1,504,502,501,-1,505,489,490,-1,490,492,505,-1,505,492,483,-1,505,483,485,-1,451,455,452,-1,452,455,457,-1,452,457,506,-1,506,457,460,-1,506,460,507,-1,507,460,462,-1,507,462,508,-1,508,462,464,-1,508,464,509,-1,509,464,466,-1,509,466,510,-1,510,466,468,-1,510,468,503,-1,503,468,470,-1,503,470,502,-1,502,470,471,-1,502,471,500,-1,500,471,473,-1,500,473,498,-1,498,473,475,-1,498,475,496,-1,496,475,477,-1,496,477,494,-1,494,477,479,-1,494,479,492,-1,492,479,481,-1,492,481,483,-1,503,504,510,-1,510,504,511,-1,510,511,509,-1,509,511,512,-1,509,512,508,-1,508,512,513,-1,508,513,507,-1,507,513,514,-1,507,514,506,-1,506,514,515,-1,506,515,452,-1,452,515,454,-1,486,491,516,-1,516,491,488,-1,516,488,487,-1,456,453,458,-1,458,453,454,-1,458,454,459,-1,459,454,515,-1,459,515,461,-1,461,515,514,-1,461,514,463,-1,463,514,513,-1,463,513,465,-1,465,513,512,-1,465,512,467,-1,467,512,511,-1,467,511,469,-1,469,511,504,-1,469,504,472,-1,472,504,501,-1,472,501,474,-1,474,501,499,-1,474,499,476,-1,476,499,497,-1,476,497,478,-1,478,497,495,-1,478,495,480,-1,480,495,493,-1,480,493,482,-1,482,493,491,-1,482,491,484,-1,484,491,486,-1,517,518,519,-1,519,518,520,-1,521,517,522,-1,522,517,519,-1,523,521,524,-1,524,521,522,-1,523,524,525,-1,523,525,526,-1,526,525,527,-1,526,527,528,-1,528,527,529,-1,528,529,530,-1,530,529,531,-1,530,531,532,-1,532,531,533,-1,532,533,534,-1,534,533,535,-1,534,535,536,-1,537,536,538,-1,538,536,535,-1,537,538,539,-1,539,538,540,-1,539,540,541,-1,541,540,542,-1,541,542,543,-1,543,542,544,-1,543,544,545,-1,545,544,546,-1,545,546,547,-1,547,546,548,-1,547,548,549,-1,549,548,550,-1,551,549,552,-1,552,549,550,-1,553,554,555,-1,555,554,556,-1,556,554,557,-1,556,557,558,-1,558,557,559,-1,558,559,560,-1,560,559,561,-1,560,561,562,-1,562,561,563,-1,562,563,564,-1,564,563,565,-1,564,565,566,-1,566,565,567,-1,566,567,568,-1,569,568,570,-1,570,568,567,-1,571,555,556,-1,556,558,571,-1,571,558,549,-1,571,549,551,-1,517,521,518,-1,518,521,523,-1,518,523,572,-1,572,523,526,-1,572,526,573,-1,573,526,528,-1,573,528,574,-1,574,528,530,-1,574,530,575,-1,575,530,532,-1,575,532,576,-1,576,532,534,-1,576,534,569,-1,569,534,536,-1,569,536,568,-1,568,536,537,-1,568,537,566,-1,566,537,539,-1,566,539,564,-1,564,539,541,-1,564,541,562,-1,562,541,543,-1,562,543,560,-1,560,543,545,-1,560,545,558,-1,558,545,547,-1,558,547,549,-1,569,570,576,-1,576,570,577,-1,576,577,575,-1,575,577,578,-1,575,578,574,-1,574,578,579,-1,574,579,573,-1,573,579,580,-1,573,580,572,-1,572,580,581,-1,572,581,518,-1,518,581,520,-1,552,557,582,-1,582,557,554,-1,582,554,553,-1,522,519,524,-1,524,519,520,-1,524,520,525,-1,525,520,581,-1,525,581,527,-1,527,581,580,-1,527,580,529,-1,529,580,579,-1,529,579,531,-1,531,579,578,-1,531,578,533,-1,533,578,577,-1,533,577,535,-1,535,577,570,-1,535,570,538,-1,538,570,567,-1,538,567,540,-1,540,567,565,-1,540,565,542,-1,542,565,563,-1,542,563,544,-1,544,563,561,-1,544,561,546,-1,546,561,559,-1,546,559,548,-1,548,559,557,-1,548,557,550,-1,550,557,552,-1,583,584,585,-1,585,584,586,-1,587,583,588,-1,588,583,585,-1,589,587,590,-1,590,587,588,-1,589,590,591,-1,589,591,592,-1,592,591,593,-1,592,593,594,-1,594,593,595,-1,594,595,596,-1,596,595,597,-1,596,597,598,-1,598,597,599,-1,598,599,600,-1,600,599,601,-1,600,601,602,-1,603,602,604,-1,604,602,601,-1,603,604,605,-1,605,604,606,-1,605,606,607,-1,607,606,608,-1,607,608,609,-1,609,608,610,-1,609,610,611,-1,611,610,612,-1,611,612,613,-1,613,612,614,-1,613,614,615,-1,615,614,616,-1,617,615,618,-1,618,615,616,-1,619,620,621,-1,621,620,622,-1,622,620,623,-1,622,623,624,-1,624,623,625,-1,624,625,626,-1,626,625,627,-1,626,627,628,-1,628,627,629,-1,628,629,630,-1,630,629,631,-1,630,631,632,-1,632,631,633,-1,632,633,634,-1,635,634,636,-1,636,634,633,-1,637,621,622,-1,622,624,637,-1,637,624,615,-1,637,615,617,-1,583,587,584,-1,584,587,589,-1,584,589,638,-1,638,589,592,-1,638,592,639,-1,639,592,594,-1,639,594,640,-1,640,594,596,-1,640,596,641,-1,641,596,598,-1,641,598,642,-1,642,598,600,-1,642,600,635,-1,635,600,602,-1,635,602,634,-1,634,602,603,-1,634,603,632,-1,632,603,605,-1,632,605,630,-1,630,605,607,-1,630,607,628,-1,628,607,609,-1,628,609,626,-1,626,609,611,-1,626,611,624,-1,624,611,613,-1,624,613,615,-1,635,636,642,-1,642,636,643,-1,642,643,641,-1,641,643,644,-1,641,644,640,-1,640,644,645,-1,640,645,639,-1,639,645,646,-1,639,646,638,-1,638,646,647,-1,638,647,584,-1,584,647,586,-1,618,623,648,-1,648,623,620,-1,648,620,619,-1,588,585,590,-1,590,585,586,-1,590,586,591,-1,591,586,647,-1,591,647,593,-1,593,647,646,-1,593,646,595,-1,595,646,645,-1,595,645,597,-1,597,645,644,-1,597,644,599,-1,599,644,643,-1,599,643,601,-1,601,643,636,-1,601,636,604,-1,604,636,633,-1,604,633,606,-1,606,633,631,-1,606,631,608,-1,608,631,629,-1,608,629,610,-1,610,629,627,-1,610,627,612,-1,612,627,625,-1,612,625,614,-1,614,625,623,-1,614,623,616,-1,616,623,618,-1,649,650,651,-1,651,650,652,-1,653,649,654,-1,654,649,651,-1,655,653,656,-1,656,653,654,-1,655,656,657,-1,655,657,658,-1,658,657,659,-1,658,659,660,-1,660,659,661,-1,660,661,662,-1,662,661,663,-1,662,663,664,-1,664,663,665,-1,664,665,666,-1,666,665,667,-1,666,667,668,-1,669,668,670,-1,670,668,667,-1,669,670,671,-1,671,670,672,-1,671,672,673,-1,673,672,674,-1,673,674,675,-1,675,674,676,-1,675,676,677,-1,677,676,678,-1,677,678,679,-1,679,678,680,-1,679,680,681,-1,681,680,682,-1,683,681,684,-1,684,681,682,-1,685,686,687,-1,687,686,688,-1,688,686,689,-1,688,689,690,-1,690,689,691,-1,690,691,692,-1,692,691,693,-1,692,693,694,-1,694,693,695,-1,694,695,696,-1,696,695,697,-1,696,697,698,-1,698,697,699,-1,698,699,700,-1,701,700,702,-1,702,700,699,-1,703,687,688,-1,688,690,703,-1,703,690,681,-1,703,681,683,-1,649,653,650,-1,650,653,655,-1,650,655,704,-1,704,655,658,-1,704,658,705,-1,705,658,660,-1,705,660,706,-1,706,660,662,-1,706,662,707,-1,707,662,664,-1,707,664,708,-1,708,664,666,-1,708,666,701,-1,701,666,668,-1,701,668,700,-1,700,668,669,-1,700,669,698,-1,698,669,671,-1,698,671,696,-1,696,671,673,-1,696,673,694,-1,694,673,675,-1,694,675,692,-1,692,675,677,-1,692,677,690,-1,690,677,679,-1,690,679,681,-1,701,702,708,-1,708,702,709,-1,708,709,707,-1,707,709,710,-1,707,710,706,-1,706,710,711,-1,706,711,705,-1,705,711,712,-1,705,712,704,-1,704,712,713,-1,704,713,650,-1,650,713,652,-1,684,689,714,-1,714,689,686,-1,714,686,685,-1,654,651,656,-1,656,651,652,-1,656,652,657,-1,657,652,713,-1,657,713,659,-1,659,713,712,-1,659,712,661,-1,661,712,711,-1,661,711,663,-1,663,711,710,-1,663,710,665,-1,665,710,709,-1,665,709,667,-1,667,709,702,-1,667,702,670,-1,670,702,699,-1,670,699,672,-1,672,699,697,-1,672,697,674,-1,674,697,695,-1,674,695,676,-1,676,695,693,-1,676,693,678,-1,678,693,691,-1,678,691,680,-1,680,691,689,-1,680,689,682,-1,682,689,684,-1,715,716,717,-1,717,716,718,-1,719,715,720,-1,720,715,717,-1,721,719,722,-1,722,719,720,-1,721,722,723,-1,721,723,724,-1,724,723,725,-1,724,725,726,-1,726,725,727,-1,726,727,728,-1,728,727,729,-1,728,729,730,-1,730,729,731,-1,730,731,732,-1,732,731,733,-1,732,733,734,-1,735,734,736,-1,736,734,733,-1,735,736,737,-1,737,736,738,-1,737,738,739,-1,739,738,740,-1,739,740,741,-1,741,740,742,-1,741,742,743,-1,743,742,744,-1,743,744,745,-1,745,744,746,-1,745,746,747,-1,747,746,748,-1,749,747,750,-1,750,747,748,-1,751,752,753,-1,753,752,754,-1,754,752,755,-1,754,755,756,-1,756,755,757,-1,756,757,758,-1,758,757,759,-1,758,759,760,-1,760,759,761,-1,760,761,762,-1,762,761,763,-1,762,763,764,-1,764,763,765,-1,764,765,766,-1,767,766,768,-1,768,766,765,-1,769,753,754,-1,754,756,769,-1,769,756,747,-1,769,747,749,-1,715,719,716,-1,716,719,721,-1,716,721,770,-1,770,721,724,-1,770,724,771,-1,771,724,726,-1,771,726,772,-1,772,726,728,-1,772,728,773,-1,773,728,730,-1,773,730,774,-1,774,730,732,-1,774,732,767,-1,767,732,734,-1,767,734,766,-1,766,734,735,-1,766,735,764,-1,764,735,737,-1,764,737,762,-1,762,737,739,-1,762,739,760,-1,760,739,741,-1,760,741,758,-1,758,741,743,-1,758,743,756,-1,756,743,745,-1,756,745,747,-1,767,768,774,-1,774,768,775,-1,774,775,773,-1,773,775,776,-1,773,776,772,-1,772,776,777,-1,772,777,771,-1,771,777,778,-1,771,778,770,-1,770,778,779,-1,770,779,716,-1,716,779,718,-1,750,755,780,-1,780,755,752,-1,780,752,751,-1,720,717,722,-1,722,717,718,-1,722,718,723,-1,723,718,779,-1,723,779,725,-1,725,779,778,-1,725,778,727,-1,727,778,777,-1,727,777,729,-1,729,777,776,-1,729,776,731,-1,731,776,775,-1,731,775,733,-1,733,775,768,-1,733,768,736,-1,736,768,765,-1,736,765,738,-1,738,765,763,-1,738,763,740,-1,740,763,761,-1,740,761,742,-1,742,761,759,-1,742,759,744,-1,744,759,757,-1,744,757,746,-1,746,757,755,-1,746,755,748,-1,748,755,750,-1,781,782,783,-1,783,782,784,-1,785,781,786,-1,786,781,783,-1,787,785,788,-1,788,785,786,-1,787,788,789,-1,787,789,790,-1,790,789,791,-1,790,791,792,-1,792,791,793,-1,792,793,794,-1,794,793,795,-1,794,795,796,-1,796,795,797,-1,796,797,798,-1,798,797,799,-1,798,799,800,-1,801,800,802,-1,802,800,799,-1,801,802,803,-1,803,802,804,-1,803,804,805,-1,805,804,806,-1,805,806,807,-1,807,806,808,-1,807,808,809,-1,809,808,810,-1,809,810,811,-1,811,810,812,-1,811,812,813,-1,813,812,814,-1,815,813,816,-1,816,813,814,-1,817,818,819,-1,819,818,820,-1,820,818,821,-1,820,821,822,-1,822,821,823,-1,822,823,824,-1,824,823,825,-1,824,825,826,-1,826,825,827,-1,826,827,828,-1,828,827,829,-1,828,829,830,-1,830,829,831,-1,830,831,832,-1,833,832,834,-1,834,832,831,-1,835,819,820,-1,820,822,835,-1,835,822,813,-1,835,813,815,-1,781,785,782,-1,782,785,787,-1,782,787,836,-1,836,787,790,-1,836,790,837,-1,837,790,792,-1,837,792,838,-1,838,792,794,-1,838,794,839,-1,839,794,796,-1,839,796,840,-1,840,796,798,-1,840,798,833,-1,833,798,800,-1,833,800,832,-1,832,800,801,-1,832,801,830,-1,830,801,803,-1,830,803,828,-1,828,803,805,-1,828,805,826,-1,826,805,807,-1,826,807,824,-1,824,807,809,-1,824,809,822,-1,822,809,811,-1,822,811,813,-1,833,834,840,-1,840,834,841,-1,840,841,839,-1,839,841,842,-1,839,842,838,-1,838,842,843,-1,838,843,837,-1,837,843,844,-1,837,844,836,-1,836,844,845,-1,836,845,782,-1,782,845,784,-1,816,821,846,-1,846,821,818,-1,846,818,817,-1,786,783,788,-1,788,783,784,-1,788,784,789,-1,789,784,845,-1,789,845,791,-1,791,845,844,-1,791,844,793,-1,793,844,843,-1,793,843,795,-1,795,843,842,-1,795,842,797,-1,797,842,841,-1,797,841,799,-1,799,841,834,-1,799,834,802,-1,802,834,831,-1,802,831,804,-1,804,831,829,-1,804,829,806,-1,806,829,827,-1,806,827,808,-1,808,827,825,-1,808,825,810,-1,810,825,823,-1,810,823,812,-1,812,823,821,-1,812,821,814,-1,814,821,816,-1,847,848,849,-1,849,848,850,-1,851,847,852,-1,852,847,849,-1,853,851,854,-1,854,851,852,-1,853,854,855,-1,853,855,856,-1,856,855,857,-1,856,857,858,-1,858,857,859,-1,858,859,860,-1,860,859,861,-1,860,861,862,-1,862,861,863,-1,862,863,864,-1,864,863,865,-1,864,865,866,-1,867,866,868,-1,868,866,865,-1,867,868,869,-1,869,868,870,-1,869,870,871,-1,871,870,872,-1,871,872,873,-1,873,872,874,-1,873,874,875,-1,875,874,876,-1,875,876,877,-1,877,876,878,-1,877,878,879,-1,879,878,880,-1,881,879,882,-1,882,879,880,-1,883,884,885,-1,885,884,886,-1,886,884,887,-1,886,887,888,-1,888,887,889,-1,888,889,890,-1,890,889,891,-1,890,891,892,-1,892,891,893,-1,892,893,894,-1,894,893,895,-1,894,895,896,-1,896,895,897,-1,896,897,898,-1,899,898,900,-1,900,898,897,-1,901,885,886,-1,886,888,901,-1,901,888,879,-1,901,879,881,-1,847,851,848,-1,848,851,853,-1,848,853,902,-1,902,853,856,-1,902,856,903,-1,903,856,858,-1,903,858,904,-1,904,858,860,-1,904,860,905,-1,905,860,862,-1,905,862,906,-1,906,862,864,-1,906,864,899,-1,899,864,866,-1,899,866,898,-1,898,866,867,-1,898,867,896,-1,896,867,869,-1,896,869,894,-1,894,869,871,-1,894,871,892,-1,892,871,873,-1,892,873,890,-1,890,873,875,-1,890,875,888,-1,888,875,877,-1,888,877,879,-1,899,900,906,-1,906,900,907,-1,906,907,905,-1,905,907,908,-1,905,908,904,-1,904,908,909,-1,904,909,903,-1,903,909,910,-1,903,910,902,-1,902,910,911,-1,902,911,848,-1,848,911,850,-1,882,887,912,-1,912,887,884,-1,912,884,883,-1,852,849,854,-1,854,849,850,-1,854,850,855,-1,855,850,911,-1,855,911,857,-1,857,911,910,-1,857,910,859,-1,859,910,909,-1,859,909,861,-1,861,909,908,-1,861,908,863,-1,863,908,907,-1,863,907,865,-1,865,907,900,-1,865,900,868,-1,868,900,897,-1,868,897,870,-1,870,897,895,-1,870,895,872,-1,872,895,893,-1,872,893,874,-1,874,893,891,-1,874,891,876,-1,876,891,889,-1,876,889,878,-1,878,889,887,-1,878,887,880,-1,880,887,882,-1,913,914,915,-1,915,914,916,-1,917,913,918,-1,918,913,915,-1,919,917,920,-1,920,917,918,-1,919,920,921,-1,919,921,922,-1,922,921,923,-1,922,923,924,-1,924,923,925,-1,924,925,926,-1,926,925,927,-1,926,927,928,-1,928,927,929,-1,928,929,930,-1,930,929,931,-1,930,931,932,-1,933,932,934,-1,934,932,931,-1,933,934,935,-1,935,934,936,-1,935,936,937,-1,937,936,938,-1,937,938,939,-1,939,938,940,-1,939,940,941,-1,941,940,942,-1,941,942,943,-1,943,942,944,-1,943,944,945,-1,945,944,946,-1,947,945,948,-1,948,945,946,-1,949,950,951,-1,951,950,952,-1,952,950,953,-1,952,953,954,-1,954,953,955,-1,954,955,956,-1,956,955,957,-1,956,957,958,-1,958,957,959,-1,958,959,960,-1,960,959,961,-1,960,961,962,-1,962,961,963,-1,962,963,964,-1,965,964,966,-1,966,964,963,-1,967,951,952,-1,952,954,967,-1,967,954,945,-1,967,945,947,-1,913,917,914,-1,914,917,919,-1,914,919,968,-1,968,919,922,-1,968,922,969,-1,969,922,924,-1,969,924,970,-1,970,924,926,-1,970,926,971,-1,971,926,928,-1,971,928,972,-1,972,928,930,-1,972,930,965,-1,965,930,932,-1,965,932,964,-1,964,932,933,-1,964,933,962,-1,962,933,935,-1,962,935,960,-1,960,935,937,-1,960,937,958,-1,958,937,939,-1,958,939,956,-1,956,939,941,-1,956,941,954,-1,954,941,943,-1,954,943,945,-1,965,966,972,-1,972,966,973,-1,972,973,971,-1,971,973,974,-1,971,974,970,-1,970,974,975,-1,970,975,969,-1,969,975,976,-1,969,976,968,-1,968,976,977,-1,968,977,914,-1,914,977,916,-1,948,953,978,-1,978,953,950,-1,978,950,949,-1,918,915,920,-1,920,915,916,-1,920,916,921,-1,921,916,977,-1,921,977,923,-1,923,977,976,-1,923,976,925,-1,925,976,975,-1,925,975,927,-1,927,975,974,-1,927,974,929,-1,929,974,973,-1,929,973,931,-1,931,973,966,-1,931,966,934,-1,934,966,963,-1,934,963,936,-1,936,963,961,-1,936,961,938,-1,938,961,959,-1,938,959,940,-1,940,959,957,-1,940,957,942,-1,942,957,955,-1,942,955,944,-1,944,955,953,-1,944,953,946,-1,946,953,948,-1,979,980,981,-1,981,980,982,-1,980,983,982,-1,982,983,984,-1,983,985,984,-1,984,985,986,-1,987,988,989,-1,987,989,990,-1,990,989,991,-1,990,991,992,-1,992,991,993,-1,992,993,994,-1,994,993,995,-1,994,995,996,-1,996,995,997,-1,996,997,998,-1,998,997,986,-1,998,986,985,-1,987,999,988,-1,988,999,1000,-1,1001,1002,1003,-1,1003,1002,1004,-1,1003,1004,1005,-1,1005,1004,1006,-1,1005,1006,1007,-1,1007,1006,1008,-1,1007,1008,1009,-1,1009,1008,1010,-1,1009,1010,1011,-1,1011,1010,1012,-1,1011,1012,999,-1,999,1012,1000,-1,1001,1013,1002,-1,1002,1013,1014,-1,1015,1016,1017,-1,1017,1016,1018,-1,1019,1020,1021,-1,1019,1021,1022,-1,1022,1021,1023,-1,1022,1023,1024,-1,1024,1023,1025,-1,1024,1025,1026,-1,1026,1025,1027,-1,1026,1027,1028,-1,1028,1027,1029,-1,1028,1029,1030,-1,1030,1029,1015,-1,1030,1015,1017,-1,1019,1031,1020,-1,1020,1031,1032,-1,1013,1030,1033,-1,1033,1030,1017,-1,1033,1017,1018,-1,983,980,985,-1,985,980,979,-1,985,979,998,-1,998,979,1034,-1,998,1034,996,-1,996,1034,1035,-1,996,1035,994,-1,994,1035,1036,-1,994,1036,992,-1,992,1036,1037,-1,992,1037,990,-1,990,1037,1038,-1,990,1038,987,-1,987,1038,1031,-1,987,1031,999,-1,999,1031,1019,-1,999,1019,1011,-1,1011,1019,1022,-1,1011,1022,1009,-1,1009,1022,1024,-1,1009,1024,1007,-1,1007,1024,1026,-1,1007,1026,1005,-1,1005,1026,1028,-1,1005,1028,1003,-1,1003,1028,1030,-1,1003,1030,1001,-1,1001,1030,1013,-1,979,981,1034,-1,1034,981,1039,-1,1034,1039,1035,-1,1035,1039,1040,-1,1035,1040,1036,-1,1036,1040,1041,-1,1036,1041,1037,-1,1037,1041,1042,-1,1037,1042,1038,-1,1038,1042,1043,-1,1038,1043,1031,-1,1031,1043,1032,-1,1044,1016,1015,-1,1015,1029,1044,-1,1044,1029,1002,-1,1044,1002,1014,-1,982,984,981,-1,981,984,986,-1,981,986,1039,-1,1039,986,997,-1,1039,997,1040,-1,1040,997,995,-1,1040,995,1041,-1,1041,995,993,-1,1041,993,1042,-1,1042,993,991,-1,1042,991,1043,-1,1043,991,989,-1,1043,989,1032,-1,1032,989,988,-1,1032,988,1020,-1,1020,988,1000,-1,1020,1000,1021,-1,1021,1000,1012,-1,1021,1012,1023,-1,1023,1012,1010,-1,1023,1010,1025,-1,1025,1010,1008,-1,1025,1008,1027,-1,1027,1008,1006,-1,1027,1006,1029,-1,1029,1006,1004,-1,1029,1004,1002,-1,1045,1046,1047,-1,1047,1046,1048,-1,1046,1049,1048,-1,1048,1049,1050,-1,1049,1051,1050,-1,1050,1051,1052,-1,1053,1054,1055,-1,1053,1055,1056,-1,1056,1055,1057,-1,1056,1057,1058,-1,1058,1057,1059,-1,1058,1059,1060,-1,1060,1059,1061,-1,1060,1061,1062,-1,1062,1061,1063,-1,1062,1063,1064,-1,1064,1063,1052,-1,1064,1052,1051,-1,1053,1065,1054,-1,1054,1065,1066,-1,1067,1068,1069,-1,1069,1068,1070,-1,1069,1070,1071,-1,1071,1070,1072,-1,1071,1072,1073,-1,1073,1072,1074,-1,1073,1074,1075,-1,1075,1074,1076,-1,1075,1076,1077,-1,1077,1076,1078,-1,1077,1078,1065,-1,1065,1078,1066,-1,1067,1079,1068,-1,1068,1079,1080,-1,1081,1082,1083,-1,1083,1082,1084,-1,1085,1086,1087,-1,1085,1087,1088,-1,1088,1087,1089,-1,1088,1089,1090,-1,1090,1089,1091,-1,1090,1091,1092,-1,1092,1091,1093,-1,1092,1093,1094,-1,1094,1093,1095,-1,1094,1095,1096,-1,1096,1095,1081,-1,1096,1081,1083,-1,1085,1097,1086,-1,1086,1097,1098,-1,1079,1096,1099,-1,1099,1096,1083,-1,1099,1083,1084,-1,1049,1046,1051,-1,1051,1046,1045,-1,1051,1045,1064,-1,1064,1045,1100,-1,1064,1100,1062,-1,1062,1100,1101,-1,1062,1101,1060,-1,1060,1101,1102,-1,1060,1102,1058,-1,1058,1102,1103,-1,1058,1103,1056,-1,1056,1103,1104,-1,1056,1104,1053,-1,1053,1104,1097,-1,1053,1097,1065,-1,1065,1097,1085,-1,1065,1085,1077,-1,1077,1085,1088,-1,1077,1088,1075,-1,1075,1088,1090,-1,1075,1090,1073,-1,1073,1090,1092,-1,1073,1092,1071,-1,1071,1092,1094,-1,1071,1094,1069,-1,1069,1094,1096,-1,1069,1096,1067,-1,1067,1096,1079,-1,1045,1047,1100,-1,1100,1047,1105,-1,1100,1105,1101,-1,1101,1105,1106,-1,1101,1106,1102,-1,1102,1106,1107,-1,1102,1107,1103,-1,1103,1107,1108,-1,1103,1108,1104,-1,1104,1108,1109,-1,1104,1109,1097,-1,1097,1109,1098,-1,1110,1082,1081,-1,1081,1095,1110,-1,1110,1095,1068,-1,1110,1068,1080,-1,1048,1050,1047,-1,1047,1050,1052,-1,1047,1052,1105,-1,1105,1052,1063,-1,1105,1063,1106,-1,1106,1063,1061,-1,1106,1061,1107,-1,1107,1061,1059,-1,1107,1059,1108,-1,1108,1059,1057,-1,1108,1057,1109,-1,1109,1057,1055,-1,1109,1055,1098,-1,1098,1055,1054,-1,1098,1054,1086,-1,1086,1054,1066,-1,1086,1066,1087,-1,1087,1066,1078,-1,1087,1078,1089,-1,1089,1078,1076,-1,1089,1076,1091,-1,1091,1076,1074,-1,1091,1074,1093,-1,1093,1074,1072,-1,1093,1072,1095,-1,1095,1072,1070,-1,1095,1070,1068,-1,1111,1112,1113,-1,1113,1112,1114,-1,1112,1115,1114,-1,1114,1115,1116,-1,1115,1117,1116,-1,1116,1117,1118,-1,1119,1120,1121,-1,1119,1121,1122,-1,1122,1121,1123,-1,1122,1123,1124,-1,1124,1123,1125,-1,1124,1125,1126,-1,1126,1125,1127,-1,1126,1127,1128,-1,1128,1127,1129,-1,1128,1129,1130,-1,1130,1129,1118,-1,1130,1118,1117,-1,1119,1131,1120,-1,1120,1131,1132,-1,1133,1134,1135,-1,1135,1134,1136,-1,1135,1136,1137,-1,1137,1136,1138,-1,1137,1138,1139,-1,1139,1138,1140,-1,1139,1140,1141,-1,1141,1140,1142,-1,1141,1142,1143,-1,1143,1142,1144,-1,1143,1144,1131,-1,1131,1144,1132,-1,1133,1145,1134,-1,1134,1145,1146,-1,1147,1148,1149,-1,1149,1148,1150,-1,1151,1152,1153,-1,1151,1153,1154,-1,1154,1153,1155,-1,1154,1155,1156,-1,1156,1155,1157,-1,1156,1157,1158,-1,1158,1157,1159,-1,1158,1159,1160,-1,1160,1159,1161,-1,1160,1161,1162,-1,1162,1161,1147,-1,1162,1147,1149,-1,1151,1163,1152,-1,1152,1163,1164,-1,1145,1162,1165,-1,1165,1162,1149,-1,1165,1149,1150,-1,1115,1112,1117,-1,1117,1112,1111,-1,1117,1111,1130,-1,1130,1111,1166,-1,1130,1166,1128,-1,1128,1166,1167,-1,1128,1167,1126,-1,1126,1167,1168,-1,1126,1168,1124,-1,1124,1168,1169,-1,1124,1169,1122,-1,1122,1169,1170,-1,1122,1170,1119,-1,1119,1170,1163,-1,1119,1163,1131,-1,1131,1163,1151,-1,1131,1151,1143,-1,1143,1151,1154,-1,1143,1154,1141,-1,1141,1154,1156,-1,1141,1156,1139,-1,1139,1156,1158,-1,1139,1158,1137,-1,1137,1158,1160,-1,1137,1160,1135,-1,1135,1160,1162,-1,1135,1162,1133,-1,1133,1162,1145,-1,1111,1113,1166,-1,1166,1113,1171,-1,1166,1171,1167,-1,1167,1171,1172,-1,1167,1172,1168,-1,1168,1172,1173,-1,1168,1173,1169,-1,1169,1173,1174,-1,1169,1174,1170,-1,1170,1174,1175,-1,1170,1175,1163,-1,1163,1175,1164,-1,1176,1148,1147,-1,1147,1161,1176,-1,1176,1161,1134,-1,1176,1134,1146,-1,1114,1116,1113,-1,1113,1116,1118,-1,1113,1118,1171,-1,1171,1118,1129,-1,1171,1129,1172,-1,1172,1129,1127,-1,1172,1127,1173,-1,1173,1127,1125,-1,1173,1125,1174,-1,1174,1125,1123,-1,1174,1123,1175,-1,1175,1123,1121,-1,1175,1121,1164,-1,1164,1121,1120,-1,1164,1120,1152,-1,1152,1120,1132,-1,1152,1132,1153,-1,1153,1132,1144,-1,1153,1144,1155,-1,1155,1144,1142,-1,1155,1142,1157,-1,1157,1142,1140,-1,1157,1140,1159,-1,1159,1140,1138,-1,1159,1138,1161,-1,1161,1138,1136,-1,1161,1136,1134,-1,1177,1178,1179,-1,1179,1178,1180,-1,1178,1181,1180,-1,1180,1181,1182,-1,1181,1183,1182,-1,1182,1183,1184,-1,1185,1186,1187,-1,1185,1187,1188,-1,1188,1187,1189,-1,1188,1189,1190,-1,1190,1189,1191,-1,1190,1191,1192,-1,1192,1191,1193,-1,1192,1193,1194,-1,1194,1193,1195,-1,1194,1195,1196,-1,1196,1195,1184,-1,1196,1184,1183,-1,1185,1197,1186,-1,1186,1197,1198,-1,1199,1200,1201,-1,1201,1200,1202,-1,1201,1202,1203,-1,1203,1202,1204,-1,1203,1204,1205,-1,1205,1204,1206,-1,1205,1206,1207,-1,1207,1206,1208,-1,1207,1208,1209,-1,1209,1208,1210,-1,1209,1210,1197,-1,1197,1210,1198,-1,1199,1211,1200,-1,1200,1211,1212,-1,1213,1214,1215,-1,1215,1214,1216,-1,1217,1218,1219,-1,1217,1219,1220,-1,1220,1219,1221,-1,1220,1221,1222,-1,1222,1221,1223,-1,1222,1223,1224,-1,1224,1223,1225,-1,1224,1225,1226,-1,1226,1225,1227,-1,1226,1227,1228,-1,1228,1227,1213,-1,1228,1213,1215,-1,1217,1229,1218,-1,1218,1229,1230,-1,1211,1228,1231,-1,1231,1228,1215,-1,1231,1215,1216,-1,1181,1178,1183,-1,1183,1178,1177,-1,1183,1177,1196,-1,1196,1177,1232,-1,1196,1232,1194,-1,1194,1232,1233,-1,1194,1233,1192,-1,1192,1233,1234,-1,1192,1234,1190,-1,1190,1234,1235,-1,1190,1235,1188,-1,1188,1235,1236,-1,1188,1236,1185,-1,1185,1236,1229,-1,1185,1229,1197,-1,1197,1229,1217,-1,1197,1217,1209,-1,1209,1217,1220,-1,1209,1220,1207,-1,1207,1220,1222,-1,1207,1222,1205,-1,1205,1222,1224,-1,1205,1224,1203,-1,1203,1224,1226,-1,1203,1226,1201,-1,1201,1226,1228,-1,1201,1228,1199,-1,1199,1228,1211,-1,1177,1179,1232,-1,1232,1179,1237,-1,1232,1237,1233,-1,1233,1237,1238,-1,1233,1238,1234,-1,1234,1238,1239,-1,1234,1239,1235,-1,1235,1239,1240,-1,1235,1240,1236,-1,1236,1240,1241,-1,1236,1241,1229,-1,1229,1241,1230,-1,1242,1214,1213,-1,1213,1227,1242,-1,1242,1227,1200,-1,1242,1200,1212,-1,1180,1182,1179,-1,1179,1182,1184,-1,1179,1184,1237,-1,1237,1184,1195,-1,1237,1195,1238,-1,1238,1195,1193,-1,1238,1193,1239,-1,1239,1193,1191,-1,1239,1191,1240,-1,1240,1191,1189,-1,1240,1189,1241,-1,1241,1189,1187,-1,1241,1187,1230,-1,1230,1187,1186,-1,1230,1186,1218,-1,1218,1186,1198,-1,1218,1198,1219,-1,1219,1198,1210,-1,1219,1210,1221,-1,1221,1210,1208,-1,1221,1208,1223,-1,1223,1208,1206,-1,1223,1206,1225,-1,1225,1206,1204,-1,1225,1204,1227,-1,1227,1204,1202,-1,1227,1202,1200,-1,1243,1244,1245,-1,1245,1244,1246,-1,1244,1247,1246,-1,1246,1247,1248,-1,1247,1249,1248,-1,1248,1249,1250,-1,1251,1252,1253,-1,1251,1253,1254,-1,1254,1253,1255,-1,1254,1255,1256,-1,1256,1255,1257,-1,1256,1257,1258,-1,1258,1257,1259,-1,1258,1259,1260,-1,1260,1259,1261,-1,1260,1261,1262,-1,1262,1261,1250,-1,1262,1250,1249,-1,1251,1263,1252,-1,1252,1263,1264,-1,1265,1266,1267,-1,1267,1266,1268,-1,1267,1268,1269,-1,1269,1268,1270,-1,1269,1270,1271,-1,1271,1270,1272,-1,1271,1272,1273,-1,1273,1272,1274,-1,1273,1274,1275,-1,1275,1274,1276,-1,1275,1276,1263,-1,1263,1276,1264,-1,1265,1277,1266,-1,1266,1277,1278,-1,1279,1280,1281,-1,1281,1280,1282,-1,1283,1284,1285,-1,1283,1285,1286,-1,1286,1285,1287,-1,1286,1287,1288,-1,1288,1287,1289,-1,1288,1289,1290,-1,1290,1289,1291,-1,1290,1291,1292,-1,1292,1291,1293,-1,1292,1293,1294,-1,1294,1293,1279,-1,1294,1279,1281,-1,1283,1295,1284,-1,1284,1295,1296,-1,1277,1294,1297,-1,1297,1294,1281,-1,1297,1281,1282,-1,1247,1244,1249,-1,1249,1244,1243,-1,1249,1243,1262,-1,1262,1243,1298,-1,1262,1298,1260,-1,1260,1298,1299,-1,1260,1299,1258,-1,1258,1299,1300,-1,1258,1300,1256,-1,1256,1300,1301,-1,1256,1301,1254,-1,1254,1301,1302,-1,1254,1302,1251,-1,1251,1302,1295,-1,1251,1295,1263,-1,1263,1295,1283,-1,1263,1283,1275,-1,1275,1283,1286,-1,1275,1286,1273,-1,1273,1286,1288,-1,1273,1288,1271,-1,1271,1288,1290,-1,1271,1290,1269,-1,1269,1290,1292,-1,1269,1292,1267,-1,1267,1292,1294,-1,1267,1294,1265,-1,1265,1294,1277,-1,1243,1245,1298,-1,1298,1245,1303,-1,1298,1303,1299,-1,1299,1303,1304,-1,1299,1304,1300,-1,1300,1304,1305,-1,1300,1305,1301,-1,1301,1305,1306,-1,1301,1306,1302,-1,1302,1306,1307,-1,1302,1307,1295,-1,1295,1307,1296,-1,1308,1280,1279,-1,1279,1293,1308,-1,1308,1293,1266,-1,1308,1266,1278,-1,1246,1248,1245,-1,1245,1248,1250,-1,1245,1250,1303,-1,1303,1250,1261,-1,1303,1261,1304,-1,1304,1261,1259,-1,1304,1259,1305,-1,1305,1259,1257,-1,1305,1257,1306,-1,1306,1257,1255,-1,1306,1255,1307,-1,1307,1255,1253,-1,1307,1253,1296,-1,1296,1253,1252,-1,1296,1252,1284,-1,1284,1252,1264,-1,1284,1264,1285,-1,1285,1264,1276,-1,1285,1276,1287,-1,1287,1276,1274,-1,1287,1274,1289,-1,1289,1274,1272,-1,1289,1272,1291,-1,1291,1272,1270,-1,1291,1270,1293,-1,1293,1270,1268,-1,1293,1268,1266,-1,1309,1310,1311,-1,1311,1310,1312,-1,1310,1313,1312,-1,1312,1313,1314,-1,1313,1315,1314,-1,1314,1315,1316,-1,1317,1318,1319,-1,1317,1319,1320,-1,1320,1319,1321,-1,1320,1321,1322,-1,1322,1321,1323,-1,1322,1323,1324,-1,1324,1323,1325,-1,1324,1325,1326,-1,1326,1325,1327,-1,1326,1327,1328,-1,1328,1327,1316,-1,1328,1316,1315,-1,1317,1329,1318,-1,1318,1329,1330,-1,1331,1332,1333,-1,1333,1332,1334,-1,1333,1334,1335,-1,1335,1334,1336,-1,1335,1336,1337,-1,1337,1336,1338,-1,1337,1338,1339,-1,1339,1338,1340,-1,1339,1340,1341,-1,1341,1340,1342,-1,1341,1342,1329,-1,1329,1342,1330,-1,1331,1343,1332,-1,1332,1343,1344,-1,1345,1346,1347,-1,1347,1346,1348,-1,1349,1350,1351,-1,1349,1351,1352,-1,1352,1351,1353,-1,1352,1353,1354,-1,1354,1353,1355,-1,1354,1355,1356,-1,1356,1355,1357,-1,1356,1357,1358,-1,1358,1357,1359,-1,1358,1359,1360,-1,1360,1359,1345,-1,1360,1345,1347,-1,1349,1361,1350,-1,1350,1361,1362,-1,1343,1360,1363,-1,1363,1360,1347,-1,1363,1347,1348,-1,1313,1310,1315,-1,1315,1310,1309,-1,1315,1309,1328,-1,1328,1309,1364,-1,1328,1364,1326,-1,1326,1364,1365,-1,1326,1365,1324,-1,1324,1365,1366,-1,1324,1366,1322,-1,1322,1366,1367,-1,1322,1367,1320,-1,1320,1367,1368,-1,1320,1368,1317,-1,1317,1368,1361,-1,1317,1361,1329,-1,1329,1361,1349,-1,1329,1349,1341,-1,1341,1349,1352,-1,1341,1352,1339,-1,1339,1352,1354,-1,1339,1354,1337,-1,1337,1354,1356,-1,1337,1356,1335,-1,1335,1356,1358,-1,1335,1358,1333,-1,1333,1358,1360,-1,1333,1360,1331,-1,1331,1360,1343,-1,1309,1311,1364,-1,1364,1311,1369,-1,1364,1369,1365,-1,1365,1369,1370,-1,1365,1370,1366,-1,1366,1370,1371,-1,1366,1371,1367,-1,1367,1371,1372,-1,1367,1372,1368,-1,1368,1372,1373,-1,1368,1373,1361,-1,1361,1373,1362,-1,1374,1346,1345,-1,1345,1359,1374,-1,1374,1359,1332,-1,1374,1332,1344,-1,1312,1314,1311,-1,1311,1314,1316,-1,1311,1316,1369,-1,1369,1316,1327,-1,1369,1327,1370,-1,1370,1327,1325,-1,1370,1325,1371,-1,1371,1325,1323,-1,1371,1323,1372,-1,1372,1323,1321,-1,1372,1321,1373,-1,1373,1321,1319,-1,1373,1319,1362,-1,1362,1319,1318,-1,1362,1318,1350,-1,1350,1318,1330,-1,1350,1330,1351,-1,1351,1330,1342,-1,1351,1342,1353,-1,1353,1342,1340,-1,1353,1340,1355,-1,1355,1340,1338,-1,1355,1338,1357,-1,1357,1338,1336,-1,1357,1336,1359,-1,1359,1336,1334,-1,1359,1334,1332,-1,1375,1376,1377,-1,1377,1376,1378,-1,1376,1379,1378,-1,1378,1379,1380,-1,1379,1381,1380,-1,1380,1381,1382,-1,1383,1384,1385,-1,1383,1385,1386,-1,1386,1385,1387,-1,1386,1387,1388,-1,1388,1387,1389,-1,1388,1389,1390,-1,1390,1389,1391,-1,1390,1391,1392,-1,1392,1391,1393,-1,1392,1393,1394,-1,1394,1393,1382,-1,1394,1382,1381,-1,1383,1395,1384,-1,1384,1395,1396,-1,1397,1398,1399,-1,1399,1398,1400,-1,1399,1400,1401,-1,1401,1400,1402,-1,1401,1402,1403,-1,1403,1402,1404,-1,1403,1404,1405,-1,1405,1404,1406,-1,1405,1406,1407,-1,1407,1406,1408,-1,1407,1408,1395,-1,1395,1408,1396,-1,1397,1409,1398,-1,1398,1409,1410,-1,1411,1412,1413,-1,1413,1412,1414,-1,1415,1416,1417,-1,1415,1417,1418,-1,1418,1417,1419,-1,1418,1419,1420,-1,1420,1419,1421,-1,1420,1421,1422,-1,1422,1421,1423,-1,1422,1423,1424,-1,1424,1423,1425,-1,1424,1425,1426,-1,1426,1425,1411,-1,1426,1411,1413,-1,1415,1427,1416,-1,1416,1427,1428,-1,1409,1426,1429,-1,1429,1426,1413,-1,1429,1413,1414,-1,1379,1376,1381,-1,1381,1376,1375,-1,1381,1375,1394,-1,1394,1375,1430,-1,1394,1430,1392,-1,1392,1430,1431,-1,1392,1431,1390,-1,1390,1431,1432,-1,1390,1432,1388,-1,1388,1432,1433,-1,1388,1433,1386,-1,1386,1433,1434,-1,1386,1434,1383,-1,1383,1434,1427,-1,1383,1427,1395,-1,1395,1427,1415,-1,1395,1415,1407,-1,1407,1415,1418,-1,1407,1418,1405,-1,1405,1418,1420,-1,1405,1420,1403,-1,1403,1420,1422,-1,1403,1422,1401,-1,1401,1422,1424,-1,1401,1424,1399,-1,1399,1424,1426,-1,1399,1426,1397,-1,1397,1426,1409,-1,1375,1377,1430,-1,1430,1377,1435,-1,1430,1435,1431,-1,1431,1435,1436,-1,1431,1436,1432,-1,1432,1436,1437,-1,1432,1437,1433,-1,1433,1437,1438,-1,1433,1438,1434,-1,1434,1438,1439,-1,1434,1439,1427,-1,1427,1439,1428,-1,1440,1412,1411,-1,1411,1425,1440,-1,1440,1425,1398,-1,1440,1398,1410,-1,1378,1380,1377,-1,1377,1380,1382,-1,1377,1382,1435,-1,1435,1382,1393,-1,1435,1393,1436,-1,1436,1393,1391,-1,1436,1391,1437,-1,1437,1391,1389,-1,1437,1389,1438,-1,1438,1389,1387,-1,1438,1387,1439,-1,1439,1387,1385,-1,1439,1385,1428,-1,1428,1385,1384,-1,1428,1384,1416,-1,1416,1384,1396,-1,1416,1396,1417,-1,1417,1396,1408,-1,1417,1408,1419,-1,1419,1408,1406,-1,1419,1406,1421,-1,1421,1406,1404,-1,1421,1404,1423,-1,1423,1404,1402,-1,1423,1402,1425,-1,1425,1402,1400,-1,1425,1400,1398,-1,1441,1442,1443,-1,1443,1442,1444,-1,1442,1445,1444,-1,1444,1445,1446,-1,1445,1447,1446,-1,1446,1447,1448,-1,1449,1450,1451,-1,1449,1451,1452,-1,1452,1451,1453,-1,1452,1453,1454,-1,1454,1453,1455,-1,1454,1455,1456,-1,1456,1455,1457,-1,1456,1457,1458,-1,1458,1457,1459,-1,1458,1459,1460,-1,1460,1459,1448,-1,1460,1448,1447,-1,1449,1461,1450,-1,1450,1461,1462,-1,1463,1464,1465,-1,1465,1464,1466,-1,1465,1466,1467,-1,1467,1466,1468,-1,1467,1468,1469,-1,1469,1468,1470,-1,1469,1470,1471,-1,1471,1470,1472,-1,1471,1472,1473,-1,1473,1472,1474,-1,1473,1474,1461,-1,1461,1474,1462,-1,1463,1475,1464,-1,1464,1475,1476,-1,1477,1478,1479,-1,1479,1478,1480,-1,1481,1482,1483,-1,1481,1483,1484,-1,1484,1483,1485,-1,1484,1485,1486,-1,1486,1485,1487,-1,1486,1487,1488,-1,1488,1487,1489,-1,1488,1489,1490,-1,1490,1489,1491,-1,1490,1491,1492,-1,1492,1491,1477,-1,1492,1477,1479,-1,1481,1493,1482,-1,1482,1493,1494,-1,1475,1492,1495,-1,1495,1492,1479,-1,1495,1479,1480,-1,1445,1442,1447,-1,1447,1442,1441,-1,1447,1441,1460,-1,1460,1441,1496,-1,1460,1496,1458,-1,1458,1496,1497,-1,1458,1497,1456,-1,1456,1497,1498,-1,1456,1498,1454,-1,1454,1498,1499,-1,1454,1499,1452,-1,1452,1499,1500,-1,1452,1500,1449,-1,1449,1500,1493,-1,1449,1493,1461,-1,1461,1493,1481,-1,1461,1481,1473,-1,1473,1481,1484,-1,1473,1484,1471,-1,1471,1484,1486,-1,1471,1486,1469,-1,1469,1486,1488,-1,1469,1488,1467,-1,1467,1488,1490,-1,1467,1490,1465,-1,1465,1490,1492,-1,1465,1492,1463,-1,1463,1492,1475,-1,1441,1443,1496,-1,1496,1443,1501,-1,1496,1501,1497,-1,1497,1501,1502,-1,1497,1502,1498,-1,1498,1502,1503,-1,1498,1503,1499,-1,1499,1503,1504,-1,1499,1504,1500,-1,1500,1504,1505,-1,1500,1505,1493,-1,1493,1505,1494,-1,1506,1478,1477,-1,1477,1491,1506,-1,1506,1491,1464,-1,1506,1464,1476,-1,1444,1446,1443,-1,1443,1446,1448,-1,1443,1448,1501,-1,1501,1448,1459,-1,1501,1459,1502,-1,1502,1459,1457,-1,1502,1457,1503,-1,1503,1457,1455,-1,1503,1455,1504,-1,1504,1455,1453,-1,1504,1453,1505,-1,1505,1453,1451,-1,1505,1451,1494,-1,1494,1451,1450,-1,1494,1450,1482,-1,1482,1450,1462,-1,1482,1462,1483,-1,1483,1462,1474,-1,1483,1474,1485,-1,1485,1474,1472,-1,1485,1472,1487,-1,1487,1472,1470,-1,1487,1470,1489,-1,1489,1470,1468,-1,1489,1468,1491,-1,1491,1468,1466,-1,1491,1466,1464,-1,1507,1508,1509,-1,1509,1508,1510,-1,1508,1511,1510,-1,1510,1511,1512,-1,1511,1513,1512,-1,1512,1513,1514,-1,1515,1516,1517,-1,1515,1517,1518,-1,1518,1517,1519,-1,1518,1519,1520,-1,1520,1519,1521,-1,1520,1521,1522,-1,1522,1521,1523,-1,1522,1523,1524,-1,1524,1523,1525,-1,1524,1525,1526,-1,1526,1525,1514,-1,1526,1514,1513,-1,1515,1527,1516,-1,1516,1527,1528,-1,1529,1530,1531,-1,1531,1530,1532,-1,1531,1532,1533,-1,1533,1532,1534,-1,1533,1534,1535,-1,1535,1534,1536,-1,1535,1536,1537,-1,1537,1536,1538,-1,1537,1538,1539,-1,1539,1538,1540,-1,1539,1540,1527,-1,1527,1540,1528,-1,1529,1541,1530,-1,1530,1541,1542,-1,1543,1544,1545,-1,1545,1544,1546,-1,1547,1548,1549,-1,1547,1549,1550,-1,1550,1549,1551,-1,1550,1551,1552,-1,1552,1551,1553,-1,1552,1553,1554,-1,1554,1553,1555,-1,1554,1555,1556,-1,1556,1555,1557,-1,1556,1557,1558,-1,1558,1557,1543,-1,1558,1543,1545,-1,1547,1559,1548,-1,1548,1559,1560,-1,1541,1558,1561,-1,1561,1558,1545,-1,1561,1545,1546,-1,1511,1508,1513,-1,1513,1508,1507,-1,1513,1507,1526,-1,1526,1507,1562,-1,1526,1562,1524,-1,1524,1562,1563,-1,1524,1563,1522,-1,1522,1563,1564,-1,1522,1564,1520,-1,1520,1564,1565,-1,1520,1565,1518,-1,1518,1565,1566,-1,1518,1566,1515,-1,1515,1566,1559,-1,1515,1559,1527,-1,1527,1559,1547,-1,1527,1547,1539,-1,1539,1547,1550,-1,1539,1550,1537,-1,1537,1550,1552,-1,1537,1552,1535,-1,1535,1552,1554,-1,1535,1554,1533,-1,1533,1554,1556,-1,1533,1556,1531,-1,1531,1556,1558,-1,1531,1558,1529,-1,1529,1558,1541,-1,1507,1509,1562,-1,1562,1509,1567,-1,1562,1567,1563,-1,1563,1567,1568,-1,1563,1568,1564,-1,1564,1568,1569,-1,1564,1569,1565,-1,1565,1569,1570,-1,1565,1570,1566,-1,1566,1570,1571,-1,1566,1571,1559,-1,1559,1571,1560,-1,1572,1544,1543,-1,1543,1557,1572,-1,1572,1557,1530,-1,1572,1530,1542,-1,1510,1512,1509,-1,1509,1512,1514,-1,1509,1514,1567,-1,1567,1514,1525,-1,1567,1525,1568,-1,1568,1525,1523,-1,1568,1523,1569,-1,1569,1523,1521,-1,1569,1521,1570,-1,1570,1521,1519,-1,1570,1519,1571,-1,1571,1519,1517,-1,1571,1517,1560,-1,1560,1517,1516,-1,1560,1516,1548,-1,1548,1516,1528,-1,1548,1528,1549,-1,1549,1528,1540,-1,1549,1540,1551,-1,1551,1540,1538,-1,1551,1538,1553,-1,1553,1538,1536,-1,1553,1536,1555,-1,1555,1536,1534,-1,1555,1534,1557,-1,1557,1534,1532,-1,1557,1532,1530,-1,1573,1574,1575,-1,1575,1574,1576,-1,1574,1577,1576,-1,1576,1577,1578,-1,1577,1579,1578,-1,1578,1579,1580,-1,1581,1582,1583,-1,1581,1583,1584,-1,1584,1583,1585,-1,1584,1585,1586,-1,1586,1585,1587,-1,1586,1587,1588,-1,1588,1587,1589,-1,1588,1589,1590,-1,1590,1589,1591,-1,1590,1591,1592,-1,1592,1591,1580,-1,1592,1580,1579,-1,1581,1593,1582,-1,1582,1593,1594,-1,1595,1596,1597,-1,1597,1596,1598,-1,1597,1598,1599,-1,1599,1598,1600,-1,1599,1600,1601,-1,1601,1600,1602,-1,1601,1602,1603,-1,1603,1602,1604,-1,1603,1604,1605,-1,1605,1604,1606,-1,1605,1606,1593,-1,1593,1606,1594,-1,1595,1607,1596,-1,1596,1607,1608,-1,1609,1610,1611,-1,1611,1610,1612,-1,1613,1614,1615,-1,1613,1615,1616,-1,1616,1615,1617,-1,1616,1617,1618,-1,1618,1617,1619,-1,1618,1619,1620,-1,1620,1619,1621,-1,1620,1621,1622,-1,1622,1621,1623,-1,1622,1623,1624,-1,1624,1623,1609,-1,1624,1609,1611,-1,1613,1625,1614,-1,1614,1625,1626,-1,1607,1624,1627,-1,1627,1624,1611,-1,1627,1611,1612,-1,1577,1574,1579,-1,1579,1574,1573,-1,1579,1573,1592,-1,1592,1573,1628,-1,1592,1628,1590,-1,1590,1628,1629,-1,1590,1629,1588,-1,1588,1629,1630,-1,1588,1630,1586,-1,1586,1630,1631,-1,1586,1631,1584,-1,1584,1631,1632,-1,1584,1632,1581,-1,1581,1632,1625,-1,1581,1625,1593,-1,1593,1625,1613,-1,1593,1613,1605,-1,1605,1613,1616,-1,1605,1616,1603,-1,1603,1616,1618,-1,1603,1618,1601,-1,1601,1618,1620,-1,1601,1620,1599,-1,1599,1620,1622,-1,1599,1622,1597,-1,1597,1622,1624,-1,1597,1624,1595,-1,1595,1624,1607,-1,1573,1575,1628,-1,1628,1575,1633,-1,1628,1633,1629,-1,1629,1633,1634,-1,1629,1634,1630,-1,1630,1634,1635,-1,1630,1635,1631,-1,1631,1635,1636,-1,1631,1636,1632,-1,1632,1636,1637,-1,1632,1637,1625,-1,1625,1637,1626,-1,1638,1610,1609,-1,1609,1623,1638,-1,1638,1623,1596,-1,1638,1596,1608,-1,1576,1578,1575,-1,1575,1578,1580,-1,1575,1580,1633,-1,1633,1580,1591,-1,1633,1591,1634,-1,1634,1591,1589,-1,1634,1589,1635,-1,1635,1589,1587,-1,1635,1587,1636,-1,1636,1587,1585,-1,1636,1585,1637,-1,1637,1585,1583,-1,1637,1583,1626,-1,1626,1583,1582,-1,1626,1582,1614,-1,1614,1582,1594,-1,1614,1594,1615,-1,1615,1594,1606,-1,1615,1606,1617,-1,1617,1606,1604,-1,1617,1604,1619,-1,1619,1604,1602,-1,1619,1602,1621,-1,1621,1602,1600,-1,1621,1600,1623,-1,1623,1600,1598,-1,1623,1598,1596,-1,1639,1640,1641,-1,1641,1640,1642,-1,1640,1643,1642,-1,1642,1643,1644,-1,1643,1645,1644,-1,1644,1645,1646,-1,1647,1648,1649,-1,1647,1649,1650,-1,1650,1649,1651,-1,1650,1651,1652,-1,1652,1651,1653,-1,1652,1653,1654,-1,1654,1653,1655,-1,1654,1655,1656,-1,1656,1655,1657,-1,1656,1657,1658,-1,1658,1657,1646,-1,1658,1646,1645,-1,1647,1659,1648,-1,1648,1659,1660,-1,1661,1662,1663,-1,1663,1662,1664,-1,1663,1664,1665,-1,1665,1664,1666,-1,1665,1666,1667,-1,1667,1666,1668,-1,1667,1668,1669,-1,1669,1668,1670,-1,1669,1670,1671,-1,1671,1670,1672,-1,1671,1672,1659,-1,1659,1672,1660,-1,1661,1673,1662,-1,1662,1673,1674,-1,1675,1676,1677,-1,1677,1676,1678,-1,1679,1680,1681,-1,1679,1681,1682,-1,1682,1681,1683,-1,1682,1683,1684,-1,1684,1683,1685,-1,1684,1685,1686,-1,1686,1685,1687,-1,1686,1687,1688,-1,1688,1687,1689,-1,1688,1689,1690,-1,1690,1689,1675,-1,1690,1675,1677,-1,1679,1691,1680,-1,1680,1691,1692,-1,1673,1690,1693,-1,1693,1690,1677,-1,1693,1677,1678,-1,1643,1640,1645,-1,1645,1640,1639,-1,1645,1639,1658,-1,1658,1639,1694,-1,1658,1694,1656,-1,1656,1694,1695,-1,1656,1695,1654,-1,1654,1695,1696,-1,1654,1696,1652,-1,1652,1696,1697,-1,1652,1697,1650,-1,1650,1697,1698,-1,1650,1698,1647,-1,1647,1698,1691,-1,1647,1691,1659,-1,1659,1691,1679,-1,1659,1679,1671,-1,1671,1679,1682,-1,1671,1682,1669,-1,1669,1682,1684,-1,1669,1684,1667,-1,1667,1684,1686,-1,1667,1686,1665,-1,1665,1686,1688,-1,1665,1688,1663,-1,1663,1688,1690,-1,1663,1690,1661,-1,1661,1690,1673,-1,1639,1641,1694,-1,1694,1641,1699,-1,1694,1699,1695,-1,1695,1699,1700,-1,1695,1700,1696,-1,1696,1700,1701,-1,1696,1701,1697,-1,1697,1701,1702,-1,1697,1702,1698,-1,1698,1702,1703,-1,1698,1703,1691,-1,1691,1703,1692,-1,1704,1676,1675,-1,1675,1689,1704,-1,1704,1689,1662,-1,1704,1662,1674,-1,1642,1644,1641,-1,1641,1644,1646,-1,1641,1646,1699,-1,1699,1646,1657,-1,1699,1657,1700,-1,1700,1657,1655,-1,1700,1655,1701,-1,1701,1655,1653,-1,1701,1653,1702,-1,1702,1653,1651,-1,1702,1651,1703,-1,1703,1651,1649,-1,1703,1649,1692,-1,1692,1649,1648,-1,1692,1648,1680,-1,1680,1648,1660,-1,1680,1660,1681,-1,1681,1660,1672,-1,1681,1672,1683,-1,1683,1672,1670,-1,1683,1670,1685,-1,1685,1670,1668,-1,1685,1668,1687,-1,1687,1668,1666,-1,1687,1666,1689,-1,1689,1666,1664,-1,1689,1664,1662,-1,1705,1706,1707,-1,1707,1706,1708,-1,1706,1709,1708,-1,1708,1709,1710,-1,1709,1711,1710,-1,1710,1711,1712,-1,1713,1714,1715,-1,1713,1715,1716,-1,1716,1715,1717,-1,1716,1717,1718,-1,1718,1717,1719,-1,1718,1719,1720,-1,1720,1719,1721,-1,1720,1721,1722,-1,1722,1721,1723,-1,1722,1723,1724,-1,1724,1723,1712,-1,1724,1712,1711,-1,1713,1725,1714,-1,1714,1725,1726,-1,1727,1728,1729,-1,1729,1728,1730,-1,1729,1730,1731,-1,1731,1730,1732,-1,1731,1732,1733,-1,1733,1732,1734,-1,1733,1734,1735,-1,1735,1734,1736,-1,1735,1736,1737,-1,1737,1736,1738,-1,1737,1738,1725,-1,1725,1738,1726,-1,1727,1739,1728,-1,1728,1739,1740,-1,1741,1742,1743,-1,1743,1742,1744,-1,1745,1746,1747,-1,1745,1747,1748,-1,1748,1747,1749,-1,1748,1749,1750,-1,1750,1749,1751,-1,1750,1751,1752,-1,1752,1751,1753,-1,1752,1753,1754,-1,1754,1753,1755,-1,1754,1755,1756,-1,1756,1755,1741,-1,1756,1741,1743,-1,1745,1757,1746,-1,1746,1757,1758,-1,1739,1756,1759,-1,1759,1756,1743,-1,1759,1743,1744,-1,1709,1706,1711,-1,1711,1706,1705,-1,1711,1705,1724,-1,1724,1705,1760,-1,1724,1760,1722,-1,1722,1760,1761,-1,1722,1761,1720,-1,1720,1761,1762,-1,1720,1762,1718,-1,1718,1762,1763,-1,1718,1763,1716,-1,1716,1763,1764,-1,1716,1764,1713,-1,1713,1764,1757,-1,1713,1757,1725,-1,1725,1757,1745,-1,1725,1745,1737,-1,1737,1745,1748,-1,1737,1748,1735,-1,1735,1748,1750,-1,1735,1750,1733,-1,1733,1750,1752,-1,1733,1752,1731,-1,1731,1752,1754,-1,1731,1754,1729,-1,1729,1754,1756,-1,1729,1756,1727,-1,1727,1756,1739,-1,1705,1707,1760,-1,1760,1707,1765,-1,1760,1765,1761,-1,1761,1765,1766,-1,1761,1766,1762,-1,1762,1766,1767,-1,1762,1767,1763,-1,1763,1767,1768,-1,1763,1768,1764,-1,1764,1768,1769,-1,1764,1769,1757,-1,1757,1769,1758,-1,1770,1742,1741,-1,1741,1755,1770,-1,1770,1755,1728,-1,1770,1728,1740,-1,1708,1710,1707,-1,1707,1710,1712,-1,1707,1712,1765,-1,1765,1712,1723,-1,1765,1723,1766,-1,1766,1723,1721,-1,1766,1721,1767,-1,1767,1721,1719,-1,1767,1719,1768,-1,1768,1719,1717,-1,1768,1717,1769,-1,1769,1717,1715,-1,1769,1715,1758,-1,1758,1715,1714,-1,1758,1714,1746,-1,1746,1714,1726,-1,1746,1726,1747,-1,1747,1726,1738,-1,1747,1738,1749,-1,1749,1738,1736,-1,1749,1736,1751,-1,1751,1736,1734,-1,1751,1734,1753,-1,1753,1734,1732,-1,1753,1732,1755,-1,1755,1732,1730,-1,1755,1730,1728,-1,1771,1772,1773,-1,1773,1772,1774,-1,1772,1775,1774,-1,1774,1775,1776,-1,1775,1777,1776,-1,1776,1777,1778,-1,1779,1780,1781,-1,1779,1781,1782,-1,1782,1781,1783,-1,1782,1783,1784,-1,1784,1783,1785,-1,1784,1785,1786,-1,1786,1785,1787,-1,1786,1787,1788,-1,1788,1787,1789,-1,1788,1789,1790,-1,1790,1789,1778,-1,1790,1778,1777,-1,1779,1791,1780,-1,1780,1791,1792,-1,1793,1794,1795,-1,1795,1794,1796,-1,1795,1796,1797,-1,1797,1796,1798,-1,1797,1798,1799,-1,1799,1798,1800,-1,1799,1800,1801,-1,1801,1800,1802,-1,1801,1802,1803,-1,1803,1802,1804,-1,1803,1804,1791,-1,1791,1804,1792,-1,1793,1805,1794,-1,1794,1805,1806,-1,1807,1808,1809,-1,1809,1808,1810,-1,1811,1812,1813,-1,1811,1813,1814,-1,1814,1813,1815,-1,1814,1815,1816,-1,1816,1815,1817,-1,1816,1817,1818,-1,1818,1817,1819,-1,1818,1819,1820,-1,1820,1819,1821,-1,1820,1821,1822,-1,1822,1821,1807,-1,1822,1807,1809,-1,1811,1823,1812,-1,1812,1823,1824,-1,1805,1822,1825,-1,1825,1822,1809,-1,1825,1809,1810,-1,1775,1772,1777,-1,1777,1772,1771,-1,1777,1771,1790,-1,1790,1771,1826,-1,1790,1826,1788,-1,1788,1826,1827,-1,1788,1827,1786,-1,1786,1827,1828,-1,1786,1828,1784,-1,1784,1828,1829,-1,1784,1829,1782,-1,1782,1829,1830,-1,1782,1830,1779,-1,1779,1830,1823,-1,1779,1823,1791,-1,1791,1823,1811,-1,1791,1811,1803,-1,1803,1811,1814,-1,1803,1814,1801,-1,1801,1814,1816,-1,1801,1816,1799,-1,1799,1816,1818,-1,1799,1818,1797,-1,1797,1818,1820,-1,1797,1820,1795,-1,1795,1820,1822,-1,1795,1822,1793,-1,1793,1822,1805,-1,1771,1773,1826,-1,1826,1773,1831,-1,1826,1831,1827,-1,1827,1831,1832,-1,1827,1832,1828,-1,1828,1832,1833,-1,1828,1833,1829,-1,1829,1833,1834,-1,1829,1834,1830,-1,1830,1834,1835,-1,1830,1835,1823,-1,1823,1835,1824,-1,1836,1808,1807,-1,1807,1821,1836,-1,1836,1821,1794,-1,1836,1794,1806,-1,1774,1776,1773,-1,1773,1776,1778,-1,1773,1778,1831,-1,1831,1778,1789,-1,1831,1789,1832,-1,1832,1789,1787,-1,1832,1787,1833,-1,1833,1787,1785,-1,1833,1785,1834,-1,1834,1785,1783,-1,1834,1783,1835,-1,1835,1783,1781,-1,1835,1781,1824,-1,1824,1781,1780,-1,1824,1780,1812,-1,1812,1780,1792,-1,1812,1792,1813,-1,1813,1792,1804,-1,1813,1804,1815,-1,1815,1804,1802,-1,1815,1802,1817,-1,1817,1802,1800,-1,1817,1800,1819,-1,1819,1800,1798,-1,1819,1798,1821,-1,1821,1798,1796,-1,1821,1796,1794,-1,1837,1838,1839,-1,1839,1838,1840,-1,1838,1841,1840,-1,1840,1841,1842,-1,1841,1843,1842,-1,1842,1843,1844,-1,1845,1846,1847,-1,1845,1847,1848,-1,1848,1847,1849,-1,1848,1849,1850,-1,1850,1849,1851,-1,1850,1851,1852,-1,1852,1851,1853,-1,1852,1853,1854,-1,1854,1853,1855,-1,1854,1855,1856,-1,1856,1855,1844,-1,1856,1844,1843,-1,1845,1857,1846,-1,1846,1857,1858,-1,1859,1860,1861,-1,1861,1860,1862,-1,1861,1862,1863,-1,1863,1862,1864,-1,1863,1864,1865,-1,1865,1864,1866,-1,1865,1866,1867,-1,1867,1866,1868,-1,1867,1868,1869,-1,1869,1868,1870,-1,1869,1870,1857,-1,1857,1870,1858,-1,1859,1871,1860,-1,1860,1871,1872,-1,1873,1874,1875,-1,1875,1874,1876,-1,1877,1878,1879,-1,1877,1879,1880,-1,1880,1879,1881,-1,1880,1881,1882,-1,1882,1881,1883,-1,1882,1883,1884,-1,1884,1883,1885,-1,1884,1885,1886,-1,1886,1885,1887,-1,1886,1887,1888,-1,1888,1887,1873,-1,1888,1873,1875,-1,1877,1889,1878,-1,1878,1889,1890,-1,1871,1888,1891,-1,1891,1888,1875,-1,1891,1875,1876,-1,1841,1838,1843,-1,1843,1838,1837,-1,1843,1837,1856,-1,1856,1837,1892,-1,1856,1892,1854,-1,1854,1892,1893,-1,1854,1893,1852,-1,1852,1893,1894,-1,1852,1894,1850,-1,1850,1894,1895,-1,1850,1895,1848,-1,1848,1895,1896,-1,1848,1896,1845,-1,1845,1896,1889,-1,1845,1889,1857,-1,1857,1889,1877,-1,1857,1877,1869,-1,1869,1877,1880,-1,1869,1880,1867,-1,1867,1880,1882,-1,1867,1882,1865,-1,1865,1882,1884,-1,1865,1884,1863,-1,1863,1884,1886,-1,1863,1886,1861,-1,1861,1886,1888,-1,1861,1888,1859,-1,1859,1888,1871,-1,1837,1839,1892,-1,1892,1839,1897,-1,1892,1897,1893,-1,1893,1897,1898,-1,1893,1898,1894,-1,1894,1898,1899,-1,1894,1899,1895,-1,1895,1899,1900,-1,1895,1900,1896,-1,1896,1900,1901,-1,1896,1901,1889,-1,1889,1901,1890,-1,1902,1874,1873,-1,1873,1887,1902,-1,1902,1887,1860,-1,1902,1860,1872,-1,1840,1842,1839,-1,1839,1842,1844,-1,1839,1844,1897,-1,1897,1844,1855,-1,1897,1855,1898,-1,1898,1855,1853,-1,1898,1853,1899,-1,1899,1853,1851,-1,1899,1851,1900,-1,1900,1851,1849,-1,1900,1849,1901,-1,1901,1849,1847,-1,1901,1847,1890,-1,1890,1847,1846,-1,1890,1846,1878,-1,1878,1846,1858,-1,1878,1858,1879,-1,1879,1858,1870,-1,1879,1870,1881,-1,1881,1870,1868,-1,1881,1868,1883,-1,1883,1868,1866,-1,1883,1866,1885,-1,1885,1866,1864,-1,1885,1864,1887,-1,1887,1864,1862,-1,1887,1862,1860,-1,1903,1904,1905,-1,1903,1905,1906,-1,1906,1905,1907,-1,1906,1907,1908,-1,1908,1907,1909,-1,1908,1909,1910,-1,1910,1909,1911,-1,1910,1911,1912,-1,1912,1911,1913,-1,1912,1913,1914,-1,1914,1913,1915,-1,1914,1915,1916,-1,1915,1917,1916,-1,1916,1917,1918,-1,1918,1917,1919,-1,1918,1919,1920,-1,1920,1919,1921,-1,1920,1921,1922,-1,1922,1921,1923,-1,1922,1923,1924,-1,1924,1923,1925,-1,1924,1925,1926,-1,1926,1925,1927,-1,1926,1927,1928,-1,1928,1927,1929,-1,1928,1929,1930,-1,1931,1932,1933,-1,1931,1933,1934,-1,1934,1933,1935,-1,1934,1935,1936,-1,1936,1935,1937,-1,1936,1937,1938,-1,1938,1937,1939,-1,1938,1939,1940,-1,1940,1939,1941,-1,1940,1941,1942,-1,1942,1941,1943,-1,1942,1943,1944,-1,1943,1945,1944,-1,1944,1945,1946,-1,1946,1945,1947,-1,1946,1947,1948,-1,1948,1947,1949,-1,1948,1949,1950,-1,1950,1949,1951,-1,1950,1951,1952,-1,1952,1951,1953,-1,1952,1953,1954,-1,1954,1953,1955,-1,1954,1955,1956,-1,1956,1955,1957,-1,1956,1957,1958,-1,1959,1960,1961,-1,1962,1918,1920,-1,1944,1946,1931,-1,1931,1946,1963,-1,1964,1965,1962,-1,1962,1965,1966,-1,1962,1966,1918,-1,1918,1966,1903,-1,1918,1903,1916,-1,1916,1903,1914,-1,1920,1922,1962,-1,1962,1922,1924,-1,1962,1924,1926,-1,1959,1958,1930,-1,1930,1958,1962,-1,1930,1962,1928,-1,1928,1962,1926,-1,1952,1954,1950,-1,1950,1954,1948,-1,1961,1963,1959,-1,1959,1963,1946,-1,1959,1946,1958,-1,1958,1946,1948,-1,1958,1948,1956,-1,1956,1948,1954,-1,1903,1906,1908,-1,1938,1931,1936,-1,1936,1931,1934,-1,1908,1910,1903,-1,1903,1910,1912,-1,1903,1912,1914,-1,1938,1940,1931,-1,1931,1940,1942,-1,1931,1942,1944,-1,1967,1968,1962,-1,1962,1968,1964,-1,1966,1965,1969,-1,1969,1965,1970,-1,1968,1970,1964,-1,1964,1970,1965,-1,1971,1972,1959,-1,1959,1972,1960,-1,1963,1961,1973,-1,1973,1961,1974,-1,1972,1974,1960,-1,1960,1974,1961,-1,1975,1976,1977,-1,1977,1976,1978,-1,1979,1975,1980,-1,1980,1975,1977,-1,1981,1979,1982,-1,1982,1979,1980,-1,1983,1981,1984,-1,1984,1981,1982,-1,1985,1983,1986,-1,1986,1983,1984,-1,1976,1985,1978,-1,1978,1985,1986,-1,1981,1983,1979,-1,1979,1983,1985,-1,1979,1985,1975,-1,1975,1985,1976,-1,1987,1988,1989,-1,1989,1988,1990,-1,1990,1991,1989,-1,1989,1991,1992,-1,1989,1992,1993,-1,1993,1992,1994,-1,1993,1994,1995,-1,1996,1995,1997,-1,1997,1995,1994,-1,1996,1997,1998,-1,1996,1998,1999,-1,1999,1998,2000,-1,1999,2000,2001,-1,2001,2000,2002,-1,2001,2002,2003,-1,2003,2002,2004,-1,2003,2004,2005,-1,2005,2004,2006,-1,2005,2006,2007,-1,2007,2006,2008,-1,2007,2008,2009,-1,2009,2008,2010,-1,2009,2010,2011,-1,2011,2010,2012,-1,2011,2012,2013,-1,2013,2012,2014,-1,2013,2014,2015,-1,2015,2014,2016,-1,2015,2016,2017,-1,2017,2016,2018,-1,2017,2018,2019,-1,2019,2018,2020,-1,2019,2020,2021,-1,2021,2020,2022,-1,2021,2022,2023,-1,2023,2022,2024,-1,2023,2024,2025,-1,2025,2024,2026,-1,2025,2026,2027,-1,2027,2026,2028,-1,2027,2028,2029,-1,2029,2028,2030,-1,2029,2030,2031,-1,2031,2030,2032,-1,2031,2032,2033,-1,2033,2032,2034,-1,2033,2034,2035,-1,2035,2034,2036,-1,2035,2036,2037,-1,2037,2036,2038,-1,2037,2038,2039,-1,2040,2039,2041,-1,2041,2039,2038,-1,2042,2043,2044,-1,2040,2041,2045,-1,2040,2045,2046,-1,2046,2045,2047,-1,2046,2047,2044,-1,2044,2047,2048,-1,2044,2048,2042,-1,2043,2042,2049,-1,2043,2049,2050,-1,2049,2051,2050,-1,2050,2051,2052,-1,2050,2052,2053,-1,2053,2052,2054,-1,2053,2054,2055,-1,2055,2054,2056,-1,2055,2056,2057,-1,2057,2056,2058,-1,2059,2060,2058,-1,2058,2060,2061,-1,2058,2061,2057,-1,2059,2062,2060,-1,2060,2062,2063,-1,2060,2063,2064,-1,2064,2063,2065,-1,2064,2065,2066,-1,2066,2065,2067,-1,2068,2069,2067,-1,2067,2069,2070,-1,2067,2070,2066,-1,2068,2071,2069,-1,2069,2071,2072,-1,2069,2072,2073,-1,2073,2072,2074,-1,2073,2074,2075,-1,1988,1987,2076,-1,2075,2074,2077,-1,2075,2077,2078,-1,2078,2077,2079,-1,2078,2079,2080,-1,2080,2079,2081,-1,2080,2081,2076,-1,2076,2081,2082,-1,2076,2082,1988,-1,2037,2039,2040,-1,2027,2055,2025,-1,2025,2055,2057,-1,2025,2057,2023,-1,2023,2057,2061,-1,2023,2061,2021,-1,2037,2040,2035,-1,2035,2040,2046,-1,2035,2046,2033,-1,2033,2046,2044,-1,2033,2044,2031,-1,2031,2044,2043,-1,2031,2043,2029,-1,2029,2043,2050,-1,2029,2050,2027,-1,2027,2050,2053,-1,2027,2053,2055,-1,1995,1996,1993,-1,1993,1996,1999,-1,1993,1999,1989,-1,1989,1999,2001,-1,1989,2001,1987,-1,1987,2001,2003,-1,1987,2003,2076,-1,2076,2003,2005,-1,2076,2005,2080,-1,2080,2005,2007,-1,2080,2007,2078,-1,2078,2007,2009,-1,2078,2009,2075,-1,2075,2009,2011,-1,2075,2011,2073,-1,2073,2011,2013,-1,2073,2013,2069,-1,2066,2019,2064,-1,2064,2019,2021,-1,2064,2021,2060,-1,2060,2021,2061,-1,2069,2013,2070,-1,2070,2013,2015,-1,2070,2015,2066,-1,2066,2015,2017,-1,2066,2017,2019,-1,2083,2084,2085,-1,2085,2084,2086,-1,2087,2088,2089,-1,2089,2088,2083,-1,2089,2083,2085,-1,2090,2088,2091,-1,2091,2088,2087,-1,2090,2091,2092,-1,2092,2091,2093,-1,2092,2093,2094,-1,2095,2092,2096,-1,2096,2092,2094,-1,2097,2098,2099,-1,2099,2098,2095,-1,2099,2095,2096,-1,2100,2098,2101,-1,2101,2098,2097,-1,2100,2101,2102,-1,2102,2101,2103,-1,2102,2103,2104,-1,2105,2102,2106,-1,2106,2102,2104,-1,2107,2108,2109,-1,2109,2108,2105,-1,2109,2105,2106,-1,2110,2108,2111,-1,2111,2108,2107,-1,2110,2111,2084,-1,2084,2111,2112,-1,2084,2112,2086,-1,2110,2084,2083,-1,2083,2088,2110,-1,2110,2088,2090,-1,2110,2090,2108,-1,2102,2105,2100,-1,2100,2105,2108,-1,2100,2108,2098,-1,2098,2108,2090,-1,2098,2090,2095,-1,2095,2090,2092,-1,2113,2114,2115,-1,2115,2114,2116,-1,2115,2116,2117,-1,2117,2116,2118,-1,2117,2118,2119,-1,2119,2118,2120,-1,2119,2120,2121,-1,2121,2120,2122,-1,2121,2122,2123,-1,2123,2122,2124,-1,2123,2124,2125,-1,2125,2124,2126,-1,2125,2126,2127,-1,2127,2126,2128,-1,2127,2128,2129,-1,2129,2128,2130,-1,2129,2130,2131,-1,2131,2130,2132,-1,2131,2132,2133,-1,2133,2132,2134,-1,2133,2134,2135,-1,2135,2134,2136,-1,2135,2136,2137,-1,2137,2136,2138,-1,2137,2138,2139,-1,2139,2138,2140,-1,2139,2140,2141,-1,2141,2140,2142,-1,2141,2142,2143,-1,2143,2142,2144,-1,2143,2144,2145,-1,2145,2144,2146,-1,2145,2146,2147,-1,2147,2146,2113,-1,2147,2113,2115,-1,2121,2123,2148,-1,2148,2123,2149,-1,2150,2115,2117,-1,2121,2148,2151,-1,2121,2151,2119,-1,2119,2151,2152,-1,2119,2152,2117,-1,2117,2152,2153,-1,2117,2153,2150,-1,2115,2150,2154,-1,2115,2154,2147,-1,2147,2154,2155,-1,2147,2155,2145,-1,2145,2155,2156,-1,2145,2156,2143,-1,2143,2156,2157,-1,2143,2157,2141,-1,2141,2157,2158,-1,2141,2158,2139,-1,2139,2158,2159,-1,2139,2159,2137,-1,2137,2159,2160,-1,2137,2160,2135,-1,2135,2160,2161,-1,2135,2161,2133,-1,2162,2127,2129,-1,2133,2161,2163,-1,2133,2163,2131,-1,2131,2163,2164,-1,2131,2164,2129,-1,2129,2164,2165,-1,2129,2165,2162,-1,2125,2127,2166,-1,2166,2127,2162,-1,2123,2125,2149,-1,2149,2125,2166,-1,2128,2126,2167,-1,2167,2126,2168,-1,2126,2124,2168,-1,2168,2124,2169,-1,2124,2122,2169,-1,2169,2122,2170,-1,2114,2171,2172,-1,2114,2172,2116,-1,2116,2172,2173,-1,2116,2173,2118,-1,2118,2173,2174,-1,2118,2174,2120,-1,2120,2174,2170,-1,2120,2170,2122,-1,2142,2175,2176,-1,2142,2176,2144,-1,2144,2176,2177,-1,2144,2177,2146,-1,2146,2177,2178,-1,2146,2178,2113,-1,2113,2178,2171,-1,2113,2171,2114,-1,2134,2179,2180,-1,2134,2180,2136,-1,2136,2180,2181,-1,2136,2181,2138,-1,2138,2181,2182,-1,2138,2182,2140,-1,2140,2182,2175,-1,2140,2175,2142,-1,2128,2167,2183,-1,2128,2183,2130,-1,2130,2183,2184,-1,2130,2184,2132,-1,2132,2184,2179,-1,2132,2179,2134,-1,
        ]
    }
}
Shape{
    appearance Appearance {
        material  Material {
            diffuseColor 0.25098039215686274 0.25098039215686274 0.25098039215686274
            specularColor 0.12549019607843137 0.12549019607843137 0.12549019607843137
            ambientIntensity 0.251
            transparency 0.0
            shininess 0.5
        }
    }
    geometry IndexedFaceSet {
        ccw TRUE
        solid FALSE
        coord DEF co Coordinate {
            point [
                1.0299 -0.2063 0.4331, 1.0299 -0.2681 0.4331, 1.042 -0.2063 0.4331, 1.0415 -0.2681 0.4331, 1.0517 -0.267 0.4331, 1.0585 -0.2645 0.4331, 1.0638 -0.261 0.4331, 1.0653 -0.2597 0.4331, 1.0693 -0.2548 0.4331, 1.0721 -0.2488 0.4331, 1.0736 -0.2415 0.4331, 1.0739 -0.2364 0.4331, 1.0729 -0.2272 0.4331, 1.0707 -0.2211 0.4331, 1.0677 -0.2165 0.4331, 1.0651 -0.2139 0.4331, 1.0523 -0.2075 0.4331, 1.0592 -0.21 0.4331
            ]
        }
        coordIndex [
            0,1,2,-1,2,1,3,-1,2,3,4,-1,4,5,2,-1,2,5,6,-1,2,6,7,-1,7,8,2,-1,2,8,9,-1,2,9,10,-1,10,11,2,-1,2,11,12,-1,2,12,13,-1,13,14,2,-1,2,14,15,-1,2,15,16,-1,16,15,17,-1,
        ]
    }
}
Shape{
    appearance Appearance {
        material  Material {
            diffuseColor 1.0 1.0 1.0
            specularColor 0.5019607843137255 0.5019607843137255 0.5019607843137255
            ambientIntensity 1.0
            transparency 0.0
            shininess 0.5
        }
    }
    geometry IndexedFaceSet {
        ccw TRUE
        solid FALSE
        coord DEF co Coordinate {
            point [
                1.1116 -0.2462 0.437, 1.1083 -0.2553 0.437, 1.1384 -0.2462 0.437, 1.1416 -0.2553 0.437, 1.1235 -0.213 0.437, 1.1197 -0.1971 0.437, 1.0892 -0.2772 0.437, 1.1006 -0.2772 0.437, 1.1242 -0.2106 0.437, 1.1249 -0.2073 0.437, 1.1307 -0.1971 0.437, 1.1251 -0.2073 0.437, 1.1257 -0.2107 0.437, 1.1263 -0.213 0.437, 1.1612 -0.2772 0.437, 1.1498 -0.2772 0.437, 1.1307 -0.1971 0.4331, 1.1612 -0.2772 0.4331, 1.1197 -0.1971 0.4331, 1.0892 -0.2772 0.4331, 1.1123 -0.2166 0.4331, 1.1006 -0.2772 0.4331, 1.1083 -0.2553 0.4331, 1.1416 -0.2553 0.4331, 1.1123 -0.2553 0.4331, 1.1498 -0.2772 0.4331, 1.1116 -0.2462 0.4331, 1.1384 -0.2462 0.4331, 1.1263 -0.213 0.4331, 1.1251 -0.2073 0.4331, 1.1257 -0.2107 0.4331, 1.1249 -0.2073 0.4331, 1.1235 -0.213 0.4331, 1.1242 -0.2106 0.4331
            ]
        }
        coordIndex [
            0,1,2,-1,2,1,3,-1,4,5,0,-1,0,5,6,-1,0,6,1,-1,1,6,7,-1,4,8,5,-1,5,8,9,-1,5,9,10,-1,10,9,11,-1,10,11,12,-1,12,13,10,-1,10,13,2,-1,10,2,14,-1,14,2,3,-1,14,3,15,-1,10,14,16,-1,16,14,17,-1,5,10,18,-1,18,10,16,-1,19,6,20,-1,20,6,5,-1,20,5,18,-1,7,6,21,-1,21,6,19,-1,1,7,22,-1,22,7,21,-1,23,3,24,-1,24,3,1,-1,24,1,22,-1,15,3,25,-1,25,3,23,-1,14,15,17,-1,17,15,25,-1,0,2,26,-1,26,2,27,-1,2,13,27,-1,27,13,28,-1,11,29,30,-1,11,30,12,-1,12,30,28,-1,12,28,13,-1,11,9,29,-1,29,9,31,-1,4,32,33,-1,4,33,8,-1,8,33,31,-1,8,31,9,-1,4,0,32,-1,32,0,26,-1,
        ]
    }
}
Shape{
    appearance Appearance {
        material  Material {
            diffuseColor 0.25098039215686274 0.25098039215686274 0.25098039215686274
            specularColor 0.12549019607843137 0.12549019607843137 0.12549019607843137
            ambientIntensity 0.251
            transparency 0.0
            shininess 0.5
        }
    }
    geometry IndexedFaceSet {
        ccw TRUE
        solid FALSE
        coord DEF co Coordinate {
            point [
                1.1251 -0.2073 0.4331, 1.1249 -0.2073 0.4331, 1.1257 -0.2107 0.4331, 1.1242 -0.2106 0.4331, 1.1263 -0.213 0.4331, 1.1235 -0.213 0.4331, 1.1384 -0.2462 0.4331, 1.1116 -0.2462 0.4331
            ]
        }
        coordIndex [
            0,1,2,-1,2,1,3,-1,2,3,4,-1,4,3,5,-1,4,5,6,-1,6,5,7,-1,
        ]
    }
}
Shape{
    appearance Appearance {
        material  Material {
            diffuseColor 1.0 1.0 1.0
            specularColor 0.5019607843137255 0.5019607843137255 0.5019607843137255
            ambientIntensity 1.0
            transparency 0.0
            shininess 0.5
        }
    }
    geometry IndexedFaceSet {
        ccw TRUE
        solid FALSE
        coord DEF co Coordinate {
            point [
                0.8829 -0.3951 0.437, 0.8829 -0.4042 0.437, 0.8829 -0.3951 0.4331, 0.8829 -0.4042 0.4331, 0.8502 -0.3951 0.437, 0.8502 -0.3951 0.4331, 0.8502 -0.3681 0.437, 0.8502 -0.3681 0.4331, 0.8789 -0.3681 0.437, 0.8789 -0.3681 0.4331, 0.8789 -0.359 0.437, 0.8789 -0.359 0.4331, 0.8502 -0.359 0.437, 0.8502 -0.359 0.4331, 0.8502 -0.3333 0.437, 0.8502 -0.3333 0.4331, 0.8811 -0.3333 0.437, 0.8811 -0.3333 0.4331, 0.8811 -0.3241 0.437, 0.8811 -0.3241 0.4331, 0.8399 -0.3241 0.437, 0.8399 -0.3241 0.4331, 0.8399 -0.4042 0.437, 0.8399 -0.4042 0.4331, 0.9151 -0.3773 0.437, 0.9285 -0.3755 0.437, 0.9385 -0.3674 0.437, 0.9285 -0.4042 0.437, 0.9385 -0.4042 0.437, 0.9285 -0.3954 0.437, 0.9285 -0.3679 0.437, 0.9067 -0.3798 0.437, 0.9091 -0.3787 0.437, 0.9282 -0.3954 0.437, 0.9231 -0.3937 0.437, 0.9265 -0.3979 0.437, 0.9203 -0.3957 0.437, 0.9285 -0.381 0.437, 0.9279 -0.3858 0.437, 0.9265 -0.3895 0.437, 0.9242 -0.3927 0.437, 0.9099 -0.3969 0.437, 0.9107 -0.4056 0.437, 0.9133 -0.3973 0.437, 0.9156 -0.405 0.437, 0.9173 -0.3968 0.437, 0.9197 -0.4036 0.437, 0.9233 -0.4013 0.437, 0.9281 -0.3635 0.437, 0.9377 -0.3597 0.437, 0.9271 -0.3599 0.437, 0.9361 -0.3552 0.437, 0.9259 -0.3578 0.437, 0.934 -0.3519 0.437, 0.9244 -0.3562 0.437, 0.9314 -0.3494 0.437, 0.9226 -0.355 0.437, 0.928 -0.3475 0.437, 0.9203 -0.3542 0.437, 0.9238 -0.3462 0.437, 0.9169 -0.3539 0.437, 0.9178 -0.3457 0.437, 0.9114 -0.3544 0.437, 0.9076 -0.347 0.437, 0.9051 -0.3564 0.437, 0.9001 -0.3499 0.437, 0.8981 -0.3608 0.437, 0.8981 -0.351 0.437, 0.9048 -0.3939 0.437, 0.8975 -0.4011 0.437, 0.9056 -0.3947 0.437, 0.9007 -0.4033 0.437, 0.9076 -0.3961 0.437, 0.9045 -0.4048 0.437, 0.9093 -0.4055 0.437, 0.9028 -0.3865 0.437, 0.8926 -0.3877 0.437, 0.9027 -0.3881 0.437, 0.8925 -0.3889 0.437, 0.903 -0.3904 0.437, 0.893 -0.3935 0.437, 0.9036 -0.3922 0.437, 0.8943 -0.3969 0.437, 0.8964 -0.3999 0.437, 0.9115 -0.3702 0.437, 0.9039 -0.3721 0.437, 0.9054 -0.3808 0.437, 0.8996 -0.3743 0.437, 0.9042 -0.3823 0.437, 0.8966 -0.377 0.437, 0.9033 -0.3842 0.437, 0.8946 -0.3798 0.437, 0.8932 -0.3834 0.437, 0.9178 -0.3457 0.4331, 0.9076 -0.347 0.4331, 0.9001 -0.3499 0.4331, 0.8981 -0.351 0.4331, 0.8981 -0.3608 0.4331, 0.9051 -0.3564 0.4331, 0.9114 -0.3544 0.4331, 0.9169 -0.3539 0.4331, 0.9203 -0.3542 0.4331, 0.9226 -0.355 0.4331, 0.9244 -0.3562 0.4331, 0.9259 -0.3578 0.4331, 0.9271 -0.3599 0.4331, 0.9281 -0.3635 0.4331, 0.9285 -0.3679 0.4331, 0.9115 -0.3702 0.4331, 0.9039 -0.3721 0.4331, 0.8996 -0.3743 0.4331, 0.8966 -0.377 0.4331, 0.8946 -0.3798 0.4331, 0.8932 -0.3834 0.4331, 0.8926 -0.3877 0.4331, 0.8925 -0.3889 0.4331, 0.893 -0.3935 0.4331, 0.8943 -0.3969 0.4331, 0.8964 -0.3999 0.4331, 0.8975 -0.4011 0.4331, 0.9107 -0.4056 0.4331, 0.9007 -0.4033 0.4331, 0.9045 -0.4048 0.4331, 0.905 -0.4049 0.4331, 0.9093 -0.4055 0.4331, 0.9156 -0.405 0.4331, 0.9161 -0.4049 0.4331, 0.9197 -0.4036 0.4331, 0.9233 -0.4013 0.4331, 0.9265 -0.3979 0.4331, 0.9282 -0.3954 0.4331, 0.9285 -0.3954 0.4331, 0.9285 -0.4042 0.4331, 0.9385 -0.4042 0.4331, 0.9385 -0.3674 0.4331, 0.9377 -0.3597 0.4331, 0.9361 -0.3552 0.4331, 0.934 -0.3519 0.4331, 0.9314 -0.3494 0.4331, 0.928 -0.3475 0.4331, 0.9238 -0.3462 0.4331, 0.9054 -0.3808 0.4331, 0.9067 -0.3798 0.4331, 0.9091 -0.3787 0.4331, 0.9151 -0.3773 0.4331, 0.9027 -0.3881 0.4331, 0.9028 -0.3865 0.4331, 0.9033 -0.3842 0.4331, 0.9042 -0.3823 0.4331, 0.9056 -0.3947 0.4331, 0.9048 -0.3939 0.4331, 0.9036 -0.3922 0.4331, 0.903 -0.3904 0.4331, 0.9133 -0.3973 0.4331, 0.9099 -0.3969 0.4331, 0.9076 -0.3961 0.4331, 0.9242 -0.3927 0.4331, 0.9231 -0.3937 0.4331, 0.9203 -0.3957 0.4331, 0.9173 -0.3968 0.4331, 0.9285 -0.381 0.4331, 0.9279 -0.3858 0.4331, 0.9265 -0.3895 0.4331, 0.9285 -0.3755 0.4331
            ]
        }
        coordIndex [
            0,1,2,-1,2,1,3,-1,4,0,5,-1,5,0,2,-1,6,4,7,-1,7,4,5,-1,8,6,9,-1,9,6,7,-1,10,8,11,-1,11,8,9,-1,12,10,13,-1,13,10,11,-1,14,12,15,-1,15,12,13,-1,16,14,17,-1,17,14,15,-1,18,16,19,-1,19,16,17,-1,20,18,21,-1,21,18,19,-1,22,20,23,-1,23,20,21,-1,1,22,3,-1,3,22,23,-1,22,1,0,-1,0,4,22,-1,22,4,6,-1,22,6,20,-1,16,18,14,-1,14,18,20,-1,14,20,12,-1,12,20,6,-1,12,6,10,-1,10,6,8,-1,24,25,26,-1,27,28,29,-1,29,28,26,-1,30,31,32,-1,33,34,35,-1,35,34,36,-1,25,37,26,-1,26,37,38,-1,26,38,29,-1,29,38,39,-1,29,39,33,-1,33,39,40,-1,33,40,34,-1,41,42,43,-1,43,42,44,-1,43,44,45,-1,45,44,46,-1,45,46,36,-1,36,46,47,-1,36,47,35,-1,32,24,30,-1,30,24,26,-1,30,26,48,-1,48,26,49,-1,48,49,50,-1,50,49,51,-1,50,51,52,-1,52,51,53,-1,52,53,54,-1,54,53,55,-1,54,55,56,-1,56,55,57,-1,56,57,58,-1,58,57,59,-1,58,59,60,-1,60,59,61,-1,60,61,62,-1,62,61,63,-1,62,63,64,-1,64,63,65,-1,64,65,66,-1,66,65,67,-1,68,69,70,-1,70,69,71,-1,70,71,72,-1,72,71,73,-1,72,73,41,-1,41,73,74,-1,41,74,42,-1,75,76,77,-1,77,76,78,-1,77,78,79,-1,79,78,80,-1,79,80,81,-1,81,80,82,-1,81,82,68,-1,68,82,83,-1,68,83,69,-1,30,84,31,-1,31,84,85,-1,31,85,86,-1,86,85,87,-1,86,87,88,-1,88,87,89,-1,88,89,90,-1,90,89,91,-1,90,91,75,-1,75,91,92,-1,75,92,76,-1,61,93,94,-1,61,94,63,-1,63,94,95,-1,63,95,65,-1,65,95,96,-1,65,96,67,-1,66,67,97,-1,97,67,96,-1,66,97,98,-1,66,98,64,-1,64,98,99,-1,64,99,62,-1,62,99,100,-1,62,100,60,-1,60,100,101,-1,60,101,58,-1,58,101,102,-1,58,102,56,-1,56,102,103,-1,56,103,54,-1,54,103,104,-1,54,104,52,-1,52,104,105,-1,52,105,50,-1,50,105,106,-1,50,106,48,-1,48,106,107,-1,48,107,30,-1,84,30,108,-1,108,30,107,-1,84,108,109,-1,84,109,85,-1,85,109,110,-1,85,110,87,-1,87,110,111,-1,87,111,89,-1,89,111,112,-1,89,112,91,-1,91,112,113,-1,91,113,92,-1,92,113,114,-1,92,114,76,-1,76,114,115,-1,76,115,78,-1,78,115,116,-1,78,116,80,-1,80,116,117,-1,80,117,82,-1,82,117,118,-1,82,118,83,-1,83,118,119,-1,83,119,69,-1,120,42,74,-1,69,119,121,-1,69,121,71,-1,71,121,122,-1,71,122,73,-1,73,122,123,-1,73,123,74,-1,74,123,124,-1,74,124,120,-1,42,120,125,-1,42,125,44,-1,44,125,126,-1,44,126,46,-1,126,127,46,-1,46,127,128,-1,46,128,47,-1,47,128,129,-1,47,129,35,-1,35,129,130,-1,35,130,33,-1,29,33,131,-1,131,33,130,-1,27,29,132,-1,132,29,131,-1,28,27,133,-1,133,27,132,-1,26,28,134,-1,134,28,133,-1,26,134,135,-1,26,135,49,-1,49,135,136,-1,49,136,51,-1,51,136,137,-1,51,137,53,-1,53,137,138,-1,53,138,55,-1,55,138,139,-1,55,139,57,-1,57,139,140,-1,57,140,59,-1,59,140,93,-1,59,93,61,-1,86,141,142,-1,86,142,31,-1,31,142,143,-1,31,143,32,-1,32,143,144,-1,32,144,24,-1,77,145,146,-1,77,146,75,-1,75,146,147,-1,75,147,90,-1,90,147,148,-1,90,148,88,-1,88,148,141,-1,88,141,86,-1,70,149,150,-1,70,150,68,-1,68,150,151,-1,68,151,81,-1,81,151,152,-1,81,152,79,-1,79,152,145,-1,79,145,77,-1,43,153,154,-1,43,154,41,-1,41,154,155,-1,41,155,72,-1,72,155,149,-1,72,149,70,-1,40,156,157,-1,40,157,34,-1,34,157,158,-1,34,158,36,-1,36,158,159,-1,36,159,45,-1,45,159,153,-1,45,153,43,-1,37,160,161,-1,37,161,38,-1,38,161,162,-1,38,162,39,-1,39,162,156,-1,39,156,40,-1,37,25,160,-1,160,25,163,-1,25,24,163,-1,163,24,144,-1,
        ]
    }
}
Shape{
    appearance Appearance {
        material  Material {
            diffuseColor 0.25098039215686274 0.25098039215686274 0.25098039215686274
            specularColor 0.12549019607843137 0.12549019607843137 0.12549019607843137
            ambientIntensity 0.251
            transparency 0.0
            shininess 0.5
        }
    }
    geometry IndexedFaceSet {
        ccw TRUE
        solid FALSE
        coord DEF co Coordinate {
            point [
                0.9285 -0.381 0.4331, 0.9285 -0.3755 0.4331, 0.9151 -0.3773 0.4331, 0.9231 -0.3937 0.4331, 0.9242 -0.3927 0.4331, 0.9173 -0.3968 0.4331, 0.9091 -0.3787 0.4331, 0.9067 -0.3798 0.4331, 0.9203 -0.3957 0.4331, 0.9265 -0.3895 0.4331, 0.9279 -0.3858 0.4331, 0.9033 -0.3842 0.4331, 0.9028 -0.3865 0.4331, 0.9027 -0.3881 0.4331, 0.903 -0.3904 0.4331, 0.9076 -0.3961 0.4331, 0.9099 -0.3969 0.4331, 0.9056 -0.3947 0.4331, 0.9133 -0.3973 0.4331, 0.9054 -0.3808 0.4331, 0.9042 -0.3823 0.4331, 0.9036 -0.3922 0.4331, 0.9048 -0.3939 0.4331
            ]
        }
        coordIndex [
            0,1,2,-1,3,4,2,-1,5,6,7,-1,6,5,2,-1,2,5,8,-1,2,8,3,-1,4,9,2,-1,2,9,10,-1,2,10,0,-1,11,12,5,-1,5,12,13,-1,5,13,14,-1,15,16,17,-1,17,16,18,-1,17,18,5,-1,7,19,5,-1,5,19,20,-1,5,20,11,-1,14,21,5,-1,5,21,22,-1,5,22,17,-1,
        ]
    }
}
Shape{
    appearance Appearance {
        material  Material {
            diffuseColor 1.0 1.0 1.0
            specularColor 0.5019607843137255 0.5019607843137255 0.5019607843137255
            ambientIntensity 1.0
            transparency 0.0
            shininess 0.5
        }
    }
    geometry IndexedFaceSet {
        ccw TRUE
        solid FALSE
        coord DEF co Coordinate {
            point [
                0.9521 -0.3918 0.4331, 0.9521 -0.3918 0.437, 0.9557 -0.3941 0.437, 0.9686 -0.3974 0.437, 0.9686 -0.3974 0.4331, 0.962 -0.3966 0.4331, 0.962 -0.3966 0.437, 0.9567 -0.3945 0.4331, 0.9557 -0.3941 0.4331, 0.9521 -0.4022 0.437, 0.9521 -0.4022 0.4331, 0.9591 -0.4047 0.437, 0.9567 -0.4038 0.4331, 0.9676 -0.4056 0.4331, 0.9676 -0.4056 0.437, 0.9611 -0.4049 0.4331, 0.9591 -0.4047 0.4331, 0.9767 -0.4045 0.437, 0.9732 -0.4049 0.4331, 0.9767 -0.4045 0.4331, 0.982 -0.4024 0.4331, 0.982 -0.4024 0.437, 0.9843 -0.401 0.4331, 0.9843 -0.401 0.437, 0.9873 -0.3983 0.4331, 0.9873 -0.3983 0.437, 0.9891 -0.3956 0.4331, 0.9891 -0.3956 0.437, 0.9903 -0.3924 0.4331, 0.9903 -0.3924 0.437, 0.9907 -0.3887 0.4331, 0.9907 -0.3887 0.437, 0.9902 -0.3846 0.4331, 0.9902 -0.3846 0.437, 0.9891 -0.3817 0.4331, 0.9891 -0.3817 0.437, 0.9873 -0.3792 0.4331, 0.9873 -0.3792 0.437, 0.985 -0.3771 0.4331, 0.985 -0.3771 0.437, 0.9783 -0.3734 0.4331, 0.9783 -0.3734 0.437, 0.9744 -0.3718 0.4331, 0.9744 -0.3718 0.437, 0.9682 -0.3691 0.4331, 0.9682 -0.3691 0.437, 0.9647 -0.3669 0.4331, 0.9647 -0.3669 0.437, 0.9637 -0.3658 0.4331, 0.9637 -0.3658 0.437, 0.963 -0.3644 0.4331, 0.963 -0.3644 0.437, 0.9626 -0.3629 0.4331, 0.9626 -0.3629 0.437, 0.9625 -0.3616 0.4331, 0.9625 -0.3616 0.437, 0.9627 -0.36 0.4331, 0.9627 -0.36 0.437, 0.9632 -0.3586 0.4331, 0.9632 -0.3586 0.437, 0.964 -0.3573 0.4331, 0.964 -0.3573 0.437, 0.9655 -0.356 0.4331, 0.9655 -0.356 0.437, 0.9678 -0.3548 0.4331, 0.9678 -0.3548 0.437, 0.9705 -0.3541 0.4331, 0.9705 -0.3541 0.437, 0.9734 -0.3539 0.4331, 0.9734 -0.3539 0.437, 0.9804 -0.3547 0.4331, 0.9804 -0.3547 0.437, 0.9861 -0.3569 0.4331, 0.9861 -0.3569 0.437, 0.988 -0.358 0.4331, 0.988 -0.358 0.437, 0.988 -0.3482 0.437, 0.988 -0.3482 0.4331, 0.9814 -0.3463 0.4331, 0.9814 -0.3463 0.437, 0.9744 -0.3457 0.4331, 0.9744 -0.3457 0.437, 0.9664 -0.3467 0.4331, 0.9664 -0.3467 0.437, 0.961 -0.3488 0.4331, 0.961 -0.3488 0.437, 0.9586 -0.3503 0.4331, 0.9586 -0.3503 0.437, 0.9567 -0.3519 0.4331, 0.9554 -0.3531 0.437, 0.9554 -0.3531 0.4331, 0.9536 -0.3559 0.4331, 0.9536 -0.3559 0.437, 0.9525 -0.3591 0.4331, 0.9525 -0.3591 0.437, 0.9521 -0.3625 0.4331, 0.9521 -0.3625 0.437, 0.9526 -0.3666 0.4331, 0.9526 -0.3666 0.437, 0.9538 -0.3696 0.4331, 0.9538 -0.3696 0.437, 0.955 -0.3715 0.4331, 0.955 -0.3715 0.437, 0.9673 -0.3791 0.4331, 0.9673 -0.3791 0.437, 0.9614 -0.3763 0.437, 0.9566 -0.3732 0.4331, 0.9566 -0.3732 0.437, 0.9567 -0.3733 0.4331, 0.9614 -0.3763 0.4331, 0.9739 -0.3818 0.4331, 0.9739 -0.3818 0.437, 0.9778 -0.3842 0.4331, 0.9778 -0.3842 0.437, 0.9791 -0.3855 0.4331, 0.9791 -0.3855 0.437, 0.9799 -0.3868 0.4331, 0.9799 -0.3868 0.437, 0.9803 -0.3884 0.4331, 0.9803 -0.3884 0.437, 0.9804 -0.3896 0.4331, 0.9804 -0.3896 0.437, 0.9802 -0.3915 0.4331, 0.9802 -0.3915 0.437, 0.9797 -0.393 0.4331, 0.9797 -0.393 0.437, 0.9788 -0.3943 0.4331, 0.9788 -0.3943 0.437, 0.9777 -0.3953 0.4331, 0.9777 -0.3953 0.437, 0.9768 -0.3958 0.4331, 0.9768 -0.3958 0.437, 0.9742 -0.3968 0.4331, 0.9742 -0.3968 0.437, 0.969 -0.3974 0.4331, 0.969 -0.3974 0.437, 1.0404 -0.347 0.437, 1.0508 -0.347 0.437, 1.0404 -0.347 0.4331, 1.0508 -0.347 0.4331, 1.0248 -0.3901 0.437, 1.0248 -0.3901 0.4331, 1.024 -0.3927 0.4331, 1.024 -0.3927 0.437, 1.0236 -0.3947 0.4331, 1.0236 -0.3947 0.437, 1.0233 -0.3947 0.437, 1.0233 -0.3947 0.4331, 1.0221 -0.39 0.437, 1.0221 -0.39 0.4331, 1.0071 -0.347 0.4331, 1.0071 -0.347 0.437, 1.012 -0.3609 0.4331, 0.9959 -0.347 0.437, 0.9959 -0.347 0.4331, 1.0184 -0.4041 0.4331, 1.0184 -0.4041 0.437, 1.012 -0.3879 0.4331, 1.014 -0.4145 0.4331, 1.014 -0.4145 0.437, 1.018 -0.4049 0.4331, 1.012 -0.418 0.4331, 1.0118 -0.4184 0.437, 1.0118 -0.4184 0.4331, 1.0097 -0.4205 0.4331, 1.0097 -0.4205 0.437, 1.0078 -0.4217 0.4331, 1.0078 -0.4217 0.437, 1.0056 -0.4224 0.4331, 1.0056 -0.4224 0.437, 1.0037 -0.4225 0.4331, 1.0037 -0.4225 0.437, 1.0 -0.4221 0.4331, 1.0 -0.4221 0.437, 0.998 -0.4214 0.4331, 0.998 -0.4214 0.437, 0.998 -0.4303 0.437, 0.998 -0.4303 0.4331, 1.0022 -0.4311 0.4331, 1.0022 -0.4311 0.437, 1.0045 -0.4311 0.4331, 1.0045 -0.4311 0.437, 1.0086 -0.4306 0.4331, 1.0086 -0.4306 0.437, 1.012 -0.4293 0.4331, 1.0126 -0.4291 0.437, 1.0126 -0.4291 0.4331, 1.0161 -0.4266 0.4331, 1.0161 -0.4266 0.437, 1.0163 -0.4264 0.4331, 1.0163 -0.4264 0.437, 1.02 -0.4222 0.4331, 1.02 -0.4222 0.437, 1.0248 -0.4129 0.4331, 1.0248 -0.4129 0.437, 1.0249 -0.4128 0.4331, 1.0249 -0.4128 0.437, 1.028 -0.4049 0.4331, 1.1047 -0.3951 0.437, 1.1047 -0.4042 0.437, 1.1047 -0.3951 0.4331, 1.1047 -0.4042 0.4331, 1.072 -0.3951 0.4331, 1.072 -0.3951 0.437, 1.087 -0.3951 0.4331, 1.072 -0.3681 0.437, 1.072 -0.3681 0.4331, 1.1006 -0.3681 0.4331, 1.1006 -0.3681 0.437, 1.087 -0.3681 0.4331, 1.1006 -0.359 0.437, 1.1006 -0.359 0.4331, 1.072 -0.359 0.4331, 1.072 -0.359 0.437, 1.087 -0.359 0.4331, 1.072 -0.3333 0.437, 1.072 -0.3333 0.4331, 1.1029 -0.3333 0.4331, 1.1029 -0.3333 0.437, 1.087 -0.3333 0.4331, 1.1029 -0.3241 0.437, 1.1029 -0.3241 0.4331, 1.0616 -0.3241 0.4331, 1.0616 -0.3241 0.437, 1.087 -0.3241 0.4331, 1.0616 -0.4042 0.437, 1.0616 -0.4042 0.4331, 1.087 -0.4042 0.4331, 1.1696 -0.3818 0.437, 1.1656 -0.3867 0.437, 1.1729 -0.393 0.437, 1.1641 -0.3881 0.437, 1.1647 -0.3989 0.437, 1.1588 -0.3915 0.437, 1.1556 -0.4025 0.437, 1.152 -0.394 0.437, 1.1418 -0.4042 0.437, 1.1418 -0.3951 0.437, 1.1198 -0.4042 0.437, 1.1302 -0.3951 0.437, 1.1198 -0.3241 0.437, 1.1302 -0.3333 0.437, 1.1427 -0.3241 0.437, 1.1422 -0.3333 0.437, 1.1549 -0.3255 0.437, 1.1526 -0.3345 0.437, 1.1645 -0.329 0.437, 1.1595 -0.337 0.437, 1.1729 -0.3347 0.437, 1.1654 -0.3409 0.437, 1.1757 -0.3374 0.437, 1.168 -0.3435 0.437, 1.1807 -0.3444 0.437, 1.171 -0.3481 0.437, 1.1836 -0.352 0.437, 1.1731 -0.3542 0.437, 1.185 -0.3631 0.437, 1.1741 -0.3634 0.437, 1.1848 -0.3682 0.437, 1.1739 -0.3685 0.437, 1.1828 -0.3776 0.437, 1.1723 -0.3758 0.437, 1.1789 -0.3859 0.437, 1.1418 -0.4042 0.4331, 1.1198 -0.4042 0.4331, 1.1556 -0.4025 0.4331, 1.1647 -0.3989 0.4331, 1.1729 -0.393 0.4331, 1.1789 -0.3859 0.4331, 1.1828 -0.3776 0.4331, 1.1848 -0.3682 0.4331, 1.185 -0.3631 0.4331, 1.1836 -0.352 0.4331, 1.1807 -0.3444 0.4331, 1.1757 -0.3374 0.4331, 1.1729 -0.3347 0.4331, 1.1645 -0.329 0.4331, 1.1549 -0.3255 0.4331, 1.1427 -0.3241 0.4331, 1.1198 -0.3241 0.4331, 1.1422 -0.3333 0.4331, 1.1302 -0.3333 0.4331, 1.1302 -0.3951 0.4331, 1.1418 -0.3951 0.4331, 1.1656 -0.3867 0.4331, 1.1641 -0.3881 0.4331, 1.1588 -0.3915 0.4331, 1.152 -0.394 0.4331, 1.1741 -0.3634 0.4331, 1.1739 -0.3685 0.4331, 1.1723 -0.3758 0.4331, 1.1696 -0.3818 0.4331, 1.1654 -0.3409 0.4331, 1.168 -0.3435 0.4331, 1.171 -0.3481 0.4331, 1.1731 -0.3542 0.4331, 1.1526 -0.3345 0.4331, 1.1595 -0.337 0.4331
            ]
        }
        coordIndex [
            0,1,2,-1,3,4,5,-1,3,5,6,-1,6,5,7,-1,6,7,2,-1,2,7,8,-1,2,8,0,-1,9,1,10,-1,10,1,0,-1,9,10,11,-1,11,10,12,-1,13,14,15,-1,15,14,11,-1,15,11,16,-1,16,11,12,-1,14,13,17,-1,17,13,18,-1,18,19,17,-1,17,19,20,-1,17,20,21,-1,21,20,22,-1,21,22,23,-1,23,22,24,-1,23,24,25,-1,25,24,26,-1,25,26,27,-1,27,26,28,-1,27,28,29,-1,29,28,30,-1,29,30,31,-1,31,30,32,-1,31,32,33,-1,33,32,34,-1,33,34,35,-1,35,34,36,-1,35,36,37,-1,37,36,38,-1,37,38,39,-1,39,38,40,-1,39,40,41,-1,41,40,42,-1,41,42,43,-1,43,42,44,-1,43,44,45,-1,45,44,46,-1,45,46,47,-1,47,46,48,-1,47,48,49,-1,49,48,50,-1,49,50,51,-1,51,50,52,-1,51,52,53,-1,53,52,54,-1,53,54,55,-1,55,54,56,-1,55,56,57,-1,57,56,58,-1,57,58,59,-1,59,58,60,-1,59,60,61,-1,61,60,62,-1,61,62,63,-1,63,62,64,-1,63,64,65,-1,65,64,66,-1,65,66,67,-1,67,66,68,-1,67,68,69,-1,69,68,70,-1,69,70,71,-1,71,70,72,-1,71,72,73,-1,73,72,74,-1,73,74,75,-1,76,75,77,-1,77,75,74,-1,76,77,78,-1,76,78,79,-1,79,78,80,-1,79,80,81,-1,81,80,82,-1,81,82,83,-1,83,82,84,-1,83,84,85,-1,85,84,86,-1,85,86,87,-1,86,88,87,-1,87,88,89,-1,88,90,89,-1,89,90,91,-1,89,91,92,-1,92,91,93,-1,92,93,94,-1,94,93,95,-1,94,95,96,-1,96,95,97,-1,96,97,98,-1,98,97,99,-1,98,99,100,-1,100,99,101,-1,100,101,102,-1,103,104,105,-1,102,101,106,-1,102,106,107,-1,107,106,108,-1,107,108,105,-1,105,108,109,-1,105,109,103,-1,104,103,110,-1,104,110,111,-1,111,110,112,-1,111,112,113,-1,113,112,114,-1,113,114,115,-1,115,114,116,-1,115,116,117,-1,117,116,118,-1,117,118,119,-1,119,118,120,-1,119,120,121,-1,121,120,122,-1,121,122,123,-1,123,122,124,-1,123,124,125,-1,125,124,126,-1,125,126,127,-1,127,126,128,-1,127,128,129,-1,129,128,130,-1,129,130,131,-1,131,130,132,-1,131,132,133,-1,133,132,134,-1,133,134,135,-1,135,134,4,-1,135,4,3,-1,59,61,87,-1,87,61,85,-1,85,61,63,-1,85,63,83,-1,125,25,27,-1,111,43,104,-1,104,43,45,-1,125,27,123,-1,123,27,29,-1,123,29,121,-1,121,29,31,-1,121,31,119,-1,119,31,33,-1,119,33,117,-1,117,33,35,-1,117,35,115,-1,115,35,37,-1,115,37,113,-1,113,37,39,-1,113,39,111,-1,111,39,41,-1,111,41,43,-1,25,125,23,-1,23,125,127,-1,23,127,21,-1,14,3,11,-1,11,3,6,-1,11,6,9,-1,9,6,2,-1,9,2,1,-1,63,65,83,-1,83,65,67,-1,83,67,81,-1,81,67,69,-1,81,69,79,-1,79,69,71,-1,79,71,76,-1,76,71,73,-1,76,73,75,-1,127,129,21,-1,21,129,131,-1,21,131,17,-1,17,131,133,-1,17,133,14,-1,14,133,135,-1,14,135,3,-1,87,89,59,-1,59,89,92,-1,59,92,57,-1,57,92,94,-1,57,94,55,-1,55,94,96,-1,55,96,53,-1,53,96,98,-1,53,98,51,-1,51,98,100,-1,51,100,49,-1,49,100,102,-1,49,102,47,-1,47,102,107,-1,47,107,45,-1,45,107,105,-1,45,105,104,-1,136,137,138,-1,138,137,139,-1,140,136,141,-1,141,136,138,-1,140,141,142,-1,140,142,143,-1,143,142,144,-1,143,144,145,-1,146,145,147,-1,147,145,144,-1,148,146,149,-1,149,146,147,-1,150,151,152,-1,152,151,148,-1,152,148,149,-1,153,151,154,-1,154,151,150,-1,155,156,157,-1,157,156,153,-1,157,153,154,-1,158,159,160,-1,160,159,156,-1,160,156,155,-1,158,161,159,-1,159,161,162,-1,161,163,162,-1,162,163,164,-1,162,164,165,-1,165,164,166,-1,165,166,167,-1,167,166,168,-1,167,168,169,-1,169,168,170,-1,169,170,171,-1,171,170,172,-1,171,172,173,-1,173,172,174,-1,173,174,175,-1,176,175,177,-1,177,175,174,-1,176,177,178,-1,176,178,179,-1,179,178,180,-1,179,180,181,-1,181,180,182,-1,181,182,183,-1,183,182,184,-1,183,184,185,-1,184,186,185,-1,185,186,187,-1,185,187,188,-1,188,187,189,-1,188,189,190,-1,190,189,191,-1,190,191,192,-1,192,191,193,-1,192,193,194,-1,194,193,195,-1,194,195,196,-1,139,137,197,-1,197,137,196,-1,197,196,195,-1,143,145,196,-1,137,136,196,-1,196,136,140,-1,196,140,143,-1,151,153,148,-1,148,153,156,-1,148,156,146,-1,145,146,196,-1,196,146,156,-1,196,156,194,-1,194,156,159,-1,194,159,192,-1,192,159,162,-1,192,162,190,-1,190,162,165,-1,175,176,173,-1,173,176,179,-1,173,179,171,-1,171,179,181,-1,171,181,169,-1,169,181,183,-1,169,183,167,-1,167,183,185,-1,167,185,165,-1,165,185,188,-1,165,188,190,-1,198,199,200,-1,200,199,201,-1,202,203,204,-1,204,203,198,-1,204,198,200,-1,205,203,206,-1,206,203,202,-1,207,208,209,-1,209,208,205,-1,209,205,206,-1,210,208,211,-1,211,208,207,-1,212,213,214,-1,214,213,210,-1,214,210,211,-1,215,213,216,-1,216,213,212,-1,217,218,219,-1,219,218,215,-1,219,215,216,-1,220,218,221,-1,221,218,217,-1,222,223,224,-1,224,223,220,-1,224,220,221,-1,225,223,226,-1,226,223,222,-1,201,199,227,-1,227,199,225,-1,227,225,226,-1,225,199,198,-1,198,203,225,-1,225,203,205,-1,225,205,223,-1,218,220,215,-1,215,220,223,-1,215,223,213,-1,213,223,205,-1,213,205,210,-1,210,205,208,-1,228,229,230,-1,230,229,231,-1,230,231,232,-1,232,231,233,-1,232,233,234,-1,234,233,235,-1,234,235,236,-1,236,235,237,-1,236,237,238,-1,238,237,239,-1,238,239,240,-1,240,239,241,-1,240,241,242,-1,242,241,243,-1,242,243,244,-1,244,243,245,-1,244,245,246,-1,246,245,247,-1,246,247,248,-1,248,247,249,-1,248,249,250,-1,250,249,251,-1,250,251,252,-1,252,251,253,-1,252,253,254,-1,254,253,255,-1,254,255,256,-1,256,255,257,-1,256,257,258,-1,258,257,259,-1,258,259,260,-1,260,259,261,-1,260,261,262,-1,262,261,228,-1,262,228,230,-1,236,238,263,-1,263,238,264,-1,236,263,265,-1,236,265,234,-1,234,265,266,-1,234,266,232,-1,232,266,267,-1,232,267,230,-1,230,267,268,-1,230,268,262,-1,262,268,269,-1,262,269,260,-1,260,269,270,-1,260,270,258,-1,258,270,271,-1,258,271,256,-1,256,271,272,-1,256,272,254,-1,254,272,273,-1,254,273,252,-1,252,273,274,-1,252,274,250,-1,250,274,275,-1,250,275,248,-1,248,275,276,-1,248,276,246,-1,246,276,277,-1,246,277,244,-1,244,277,278,-1,244,278,242,-1,240,242,279,-1,279,242,278,-1,238,240,264,-1,264,240,279,-1,243,241,280,-1,280,241,281,-1,241,239,281,-1,281,239,282,-1,239,237,282,-1,282,237,283,-1,229,284,285,-1,229,285,231,-1,231,285,286,-1,231,286,233,-1,233,286,287,-1,233,287,235,-1,235,287,283,-1,235,283,237,-1,257,288,289,-1,257,289,259,-1,259,289,290,-1,259,290,261,-1,261,290,291,-1,261,291,228,-1,228,291,284,-1,228,284,229,-1,249,292,293,-1,249,293,251,-1,251,293,294,-1,251,294,253,-1,253,294,295,-1,253,295,255,-1,255,295,288,-1,255,288,257,-1,243,280,296,-1,243,296,245,-1,245,296,297,-1,245,297,247,-1,247,297,292,-1,247,292,249,-1,
        ]
    }
}
Shape{
    appearance Appearance {
        material  Material {
            diffuseColor 0.25098039215686274 0.25098039215686274 0.25098039215686274
            specularColor 0.12549019607843137 0.12549019607843137 0.12549019607843137
            ambientIntensity 0.251
            transparency 0.0
            shininess 0.5
        }
    }
    geometry IndexedFaceSet {
        ccw TRUE
        solid FALSE
        coord DEF co Coordinate {
            point [
                1.1302 -0.3333 0.4331, 1.1302 -0.3951 0.4331, 1.1422 -0.3333 0.4331, 1.1418 -0.3951 0.4331, 1.152 -0.394 0.4331, 1.1588 -0.3915 0.4331, 1.1641 -0.3881 0.4331, 1.1656 -0.3867 0.4331, 1.1696 -0.3818 0.4331, 1.1723 -0.3758 0.4331, 1.1739 -0.3685 0.4331, 1.1741 -0.3634 0.4331, 1.1731 -0.3542 0.4331, 1.171 -0.3481 0.4331, 1.168 -0.3435 0.4331, 1.1654 -0.3409 0.4331, 1.1526 -0.3345 0.4331, 1.1595 -0.337 0.4331
            ]
        }
        coordIndex [
            0,1,2,-1,2,1,3,-1,2,3,4,-1,4,5,2,-1,2,5,6,-1,2,6,7,-1,7,8,2,-1,2,8,9,-1,2,9,10,-1,10,11,2,-1,2,11,12,-1,2,12,13,-1,13,14,2,-1,2,14,15,-1,2,15,16,-1,16,15,17,-1,
        ]
    }
}
Shape{
    appearance Appearance {
        material  Material {
            diffuseColor 1.0 1.0 1.0
            specularColor 0.5019607843137255 0.5019607843137255 0.5019607843137255
            ambientIntensity 1.0
            transparency 0.0
            shininess 0.5
        }
    }
    geometry IndexedFaceSet {
        ccw TRUE
        solid FALSE
        coord DEF co Coordinate {
            point [
                1.2118 -0.3733 0.437, 1.2086 -0.3823 0.437, 1.2387 -0.3733 0.437, 1.2419 -0.3823 0.437, 1.2238 -0.34 0.437, 1.2199 -0.3241 0.437, 1.1894 -0.4042 0.437, 1.2009 -0.4042 0.437, 1.2245 -0.3376 0.437, 1.2251 -0.3344 0.437, 1.231 -0.3241 0.437, 1.2254 -0.3344 0.437, 1.226 -0.3378 0.437, 1.2266 -0.34 0.437, 1.2615 -0.4042 0.437, 1.2501 -0.4042 0.437, 1.231 -0.3241 0.4331, 1.2615 -0.4042 0.4331, 1.2199 -0.3241 0.4331, 1.1894 -0.4042 0.4331, 1.2009 -0.4042 0.4331, 1.2086 -0.3823 0.4331, 1.2419 -0.3823 0.4331, 1.2501 -0.4042 0.4331, 1.2118 -0.3733 0.4331, 1.2387 -0.3733 0.4331, 1.2266 -0.34 0.4331, 1.2254 -0.3344 0.4331, 1.226 -0.3378 0.4331, 1.2251 -0.3344 0.4331, 1.2238 -0.34 0.4331, 1.2245 -0.3376 0.4331
            ]
        }
        coordIndex [
            0,1,2,-1,2,1,3,-1,4,5,0,-1,0,5,6,-1,0,6,1,-1,1,6,7,-1,4,8,5,-1,5,8,9,-1,5,9,10,-1,10,9,11,-1,10,11,12,-1,12,13,10,-1,10,13,2,-1,10,2,14,-1,14,2,3,-1,14,3,15,-1,10,14,16,-1,16,14,17,-1,5,10,18,-1,18,10,16,-1,6,5,19,-1,19,5,18,-1,7,6,20,-1,20,6,19,-1,1,7,21,-1,21,7,20,-1,3,1,22,-1,22,1,21,-1,15,3,23,-1,23,3,22,-1,14,15,17,-1,17,15,23,-1,0,2,24,-1,24,2,25,-1,2,13,25,-1,25,13,26,-1,11,27,28,-1,11,28,12,-1,12,28,26,-1,12,26,13,-1,11,9,27,-1,27,9,29,-1,4,30,31,-1,4,31,8,-1,8,31,29,-1,8,29,9,-1,4,0,30,-1,30,0,24,-1,
        ]
    }
}
Shape{
    appearance Appearance {
        material  Material {
            diffuseColor 0.25098039215686274 0.25098039215686274 0.25098039215686274
            specularColor 0.12549019607843137 0.12549019607843137 0.12549019607843137
            ambientIntensity 0.251
            transparency 0.0
            shininess 0.5
        }
    }
    geometry IndexedFaceSet {
        ccw TRUE
        solid FALSE
        coord DEF co Coordinate {
            point [
                1.2254 -0.3344 0.4331, 1.2251 -0.3344 0.4331, 1.226 -0.3378 0.4331, 1.2245 -0.3376 0.4331, 1.2266 -0.34 0.4331, 1.2238 -0.34 0.4331, 1.2387 -0.3733 0.4331, 1.2118 -0.3733 0.4331
            ]
        }
        coordIndex [
            0,1,2,-1,2,1,3,-1,2,3,4,-1,4,3,5,-1,4,5,6,-1,6,5,7,-1,
        ]
    }
}
Shape{
    appearance Appearance {
        material  Material {
            diffuseColor 1.0 1.0 1.0
            specularColor 0.5019607843137255 0.5019607843137255 0.5019607843137255
            ambientIntensity 1.0
            transparency 0.0
            shininess 0.5
        }
    }
    geometry IndexedFaceSet {
        ccw TRUE
        solid FALSE
        coord DEF co Coordinate {
            point [
                0.4862 -0.4155 0.437, 0.4947 -0.426 0.437, 0.4811 -0.3652 0.437, 0.5916 -0.3794 0.437, 0.544 -0.3658 0.437, 0.5486 -0.3689 0.437, 0.6713 -0.3373 0.437, 0.6536 -0.3071 0.437, 0.5773 -0.347 0.437, 0.5387 -0.364 0.437, 0.5341 -0.3635 0.437, 0.5416 -0.328 0.437, 0.5346 -0.3276 0.437, 0.5244 -0.3657 0.437, 0.4687 -0.3576 0.437, 0.4701 -0.4 0.437, 0.4806 -0.4033 0.437, 0.5194 -0.4024 0.437, 0.524 -0.4055 0.437, 0.5058 -0.4344 0.437, 0.5292 -0.4074 0.437, 0.5553 -0.3315 0.437, 0.5211 -0.3293 0.437, 0.5085 -0.3341 0.437, 0.5198 -0.3687 0.437, 0.4969 -0.3422 0.437, 0.5161 -0.3727 0.437, 0.4874 -0.3529 0.437, 0.5134 -0.3776 0.437, 0.512 -0.3831 0.437, 0.69 -0.2809 0.437, 0.6946 -0.2809 0.437, 0.7179 -0.2502 0.437, 0.7054 -0.2823 0.437, 0.7219 -0.2516 0.437, 0.7153 -0.2861 0.437, 0.7387 -0.2603 0.437, 0.754 -0.2735 0.437, 0.5299 -0.2622 0.437, 0.5341 -0.2644 0.437, 0.5164 -0.2229 0.437, 0.5418 -0.2479 0.437, 0.5281 -0.2093 0.437, 0.5542 -0.2324 0.437, 0.5415 -0.1978 0.437, 0.5699 -0.2205 0.437, 0.5553 -0.1893 0.437, 0.6655 -0.4042 0.437, 0.6678 -0.4045 0.437, 0.6724 -0.3698 0.437, 0.5815 -0.1791 0.437, 0.5884 -0.2127 0.437, 0.6098 -0.1756 0.437, 0.6872 -0.2052 0.437, 0.6684 -0.2348 0.437, 0.7058 -0.2267 0.437, 0.6803 -0.2509 0.437, 0.688 -0.2698 0.437, 0.4585 -0.3471 0.437, 0.435 -0.376 0.437, 0.4499 -0.3892 0.437, 0.4487 -0.2991 0.437, 0.4114 -0.3066 0.437, 0.447 -0.3128 0.437, 0.4111 -0.314 0.437, 0.4476 -0.3215 0.437, 0.4131 -0.3332 0.437, 0.4517 -0.3354 0.437, 0.4205 -0.3546 0.437, 0.4324 -0.373 0.437, 0.5295 -0.364 0.437, 0.5674 -0.3379 0.437, 0.7242 -0.2923 0.437, 0.7308 -0.2997 0.437, 0.7653 -0.2899 0.437, 0.7361 -0.3095 0.437, 0.772 -0.3074 0.437, 0.7387 -0.3205 0.437, 0.7743 -0.3248 0.437, 0.739 -0.3254 0.437, 0.698 -0.3698 0.437, 0.7014 -0.4045 0.437, 0.7082 -0.3678 0.437, 0.7191 -0.4009 0.437, 0.7182 -0.3632 0.437, 0.7365 -0.3927 0.437, 0.7267 -0.3563 0.437, 0.7515 -0.3807 0.437, 0.7275 -0.3554 0.437, 0.7532 -0.3789 0.437, 0.7337 -0.3466 0.437, 0.7638 -0.3644 0.437, 0.7376 -0.3364 0.437, 0.7713 -0.3465 0.437, 0.7742 -0.3279 0.437, 0.5171 -0.2575 0.437, 0.5099 -0.2221 0.437, 0.5039 -0.2559 0.437, 0.5033 -0.2217 0.437, 0.4981 -0.2562 0.437, 0.484 -0.2238 0.437, 0.484 -0.2595 0.437, 0.4627 -0.2312 0.437, 0.4713 -0.2662 0.437, 0.4435 -0.2439 0.437, 0.4614 -0.275 0.437, 0.4379 -0.2491 0.437, 0.4535 -0.2864 0.437, 0.4257 -0.2641 0.437, 0.416 -0.2842 0.437, 0.5157 -0.3982 0.437, 0.5133 -0.3936 0.437, 0.512 -0.3883 0.437, 0.6514 -0.3852 0.437, 0.6513 -0.3868 0.437, 0.6695 -0.3692 0.437, 0.6074 -0.2098 0.437, 0.6103 -0.2098 0.437, 0.6332 -0.1781 0.437, 0.6281 -0.2118 0.437, 0.6618 -0.1882 0.437, 0.6461 -0.2183 0.437, 0.6623 -0.229 0.437, 0.5523 -0.373 0.437, 0.5548 -0.3776 0.437, 0.5916 -0.3851 0.437, 0.5561 -0.3829 0.437, 0.5913 -0.3909 0.437, 0.5561 -0.3885 0.437, 0.588 -0.405 0.437, 0.5547 -0.3939 0.437, 0.5812 -0.4177 0.437, 0.552 -0.3988 0.437, 0.5724 -0.4276 0.437, 0.5482 -0.4028 0.437, 0.5611 -0.4355 0.437, 0.5437 -0.4057 0.437, 0.5484 -0.4404 0.437, 0.5387 -0.4074 0.437, 0.5346 -0.4421 0.437, 0.5341 -0.4079 0.437, 0.5324 -0.442 0.437, 0.519 -0.4399 0.437, 0.6557 -0.3983 0.437, 0.6578 -0.4004 0.437, 0.6518 -0.3908 0.437, 0.6533 -0.3947 0.437, 0.6712 -0.3696 0.437, 0.6617 -0.4029 0.437, 0.669 -0.3692 0.437, 0.6649 -0.3697 0.437, 0.661 -0.3711 0.437, 0.6575 -0.3735 0.437, 0.6545 -0.3768 0.437, 0.6524 -0.3808 0.437, 0.757 -0.2779 0.4331, 0.7653 -0.2899 0.4331, 0.77 -0.302 0.4331, 0.772 -0.3074 0.4331, 0.7743 -0.3248 0.4331, 0.754 -0.2735 0.4331, 0.7387 -0.2603 0.4331, 0.7219 -0.2516 0.4331, 0.7179 -0.2502 0.4331, 0.7058 -0.2267 0.4331, 0.6872 -0.2052 0.4331, 0.6741 -0.1964 0.4331, 0.6618 -0.1882 0.4331, 0.6332 -0.1781 0.4331, 0.6098 -0.1756 0.4331, 0.5815 -0.1791 0.4331, 0.5553 -0.1893 0.4331, 0.5437 -0.1964 0.4331, 0.5415 -0.1978 0.4331, 0.5281 -0.2093 0.4331, 0.5164 -0.2229 0.4331, 0.5099 -0.2221 0.4331, 0.5033 -0.2217 0.4331, 0.484 -0.2238 0.4331, 0.4627 -0.2312 0.4331, 0.4435 -0.2439 0.4331, 0.4379 -0.2491 0.4331, 0.4257 -0.2641 0.4331, 0.4191 -0.2779 0.4331, 0.416 -0.2842 0.4331, 0.4123 -0.302 0.4331, 0.4114 -0.3066 0.4331, 0.4111 -0.314 0.4331, 0.4131 -0.3332 0.4331, 0.4205 -0.3546 0.4331, 0.4324 -0.373 0.4331, 0.435 -0.376 0.4331, 0.4499 -0.3892 0.4331, 0.4701 -0.4 0.4331, 0.4806 -0.4033 0.4331, 0.4813 -0.4049 0.4331, 0.4862 -0.4155 0.4331, 0.4947 -0.426 0.4331, 0.5058 -0.4344 0.4331, 0.5111 -0.4366 0.4331, 0.519 -0.4399 0.4331, 0.5324 -0.442 0.4331, 0.5346 -0.4421 0.4331, 0.5916 -0.3851 0.4331, 0.5484 -0.4404 0.4331, 0.5582 -0.4366 0.4331, 0.5611 -0.4355 0.4331, 0.5724 -0.4276 0.4331, 0.5812 -0.4177 0.4331, 0.588 -0.405 0.4331, 0.588 -0.4049 0.4331, 0.5913 -0.3909 0.4331, 0.5916 -0.3794 0.4331, 0.6713 -0.3373 0.4331, 0.6536 -0.3071 0.4331, 0.5773 -0.347 0.4331, 0.5674 -0.3379 0.4331, 0.5553 -0.3315 0.4331, 0.5416 -0.328 0.4331, 0.5346 -0.3276 0.4331, 0.5211 -0.3293 0.4331, 0.5085 -0.3341 0.4331, 0.4969 -0.3422 0.4331, 0.4874 -0.3529 0.4331, 0.4811 -0.3652 0.4331, 0.4687 -0.3576 0.4331, 0.4585 -0.3471 0.4331, 0.4517 -0.3354 0.4331, 0.4476 -0.3215 0.4331, 0.447 -0.3128 0.4331, 0.4483 -0.302 0.4331, 0.4487 -0.2991 0.4331, 0.4535 -0.2864 0.4331, 0.4594 -0.2779 0.4331, 0.4614 -0.275 0.4331, 0.4713 -0.2662 0.4331, 0.484 -0.2595 0.4331, 0.4981 -0.2562 0.4331, 0.5039 -0.2559 0.4331, 0.5171 -0.2575 0.4331, 0.5299 -0.2622 0.4331, 0.5341 -0.2644 0.4331, 0.5418 -0.2479 0.4331, 0.5542 -0.2324 0.4331, 0.5699 -0.2205 0.4331, 0.5884 -0.2127 0.4331, 0.6074 -0.2098 0.4331, 0.6103 -0.2098 0.4331, 0.6281 -0.2118 0.4331, 0.6461 -0.2183 0.4331, 0.6623 -0.229 0.4331, 0.6684 -0.2348 0.4331, 0.6803 -0.2509 0.4331, 0.688 -0.2698 0.4331, 0.6895 -0.2779 0.4331, 0.69 -0.2809 0.4331, 0.6946 -0.2809 0.4331, 0.7054 -0.2823 0.4331, 0.7153 -0.2861 0.4331, 0.7242 -0.2923 0.4331, 0.7308 -0.2997 0.4331, 0.7321 -0.302 0.4331, 0.7361 -0.3095 0.4331, 0.7387 -0.3205 0.4331, 0.739 -0.3254 0.4331, 0.7376 -0.3364 0.4331, 0.7337 -0.3466 0.4331, 0.7275 -0.3554 0.4331, 0.7267 -0.3563 0.4331, 0.7182 -0.3632 0.4331, 0.7082 -0.3678 0.4331, 0.698 -0.3698 0.4331, 0.6724 -0.3698 0.4331, 0.6712 -0.3696 0.4331, 0.6695 -0.3692 0.4331, 0.669 -0.3692 0.4331, 0.6649 -0.3697 0.4331, 0.661 -0.3711 0.4331, 0.6575 -0.3735 0.4331, 0.6545 -0.3768 0.4331, 0.6524 -0.3808 0.4331, 0.6514 -0.3852 0.4331, 0.6513 -0.3868 0.4331, 0.6518 -0.3908 0.4331, 0.6533 -0.3947 0.4331, 0.6557 -0.3983 0.4331, 0.6578 -0.4004 0.4331, 0.6617 -0.4029 0.4331, 0.6655 -0.4042 0.4331, 0.6678 -0.4045 0.4331, 0.7014 -0.4045 0.4331, 0.7191 -0.4009 0.4331, 0.7365 -0.3927 0.4331, 0.7515 -0.3807 0.4331, 0.7532 -0.3789 0.4331, 0.7638 -0.3644 0.4331, 0.7713 -0.3465 0.4331, 0.7742 -0.3279 0.4331, 0.5341 -0.3635 0.4331, 0.5387 -0.364 0.4331, 0.544 -0.3658 0.4331, 0.5486 -0.3689 0.4331, 0.5523 -0.373 0.4331, 0.5548 -0.3776 0.4331, 0.5561 -0.3829 0.4331, 0.5561 -0.3885 0.4331, 0.5547 -0.3939 0.4331, 0.552 -0.3988 0.4331, 0.5482 -0.4028 0.4331, 0.5437 -0.4057 0.4331, 0.5387 -0.4074 0.4331, 0.5341 -0.4079 0.4331, 0.5292 -0.4074 0.4331, 0.524 -0.4055 0.4331, 0.5194 -0.4024 0.4331, 0.5157 -0.3982 0.4331, 0.5133 -0.3936 0.4331, 0.512 -0.3883 0.4331, 0.512 -0.3831 0.4331, 0.5134 -0.3776 0.4331, 0.5161 -0.3727 0.4331, 0.5198 -0.3687 0.4331, 0.5244 -0.3657 0.4331, 0.5295 -0.364 0.4331
            ]
        }
        coordIndex [
            0,1,2,-1,3,4,5,-1,6,7,8,-1,4,3,9,-1,9,3,6,-1,9,6,10,-1,11,12,13,-1,14,15,2,-1,2,15,16,-1,2,16,0,-1,17,1,18,-1,18,1,19,-1,18,19,20,-1,11,13,21,-1,12,22,13,-1,13,22,23,-1,13,23,24,-1,24,23,25,-1,24,25,26,-1,26,25,27,-1,26,27,28,-1,28,27,2,-1,28,2,29,-1,30,31,32,-1,32,31,33,-1,32,33,34,-1,34,33,35,-1,34,35,36,-1,36,35,37,-1,38,39,40,-1,40,39,41,-1,40,41,42,-1,42,41,43,-1,42,43,44,-1,44,43,45,-1,44,45,46,-1,47,48,49,-1,46,45,50,-1,50,45,51,-1,50,51,52,-1,53,54,55,-1,55,54,56,-1,55,56,32,-1,32,56,57,-1,32,57,30,-1,58,59,14,-1,14,59,60,-1,14,60,15,-1,61,62,63,-1,63,62,64,-1,63,64,65,-1,65,64,66,-1,65,66,67,-1,67,66,68,-1,67,68,58,-1,58,68,69,-1,58,69,59,-1,10,6,70,-1,70,6,8,-1,70,8,13,-1,13,8,71,-1,13,71,21,-1,35,72,37,-1,37,72,73,-1,37,73,74,-1,74,73,75,-1,74,75,76,-1,76,75,77,-1,76,77,78,-1,78,77,79,-1,49,48,80,-1,80,48,81,-1,80,81,82,-1,82,81,83,-1,82,83,84,-1,84,83,85,-1,84,85,86,-1,86,85,87,-1,86,87,88,-1,88,87,89,-1,88,89,90,-1,90,89,91,-1,90,91,92,-1,92,91,93,-1,92,93,79,-1,79,93,94,-1,79,94,78,-1,38,40,95,-1,95,40,96,-1,95,96,97,-1,97,96,98,-1,97,98,99,-1,99,98,100,-1,99,100,101,-1,101,100,102,-1,101,102,103,-1,103,102,104,-1,103,104,105,-1,105,104,106,-1,105,106,107,-1,107,106,108,-1,107,108,61,-1,61,108,109,-1,61,109,62,-1,17,110,1,-1,1,110,111,-1,1,111,2,-1,2,111,112,-1,2,112,29,-1,113,114,115,-1,51,116,52,-1,52,116,117,-1,52,117,118,-1,118,117,119,-1,118,119,120,-1,120,119,121,-1,120,121,53,-1,53,121,122,-1,53,122,54,-1,5,123,3,-1,3,123,124,-1,3,124,125,-1,125,124,126,-1,125,126,127,-1,127,126,128,-1,127,128,129,-1,129,128,130,-1,129,130,131,-1,131,130,132,-1,131,132,133,-1,133,132,134,-1,133,134,135,-1,135,134,136,-1,135,136,137,-1,137,136,138,-1,137,138,139,-1,139,138,140,-1,139,140,141,-1,141,140,20,-1,141,20,142,-1,142,20,19,-1,115,143,144,-1,114,145,115,-1,115,145,146,-1,115,146,143,-1,49,147,47,-1,47,147,115,-1,47,115,148,-1,148,115,144,-1,115,149,113,-1,113,149,150,-1,113,150,151,-1,151,152,113,-1,113,152,153,-1,113,153,154,-1,155,37,156,-1,156,37,74,-1,156,74,157,-1,157,74,76,-1,157,76,158,-1,158,76,78,-1,158,78,159,-1,155,160,37,-1,37,160,161,-1,37,161,36,-1,36,161,162,-1,36,162,34,-1,34,162,163,-1,34,163,32,-1,32,163,164,-1,32,164,55,-1,55,164,165,-1,55,165,53,-1,120,53,166,-1,166,53,165,-1,166,167,120,-1,120,167,168,-1,120,168,118,-1,118,168,169,-1,118,169,52,-1,52,169,170,-1,52,170,50,-1,50,170,171,-1,50,171,46,-1,46,171,44,-1,44,171,172,-1,44,172,173,-1,44,173,174,-1,44,174,42,-1,42,174,175,-1,42,175,40,-1,40,175,176,-1,40,176,96,-1,96,176,177,-1,96,177,98,-1,98,177,178,-1,98,178,100,-1,100,178,179,-1,100,179,102,-1,102,179,180,-1,102,180,104,-1,104,180,181,-1,104,181,106,-1,109,108,182,-1,182,108,106,-1,182,106,181,-1,182,183,109,-1,109,183,184,-1,109,184,62,-1,62,184,185,-1,185,186,62,-1,62,186,187,-1,62,187,64,-1,64,187,188,-1,64,188,66,-1,66,188,189,-1,66,189,68,-1,68,189,190,-1,68,190,69,-1,69,190,191,-1,69,191,59,-1,59,191,192,-1,59,192,60,-1,60,192,193,-1,60,193,15,-1,15,193,194,-1,15,194,16,-1,16,194,195,-1,16,195,0,-1,195,196,0,-1,0,196,197,-1,0,197,1,-1,1,197,198,-1,1,198,19,-1,19,198,199,-1,19,199,142,-1,199,200,142,-1,142,200,201,-1,142,201,141,-1,141,201,202,-1,141,202,139,-1,203,125,127,-1,139,202,204,-1,205,135,204,-1,204,135,137,-1,204,137,139,-1,205,206,135,-1,135,206,207,-1,135,207,133,-1,133,207,208,-1,133,208,131,-1,131,208,209,-1,131,209,129,-1,129,209,210,-1,129,210,127,-1,127,210,211,-1,127,211,203,-1,3,125,212,-1,212,125,203,-1,6,3,213,-1,213,3,212,-1,7,6,214,-1,214,6,213,-1,8,7,215,-1,215,7,214,-1,8,215,216,-1,8,216,71,-1,71,216,217,-1,71,217,21,-1,21,217,218,-1,21,218,11,-1,11,218,219,-1,11,219,12,-1,12,219,220,-1,12,220,22,-1,22,220,221,-1,22,221,23,-1,23,221,222,-1,23,222,25,-1,25,222,223,-1,25,223,27,-1,27,223,224,-1,27,224,2,-1,2,224,225,-1,2,225,14,-1,14,225,226,-1,14,226,58,-1,58,226,227,-1,58,227,67,-1,67,227,228,-1,67,228,65,-1,65,228,229,-1,65,229,63,-1,61,63,229,-1,229,230,61,-1,61,230,231,-1,61,231,232,-1,233,105,232,-1,232,105,107,-1,232,107,61,-1,233,234,105,-1,105,234,235,-1,105,235,103,-1,103,235,236,-1,103,236,101,-1,101,236,237,-1,101,237,99,-1,99,237,238,-1,99,238,97,-1,97,238,239,-1,97,239,95,-1,95,239,240,-1,95,240,38,-1,38,240,241,-1,38,241,39,-1,39,241,242,-1,39,242,41,-1,41,242,243,-1,41,243,43,-1,43,243,244,-1,43,244,45,-1,45,244,245,-1,45,245,51,-1,51,245,246,-1,51,246,116,-1,116,246,247,-1,116,247,117,-1,117,247,248,-1,117,248,119,-1,119,248,249,-1,119,249,121,-1,121,249,250,-1,121,250,122,-1,122,250,251,-1,122,251,54,-1,54,251,252,-1,54,252,56,-1,56,252,253,-1,56,253,57,-1,57,253,30,-1,30,253,254,-1,30,254,255,-1,31,30,256,-1,256,30,255,-1,31,256,257,-1,31,257,33,-1,33,257,258,-1,33,258,35,-1,35,258,259,-1,35,259,72,-1,72,259,260,-1,72,260,73,-1,73,260,261,-1,73,261,75,-1,261,262,75,-1,75,262,263,-1,75,263,77,-1,77,263,264,-1,77,264,79,-1,79,264,265,-1,79,265,92,-1,92,265,266,-1,92,266,90,-1,90,266,267,-1,90,267,88,-1,88,267,268,-1,88,268,86,-1,86,268,269,-1,86,269,84,-1,84,269,270,-1,84,270,82,-1,82,270,271,-1,82,271,80,-1,49,80,272,-1,272,80,271,-1,49,272,273,-1,49,273,147,-1,147,273,274,-1,147,274,115,-1,115,274,275,-1,115,275,149,-1,149,275,276,-1,149,276,150,-1,150,276,277,-1,150,277,151,-1,151,277,278,-1,151,278,152,-1,152,278,279,-1,152,279,153,-1,153,279,280,-1,153,280,154,-1,154,280,281,-1,154,281,113,-1,113,281,282,-1,113,282,114,-1,114,282,283,-1,114,283,145,-1,145,283,284,-1,145,284,146,-1,146,284,285,-1,146,285,143,-1,143,285,286,-1,143,286,144,-1,144,286,287,-1,144,287,148,-1,148,287,288,-1,148,288,47,-1,47,288,289,-1,47,289,48,-1,81,48,290,-1,290,48,289,-1,81,290,291,-1,81,291,83,-1,83,291,292,-1,83,292,85,-1,85,292,293,-1,85,293,87,-1,87,293,294,-1,87,294,89,-1,89,294,295,-1,89,295,91,-1,91,295,296,-1,91,296,93,-1,93,296,297,-1,93,297,94,-1,94,297,159,-1,94,159,78,-1,10,298,299,-1,10,299,9,-1,9,299,300,-1,9,300,4,-1,4,300,301,-1,4,301,5,-1,5,301,302,-1,5,302,123,-1,123,302,303,-1,123,303,124,-1,124,303,304,-1,124,304,126,-1,126,304,305,-1,126,305,128,-1,128,305,306,-1,128,306,130,-1,130,306,307,-1,130,307,132,-1,132,307,308,-1,132,308,134,-1,134,308,309,-1,134,309,136,-1,136,309,310,-1,136,310,138,-1,138,310,311,-1,138,311,140,-1,140,311,312,-1,140,312,20,-1,20,312,313,-1,20,313,18,-1,18,313,314,-1,18,314,17,-1,17,314,315,-1,17,315,110,-1,110,315,316,-1,110,316,111,-1,111,316,317,-1,111,317,112,-1,112,317,318,-1,112,318,29,-1,29,318,319,-1,29,319,28,-1,28,319,320,-1,28,320,26,-1,26,320,321,-1,26,321,24,-1,24,321,322,-1,24,322,13,-1,13,322,323,-1,13,323,70,-1,70,323,298,-1,70,298,10,-1,
        ]
    }
}
Shape{
    appearance Appearance {
        material  Material {
            diffuseColor 0.25098039215686274 0.25098039215686274 0.25098039215686274
            specularColor 0.12549019607843137 0.12549019607843137 0.12549019607843137
            ambientIntensity 0.251
            transparency 0.0
            shininess 0.5
        }
    }
    geometry IndexedFaceSet {
        ccw TRUE
        solid FALSE
        coord DEF co Coordinate {
            point [
                0.5295 -0.364 0.4331, 0.5341 -0.4079 0.4331, 0.5341 -0.3635 0.4331, 0.5387 -0.4074 0.4331, 0.5387 -0.364 0.4331, 0.5161 -0.3727 0.4331, 0.5134 -0.3776 0.4331, 0.512 -0.3831 0.4331, 0.5133 -0.3936 0.4331, 0.5157 -0.3982 0.4331, 0.5194 -0.4024 0.4331, 0.5548 -0.3776 0.4331, 0.5523 -0.373 0.4331, 0.5482 -0.4028 0.4331, 0.5486 -0.3689 0.4331, 0.524 -0.4055 0.4331, 0.5292 -0.4074 0.4331, 0.5547 -0.3939 0.4331, 0.5561 -0.3885 0.4331, 0.5561 -0.3829 0.4331, 0.5437 -0.4057 0.4331, 0.544 -0.3658 0.4331, 0.512 -0.3883 0.4331, 0.5244 -0.3657 0.4331, 0.5198 -0.3687 0.4331, 0.552 -0.3988 0.4331
            ]
        }
        coordIndex [
            0,1,2,-1,2,1,3,-1,2,3,4,-1,5,6,7,-1,8,9,0,-1,0,9,10,-1,11,12,13,-1,13,12,14,-1,10,15,0,-1,0,15,16,-1,0,16,1,-1,17,18,19,-1,3,20,4,-1,4,20,13,-1,4,13,21,-1,21,13,14,-1,8,0,22,-1,22,0,23,-1,22,23,7,-1,7,23,24,-1,7,24,5,-1,11,13,19,-1,19,13,25,-1,19,25,17,-1,
        ]
    }
}