#VRML V2.0 utf8
# 3D model generated by kicad-lcsc-manager
# Based on easyeda2kicad.py v1.0.1

Shape{
    appearance Appearance {
        material  Material {
            diffuseColor 1.0 1.0 1.0
            specularColor 0.5019607843137255 0.5019607843137255 0.5019607843137255
            ambientIntensity 1.0
            transparency 0.0
            shininess 0.5
        }
    }
    geometry IndexedFaceSet {
        ccw TRUE
        solid FALSE
        coord DEF co Coordinate {
            point [
                6.0946 -0.0002 3.1492, 5.8892 0.236 3.1492, 5.8228 -0.2364 3.1492, 4.1772 0.236 3.1492, 4.1108 -0.2364 3.1492, 3.9054 -0.0002 3.1492, 5.8228 -0.2364 3.1496, 5.0078 -0.2364 3.1496, 4.1108 -0.2364 3.1496, 6.0941 -0.0006 3.1496, 6.0946 -0.0002 3.1496, 5.8906 -0.1775 3.1496, 5.8906 0.2344 3.1496, 5.8892 0.236 3.1496, 6.0109 0.0961 3.1496, 4.1772 0.236 3.1496, 5.0078 0.236 3.1496, 3.9054 -0.0002 3.1496, 4.0162 0.0961 3.1496, 3.9058 -0.0006 3.1496, 6.0048 0.3111 3.1492, 6.1975 0.0893 3.1492, 6.4859 0.34 3.1492, 6.2314 1.9234 3.1492, 6.7085 1.9234 3.1492, 6.5031 2.1596 3.1492, 6.2424 1.933 3.1496, 6.2314 1.9234 3.1496, 6.4199 2.0873 3.1496, 6.5031 2.1596 3.1496, 6.0048 0.3111 3.1496, 6.1975 0.0893 3.1496, 6.1917 0.0961 3.1496, 6.2053 0.0961 3.1496, 6.4859 0.34 3.1496, 6.4199 0.2827 3.1496, 6.2424 0.1283 3.1496, 6.7085 1.9234 3.1496, 4.3249 1.937 3.1492, 4.1196 2.1732 3.1492, 3.8479 1.937 3.1492, 4.1021 0.3516 3.1492, 3.6215 0.3264 3.1492, 3.8159 0.1028 3.1492, 3.6215 0.3264 3.1496, 3.8479 1.937 3.1496, 3.8159 0.1028 3.1496, 4.1021 0.3516 3.1496, 4.3249 1.937 3.1496, 4.1196 2.1732 3.1496, 5.7764 -2.264 3.1492, 5.5711 -2.0278 3.1492, 5.5047 -2.5002 3.1492, 3.859 -2.0278 3.1492, 3.7926 -2.5002 3.1492, 3.5873 -2.264 3.1492, 5.5711 -2.0278 3.1496, 5.7764 -2.264 3.1496, 3.859 -2.0278 3.1496, 5.0078 -2.0278 3.1496, 3.5873 -2.264 3.1496, 3.6044 -2.2491 3.1496, 3.7926 -2.5002 3.1496, 3.6044 -2.2837 3.1496, 5.5047 -2.5002 3.1496, 5.0078 -2.5002 3.1496, 5.6907 -1.9238 3.1492, 5.896 -2.16 3.1492, 6.1678 -1.9238 3.1492, 5.9132 -0.3404 3.1492, 6.3903 -0.3404 3.1492, 6.185 -0.1042 3.1492, 5.896 -2.16 3.1496, 5.8906 -2.1537 3.1496, 5.6907 -1.9238 3.1496, 6.1678 -1.9238 3.1496, 6.2424 -1.3926 3.1496, 6.2811 -1.1173 3.1496, 6.3903 -0.3404 3.1496, 6.185 -0.1042 3.1496, 6.2424 -0.1703 3.1496, 5.9132 -0.3404 3.1496, 5.804 -1.1173 3.1496, 5.8906 -0.5014 3.1496, 6.9231 -2.3969 3.1492, 6.9496 -2.3328 3.1492, 6.6929 -2.264 3.1492, 6.9587 -2.264 3.1492, 6.9496 -2.1952 3.1492, 6.7617 -2.5207 3.1492, 6.8258 -2.4941 3.1492, 6.8808 -2.4519 3.1492, 6.56 -2.4941 3.1492, 6.6241 -2.5207 3.1492, 6.6929 -2.5297 3.1492, 6.4362 -2.3328 3.1492, 6.4628 -2.3969 3.1492, 6.505 -2.4519 3.1492, 6.4628 -2.1311 3.1492, 6.4362 -2.1952 3.1492, 6.4272 -2.264 3.1492, 6.6241 -2.0073 3.1492, 6.56 -2.0338 3.1492, 6.505 -2.0761 3.1492, 6.8258 -2.0338 3.1492, 6.7617 -2.0073 3.1492, 6.6929 -1.9982 3.1492, 6.9231 -2.1311 3.1492, 6.8808 -2.0761 3.1492, 6.8336 -2.0398 3.1496, 6.8258 -2.0338 3.1496, 6.7617 -2.0073 3.1496, 6.6929 -1.9982 3.1496, 6.6241 -2.0073 3.1496, 6.56 -2.0338 3.1496, 6.505 -2.0761 3.1496, 6.4628 -2.1311 3.1496, 6.4362 -2.1952 3.1496, 6.4272 -2.264 3.1496, 6.4362 -2.3328 3.1496, 6.4628 -2.3969 3.1496, 6.505 -2.4519 3.1496, 6.56 -2.4941 3.1496, 6.6241 -2.5207 3.1496, 6.6929 -2.5297 3.1496, 6.7617 -2.5207 3.1496, 6.8258 -2.4941 3.1496, 6.8336 -2.4882 3.1496, 6.8808 -2.4519 3.1496, 6.9231 -2.3969 3.1496, 6.9496 -2.3328 3.1496, 6.9587 -2.264 3.1496, 6.9496 -2.1952 3.1496, 6.9231 -2.1311 3.1496, 6.8808 -2.0761 3.1496, 4.2236 2.2636 3.1492, 4.4289 2.0274 3.1492, 4.4953 2.4998 3.1492, 6.141 2.0274 3.1492, 6.2074 2.4998 3.1492, 6.4127 2.2636 3.1492, 4.4289 2.0274 3.1496, 4.2236 2.2636 3.1496, 5.8906 2.0274 3.1496, 6.141 2.0274 3.1496, 5.0078 2.0274 3.1496, 6.4127 2.2636 3.1496, 6.2424 2.1156 3.1496, 6.2074 2.4998 3.1496, 6.2424 2.4595 3.1496, 5.8906 2.4998 3.1496, 5.0078 2.4998 3.1496, 4.4953 2.4998 3.1496, 4.0068 -0.3268 3.1492, 3.8014 -0.0906 3.1492, 3.5297 -0.3268 3.1492, 3.784 -1.9122 3.1492, 3.3034 -1.9374 3.1492, 3.4978 -2.161 3.1492, 3.4978 -2.161 3.1496, 3.3034 -1.9374 3.1496, 3.784 -1.9122 3.1496, 3.6044 -2.0683 3.1496, 4.0068 -0.3268 3.1496, 3.8957 -1.1173 3.1496, 3.8014 -0.0906 3.1496, 3.5297 -0.3268 3.1496, 3.6044 -0.2619 3.1496, 3.4186 -1.1173 3.1496, -0.6995 3.74 1.566, -0.7129 3.74 1.5971, -0.6966 3.74 1.6395, -0.4667 3.74 1.979, -0.4375 3.74 1.9764, -0.4862 3.74 1.9764, -0.3315 3.74 2.0321, -0.3266 3.74 2.045, -0.3266 3.74 1.9764, -0.4068 3.74 2.2201, -0.4105 3.74 2.2205, -0.3266 3.74 2.2205, -0.4862 3.74 2.2175, -0.4862 3.74 2.2205, -0.4769 3.74 2.2205, -0.2129 3.74 2.2216, -0.2129 3.74 2.2205, -0.3123 3.74 2.2205, -1.0544 3.74 2.2156, -1.1436 3.74 1.9764, -1.22 3.74 1.9764, 0.7093 3.74 1.8337, 0.4999 3.74 1.8337, 0.4908 3.74 1.8384, 0.6708 3.74 2.2518, 0.655 3.74 2.2578, 7.3819 3.74 2.2578, 0.2763 3.74 2.2007, 0.22 3.74 2.1345, -0.08 3.74 2.2205, 0.185 3.74 2.0651, 0.1767 3.74 2.0622, -0.08 3.74 2.2578, 0.349 3.74 2.2508, 0.305 3.74 2.2205, 0.8906 3.74 3.1496, 1.2424 3.74 3.1496, 1.8336 3.74 3.1496, 0.5918 3.74 2.2815, 0.5079 3.74 2.2911, 0.0078 3.74 3.1496, 0.4342 3.74 2.2825, 0.3677 3.74 2.2578, -0.08 3.74 3.1496, 2.631 3.74 3.1496, 3.6044 3.74 3.1496, 5.0078 3.74 3.1496, 5.8906 3.74 3.1496, 6.2424 3.74 3.1496, 6.4199 3.74 3.1496, 6.8336 3.74 3.1496, 7.3819 3.74 3.1496, 7.3819 3.74 2.2205, 0.7198 3.74 2.2205, 0.7133 3.74 2.226, 0.8956 3.74 2.1472, 0.8282 3.74 2.1551, 0.7537 3.74 2.1919, 0.8086 3.74 2.1538, 0.789 3.74 2.1514, 1.0252 3.74 2.0745, 1.0136 3.74 2.0853, 0.959 3.74 2.1231, 7.3819 3.74 1.9764, 7.3819 3.74 1.9077, 1.1042 3.74 1.9077, 1.0944 3.74 1.9608, 1.0873 3.74 1.9764, 1.0667 3.74 2.0221, 7.3819 3.74 1.8337, 1.102 3.74 1.8384, 7.3819 3.74 1.8384, 1.1069 3.74 1.8803, 1.1063 3.74 1.8967, 0.3594 3.74 1.7031, 0.3476 3.74 1.7076, 0.3269 3.74 1.8048, 7.3819 3.74 0.0, 6.5945 3.74 0.0, 6.0039 3.74 0.5906, 0.37 3.74 1.6957, 0.9835 3.74 1.6479, 1.0365 3.74 1.6937, 0.3344 3.74 1.7092, 0.3327 3.74 1.7091, 0.3276 3.74 1.7079, 1.075 3.74 1.7496, 1.0991 3.74 1.8134, 1.1014 3.74 1.8337, 0.3877 3.74 1.6566, 0.3872 3.74 1.6634, 0.5669 3.74 1.6801, 0.3837 3.74 1.6763, 0.3771 3.74 1.688, 0.3482 3.74 1.605, 0.3594 3.74 1.6095, 0.5784 3.74 1.603, 0.3705 3.74 1.6174, 0.3744 3.74 1.6215, 0.3818 3.74 1.6323, 0.3862 3.74 1.6439, 0.5681 3.74 1.6451, 0.567 3.74 1.663, 0.8583 3.74 1.5424, 0.8835 3.74 1.5739, 0.1587 3.74 1.7491, 0.1398 3.74 1.7756, 0.1278 3.74 1.806, 0.3435 3.74 1.8337, 0.9004 3.74 1.6107, 0.922 3.74 1.6174, 0.3242 3.74 1.7074, 0.2473 3.74 1.7069, 0.2165 3.74 1.7126, -0.08 3.74 1.8337, 0.0258 3.74 1.7793, -0.08 3.74 0.5906, 0.0476 3.74 1.7254, 0.0819 3.74 1.6784, 0.1863 3.74 1.7263, 0.1609 3.74 1.7468, 0.6252 3.74 1.5361, 0.6594 3.74 1.5126, 0.6976 3.74 1.4983, 0.739 3.74 1.4935, 0.1286 3.74 1.6394, 0.1809 3.74 1.6142, 0.2378 3.74 1.6026, 0.7455 3.74 1.4936, 0.7858 3.74 1.5002, 0.8251 3.74 1.517, 0.5989 3.74 1.5651, 0.3386 3.74 1.6033, 0.1241 3.74 1.8337, 0.1235 3.74 1.8384, 0.3462 3.74 1.8384, 0.1234 3.74 1.8392, 0.9922 3.74 1.8384, 0.9974 3.74 1.8565, 0.3792 3.74 1.8957, 0.9993 3.74 1.883, 0.996 3.74 1.9077, 0.1242 3.74 1.8543, 0.132 3.74 1.8872, 0.1429 3.74 1.9077, 0.6747 3.74 1.8248, 0.6386 3.74 1.8052, 0.6089 3.74 1.7778, 0.8153 3.74 1.8178, 0.7774 3.74 1.832, 0.9908 3.74 1.8337, 0.7627 3.74 1.8337, 0.7366 3.74 1.8367, 0.7158 3.74 1.8354, 0.9854 3.74 1.8146, 0.8788 3.74 1.7617, 0.8503 3.74 1.7938, 0.9654 3.74 1.7801, 0.935 3.74 1.7484, 0.8979 3.74 1.7252, 0.2693 3.74 1.9735, 0.9789 3.74 1.9623, 0.9939 3.74 1.9244, 0.2557 3.74 1.9734, 0.1477 3.74 1.9167, 0.1671 3.74 1.9387, 0.1935 3.74 1.9574, 0.2232 3.74 1.9691, 0.3055 3.74 2.0765, 0.3437 3.74 2.1227, 0.7369 3.74 2.0263, 0.3479 3.74 2.1265, 0.3956 3.74 2.1602, 0.7104 3.74 2.0802, 0.969 3.74 1.9764, 0.7489 3.74 2.033, 0.27 3.74 1.9764, 0.2795 3.74 2.0213, 0.7871 3.74 2.0473, 0.8273 3.74 2.0526, 0.8452 3.74 2.0518, 0.6718 3.74 2.1257, 0.449 3.74 2.1811, 0.6258 3.74 2.1588, 0.5069 3.74 2.1886, 0.5699 3.74 2.181, 0.8874 3.74 2.042, 0.9256 3.74 2.0221, 0.955 3.74 1.9962, -0.08 3.74 1.8384, 0.0178 3.74 1.8384, 0.0184 3.74 1.8337, 0.0455 3.74 1.9483, 0.0295 3.74 1.9077, -0.08 3.74 1.9077, 0.0249 3.74 1.896, 0.0175 3.74 1.8402, 0.126 3.74 2.0367, 0.08 3.74 1.9972, -0.08 3.74 1.9764, 0.0653 3.74 1.9764, -1.1531 3.74 1.8192, -1.22 3.74 1.8337, -1.1242 3.74 1.83, -1.0925 3.74 1.8337, -1.1781 3.74 1.8018, -1.1867 3.74 1.7933, -1.2014 3.74 1.7722, -1.2057 3.74 1.6695, -1.1929 3.74 1.6452, -1.22 3.74 0.5906, -1.1769 3.74 1.6271, -1.1514 3.74 1.6091, -1.21 3.74 1.7492, -1.2137 3.74 1.7163, -1.2124 3.74 1.697, -1.1239 3.74 1.5987, -1.0834 3.74 1.5941, -0.9947 3.74 0.5906, -1.0173 3.74 1.5946, -0.9947 3.74 1.8337, -1.019 3.74 1.8337, -0.9947 3.74 1.8384, -1.019 3.74 1.8348, -1.0875 3.74 1.8343, -1.22 3.74 1.8384, -0.9682 3.74 1.8337, -0.968 3.74 1.8075, -0.9604 3.74 1.7032, -0.9606 3.74 1.7307, -0.9219 3.74 1.7309, -0.9219 3.74 0.5906, -0.9719 3.74 1.5949, -0.9721 3.74 1.6223, -0.9219 3.74 1.6226, -0.9219 3.74 1.7034, -0.8745 3.74 1.7038, -0.8739 3.74 1.623, -0.9219 3.74 1.8078, -0.8753 3.74 1.8081, -0.8747 3.74 1.7313, -0.9682 3.74 1.8351, -0.9219 3.74 1.8384, -0.6966 3.74 1.8384, -0.8444 3.74 1.836, -0.9219 3.74 1.8354, -0.6966 3.74 1.7211, -0.7244 3.74 1.6393, -0.7326 3.74 1.6389, -0.728 3.74 1.6251, -0.7288 3.74 1.6251, -0.7302 3.74 1.631, -0.6966 3.74 1.8337, -0.7803 3.74 1.7678, -0.8444 3.74 1.8337, -0.8115 3.74 1.7676, -0.8427 3.74 1.5958, -0.7323 3.74 1.5707, -0.7185 3.74 1.5442, -0.7074 3.74 1.5311, -0.7053 3.74 1.5292, -0.6966 3.74 1.5232, -0.5142 3.74 1.6041, -0.5144 3.74 1.6352, -0.4862 3.74 1.8337, -0.4862 3.74 0.5906, -0.5294 3.74 0.5906, -0.5294 3.74 1.5986, -0.5152 3.74 1.7234, -0.5165 3.74 1.7341, -0.5164 3.74 1.7117, -0.5197 3.74 1.7025, -0.5294 3.74 1.6267, -0.5294 3.74 1.6903, -0.5249 3.74 1.6285, -0.5284 3.74 1.691, -0.5235 3.74 1.6962, -0.6204 3.74 1.6724, -0.626 3.74 1.6641, -0.6227 3.74 1.736, -0.6292 3.74 1.6552, -0.5347 3.74 1.7598, -0.5432 3.74 1.7649, -0.5294 3.74 1.8337, -0.6303 3.74 1.644, -0.6386 3.74 0.5906, -0.6386 3.74 1.8337, -0.5201 3.74 1.7438, -0.5258 3.74 1.7519, -0.5294 3.74 1.7551, -0.6018 3.74 1.7714, -0.5824 3.74 1.7731, -0.5596 3.74 1.7707, -0.623 3.74 1.7652, -0.6288 3.74 1.6319, -0.625 3.74 1.6224, -0.6194 3.74 1.6145, -0.6107 3.74 1.607, -0.6017 3.74 1.6018, -0.5852 3.74 1.5961, -0.5606 3.74 1.5937, -0.5341 3.74 1.5968, -0.5792 3.74 1.7487, -0.5703 3.74 1.7481, -0.5462 3.74 1.7259, -0.5623 3.74 1.746, -0.5555 3.74 1.7425, -0.5465 3.74 1.7219, -0.5476 3.74 1.7172, -0.5498 3.74 1.7131, -0.5527 3.74 1.7099, -0.5632 3.74 1.7031, -0.6001 3.74 1.7461, -0.5818 3.74 1.6949, -0.6171 3.74 1.7394, -0.5934 3.74 1.6901, -0.6133 3.74 1.6789, -0.5509 3.74 1.7385, -0.5483 3.74 1.7347, -0.5468 3.74 1.7307, -0.5437 3.74 1.6209, -0.5604 3.74 1.6732, -0.5425 3.74 1.6816, -0.5638 3.74 1.6183, -0.5651 3.74 1.6183, -0.5801 3.74 1.6648, -0.5805 3.74 1.6199, -0.5994 3.74 1.6412, -0.5991 3.74 1.645, -0.5883 3.74 1.6227, -0.5911 3.74 1.6243, -0.5945 3.74 1.6274, -0.5972 3.74 1.6312, -0.5987 3.74 1.6355, -0.5978 3.74 1.6497, -0.5955 3.74 1.6537, -0.5918 3.74 1.6576, -1.22 3.74 2.2205, -0.9947 3.74 2.2205, -1.0213 3.74 2.2158, -0.9219 3.74 1.9764, -0.9281 3.74 1.9764, -0.9947 3.74 2.1475, -0.9281 3.74 1.9763, -0.9219 3.74 1.9077, -0.9624 3.74 1.976, -0.9947 3.74 1.9077, -0.9625 3.74 1.9764, -0.9947 3.74 1.9764, -0.9947 3.74 2.0415, -0.9859 3.74 2.0416, -1.0859 3.74 2.0409, -1.1094 3.74 1.9764, -1.11 3.74 1.975, -1.1442 3.74 1.9747, -1.22 3.74 1.9077, -0.6386 3.74 2.2205, -0.6701 3.74 2.2183, -0.6966 3.74 2.2205, -0.6699 3.74 2.1907, -0.6625 3.74 2.1139, -0.6386 3.74 2.114, -0.6386 3.74 2.0057, -0.674 3.74 2.0055, -0.6623 3.74 2.0863, -0.6386 3.74 2.0865, -0.5764 3.74 2.087, -0.5758 3.74 2.0062, -0.6386 3.74 2.1909, -0.5772 3.74 2.1913, -0.5766 3.74 2.1145, -0.5446 3.74 1.979, -0.5294 3.74 1.9764, -0.6386 3.74 1.9764, -0.6966 3.74 1.9764, -0.6738 3.74 1.9781, -0.6386 3.74 1.9783, -0.5294 3.74 2.2205, -0.5463 3.74 2.2192, -0.6386 3.74 2.2185, -0.2114 3.74 2.0087, -0.3071 3.74 2.0081, -0.3123 3.74 1.9764, -0.3069 3.74 1.9807, -0.1802 3.74 1.9816, -0.3123 3.74 2.2578, -0.1819 3.74 2.2218, -0.1819 3.74 2.2205, -6.5945 3.74 0.0, -7.3819 3.74 0.0, -6.0039 3.74 0.5906, -7.3819 3.74 1.8337, -4.4121 3.74 0.5906, -4.4121 3.74 1.8337, -1.2605 3.74 1.5928, -1.2262 3.74 1.5931, -1.3194 3.74 1.8326, -1.3525 3.74 1.8324, -1.4423 3.74 1.5915, -1.4081 3.74 1.5918, -1.384 3.74 1.6577, -1.284 3.74 1.6584, -0.6469 3.74 1.7688, -0.6805 3.74 1.7685, -0.9219 3.74 1.5952, -0.6966 3.74 0.5906, -0.6947 3.74 1.522, -0.6515 3.74 1.5456, -0.6576 3.74 1.5435, -0.6828 3.74 1.5175, -0.6707 3.74 1.5162, -0.6513 3.74 1.5188, -0.664 3.74 1.5165, -0.6824 3.74 1.5452, -0.6879 3.74 1.549, -0.6758 3.74 1.5428, -0.6685 3.74 1.542, -0.3419 3.74 1.6721, -0.3479 3.74 1.6808, -0.3532 3.74 1.7296, -0.4734 3.74 1.5984, -0.3266 3.74 0.5906, -0.4433 3.74 1.5986, -0.4299 3.74 1.7727, -0.4427 3.74 1.7689, -0.4528 3.74 1.7632, -0.4609 3.74 1.7556, -0.467 3.74 1.7461, -0.4717 3.74 1.7327, -0.4741 3.74 1.7088, -0.3534 3.74 1.7588, -0.3598 3.74 1.7624, -0.3266 3.74 1.8337, -0.3823 3.74 1.7709, -0.4126 3.74 1.7743, -0.3571 3.74 1.6887, -0.3697 3.74 1.6952, -0.3726 3.74 1.7418, -0.3931 3.74 1.7009, -0.4198 3.74 1.7488, -0.4096 3.74 1.7499, -0.3914 3.74 1.7481, -0.3358 3.74 1.6453, -0.3378 3.74 1.6615, -0.347 3.74 1.6122, -0.3503 3.74 1.6087, -0.3604 3.74 1.6016, -0.3408 3.74 1.6215, -0.3372 3.74 1.6317, -0.444 3.74 1.7077, -0.4431 3.74 1.721, -0.4401 3.74 1.7317, -0.4366 3.74 1.7379, -0.4435 3.74 1.6252, -0.4427 3.74 1.6252, -0.4054 3.74 1.5966, -0.3899 3.74 1.595, -0.3719 3.74 1.5972, -0.4379 3.74 1.618, -0.4283 3.74 1.6078, -0.4177 3.74 1.6009, -0.432 3.74 1.7428, -0.4267 3.74 1.7463, -0.3029 3.74 1.8337, -0.3028 3.74 1.8122, -0.3123 3.74 1.8337, -0.3069 3.74 1.627, -0.3067 3.74 1.5996, -0.2093 3.74 1.7085, -0.2087 3.74 1.6277, -0.2952 3.74 1.7079, -0.2954 3.74 1.7354, -0.2095 3.74 1.736, -0.21 3.74 1.8129, -0.4982 3.74 2.2138, -0.498 3.74 2.1813, -0.4862 3.74 2.1863, -0.4347 3.74 2.0033, -0.4493 3.74 2.004, -0.4759 3.74 2.0094, -0.4862 3.74 2.0141, -0.4953 3.74 2.1828, -0.4968 3.74 2.019, -0.4415 3.74 2.196, -0.4319 3.74 2.1957, -0.3758 3.74 2.1698, -0.411 3.74 2.1917, -0.3921 3.74 2.1831, -0.374 3.74 2.1679, -0.3624 3.74 2.1512, -0.3542 3.74 2.1304, -0.3501 3.74 2.0978, -0.3503 3.74 2.0891, -0.3539 3.74 2.065, -0.3788 3.74 2.0235, -0.3947 3.74 2.0125, -0.412 3.74 2.0061, -0.471 3.74 2.1922, -0.3615 3.74 2.0455, -0.3732 3.74 2.0291, -0.4461 3.74 2.2239, -0.4767 3.74 2.2205, -0.4862 3.74 2.2578, -0.3816 3.74 2.2105, -0.3375 3.74 2.1702, -0.3529 3.74 2.1892, -0.3583 3.74 2.1943, -0.3251 3.74 2.1442, -0.3266 3.74 2.1474, -0.3219 3.74 2.0573, -0.3175 3.74 2.0962, -0.3185 3.74 2.1138, -0.3874 3.74 1.9828, -0.3651 3.74 1.9942, -0.4129 3.74 1.9768, -0.3477 3.74 2.0091, -0.3456 3.74 2.0115, -0.43 3.74 1.9757, -0.4862 3.74 1.9077, -0.4196 3.74 1.9764, -0.3266 3.74 1.9077, -0.4966 3.74 1.9893, -0.4925 3.74 1.9873, -0.4862 3.74 1.9852, -0.3029 3.74 1.8398, -0.3029 3.74 1.8384, -0.3123 3.74 1.8384, -0.3123 3.74 1.9077, -0.1792 3.74 1.8407, -0.1792 3.74 1.8384, -0.3123 3.74 0.5906, -0.1775 3.74 1.6005, -0.1792 3.74 1.8337, -0.6936 3.74 1.5552, -0.6966 3.74 1.5607, -7.3819 3.74 2.2578, -7.3819 3.74 3.1496, -4.4121 3.74 2.2578, -4.9922 3.74 3.1496, -4.4121 3.74 1.8384, -7.3819 3.74 1.8384, -4.4121 3.74 1.9077, -4.4121 3.74 1.9764, -7.3819 3.74 1.9077, -7.3819 3.74 1.9764, -4.4121 3.74 2.2205, -7.3819 3.74 2.2205, -4.4121 3.74 3.1496, -4.1094 3.74 3.1496, -3.7576 3.74 3.1496, -3.5801 3.74 3.1496, -3.1664 3.74 3.1496, -1.22 3.74 2.2578, -2.369 3.74 3.1496, -0.8258 3.74 1.9819, -0.7853 3.74 1.9773, -0.7894 3.74 2.2175, -0.9219 3.74 2.2205, -0.8261 3.74 2.2132, -0.855 3.74 2.2024, -0.7192 3.74 1.9777, -0.7209 3.74 2.218, -0.9033 3.74 2.1554, -0.9119 3.74 2.1324, -0.9156 3.74 2.0995, -0.9143 3.74 2.0802, -0.9076 3.74 2.0527, -0.8948 3.74 2.0284, -0.88 3.74 2.185, -0.8886 3.74 2.1765, -0.8788 3.74 2.0103, -0.8533 3.74 1.9923, -1.22 3.74 3.1496, -0.9947 3.74 3.1496, -0.9947 3.74 2.2578, -0.9219 3.74 3.1496, -0.9219 3.74 2.2578, -0.8848 3.74 3.1496, -0.6966 3.74 2.2578, -0.5294 3.74 1.9077, -0.6386 3.74 1.9077, -0.6966 3.74 1.9077, -0.5294 3.74 2.2578, -0.6386 3.74 2.2578, -0.3266 3.74 1.8384, -0.4862 3.74 1.8384, -0.5294 3.74 1.8384, -0.6386 3.74 1.8384, -0.3266 3.74 2.2578, -0.4414 3.74 2.224, -0.6966 3.74 3.1496, -0.6386 3.74 3.1496, -0.5294 3.74 3.1496, -0.4862 3.74 3.1496, -0.3266 3.74 3.1496, -0.3123 3.74 3.1496, 7.3819 2.362 0.5906, 7.3819 0.0961 3.1496, 7.3819 -2.3624 0.5906, 7.3819 -0.0006 3.1496, 7.3819 -3.7404 0.0, 7.3819 -2.953 0.0, 7.3819 -3.7404 3.1496, 7.3819 -1.1173 3.1496, 7.3819 2.9526 0.0, -7.3819 -2.953 0.0, -7.3819 -3.7404 0.0, -7.3819 -2.3624 0.5906, -7.3819 -3.7404 3.1496, -7.3819 2.362 0.5906, -7.3819 -1.1173 3.1496, -7.3819 -0.0006 3.1496, -7.3819 0.0961 3.1496, -7.3819 2.9526 0.0, 7.185 -2.953 0.0, 7.185 -3.5435 0.0, 6.5945 -3.5435 0.0, 6.5945 -3.7404 0.0, 6.5945 3.5431 0.0, 7.185 3.5431 0.0, 7.185 2.9526 0.0, -7.185 2.9526 0.0, -7.185 3.5431 0.0, -6.5945 3.5431 0.0, -6.5945 -3.5435 0.0, -6.5945 -3.7404 0.0, -7.185 -3.5435 0.0, -7.185 -2.953 0.0, -7.185 2.362 0.5906, -7.185 -2.3624 0.5906, -7.185 3.5431 0.7874, -7.185 -0.0002 0.7874, -7.185 -3.322 0.7874, -7.185 -3.5435 0.7874, 7.185 -3.5435 0.7874, 7.185 -3.322 0.7874, 7.185 3.5431 0.7874, 7.185 2.362 0.5906, 7.185 -0.0002 0.7874, 7.185 -2.3624 0.5906, 6.8336 -3.7404 3.1496, 6.0039 -3.7404 0.5906, 6.4199 -3.7404 3.1496, 6.2424 -3.7404 3.1496, 5.8906 -3.7404 3.1496, 5.0078 -3.7404 3.1496, 3.6044 -3.7404 3.1496, 2.631 -3.7404 3.1496, 1.8336 -3.7404 3.1496, 1.2424 -3.7404 3.1496, 0.8906 -3.7404 3.1496, 0.0078 -3.7404 3.1496, -6.0039 -3.7404 0.5906, -0.8848 -3.7404 3.1496, -2.369 -3.7404 3.1496, -3.1664 -3.7404 3.1496, -3.5801 -3.7404 3.1496, -3.7576 -3.7404 3.1496, -4.1094 -3.7404 3.1496, -4.9922 -3.7404 3.1496
            ]
        }
        coordIndex [
            0,1,2,-1,2,1,3,-1,2,3,4,-1,4,3,5,-1,6,2,7,-1,7,2,4,-1,7,4,8,-1,9,10,0,-1,9,0,11,-1,11,0,2,-1,11,2,6,-1,12,13,1,-1,12,1,14,-1,14,1,0,-1,14,0,10,-1,15,3,16,-1,16,3,1,-1,16,1,13,-1,17,5,18,-1,18,5,3,-1,18,3,15,-1,8,4,19,-1,19,4,5,-1,19,5,17,-1,20,21,22,-1,20,22,23,-1,23,22,24,-1,23,24,25,-1,26,27,23,-1,26,23,28,-1,28,23,25,-1,28,25,29,-1,20,23,30,-1,30,23,27,-1,31,21,32,-1,32,21,20,-1,32,20,30,-1,21,31,33,-1,34,22,35,-1,35,22,21,-1,35,21,36,-1,36,21,33,-1,24,22,37,-1,37,22,34,-1,25,24,29,-1,29,24,37,-1,38,39,40,-1,38,40,41,-1,41,40,42,-1,41,42,43,-1,42,40,44,-1,44,40,45,-1,43,42,46,-1,46,42,44,-1,41,43,47,-1,47,43,46,-1,38,41,48,-1,48,41,47,-1,39,38,49,-1,49,38,48,-1,40,39,45,-1,45,39,49,-1,50,51,52,-1,52,51,53,-1,52,53,54,-1,54,53,55,-1,51,50,56,-1,56,50,57,-1,58,53,59,-1,59,53,51,-1,59,51,56,-1,60,55,61,-1,61,55,53,-1,61,53,58,-1,62,54,63,-1,63,54,55,-1,63,55,60,-1,64,52,65,-1,65,52,54,-1,65,54,62,-1,50,52,57,-1,57,52,64,-1,66,67,68,-1,66,68,69,-1,69,68,70,-1,69,70,71,-1,72,67,73,-1,73,67,66,-1,73,66,74,-1,68,67,75,-1,75,67,72,-1,75,76,68,-1,68,76,77,-1,68,77,70,-1,70,77,78,-1,79,71,80,-1,80,71,70,-1,80,70,78,-1,69,71,81,-1,81,71,79,-1,74,66,82,-1,82,66,69,-1,82,69,83,-1,83,69,81,-1,84,85,86,-1,86,85,87,-1,86,87,88,-1,89,90,86,-1,86,90,91,-1,86,91,84,-1,92,93,86,-1,86,93,94,-1,86,94,89,-1,95,96,86,-1,86,96,97,-1,86,97,92,-1,98,99,86,-1,86,99,100,-1,86,100,95,-1,101,102,86,-1,86,102,103,-1,86,103,98,-1,104,105,86,-1,86,105,106,-1,86,106,101,-1,88,107,86,-1,86,107,108,-1,86,108,104,-1,108,109,104,-1,104,109,110,-1,104,110,105,-1,105,110,111,-1,105,111,106,-1,106,111,112,-1,106,112,101,-1,101,112,113,-1,101,113,102,-1,102,113,114,-1,102,114,103,-1,103,114,115,-1,103,115,98,-1,98,115,116,-1,98,116,99,-1,99,116,117,-1,99,117,100,-1,100,117,118,-1,100,118,95,-1,95,118,119,-1,95,119,96,-1,96,119,120,-1,96,120,97,-1,97,120,121,-1,97,121,92,-1,92,121,122,-1,92,122,93,-1,93,122,123,-1,93,123,94,-1,94,123,124,-1,94,124,89,-1,89,124,125,-1,89,125,90,-1,125,126,90,-1,90,126,127,-1,90,127,91,-1,91,127,128,-1,91,128,84,-1,84,128,129,-1,84,129,85,-1,85,129,130,-1,85,130,87,-1,87,130,131,-1,87,131,88,-1,88,131,132,-1,88,132,107,-1,107,132,133,-1,107,133,108,-1,108,133,134,-1,108,134,109,-1,135,136,137,-1,137,136,138,-1,137,138,139,-1,139,138,140,-1,136,135,141,-1,141,135,142,-1,143,144,138,-1,143,138,145,-1,145,138,136,-1,145,136,141,-1,146,140,147,-1,147,140,138,-1,147,138,144,-1,148,139,149,-1,149,139,140,-1,149,140,146,-1,148,150,139,-1,139,150,151,-1,139,151,137,-1,137,151,152,-1,135,137,142,-1,142,137,152,-1,153,154,155,-1,153,155,156,-1,156,155,157,-1,156,157,158,-1,158,157,159,-1,159,157,160,-1,161,156,162,-1,162,156,158,-1,162,158,159,-1,163,153,164,-1,164,153,156,-1,164,156,161,-1,154,153,165,-1,165,153,163,-1,166,155,167,-1,167,155,154,-1,167,154,165,-1,160,157,168,-1,168,157,155,-1,168,155,166,-1,169,170,171,-1,172,173,174,-1,175,176,177,-1,178,179,180,-1,181,182,183,-1,184,185,186,-1,187,188,189,-1,190,191,192,-1,193,194,195,-1,196,197,198,-1,198,197,199,-1,198,199,200,-1,201,202,198,-1,198,202,203,-1,198,203,196,-1,204,205,194,-1,194,205,206,-1,194,207,204,-1,204,207,208,-1,204,208,209,-1,208,210,209,-1,209,210,211,-1,209,211,212,-1,206,213,194,-1,194,213,214,-1,194,214,195,-1,214,215,195,-1,195,215,216,-1,195,216,217,-1,217,218,195,-1,195,218,219,-1,195,219,220,-1,221,222,195,-1,195,222,223,-1,195,223,193,-1,221,224,222,-1,222,224,225,-1,222,225,226,-1,226,225,227,-1,226,227,228,-1,229,230,221,-1,221,230,231,-1,221,231,224,-1,232,233,234,-1,234,235,232,-1,232,235,236,-1,232,236,221,-1,221,236,237,-1,221,237,229,-1,238,239,240,-1,240,239,241,-1,240,241,233,-1,233,241,242,-1,233,242,234,-1,243,244,245,-1,246,247,238,-1,238,247,248,-1,243,245,249,-1,250,251,248,-1,244,252,245,-1,245,252,253,-1,245,253,254,-1,251,255,248,-1,248,255,256,-1,248,256,238,-1,238,256,257,-1,238,257,239,-1,258,259,260,-1,260,259,261,-1,260,261,245,-1,245,261,262,-1,245,262,249,-1,263,264,265,-1,265,264,266,-1,265,266,267,-1,267,268,265,-1,265,268,269,-1,265,269,270,-1,270,269,258,-1,270,258,271,-1,271,258,260,-1,272,273,248,-1,274,275,245,-1,245,275,276,-1,245,276,277,-1,273,278,248,-1,248,278,279,-1,248,279,250,-1,254,280,245,-1,245,280,281,-1,245,281,282,-1,283,284,285,-1,285,284,286,-1,285,286,287,-1,282,288,245,-1,245,288,289,-1,245,289,274,-1,290,291,285,-1,285,291,292,-1,285,292,293,-1,287,294,285,-1,285,294,295,-1,285,295,296,-1,293,297,285,-1,285,297,298,-1,285,298,248,-1,248,298,299,-1,248,299,272,-1,290,285,300,-1,300,285,296,-1,300,296,265,-1,265,296,301,-1,265,301,263,-1,276,302,277,-1,277,302,303,-1,277,303,304,-1,304,303,305,-1,306,192,307,-1,307,192,308,-1,307,308,309,-1,309,308,310,-1,305,311,304,-1,304,311,312,-1,304,312,308,-1,308,312,313,-1,308,313,310,-1,190,314,191,-1,191,314,315,-1,191,315,316,-1,317,318,319,-1,319,318,320,-1,319,320,306,-1,306,320,321,-1,306,321,192,-1,192,321,322,-1,192,322,190,-1,323,324,319,-1,319,324,325,-1,319,325,317,-1,323,326,324,-1,324,326,327,-1,324,327,328,-1,329,330,331,-1,331,310,329,-1,329,310,313,-1,329,313,332,-1,332,313,333,-1,333,334,332,-1,332,334,335,-1,332,335,336,-1,337,338,339,-1,338,340,339,-1,339,340,341,-1,339,341,342,-1,343,339,344,-1,330,329,343,-1,343,329,345,-1,343,345,339,-1,339,345,346,-1,339,346,337,-1,344,347,343,-1,343,347,348,-1,343,348,349,-1,342,341,350,-1,350,341,351,-1,350,351,352,-1,352,351,353,-1,352,353,354,-1,355,356,349,-1,349,356,357,-1,349,357,343,-1,358,359,360,-1,361,362,363,-1,363,362,364,-1,363,364,358,-1,358,364,365,-1,358,365,359,-1,200,366,198,-1,198,366,367,-1,198,367,368,-1,368,367,369,-1,368,369,361,-1,370,371,372,-1,372,371,373,-1,370,374,371,-1,371,374,375,-1,371,375,376,-1,377,378,379,-1,379,378,380,-1,379,380,381,-1,376,382,371,-1,371,382,383,-1,371,383,379,-1,379,383,384,-1,379,384,377,-1,381,385,379,-1,379,385,386,-1,379,386,387,-1,387,386,388,-1,387,388,389,-1,389,388,390,-1,389,390,391,-1,390,392,391,-1,391,392,393,-1,391,393,394,-1,394,393,373,-1,389,395,396,-1,397,389,398,-1,398,389,396,-1,398,396,399,-1,400,387,401,-1,401,387,389,-1,401,389,402,-1,402,389,397,-1,402,397,403,-1,397,404,403,-1,403,404,405,-1,403,405,406,-1,396,407,399,-1,399,407,408,-1,399,408,409,-1,395,389,410,-1,410,389,391,-1,410,391,411,-1,412,413,411,-1,411,413,414,-1,411,414,410,-1,415,416,417,-1,418,419,416,-1,416,419,420,-1,416,420,417,-1,421,422,423,-1,423,422,424,-1,423,424,425,-1,425,424,426,-1,425,426,427,-1,427,428,425,-1,425,428,429,-1,425,429,430,-1,431,432,433,-1,434,435,436,-1,437,438,433,-1,437,433,439,-1,439,433,432,-1,439,432,440,-1,441,442,443,-1,443,442,444,-1,443,444,432,-1,432,444,445,-1,432,445,440,-1,446,447,448,-1,448,447,449,-1,450,451,452,-1,453,454,455,-1,438,456,433,-1,433,456,457,-1,433,457,452,-1,452,457,458,-1,452,458,450,-1,459,455,460,-1,460,455,452,-1,460,452,461,-1,461,452,451,-1,459,462,455,-1,455,462,448,-1,455,448,453,-1,453,448,449,-1,453,463,454,-1,454,463,464,-1,454,464,435,-1,435,464,465,-1,465,466,435,-1,435,466,467,-1,435,467,468,-1,468,469,435,-1,435,469,470,-1,435,470,436,-1,471,472,473,-1,473,472,474,-1,473,474,475,-1,473,476,471,-1,471,476,477,-1,471,477,478,-1,478,479,471,-1,471,479,480,-1,471,480,481,-1,481,480,482,-1,481,482,483,-1,483,482,484,-1,483,484,448,-1,448,484,485,-1,448,485,446,-1,486,487,475,-1,475,487,488,-1,475,488,473,-1,489,490,441,-1,441,490,491,-1,441,491,442,-1,489,492,490,-1,490,492,493,-1,490,493,494,-1,494,493,495,-1,494,496,497,-1,495,498,494,-1,494,498,499,-1,494,499,500,-1,500,501,494,-1,494,501,502,-1,494,502,496,-1,497,503,494,-1,494,503,504,-1,494,504,505,-1,506,507,187,-1,187,507,508,-1,509,510,511,-1,512,513,514,-1,514,513,515,-1,514,515,516,-1,515,517,516,-1,516,517,518,-1,516,518,519,-1,520,518,521,-1,521,518,517,-1,521,517,522,-1,522,517,515,-1,522,515,523,-1,523,515,524,-1,523,524,188,-1,525,526,527,-1,527,526,528,-1,527,528,529,-1,529,528,530,-1,531,532,533,-1,533,534,531,-1,531,534,535,-1,531,535,536,-1,528,537,530,-1,530,537,538,-1,530,538,539,-1,540,541,542,-1,529,533,527,-1,527,533,532,-1,527,532,543,-1,543,532,544,-1,543,544,542,-1,542,544,545,-1,542,545,540,-1,546,547,525,-1,525,547,548,-1,525,548,526,-1,185,549,186,-1,186,549,550,-1,186,550,551,-1,551,550,552,-1,551,552,553,-1,184,554,555,-1,555,554,201,-1,555,201,556,-1,556,201,198,-1,556,198,553,-1,553,198,368,-1,553,368,551,-1,557,558,559,-1,559,558,560,-1,559,560,561,-1,561,560,562,-1,563,564,379,-1,379,564,371,-1,371,564,565,-1,371,565,562,-1,562,565,566,-1,562,566,561,-1,561,566,567,-1,561,567,379,-1,379,567,568,-1,379,568,563,-1,563,568,569,-1,563,569,570,-1,421,455,571,-1,417,422,415,-1,415,422,421,-1,415,421,572,-1,572,421,571,-1,401,573,400,-1,400,573,425,-1,400,425,574,-1,574,425,430,-1,574,430,575,-1,576,577,171,-1,575,578,574,-1,574,578,579,-1,574,579,454,-1,171,571,576,-1,576,571,455,-1,576,455,580,-1,580,455,454,-1,580,454,581,-1,581,454,579,-1,582,583,584,-1,584,583,585,-1,586,587,588,-1,434,589,590,-1,590,589,591,-1,592,593,433,-1,433,593,594,-1,433,594,595,-1,595,596,433,-1,433,596,597,-1,433,597,598,-1,436,431,434,-1,434,431,433,-1,434,433,589,-1,589,433,598,-1,599,600,601,-1,601,600,602,-1,601,602,433,-1,433,602,603,-1,433,603,592,-1,587,604,588,-1,588,604,605,-1,588,605,606,-1,606,605,607,-1,608,609,607,-1,607,609,610,-1,607,610,606,-1,601,611,612,-1,613,590,614,-1,614,590,615,-1,613,616,590,-1,590,616,617,-1,590,617,611,-1,599,601,588,-1,588,601,612,-1,588,612,586,-1,618,619,607,-1,607,619,620,-1,607,620,621,-1,591,622,623,-1,624,625,590,-1,590,625,626,-1,590,626,615,-1,623,627,591,-1,591,627,628,-1,591,628,590,-1,590,628,629,-1,590,629,624,-1,621,630,607,-1,607,630,631,-1,607,631,608,-1,632,633,634,-1,634,633,635,-1,634,635,636,-1,637,638,639,-1,639,638,635,-1,639,635,640,-1,640,635,633,-1,640,633,641,-1,641,633,642,-1,182,181,546,-1,546,181,643,-1,546,643,644,-1,645,646,647,-1,647,648,645,-1,645,648,649,-1,645,649,650,-1,650,649,651,-1,650,651,644,-1,644,651,541,-1,644,541,546,-1,546,541,540,-1,546,540,547,-1,652,653,654,-1,654,653,655,-1,654,655,656,-1,657,658,645,-1,645,658,659,-1,659,660,645,-1,645,660,661,-1,645,661,662,-1,663,664,645,-1,645,664,665,-1,645,665,646,-1,657,645,654,-1,654,645,666,-1,654,666,652,-1,662,667,645,-1,645,667,668,-1,645,668,663,-1,669,670,671,-1,671,670,183,-1,178,180,672,-1,673,674,180,-1,180,674,675,-1,180,675,672,-1,177,176,551,-1,186,676,180,-1,180,676,677,-1,180,677,673,-1,176,678,551,-1,551,678,679,-1,551,679,186,-1,186,679,680,-1,186,680,676,-1,681,682,177,-1,681,177,683,-1,682,684,177,-1,177,684,685,-1,177,685,175,-1,173,686,687,-1,687,686,688,-1,687,688,689,-1,651,690,541,-1,541,690,691,-1,541,691,174,-1,174,691,692,-1,174,692,172,-1,693,694,695,-1,695,694,632,-1,693,696,697,-1,697,696,363,-1,697,363,698,-1,698,363,358,-1,698,358,283,-1,283,358,360,-1,283,360,284,-1,611,601,590,-1,590,601,634,-1,590,634,699,-1,699,634,636,-1,699,636,285,-1,285,636,700,-1,285,700,283,-1,283,700,701,-1,283,701,698,-1,585,583,577,-1,577,583,702,-1,577,702,171,-1,171,702,703,-1,171,703,169,-1,704,705,706,-1,706,705,707,-1,373,371,394,-1,394,371,562,-1,394,562,708,-1,708,562,560,-1,708,560,709,-1,188,524,189,-1,189,524,710,-1,189,710,711,-1,711,710,712,-1,711,712,713,-1,187,189,506,-1,506,189,711,-1,506,711,714,-1,714,711,713,-1,714,713,715,-1,707,716,706,-1,706,716,717,-1,706,717,718,-1,718,719,706,-1,706,719,720,-1,706,720,721,-1,721,720,722,-1,509,723,724,-1,527,725,726,-1,726,725,727,-1,726,727,728,-1,509,724,543,-1,543,724,729,-1,543,729,527,-1,527,729,730,-1,527,730,725,-1,731,732,726,-1,726,732,733,-1,734,735,509,-1,509,735,736,-1,728,737,726,-1,726,737,738,-1,726,738,731,-1,736,739,509,-1,509,739,740,-1,509,740,723,-1,508,507,511,-1,511,507,726,-1,511,726,509,-1,509,726,733,-1,509,733,734,-1,722,741,721,-1,721,741,742,-1,721,742,743,-1,743,742,744,-1,743,744,745,-1,745,744,746,-1,745,746,747,-1,173,687,174,-1,174,687,748,-1,174,748,541,-1,541,748,749,-1,541,749,542,-1,542,749,750,-1,542,750,543,-1,543,750,513,-1,543,513,509,-1,509,513,512,-1,509,512,510,-1,183,182,671,-1,671,182,546,-1,671,546,751,-1,751,546,525,-1,751,525,752,-1,752,525,527,-1,752,527,747,-1,747,527,726,-1,747,726,745,-1,745,726,507,-1,745,507,743,-1,743,507,506,-1,743,506,721,-1,721,506,714,-1,721,714,706,-1,706,714,715,-1,706,715,704,-1,632,634,695,-1,695,634,601,-1,695,601,753,-1,753,601,433,-1,753,433,754,-1,754,433,452,-1,754,452,755,-1,755,452,455,-1,755,455,756,-1,756,455,421,-1,756,421,412,-1,412,421,423,-1,412,423,413,-1,693,695,696,-1,696,695,753,-1,696,753,689,-1,689,753,754,-1,689,754,687,-1,687,754,755,-1,687,755,748,-1,748,755,756,-1,748,756,749,-1,749,756,412,-1,749,412,750,-1,750,412,411,-1,750,411,513,-1,513,411,391,-1,513,391,515,-1,515,391,394,-1,515,394,524,-1,524,394,708,-1,524,708,710,-1,710,708,709,-1,710,709,712,-1,184,186,554,-1,554,186,180,-1,554,180,757,-1,757,180,179,-1,757,179,671,-1,671,179,758,-1,671,758,669,-1,361,363,368,-1,368,363,696,-1,368,696,551,-1,551,696,689,-1,551,689,177,-1,177,689,688,-1,177,688,683,-1,746,759,747,-1,747,759,760,-1,747,760,752,-1,752,760,761,-1,752,761,751,-1,751,761,762,-1,751,762,671,-1,671,762,763,-1,671,763,757,-1,757,763,764,-1,757,764,554,-1,554,764,212,-1,554,212,201,-1,201,212,211,-1,201,211,202,-1,765,766,767,-1,767,766,768,-1,769,770,771,-1,771,770,767,-1,771,767,772,-1,772,767,768,-1,773,246,765,-1,765,246,238,-1,765,238,240,-1,240,233,765,-1,765,233,232,-1,765,232,221,-1,221,195,765,-1,765,195,220,-1,765,220,766,-1,774,775,776,-1,776,775,777,-1,705,704,778,-1,778,704,715,-1,778,715,713,-1,777,779,776,-1,776,779,780,-1,776,780,778,-1,778,780,781,-1,778,781,705,-1,713,712,778,-1,778,712,709,-1,778,709,782,-1,782,709,560,-1,782,560,558,-1,783,770,784,-1,784,770,769,-1,784,769,785,-1,785,769,786,-1,787,247,788,-1,788,247,246,-1,788,246,789,-1,789,246,773,-1,790,782,791,-1,791,782,558,-1,791,558,792,-1,792,558,557,-1,793,794,795,-1,795,794,775,-1,795,775,796,-1,796,775,774,-1,797,790,791,-1,795,796,798,-1,791,799,797,-1,797,799,800,-1,797,800,798,-1,798,800,801,-1,798,801,795,-1,795,801,802,-1,784,803,804,-1,788,789,805,-1,805,789,806,-1,805,806,807,-1,807,806,808,-1,807,808,804,-1,804,808,783,-1,804,783,784,-1,769,771,786,-1,786,771,809,-1,786,809,810,-1,810,809,811,-1,810,811,812,-1,812,813,810,-1,810,813,814,-1,810,814,815,-1,815,816,810,-1,810,816,817,-1,810,817,818,-1,818,819,810,-1,810,819,820,-1,810,820,821,-1,820,822,821,-1,821,822,823,-1,821,823,824,-1,824,825,821,-1,821,825,826,-1,821,826,827,-1,775,794,777,-1,777,794,821,-1,777,821,828,-1,828,821,827,-1,
        ]
    }
}
Shape{
    appearance Appearance {
        material  Material {
            diffuseColor 0.1568627450980392 0.1568627450980392 0.1568627450980392
            specularColor 0.011764705882352941 0.011764705882352941 0.011764705882352941
            ambientIntensity 0.2235
            transparency 0.0
            shininess 0.5
        }
    }
    geometry IndexedFaceSet {
        ccw TRUE
        solid FALSE
        coord DEF co Coordinate {
            point [
                1.185 -0.1042 3.1496, 1.2424 -0.1703 3.1496, 1.2424 -0.0006 3.1496, 1.3903 -0.3404 3.1496, 1.2811 -1.1173 3.1496, 1.8336 -1.1173 3.1496, 0.896 -2.16 3.1496, 0.8906 -2.1537 3.1496, 0.8906 -3.7404 3.1496, 1.4127 2.2636 3.1496, 1.2424 2.1156 3.1496, 1.2424 1.933 3.1496, -5.9932 -0.3268 3.1496, -6.1043 -1.1173 3.1496, -4.9922 -1.1173 3.1496, -3.815 -0.1042 3.1496, -3.7576 -0.1703 3.1496, -3.7576 -0.0006 3.1496, 5.896 -2.16 3.1496, 5.8906 -2.1537 3.1496, 5.8906 -3.7404 3.1496, 3.5873 -2.264 3.1496, 3.6044 -2.2491 3.1496, 3.6044 -2.0683 3.1496, 6.4127 2.2636 3.1496, 6.2424 2.1156 3.1496, 6.2424 1.933 3.1496, 6.185 -0.1042 3.1496, 6.2424 -0.1703 3.1496, 6.2424 -0.0006 3.1496, 5.8906 -0.5014 3.1496, 5.8228 -0.2364 3.1496, 5.0078 -0.2364 3.1496, 3.6044 -0.0006 3.1496, 3.6044 -0.2619 3.1496, 3.8014 -0.0906 3.1496, 5.8906 -0.1775 3.1496, 5.9132 -0.3404 3.1496, 6.0941 -0.0006 3.1496, 6.1975 0.0893 3.1496, 6.2053 0.0961 3.1496, 6.2424 0.0961 3.1496, 6.2424 0.1283 3.1496, 6.0946 -0.0002 3.1496, 6.0109 0.0961 3.1496, 6.1917 0.0961 3.1496, 5.8906 0.2344 3.1496, 6.0048 0.3111 3.1496, 6.2314 1.9234 3.1496, 5.8906 2.0274 3.1496, 6.141 2.0274 3.1496, 5.0078 2.0274 3.1496, 5.0078 0.236 3.1496, 5.8892 0.236 3.1496, 3.8479 1.937 3.1496, 4.1196 2.1732 3.1496, 3.6044 3.74 3.1496, 4.0162 0.0961 3.1496, 4.1772 0.236 3.1496, 4.1021 0.3516 3.1496, 3.6215 0.3264 3.1496, 3.8159 0.1028 3.1496, 3.6044 0.0961 3.1496, 3.9054 -0.0002 3.1496, 3.9058 -0.0006 3.1496, 6.4859 0.34 3.1496, 6.8336 0.0961 3.1496, 6.7085 1.9234 3.1496, 6.8336 3.74 3.1496, 6.5031 2.1596 3.1496, 6.4199 3.74 3.1496, 6.4199 2.0873 3.1496, 6.2424 3.74 3.1496, 6.2424 2.4595 3.1496, 6.4199 0.2827 3.1496, 6.4199 0.0961 3.1496, 5.6907 -1.9238 3.1496, 5.804 -1.1173 3.1496, 5.0078 -1.1173 3.1496, 3.8957 -1.1173 3.1496, 3.784 -1.9122 3.1496, 5.0078 -2.0278 3.1496, 3.859 -2.0278 3.1496, 3.4978 -2.161 3.1496, 3.3034 -1.9374 3.1496, 2.631 -3.7404 3.1496, 2.631 -1.1173 3.1496, 3.6044 -3.7404 3.1496, 3.6044 -2.2837 3.1496, 4.0068 -0.3268 3.1496, 5.5711 -2.0278 3.1496, 5.7764 -2.264 3.1496, 5.5047 -2.5002 3.1496, 5.0078 -3.7404 3.1496, 5.0078 -2.5002 3.1496, 3.7926 -2.5002 3.1496, 6.4199 -0.0006 3.1496, 6.3903 -0.3404 3.1496, 6.4199 -1.1173 3.1496, 6.2811 -1.1173 3.1496, 6.2424 -1.3926 3.1496, 6.8808 -2.0761 3.1496, 6.9231 -2.1311 3.1496, 7.3819 -1.1173 3.1496, 6.8336 -2.0398 3.1496, 6.9496 -2.3328 3.1496, 7.3819 -3.7404 3.1496, 6.9587 -2.264 3.1496, 6.9496 -2.1952 3.1496, 6.4362 -2.1952 3.1496, 6.4628 -2.1311 3.1496, 6.9231 -2.3969 3.1496, 6.8808 -2.4519 3.1496, 6.8336 -3.7404 3.1496, 6.8336 -2.4882 3.1496, 6.8258 -2.4941 3.1496, 6.4199 -3.7404 3.1496, 6.4362 -2.3328 3.1496, 6.4272 -2.264 3.1496, 6.1678 -1.9238 3.1496, 6.2424 -3.7404 3.1496, 6.505 -2.0761 3.1496, 6.56 -2.0338 3.1496, 6.6241 -2.0073 3.1496, 6.6929 -1.9982 3.1496, 6.7617 -2.0073 3.1496, 6.8336 -1.1173 3.1496, 6.8258 -2.0338 3.1496, 6.7617 -2.5207 3.1496, 6.6929 -2.5297 3.1496, 6.6241 -2.5207 3.1496, 6.56 -2.4941 3.1496, 6.505 -2.4519 3.1496, 6.4628 -2.3969 3.1496, 4.3249 1.937 3.1496, 4.4289 2.0274 3.1496, 4.2236 2.2636 3.1496, 4.4953 2.4998 3.1496, 5.0078 3.74 3.1496, 5.0078 2.4998 3.1496, 5.8906 3.74 3.1496, 5.8906 2.4998 3.1496, 6.2074 2.4998 3.1496, 3.5297 -0.3268 3.1496, 2.631 -0.0006 3.1496, 3.4186 -1.1173 3.1496, -5.8979 0.3516 3.1496, -5.8228 0.236 3.1496, -4.9922 0.236 3.1496, -5.6751 1.937 3.1496, -4.9922 2.0274 3.1496, -5.5711 2.0274 3.1496, -5.9838 0.0961 3.1496, -5.8804 2.1732 3.1496, -5.7764 2.2636 3.1496, -4.9922 3.74 3.1496, -6.1521 1.937 3.1496, -7.3819 3.74 3.1496, -6.3785 0.3264 3.1496, -7.3819 0.0961 3.1496, -6.1841 0.1028 3.1496, -4.1094 2.0274 3.1496, -4.1108 0.236 3.1496, -4.1094 0.2344 3.1496, -3.5873 2.2636 3.1496, -3.5801 3.74 3.1496, -3.7576 2.4595 3.1496, -3.7576 3.74 3.1496, -3.7926 2.4998 3.1496, -4.1094 2.4998 3.1496, -5.5047 2.4998 3.1496, -4.9922 2.4998 3.1496, -4.4121 3.74 3.1496, -4.1094 3.74 3.1496, -3.1664 -2.0398 3.1496, -3.1192 -2.0761 3.1496, -2.369 -1.1173 3.1496, -3.0769 -2.1311 3.1496, -3.0504 -2.1952 3.1496, -3.0413 -2.264 3.1496, -2.369 -3.7404 3.1496, -3.0504 -2.3328 3.1496, -3.0769 -2.3969 3.1496, -3.1192 -2.4519 3.1496, -3.1664 -3.7404 3.1496, -3.1664 -2.4882 3.1496, -3.1742 -2.4941 3.1496, -3.5801 -3.7404 3.1496, -3.44 -2.4941 3.1496, -3.495 -2.4519 3.1496, -3.5372 -2.3969 3.1496, -3.5638 -2.3328 3.1496, -3.5728 -2.264 3.1496, -3.5638 -2.1952 3.1496, -3.5801 -1.1173 3.1496, -3.5372 -2.1311 3.1496, -3.3071 -1.9982 3.1496, -3.2383 -2.0073 3.1496, -3.1664 -1.1173 3.1496, -3.1742 -2.0338 3.1496, -3.2383 -2.5207 3.1496, -3.3071 -2.5297 3.1496, -3.3759 -2.5207 3.1496, -3.495 -2.0761 3.1496, -3.44 -2.0338 3.1496, -3.3759 -2.0073 3.1496, -3.7576 -1.3926 3.1496, -3.7576 -3.7404 3.1496, -3.8322 -1.9238 3.1496, -4.1094 -3.7404 3.1496, -4.104 -2.16 3.1496, -4.1094 -2.1537 3.1496, -3.5801 -0.0006 3.1496, -3.6097 -0.3404 3.1496, -3.7189 -1.1173 3.1496, -3.9059 -0.0006 3.1496, -4.1094 -0.1775 3.1496, -4.0868 -0.3404 3.1496, -4.1094 -0.5014 3.1496, -4.1772 -0.2364 3.1496, -4.9922 -0.2364 3.1496, -4.3093 -1.9238 3.1496, -4.196 -1.1173 3.1496, -4.9922 -2.0278 3.1496, -4.4289 -2.0278 3.1496, -4.2236 -2.264 3.1496, -4.4953 -2.5002 3.1496, -4.9922 -3.7404 3.1496, -4.9922 -2.5002 3.1496, -7.3819 -3.7404 3.1496, -6.2074 -2.5002 3.1496, -6.4127 -2.264 3.1496, -6.216 -1.9122 3.1496, -6.141 -2.0278 3.1496, -3.8025 0.0893 3.1496, -3.7947 0.0961 3.1496, -3.7576 0.0961 3.1496, -3.7576 0.1283 3.1496, -3.7686 1.9234 3.1496, -3.9952 0.3111 3.1496, -3.8083 0.0961 3.1496, -3.9891 0.0961 3.1496, -3.9054 -0.0002 3.1496, -3.5141 0.34 3.1496, -3.5801 0.2827 3.1496, -3.5801 0.0961 3.1496, -3.1664 0.0961 3.1496, -3.2915 1.9234 3.1496, -3.1664 3.74 3.1496, -3.4969 2.1596 3.1496, -3.5801 2.0873 3.1496, -3.7576 1.933 3.1496, -3.7576 2.1156 3.1496, -3.859 2.0274 3.1496, -6.0946 -0.0002 3.1496, -6.0942 -0.0006 3.1496, -6.5022 -2.161 3.1496, -6.6966 -1.9374 3.1496, -7.3819 -1.1173 3.1496, -6.5814 -1.1173 3.1496, -7.3819 -0.0006 3.1496, -6.4703 -0.3268 3.1496, -6.1986 -0.0906 3.1496, -5.8892 -0.2364 3.1496, -1.141 -2.0278 3.1496, -0.8848 -2.0278 3.1496, -1.216 -1.9122 3.1496, -1.1043 -1.1173 3.1496, -1.4127 -2.264 3.1496, -1.5022 -2.161 3.1496, -1.6966 -1.9374 3.1496, -1.5814 -1.1173 3.1496, -2.369 -0.0006 3.1496, -1.4703 -0.3268 3.1496, -1.1986 -0.0906 3.1496, -0.8848 0.4445 3.1496, -0.8228 0.236 3.1496, 0.0078 0.236 3.1496, -0.8848 3.74 3.1496, -0.8848 2.1693 3.1496, -0.8804 2.1732 3.1496, 0.0078 2.4998 3.1496, -0.08 3.74 3.1496, -0.5047 2.4998 3.1496, -0.3123 3.74 3.1496, -0.3266 3.74 3.1496, -0.4862 3.74 3.1496, -0.5294 3.74 3.1496, -0.6386 3.74 3.1496, -0.6966 3.74 3.1496, -0.7764 2.2636 3.1496, -0.5711 2.0274 3.1496, -0.6751 1.937 3.1496, 0.0078 2.0274 3.1496, 0.8906 2.0274 3.1496, 0.8892 0.236 3.1496, 0.8906 0.2344 3.1496, 1.2314 1.9234 3.1496, 1.5031 2.1596 3.1496, 1.8336 3.74 3.1496, 1.2424 2.4595 3.1496, 1.2424 3.74 3.1496, 1.2074 2.4998 3.1496, 1.2424 0.1283 3.1496, 1.2424 0.0961 3.1496, 1.4859 0.34 3.1496, 1.8336 0.0961 3.1496, 1.7085 1.9234 3.1496, 0.8906 2.4998 3.1496, 0.8906 3.74 3.1496, 0.0078 3.74 3.1496, 1.9231 -2.1311 3.1496, 1.9496 -2.1952 3.1496, 1.9587 -2.264 3.1496, 1.9496 -2.3328 3.1496, 1.7617 -2.0073 3.1496, 1.8258 -2.0338 3.1496, 1.8336 -2.0398 3.1496, 1.8808 -2.0761 3.1496, 1.2424 -1.3926 3.1496, 1.56 -2.0338 3.1496, 1.6241 -2.0073 3.1496, 1.6929 -1.9982 3.1496, 1.9231 -2.3969 3.1496, 1.8808 -2.4519 3.1496, 1.8336 -3.7404 3.1496, 1.8336 -2.4882 3.1496, 1.8258 -2.4941 3.1496, 1.56 -2.4941 3.1496, 1.505 -2.4519 3.1496, 1.2424 -3.7404 3.1496, 1.4628 -2.3969 3.1496, 1.4362 -2.3328 3.1496, 1.4272 -2.264 3.1496, 1.7617 -2.5207 3.1496, 1.6929 -2.5297 3.1496, 1.6241 -2.5207 3.1496, 1.4362 -2.1952 3.1496, 1.4628 -2.1311 3.1496, 1.505 -2.0761 3.1496, 1.1678 -1.9238 3.1496, 1.8336 -0.0006 3.1496, 1.094 -0.0006 3.1496, 0.8906 -0.1775 3.1496, 0.9132 -0.3404 3.1496, 0.8906 -0.5014 3.1496, 0.8228 -0.2364 3.1496, 0.0078 -0.2364 3.1496, 0.6907 -1.9238 3.1496, 0.804 -1.1173 3.1496, 0.0078 -1.1173 3.1496, -0.9932 -0.3268 3.1496, -0.8848 -1.1173 3.1496, 0.0078 -2.0278 3.1496, 0.5711 -2.0278 3.1496, 0.7764 -2.264 3.1496, 0.5047 -2.5002 3.1496, 0.0078 -3.7404 3.1496, 0.0078 -2.5002 3.1496, -0.8848 -3.7404 3.1496, -0.8848 -2.5002 3.1496, -1.2074 -2.5002 3.1496, -0.8848 0.1821 3.1496, -0.8979 0.3516 3.1496, -0.9838 0.0961 3.1496, -1.1521 1.937 3.1496, -2.369 3.74 3.1496, -1.3785 0.3264 3.1496, -2.369 0.0961 3.1496, -1.1841 0.1028 3.1496, -0.9219 3.74 3.1496, -0.9947 3.74 3.1496, -1.22 3.74 3.1496, 1.2053 0.0961 3.1496, 1.1975 0.0893 3.1496, 1.141 2.0274 3.1496, 1.0048 0.3111 3.1496, 1.1917 0.0961 3.1496, 1.0109 0.0961 3.1496, 1.0946 -0.0002 3.1496, -1.0946 -0.0002 3.1496, -1.0942 -0.0006 3.1496, -0.8848 -0.2364 3.1496, -0.8892 -0.2364 3.1496, -3.1664 -0.0006 3.1496, 4.1108 -0.2364 3.1496, 2.631 0.0961 3.1496, 6.8336 -0.0006 3.1496, 2.631 3.74 3.1496, 7.3819 -0.0006 3.1496, 7.3819 0.0961 3.1496, 7.3819 3.74 3.1496
            ]
        }
        coordIndex [
            0,1,2,-1,3,4,5,-1,6,7,8,-1,9,10,11,-1,12,13,14,-1,15,16,17,-1,18,19,20,-1,21,22,23,-1,24,25,26,-1,27,28,29,-1,30,31,32,-1,33,34,35,-1,31,30,36,-1,36,30,37,-1,36,37,38,-1,39,29,40,-1,40,29,41,-1,40,41,42,-1,37,27,38,-1,38,27,29,-1,38,29,43,-1,43,29,39,-1,43,39,44,-1,44,39,45,-1,44,45,46,-1,47,48,49,-1,26,25,48,-1,48,25,50,-1,48,50,49,-1,49,51,52,-1,45,47,46,-1,46,47,49,-1,46,49,53,-1,53,49,52,-1,54,55,56,-1,57,58,59,-1,54,56,60,-1,59,61,57,-1,57,61,62,-1,57,62,63,-1,63,62,64,-1,65,66,67,-1,67,66,68,-1,67,68,69,-1,69,68,70,-1,69,70,71,-1,72,73,70,-1,70,73,24,-1,70,24,71,-1,71,24,26,-1,65,74,75,-1,75,74,42,-1,76,77,78,-1,79,80,81,-1,23,22,80,-1,80,22,82,-1,80,82,81,-1,83,84,85,-1,85,84,86,-1,87,88,85,-1,85,88,21,-1,85,21,83,-1,83,21,23,-1,89,79,78,-1,78,79,81,-1,78,81,76,-1,76,81,90,-1,76,90,19,-1,19,90,91,-1,19,91,20,-1,20,91,92,-1,20,92,93,-1,93,92,94,-1,93,94,87,-1,87,94,95,-1,87,95,88,-1,96,97,98,-1,98,97,99,-1,98,99,100,-1,101,102,103,-1,101,103,104,-1,105,106,107,-1,107,106,103,-1,107,103,108,-1,108,103,102,-1,109,110,98,-1,105,111,106,-1,106,111,112,-1,106,112,113,-1,113,112,114,-1,113,114,115,-1,116,117,118,-1,18,20,119,-1,119,20,120,-1,119,120,100,-1,100,120,116,-1,100,116,98,-1,98,116,118,-1,98,118,109,-1,110,121,98,-1,98,121,122,-1,98,122,123,-1,124,125,126,-1,126,125,127,-1,126,127,104,-1,115,128,113,-1,113,128,129,-1,113,129,116,-1,116,129,130,-1,116,130,131,-1,131,132,116,-1,116,132,133,-1,116,133,117,-1,58,52,59,-1,59,52,51,-1,59,51,134,-1,134,51,135,-1,134,135,55,-1,55,135,136,-1,55,136,56,-1,56,136,137,-1,56,137,138,-1,138,137,139,-1,138,139,140,-1,140,139,141,-1,140,141,72,-1,72,141,142,-1,72,142,73,-1,34,33,143,-1,143,33,144,-1,143,144,145,-1,146,147,148,-1,149,150,151,-1,147,146,152,-1,149,151,153,-1,151,154,153,-1,153,154,155,-1,153,155,156,-1,156,155,157,-1,156,157,158,-1,158,157,159,-1,158,159,160,-1,149,146,150,-1,150,146,148,-1,150,148,161,-1,161,148,162,-1,161,162,163,-1,164,165,166,-1,166,165,167,-1,166,167,168,-1,168,167,169,-1,154,170,155,-1,155,170,171,-1,155,171,172,-1,172,171,169,-1,172,169,173,-1,173,169,167,-1,174,175,176,-1,176,175,177,-1,177,178,176,-1,176,178,179,-1,176,179,180,-1,180,179,181,-1,181,182,180,-1,180,182,183,-1,180,183,184,-1,184,183,185,-1,184,185,186,-1,187,188,189,-1,189,190,187,-1,187,190,191,-1,187,191,192,-1,192,193,194,-1,194,193,195,-1,196,197,198,-1,198,197,199,-1,198,199,174,-1,186,200,184,-1,184,200,201,-1,184,201,187,-1,187,201,202,-1,187,202,188,-1,195,203,194,-1,194,203,204,-1,194,204,205,-1,192,194,187,-1,187,194,206,-1,187,206,207,-1,207,206,208,-1,207,208,209,-1,209,208,210,-1,209,210,211,-1,212,213,194,-1,194,213,214,-1,194,214,206,-1,215,216,217,-1,217,216,218,-1,218,216,219,-1,218,219,220,-1,221,222,14,-1,14,223,221,-1,221,223,224,-1,221,224,211,-1,211,224,225,-1,211,225,209,-1,209,225,226,-1,209,226,227,-1,227,226,228,-1,227,228,229,-1,229,228,230,-1,229,230,231,-1,14,13,223,-1,223,13,232,-1,223,232,233,-1,234,17,235,-1,235,17,236,-1,235,236,237,-1,238,161,239,-1,239,161,163,-1,239,163,240,-1,240,163,241,-1,240,241,234,-1,234,241,242,-1,234,242,17,-1,17,242,215,-1,17,215,15,-1,15,215,217,-1,243,244,245,-1,245,244,237,-1,243,246,247,-1,247,246,248,-1,247,248,249,-1,249,248,165,-1,249,165,250,-1,250,165,164,-1,250,164,251,-1,251,164,252,-1,251,252,238,-1,238,252,253,-1,238,253,161,-1,146,160,152,-1,152,160,159,-1,152,159,254,-1,254,159,255,-1,233,232,231,-1,231,232,256,-1,231,256,229,-1,229,256,257,-1,229,257,258,-1,258,257,259,-1,258,259,260,-1,260,259,261,-1,260,261,262,-1,159,260,255,-1,255,260,262,-1,255,262,263,-1,263,262,12,-1,263,12,220,-1,220,12,14,-1,220,14,218,-1,218,14,222,-1,264,265,266,-1,266,265,267,-1,264,266,268,-1,268,266,269,-1,268,269,180,-1,180,269,270,-1,180,270,176,-1,176,270,271,-1,176,271,272,-1,272,271,273,-1,272,273,274,-1,275,276,277,-1,278,279,280,-1,281,282,283,-1,283,282,284,-1,283,284,285,-1,285,286,283,-1,283,286,287,-1,283,287,288,-1,288,289,283,-1,283,289,278,-1,283,278,290,-1,290,278,280,-1,290,280,291,-1,291,280,292,-1,291,292,293,-1,292,275,293,-1,293,275,277,-1,293,277,294,-1,294,277,295,-1,294,295,296,-1,11,10,297,-1,11,298,9,-1,9,298,299,-1,9,299,300,-1,300,299,301,-1,300,301,302,-1,303,304,305,-1,305,304,306,-1,305,306,307,-1,302,301,308,-1,308,301,309,-1,308,309,281,-1,281,309,310,-1,281,310,282,-1,311,312,86,-1,86,312,313,-1,86,313,85,-1,85,313,314,-1,315,316,5,-1,5,316,317,-1,5,317,86,-1,86,317,318,-1,86,318,311,-1,319,320,4,-1,4,320,321,-1,4,321,5,-1,5,321,322,-1,5,322,315,-1,314,323,85,-1,85,323,324,-1,85,324,325,-1,325,324,326,-1,325,326,327,-1,328,329,330,-1,329,331,330,-1,330,331,332,-1,330,332,333,-1,327,334,325,-1,325,334,335,-1,325,335,330,-1,330,335,336,-1,330,336,328,-1,337,338,319,-1,319,338,339,-1,319,339,320,-1,6,8,340,-1,340,8,330,-1,340,330,319,-1,319,330,333,-1,319,333,337,-1,2,1,341,-1,342,343,344,-1,344,343,345,-1,345,343,346,-1,345,346,347,-1,348,349,350,-1,351,267,352,-1,352,267,265,-1,352,265,350,-1,350,265,353,-1,350,353,348,-1,348,353,354,-1,348,354,7,-1,7,354,355,-1,7,355,8,-1,8,355,356,-1,8,356,357,-1,357,356,358,-1,357,358,359,-1,359,358,360,-1,359,360,180,-1,180,360,361,-1,180,361,268,-1,276,275,362,-1,362,275,363,-1,362,363,364,-1,365,366,367,-1,367,366,368,-1,367,368,369,-1,278,370,279,-1,279,370,371,-1,279,371,365,-1,365,371,372,-1,365,372,366,-1,373,374,2,-1,10,375,297,-1,297,375,294,-1,297,294,376,-1,376,294,296,-1,376,296,377,-1,377,296,378,-1,377,378,374,-1,374,378,379,-1,374,379,2,-1,2,379,342,-1,2,342,0,-1,0,342,344,-1,363,369,364,-1,364,369,368,-1,364,368,380,-1,380,368,381,-1,349,345,350,-1,350,345,347,-1,350,347,352,-1,352,347,382,-1,352,382,351,-1,351,382,383,-1,351,383,274,-1,274,383,381,-1,274,381,272,-1,272,381,368,-1,84,145,86,-1,86,145,144,-1,86,144,5,-1,5,144,341,-1,5,341,3,-1,3,341,1,-1,237,236,245,-1,245,236,17,-1,245,17,212,-1,212,17,16,-1,212,16,213,-1,243,245,246,-1,246,245,212,-1,246,212,384,-1,384,212,194,-1,384,194,198,-1,198,194,205,-1,198,205,196,-1,77,30,78,-1,78,30,32,-1,78,32,89,-1,89,32,385,-1,89,385,35,-1,35,385,64,-1,35,64,33,-1,33,64,62,-1,33,62,144,-1,144,62,386,-1,144,386,341,-1,341,386,306,-1,341,306,2,-1,2,306,304,-1,2,304,373,-1,373,304,303,-1,42,41,75,-1,75,41,29,-1,75,29,96,-1,96,29,28,-1,96,28,97,-1,65,75,66,-1,66,75,96,-1,66,96,387,-1,387,96,98,-1,387,98,126,-1,126,98,123,-1,126,123,124,-1,174,176,198,-1,198,176,272,-1,198,272,384,-1,384,272,368,-1,384,368,246,-1,246,368,366,-1,246,366,248,-1,61,60,62,-1,62,60,56,-1,62,56,386,-1,386,56,388,-1,386,388,306,-1,306,388,299,-1,306,299,307,-1,307,299,298,-1,104,103,126,-1,126,103,389,-1,126,389,387,-1,387,389,390,-1,387,390,66,-1,66,390,391,-1,66,391,68,-1,
        ]
    }
}
Shape{
    appearance Appearance {
        material  Material {
            diffuseColor 1.0 1.0 1.0
            specularColor 0.5019607843137255 0.5019607843137255 0.5019607843137255
            ambientIntensity 1.0
            transparency 0.0
            shininess 0.5
        }
    }
    geometry IndexedFaceSet {
        ccw TRUE
        solid FALSE
        coord DEF co Coordinate {
            point [
                -7.185 3.5431 0.0, -6.5945 3.5431 0.0, -7.185 3.5431 0.7874, -6.0039 3.5431 0.5906, -2.0 3.5431 0.7874, 6.5945 3.5431 0.0, 7.185 3.5431 0.0, 6.0039 3.5431 0.5906, 7.185 3.5431 0.7874, 2.0 3.5431 0.7874, 1.0 3.5431 0.7874, 0.0 3.5431 0.7874, -1.0 3.5431 0.7874, 7.185 -3.5435 0.0, 6.5945 -3.5435 0.0, 7.185 -3.5435 0.7874, 6.0039 -3.5435 0.5906, 2.0 -3.5435 0.7874, -6.5945 -3.5435 0.0, -7.185 -3.5435 0.0, -6.0039 -3.5435 0.5906, -7.185 -3.5435 0.7874, -2.0 -3.5435 0.7874, -1.0 -3.5435 0.7874, 0.0 -3.5435 0.7874, 1.0 -3.5435 0.7874
            ]
        }
        coordIndex [
            0,1,2,-1,2,1,3,-1,2,3,4,-1,5,6,7,-1,7,6,8,-1,7,8,9,-1,9,10,7,-1,7,10,11,-1,7,11,3,-1,3,11,12,-1,3,12,4,-1,13,14,15,-1,15,14,16,-1,15,16,17,-1,18,19,20,-1,20,19,21,-1,20,21,22,-1,22,23,20,-1,20,23,24,-1,20,24,16,-1,16,24,25,-1,16,25,17,-1,
        ]
    }
}
Shape{
    appearance Appearance {
        material  Material {
            diffuseColor 0.2235294117647059 0.2235294117647059 0.2235294117647059
            specularColor 0.11372549019607843 0.11372549019607843 0.11372549019607843
            ambientIntensity 0.2235
            transparency 0.0
            shininess 0.5
        }
    }
    geometry IndexedFaceSet {
        ccw TRUE
        solid FALSE
        coord DEF co Coordinate {
            point [
                -7.185 -3.5435 0.7874, -7.185 -3.322 0.7874, -2.0 -3.322 0.7874, 0.403 -2.9742 0.7874, 0.3996 -3.0002 0.7874, 0.0 -3.322 0.7874, -0.597 -2.9742 0.7874, -0.6004 -3.0002 0.7874, -1.0 -3.322 0.7874, -2.3996 2.9998 0.7874, -2.403 3.0258 0.7874, -2.0 3.5431 0.7874, -2.4131 3.05 0.7874, -7.185 3.5431 0.7874, -2.6004 2.9998 0.7874, -7.185 -0.0002 0.7874, -2.597 2.9738 0.7874, -2.403 2.9738 0.7874, -2.0 -0.0002 0.7874, -2.4131 2.9496 0.7874, -2.571 3.0708 0.7874, -2.5869 3.05 0.7874, -2.597 3.0258 0.7874, -2.5869 2.9496 0.7874, -2.571 2.9288 0.7874, -2.5502 2.9129 0.7874, -2.526 2.9028 0.7874, -2.5 2.8994 0.7874, -2.474 2.9028 0.7874, -2.4498 2.9129 0.7874, -2.429 2.9288 0.7874, -2.429 3.0708 0.7874, -2.4498 3.0867 0.7874, -2.474 3.0968 0.7874, -2.5 3.1002 0.7874, -2.526 3.0968 0.7874, -2.5502 3.0867 0.7874, -1.526 3.0968 0.7874, -1.5502 3.0867 0.7874, -1.571 3.0708 0.7874, -1.5869 3.05 0.7874, -1.597 3.0258 0.7874, -1.0 -0.0002 0.7874, -1.4498 2.9129 0.7874, -1.429 2.9288 0.7874, -1.0 3.5431 0.7874, -1.474 3.0968 0.7874, -1.5 3.1002 0.7874, -1.571 2.9288 0.7874, -1.5502 2.9129 0.7874, -1.526 2.9028 0.7874, -1.5 2.8994 0.7874, -1.474 2.9028 0.7874, -1.403 3.0258 0.7874, -1.4131 3.05 0.7874, -1.6004 2.9998 0.7874, -1.597 2.9738 0.7874, -1.5869 2.9496 0.7874, -1.4131 2.9496 0.7874, -1.403 2.9738 0.7874, -1.3996 2.9998 0.7874, -1.429 3.0708 0.7874, -1.4498 3.0867 0.7874, -0.526 3.0968 0.7874, -0.5502 3.0867 0.7874, -0.571 2.9288 0.7874, -0.5502 2.9129 0.7874, -0.4498 2.9129 0.7874, -0.429 2.9288 0.7874, 0.0 -0.0002 0.7874, -0.571 3.0708 0.7874, -0.5869 3.05 0.7874, -0.597 3.0258 0.7874, -0.6004 2.9998 0.7874, -0.597 2.9738 0.7874, -0.5869 2.9496 0.7874, -0.403 3.0258 0.7874, -0.4131 3.05 0.7874, 0.0 3.5431 0.7874, -0.429 3.0708 0.7874, -0.4498 3.0867 0.7874, -0.474 3.0968 0.7874, -0.5 3.1002 0.7874, -0.526 2.9028 0.7874, -0.5 2.8994 0.7874, -0.474 2.9028 0.7874, -0.4131 2.9496 0.7874, -0.403 2.9738 0.7874, -0.3996 2.9998 0.7874, 0.474 3.0968 0.7874, 0.4498 3.0867 0.7874, 0.5869 2.9496 0.7874, 0.597 2.9738 0.7874, 1.0 -0.0002 0.7874, 0.429 3.0708 0.7874, 0.4131 3.05 0.7874, 0.403 3.0258 0.7874, 0.3996 2.9998 0.7874, 0.403 2.9738 0.7874, 0.4131 2.9496 0.7874, 0.429 2.9288 0.7874, 0.4498 2.9129 0.7874, 0.474 2.9028 0.7874, 0.5 2.8994 0.7874, 1.0 3.5431 0.7874, 0.5869 3.05 0.7874, 0.571 3.0708 0.7874, 0.5502 3.0867 0.7874, 0.526 3.0968 0.7874, 0.5 3.1002 0.7874, 0.526 2.9028 0.7874, 0.5502 2.9129 0.7874, 0.571 2.9288 0.7874, 0.6004 2.9998 0.7874, 0.597 3.0258 0.7874, 1.4131 2.9496 0.7874, 1.429 2.9288 0.7874, 1.571 2.9288 0.7874, 2.0 -0.0002 0.7874, 1.5502 2.9129 0.7874, 1.526 2.9028 0.7874, 1.5869 2.9496 0.7874, 1.597 2.9738 0.7874, 2.0 3.5431 0.7874, 1.6004 2.9998 0.7874, 1.597 3.0258 0.7874, 1.5869 3.05 0.7874, 1.571 3.0708 0.7874, 1.5502 3.0867 0.7874, 1.4498 3.0867 0.7874, 1.429 3.0708 0.7874, 1.4131 3.05 0.7874, 1.403 2.9738 0.7874, 1.4498 2.9129 0.7874, 1.474 2.9028 0.7874, 1.5 2.8994 0.7874, 1.526 3.0968 0.7874, 1.5 3.1002 0.7874, 1.474 3.0968 0.7874, 1.403 3.0258 0.7874, 1.3996 2.9998 0.7874, 2.5869 2.9496 0.7874, 2.597 2.9738 0.7874, 7.185 -0.0002 0.7874, 7.185 3.5431 0.7874, 2.597 3.0258 0.7874, 2.5869 3.05 0.7874, 2.3996 2.9998 0.7874, 2.403 2.9738 0.7874, 2.4131 2.9496 0.7874, 2.429 2.9288 0.7874, 2.6004 2.9998 0.7874, 2.429 3.0708 0.7874, 2.4131 3.05 0.7874, 2.403 3.0258 0.7874, 2.4498 2.9129 0.7874, 2.474 2.9028 0.7874, 2.5 2.8994 0.7874, 2.571 3.0708 0.7874, 2.5502 3.0867 0.7874, 2.526 3.0968 0.7874, 2.5 3.1002 0.7874, 2.474 3.0968 0.7874, 2.4498 3.0867 0.7874, 2.526 2.9028 0.7874, 2.5502 2.9129 0.7874, 2.571 2.9288 0.7874, -2.597 -3.0262 0.7874, -2.5869 -3.0504 0.7874, -2.403 -3.0262 0.7874, -2.4131 -3.0504 0.7874, -2.429 -3.0712 0.7874, -2.571 -3.0712 0.7874, -2.5502 -3.0871 0.7874, -2.526 -3.0972 0.7874, -2.5 -3.1006 0.7874, -2.474 -3.0972 0.7874, -2.4498 -3.0871 0.7874, -2.474 -2.9032 0.7874, -2.4498 -2.9133 0.7874, -2.429 -2.9292 0.7874, -2.571 -2.9292 0.7874, -2.5869 -2.95 0.7874, -2.597 -2.9742 0.7874, -2.6004 -3.0002 0.7874, -2.3996 -3.0002 0.7874, -2.403 -2.9742 0.7874, -2.4131 -2.95 0.7874, -2.5 -2.8998 0.7874, -2.526 -2.9032 0.7874, -2.5502 -2.9133 0.7874, -1.6004 -3.0002 0.7874, -1.597 -3.0262 0.7874, -1.5502 -3.0871 0.7874, -1.526 -3.0972 0.7874, -1.5 -3.1006 0.7874, -1.474 -3.0972 0.7874, -1.4498 -3.0871 0.7874, -1.429 -3.0712 0.7874, -1.4131 -3.0504 0.7874, -1.5869 -3.0504 0.7874, -1.571 -3.0712 0.7874, -1.403 -3.0262 0.7874, -1.3996 -3.0002 0.7874, -1.403 -2.9742 0.7874, -1.4131 -2.95 0.7874, -1.429 -2.9292 0.7874, -1.4498 -2.9133 0.7874, -1.474 -2.9032 0.7874, -1.5 -2.8998 0.7874, -1.526 -2.9032 0.7874, -1.5502 -2.9133 0.7874, -1.571 -2.9292 0.7874, -1.5869 -2.95 0.7874, -1.597 -2.9742 0.7874, -0.571 -3.0712 0.7874, -0.5502 -3.0871 0.7874, -0.597 -3.0262 0.7874, -0.5869 -3.0504 0.7874, -0.526 -3.0972 0.7874, -0.5 -3.1006 0.7874, -0.474 -3.0972 0.7874, -0.4498 -3.0871 0.7874, -0.429 -3.0712 0.7874, -0.4131 -3.0504 0.7874, -0.5869 -2.95 0.7874, -0.403 -2.9742 0.7874, -0.4131 -2.95 0.7874, -0.429 -2.9292 0.7874, -0.526 -2.9032 0.7874, -0.5502 -2.9133 0.7874, -0.571 -2.9292 0.7874, -0.4498 -2.9133 0.7874, -0.474 -2.9032 0.7874, -0.5 -2.8998 0.7874, -0.403 -3.0262 0.7874, -0.3996 -3.0002 0.7874, 0.429 -3.0712 0.7874, 0.4498 -3.0871 0.7874, 0.403 -3.0262 0.7874, 0.4131 -3.0504 0.7874, 0.474 -3.0972 0.7874, 0.5 -3.1006 0.7874, 1.0 -3.322 0.7874, 0.526 -3.0972 0.7874, 0.5502 -3.0871 0.7874, 0.4131 -2.95 0.7874, 0.571 -3.0712 0.7874, 0.5869 -3.0504 0.7874, 0.597 -3.0262 0.7874, 0.5 -2.8998 0.7874, 0.474 -2.9032 0.7874, 0.4498 -2.9133 0.7874, 0.429 -2.9292 0.7874, 0.571 -2.9292 0.7874, 0.5502 -2.9133 0.7874, 0.526 -2.9032 0.7874, 0.6004 -3.0002 0.7874, 0.597 -2.9742 0.7874, 0.5869 -2.95 0.7874, 1.3996 -3.0002 0.7874, 1.403 -3.0262 0.7874, 1.5502 -3.0871 0.7874, 1.571 -3.0712 0.7874, 2.0 -3.322 0.7874, 1.5869 -3.0504 0.7874, 1.597 -3.0262 0.7874, 1.571 -2.9292 0.7874, 1.5502 -2.9133 0.7874, 1.4131 -3.0504 0.7874, 1.429 -3.0712 0.7874, 1.4498 -3.0871 0.7874, 1.474 -3.0972 0.7874, 1.5 -3.1006 0.7874, 1.526 -3.0972 0.7874, 1.526 -2.9032 0.7874, 1.5 -2.8998 0.7874, 1.474 -2.9032 0.7874, 1.4498 -2.9133 0.7874, 1.6004 -3.0002 0.7874, 1.597 -2.9742 0.7874, 1.5869 -2.95 0.7874, 1.429 -2.9292 0.7874, 1.4131 -2.95 0.7874, 1.403 -2.9742 0.7874, 7.185 -3.322 0.7874, -2.0 -3.5435 0.7874, -1.0 -3.5435 0.7874, 0.0 -3.5435 0.7874, 1.0 -3.5435 0.7874, 2.0 -3.5435 0.7874, 7.185 -3.5435 0.7874
            ]
        }
        coordIndex [
            0,1,2,-1,3,4,5,-1,6,7,8,-1,9,10,11,-1,11,10,12,-1,13,14,15,-1,15,14,16,-1,9,11,17,-1,17,11,18,-1,17,18,19,-1,20,21,13,-1,13,21,22,-1,13,22,14,-1,16,23,15,-1,15,23,24,-1,15,24,18,-1,18,24,25,-1,25,26,18,-1,18,26,27,-1,18,27,28,-1,28,29,18,-1,18,29,30,-1,18,30,19,-1,12,31,11,-1,11,31,32,-1,11,32,33,-1,33,34,11,-1,11,34,35,-1,11,35,13,-1,13,35,36,-1,13,36,20,-1,37,38,11,-1,38,39,11,-1,11,39,40,-1,11,40,41,-1,42,43,44,-1,45,46,11,-1,11,46,47,-1,11,47,37,-1,48,49,18,-1,49,50,18,-1,18,50,51,-1,18,51,42,-1,42,51,52,-1,42,52,43,-1,53,54,45,-1,41,55,11,-1,11,55,56,-1,11,56,18,-1,18,56,57,-1,18,57,48,-1,44,58,42,-1,42,58,59,-1,42,59,45,-1,45,59,60,-1,45,60,53,-1,54,61,45,-1,45,61,62,-1,45,62,46,-1,63,64,45,-1,65,66,42,-1,67,68,69,-1,64,70,45,-1,45,70,71,-1,45,71,72,-1,72,73,45,-1,45,73,74,-1,45,74,42,-1,42,74,75,-1,42,75,65,-1,76,77,78,-1,78,77,79,-1,79,80,78,-1,78,80,81,-1,78,81,45,-1,45,81,82,-1,45,82,63,-1,66,83,42,-1,42,83,84,-1,42,84,69,-1,69,84,85,-1,69,85,67,-1,68,86,69,-1,69,86,87,-1,69,87,78,-1,78,87,88,-1,78,88,76,-1,89,90,78,-1,91,92,93,-1,90,94,78,-1,78,94,95,-1,78,95,96,-1,96,97,78,-1,78,97,98,-1,78,98,69,-1,69,98,99,-1,69,99,100,-1,100,101,69,-1,69,101,102,-1,69,102,103,-1,104,105,106,-1,106,107,104,-1,104,107,108,-1,104,108,78,-1,78,108,109,-1,78,109,89,-1,103,110,93,-1,110,111,93,-1,93,111,112,-1,93,112,91,-1,92,113,104,-1,104,113,114,-1,104,114,105,-1,115,116,93,-1,117,118,119,-1,119,118,120,-1,117,121,118,-1,118,121,122,-1,118,122,123,-1,123,122,124,-1,123,124,125,-1,125,126,123,-1,123,126,127,-1,123,127,128,-1,129,130,104,-1,104,130,131,-1,92,104,93,-1,93,104,132,-1,93,132,115,-1,116,133,93,-1,93,133,134,-1,93,134,118,-1,118,134,135,-1,118,135,120,-1,128,136,123,-1,123,136,137,-1,123,137,104,-1,104,137,138,-1,104,138,129,-1,131,139,104,-1,104,139,140,-1,104,140,132,-1,141,142,143,-1,144,145,146,-1,123,147,148,-1,123,148,118,-1,118,148,149,-1,118,149,150,-1,143,142,144,-1,144,142,151,-1,144,151,145,-1,152,153,123,-1,123,153,154,-1,123,154,147,-1,150,155,118,-1,118,155,156,-1,118,156,157,-1,146,158,144,-1,144,158,159,-1,144,159,123,-1,123,159,160,-1,123,160,161,-1,161,162,123,-1,123,162,163,-1,123,163,152,-1,164,165,143,-1,143,165,166,-1,143,166,141,-1,1,167,168,-1,169,2,170,-1,170,2,171,-1,168,172,1,-1,1,172,173,-1,1,173,2,-1,2,173,174,-1,2,174,175,-1,175,176,2,-1,2,176,177,-1,2,177,171,-1,178,18,179,-1,179,18,180,-1,181,182,15,-1,15,182,183,-1,15,183,1,-1,1,183,184,-1,1,184,167,-1,169,185,2,-1,2,185,186,-1,2,186,18,-1,18,186,187,-1,18,187,180,-1,178,188,18,-1,18,188,189,-1,18,189,15,-1,15,189,190,-1,15,190,181,-1,2,191,192,-1,193,194,2,-1,2,194,195,-1,2,195,8,-1,8,195,196,-1,196,197,8,-1,8,197,198,-1,8,198,199,-1,192,200,2,-1,2,200,201,-1,2,201,193,-1,199,202,8,-1,8,202,203,-1,8,203,204,-1,204,205,42,-1,42,205,206,-1,42,206,207,-1,207,208,42,-1,42,208,209,-1,42,209,18,-1,18,209,210,-1,18,210,211,-1,211,212,18,-1,18,212,213,-1,18,213,2,-1,2,213,214,-1,2,214,191,-1,8,215,216,-1,7,217,8,-1,8,217,218,-1,8,218,215,-1,216,219,8,-1,8,219,220,-1,8,220,5,-1,5,220,221,-1,221,222,5,-1,5,222,223,-1,5,223,224,-1,204,42,8,-1,8,42,225,-1,8,225,6,-1,226,227,69,-1,69,227,228,-1,229,230,42,-1,42,230,231,-1,42,231,225,-1,228,232,69,-1,69,232,233,-1,69,233,42,-1,42,233,234,-1,42,234,229,-1,224,235,5,-1,5,235,236,-1,5,236,226,-1,5,237,238,-1,4,239,5,-1,5,239,240,-1,5,240,237,-1,238,241,5,-1,5,241,242,-1,5,242,243,-1,243,242,244,-1,243,244,245,-1,226,69,5,-1,5,69,246,-1,5,246,3,-1,245,247,243,-1,243,247,248,-1,243,248,249,-1,103,93,69,-1,69,93,250,-1,69,250,251,-1,251,252,69,-1,69,252,253,-1,69,253,246,-1,254,255,93,-1,93,255,256,-1,93,256,250,-1,249,257,243,-1,243,257,258,-1,243,258,93,-1,93,258,259,-1,93,259,254,-1,243,260,261,-1,262,263,264,-1,264,263,265,-1,264,265,266,-1,118,267,268,-1,261,269,243,-1,243,269,270,-1,243,270,271,-1,271,272,243,-1,243,272,273,-1,243,273,264,-1,264,273,274,-1,264,274,262,-1,268,275,118,-1,118,275,276,-1,118,276,93,-1,93,276,277,-1,93,277,278,-1,266,279,264,-1,264,279,280,-1,264,280,118,-1,118,280,281,-1,118,281,267,-1,278,282,93,-1,93,282,283,-1,93,283,243,-1,243,283,284,-1,243,284,260,-1,157,164,118,-1,118,164,143,-1,118,143,264,-1,264,143,285,-1,0,2,286,-1,286,2,8,-1,286,8,287,-1,287,8,5,-1,287,5,288,-1,288,5,243,-1,288,243,289,-1,289,243,264,-1,289,264,290,-1,290,264,285,-1,290,285,291,-1,
        ]
    }
}
Shape{
    appearance Appearance {
        material  Material {
            diffuseColor 1.0 1.0 1.0
            specularColor 0.5019607843137255 0.5019607843137255 0.5019607843137255
            ambientIntensity 1.0
            transparency 0.0
            shininess 0.5
        }
    }
    geometry IndexedFaceSet {
        ccw TRUE
        solid FALSE
        coord DEF co Coordinate {
            point [
                7.185 -2.3624 0.5906, 7.3819 -2.3624 0.5906, 7.185 -2.953 0.0, 7.3819 -2.953 0.0, 7.185 2.362 0.5906, 7.185 2.9526 0.0, 7.3819 2.362 0.5906, 7.3819 2.9526 0.0, -6.0039 -3.5435 0.5906, 6.0039 -3.5435 0.5906, -6.0039 -3.7404 0.5906, 6.0039 -3.7404 0.5906, 6.5945 -3.5435 0.0, 6.5945 -3.7404 0.0, -6.5945 -3.5435 0.0, -6.5945 -3.7404 0.0, -7.185 2.9526 0.0, -7.185 2.362 0.5906, -7.3819 2.9526 0.0, -7.3819 2.362 0.5906, -7.185 -2.953 0.0, -7.3819 -2.953 0.0, -7.185 -2.3624 0.5906, -7.3819 -2.3624 0.5906, -6.5945 3.5431 0.0, -6.5945 3.74 0.0, -6.0039 3.5431 0.5906, -6.0039 3.74 0.5906, 6.5945 3.5431 0.0, 6.0039 3.5431 0.5906, 6.5945 3.74 0.0, 6.0039 3.74 0.5906, -4.4121 3.74 0.5906, -1.22 3.74 0.5906, -0.9947 3.74 0.5906, -0.9219 3.74 0.5906, -0.6966 3.74 0.5906, -0.6386 3.74 0.5906, -0.5294 3.74 0.5906, -0.4862 3.74 0.5906, -0.3266 3.74 0.5906, -0.3123 3.74 0.5906, -0.08 3.74 0.5906
            ]
        }
        coordIndex [
            0,1,2,-1,2,1,3,-1,4,5,6,-1,6,5,7,-1,0,4,1,-1,1,4,6,-1,8,9,10,-1,10,9,11,-1,9,12,11,-1,11,12,13,-1,8,10,14,-1,14,10,15,-1,16,17,18,-1,18,17,19,-1,20,21,22,-1,22,21,23,-1,17,22,19,-1,19,22,23,-1,24,25,26,-1,26,25,27,-1,28,29,30,-1,30,29,31,-1,26,27,32,-1,32,33,26,-1,26,33,34,-1,26,34,29,-1,34,35,29,-1,29,35,36,-1,29,36,37,-1,37,38,29,-1,29,38,39,-1,29,39,40,-1,40,41,29,-1,29,41,42,-1,29,42,31,-1,
        ]
    }
}
Shape{
    appearance Appearance {
        material  Material {
            diffuseColor 0.6470588235294118 0.6196078431372549 0.5882352941176471
            specularColor 0.45098039215686275 0.43529411764705883 0.4117647058823529
            ambientIntensity 0.6242
            transparency 0.0
            shininess 0.5
        }
    }
    geometry IndexedFaceSet {
        ccw TRUE
        solid FALSE
        coord DEF co Coordinate {
            point [
                -2.3996 -3.0002 0.7874, -2.403 -2.9742 -1.9685, -2.403 -2.9742 0.7874, -2.4131 -2.95 -1.9685, -2.4131 -2.95 0.7874, -2.429 -2.9292 -1.9685, -2.429 -2.9292 0.7874, -2.4498 -2.9133 -1.9685, -2.4498 -2.9133 0.7874, -2.474 -2.9032 -1.9685, -2.474 -2.9032 0.7874, -2.5 -2.8998 -1.9685, -2.5 -2.8998 0.7874, -2.526 -2.9032 -1.9685, -2.526 -2.9032 0.7874, -2.5502 -2.9133 -1.9685, -2.5502 -2.9133 0.7874, -2.571 -2.9292 -1.9685, -2.571 -2.9292 0.7874, -2.5869 -2.95 -1.9685, -2.5869 -2.95 0.7874, -2.597 -2.9742 -1.9685, -2.597 -2.9742 0.7874, -2.6004 -3.0002 -1.9685, -2.6004 -3.0002 0.7874, -2.597 -3.0262 -1.9685, -2.597 -3.0262 0.7874, -2.5869 -3.0504 -1.9685, -2.5869 -3.0504 0.7874, -2.571 -3.0712 -1.9685, -2.571 -3.0712 0.7874, -2.5502 -3.0871 -1.9685, -2.5502 -3.0871 0.7874, -2.526 -3.0972 -1.9685, -2.526 -3.0972 0.7874, -2.5 -3.1006 -1.9685, -2.5 -3.1006 0.7874, -2.474 -3.0972 -1.9685, -2.474 -3.0972 0.7874, -2.4498 -3.0871 -1.9685, -2.4498 -3.0871 0.7874, -2.429 -3.0712 -1.9685, -2.429 -3.0712 0.7874, -2.4131 -3.0504 -1.9685, -2.4131 -3.0504 0.7874, -2.403 -3.0262 -1.9685, -2.403 -3.0262 0.7874, -2.3996 -3.0002 -1.9685, -2.5 -3.0002 -1.9685, -1.3996 -3.0002 0.7874, -1.403 -2.9742 -1.9685, -1.403 -2.9742 0.7874, -1.4131 -2.95 -1.9685, -1.4131 -2.95 0.7874, -1.429 -2.9292 -1.9685, -1.429 -2.9292 0.7874, -1.4498 -2.9133 -1.9685, -1.4498 -2.9133 0.7874, -1.474 -2.9032 -1.9685, -1.474 -2.9032 0.7874, -1.5 -2.8998 -1.9685, -1.5 -2.8998 0.7874, -1.526 -2.9032 -1.9685, -1.526 -2.9032 0.7874, -1.5502 -2.9133 -1.9685, -1.5502 -2.9133 0.7874, -1.571 -2.9292 -1.9685, -1.571 -2.9292 0.7874, -1.5869 -2.95 -1.9685, -1.5869 -2.95 0.7874, -1.597 -2.9742 -1.9685, -1.597 -2.9742 0.7874, -1.6004 -3.0002 -1.9685, -1.6004 -3.0002 0.7874, -1.597 -3.0262 -1.9685, -1.597 -3.0262 0.7874, -1.5869 -3.0504 -1.9685, -1.5869 -3.0504 0.7874, -1.571 -3.0712 -1.9685, -1.571 -3.0712 0.7874, -1.5502 -3.0871 -1.9685, -1.5502 -3.0871 0.7874, -1.526 -3.0972 -1.9685, -1.526 -3.0972 0.7874, -1.5 -3.1006 -1.9685, -1.5 -3.1006 0.7874, -1.474 -3.0972 -1.9685, -1.474 -3.0972 0.7874, -1.4498 -3.0871 -1.9685, -1.4498 -3.0871 0.7874, -1.429 -3.0712 -1.9685, -1.429 -3.0712 0.7874, -1.4131 -3.0504 -1.9685, -1.4131 -3.0504 0.7874, -1.403 -3.0262 -1.9685, -1.403 -3.0262 0.7874, -1.3996 -3.0002 -1.9685, -1.5 -3.0002 -1.9685, -0.3996 -3.0002 0.7874, -0.403 -2.9742 -1.9685, -0.403 -2.9742 0.7874, -0.4131 -2.95 -1.9685, -0.4131 -2.95 0.7874, -0.429 -2.9292 -1.9685, -0.429 -2.9292 0.7874, -0.4498 -2.9133 -1.9685, -0.4498 -2.9133 0.7874, -0.474 -2.9032 -1.9685, -0.474 -2.9032 0.7874, -0.5 -2.8998 -1.9685, -0.5 -2.8998 0.7874, -0.526 -2.9032 -1.9685, -0.526 -2.9032 0.7874, -0.5502 -2.9133 -1.9685, -0.5502 -2.9133 0.7874, -0.571 -2.9292 -1.9685, -0.571 -2.9292 0.7874, -0.5869 -2.95 -1.9685, -0.5869 -2.95 0.7874, -0.597 -2.9742 -1.9685, -0.597 -2.9742 0.7874, -0.6004 -3.0002 -1.9685, -0.6004 -3.0002 0.7874, -0.597 -3.0262 -1.9685, -0.597 -3.0262 0.7874, -0.5869 -3.0504 -1.9685, -0.5869 -3.0504 0.7874, -0.571 -3.0712 -1.9685, -0.571 -3.0712 0.7874, -0.5502 -3.0871 -1.9685, -0.5502 -3.0871 0.7874, -0.526 -3.0972 -1.9685, -0.526 -3.0972 0.7874, -0.5 -3.1006 -1.9685, -0.5 -3.1006 0.7874, -0.474 -3.0972 -1.9685, -0.474 -3.0972 0.7874, -0.4498 -3.0871 -1.9685, -0.4498 -3.0871 0.7874, -0.429 -3.0712 -1.9685, -0.429 -3.0712 0.7874, -0.4131 -3.0504 -1.9685, -0.4131 -3.0504 0.7874, -0.403 -3.0262 -1.9685, -0.403 -3.0262 0.7874, -0.3996 -3.0002 -1.9685, -0.5 -3.0002 -1.9685, 0.6004 -3.0002 0.7874, 0.597 -2.9742 -1.9685, 0.597 -2.9742 0.7874, 0.5869 -2.95 -1.9685, 0.5869 -2.95 0.7874, 0.571 -2.9292 -1.9685, 0.571 -2.9292 0.7874, 0.5502 -2.9133 -1.9685, 0.5502 -2.9133 0.7874, 0.526 -2.9032 -1.9685, 0.526 -2.9032 0.7874, 0.5 -2.8998 -1.9685, 0.5 -2.8998 0.7874, 0.474 -2.9032 -1.9685, 0.474 -2.9032 0.7874, 0.4498 -2.9133 -1.9685, 0.4498 -2.9133 0.7874, 0.429 -2.9292 -1.9685, 0.429 -2.9292 0.7874, 0.4131 -2.95 -1.9685, 0.4131 -2.95 0.7874, 0.403 -2.9742 -1.9685, 0.403 -2.9742 0.7874, 0.3996 -3.0002 -1.9685, 0.3996 -3.0002 0.7874, 0.403 -3.0262 -1.9685, 0.403 -3.0262 0.7874, 0.4131 -3.0504 -1.9685, 0.4131 -3.0504 0.7874, 0.429 -3.0712 -1.9685, 0.429 -3.0712 0.7874, 0.4498 -3.0871 -1.9685, 0.4498 -3.0871 0.7874, 0.474 -3.0972 -1.9685, 0.474 -3.0972 0.7874, 0.5 -3.1006 -1.9685, 0.5 -3.1006 0.7874, 0.526 -3.0972 -1.9685, 0.526 -3.0972 0.7874, 0.5502 -3.0871 -1.9685, 0.5502 -3.0871 0.7874, 0.571 -3.0712 -1.9685, 0.571 -3.0712 0.7874, 0.5869 -3.0504 -1.9685, 0.5869 -3.0504 0.7874, 0.597 -3.0262 -1.9685, 0.597 -3.0262 0.7874, 0.6004 -3.0002 -1.9685, 0.5 -3.0002 -1.9685, 1.6004 -3.0002 0.7874, 1.597 -2.9742 -1.9685, 1.597 -2.9742 0.7874, 1.5869 -2.95 -1.9685, 1.5869 -2.95 0.7874, 1.571 -2.9292 -1.9685, 1.571 -2.9292 0.7874, 1.5502 -2.9133 -1.9685, 1.5502 -2.9133 0.7874, 1.526 -2.9032 -1.9685, 1.526 -2.9032 0.7874, 1.5 -2.8998 -1.9685, 1.5 -2.8998 0.7874, 1.474 -2.9032 -1.9685, 1.474 -2.9032 0.7874, 1.4498 -2.9133 -1.9685, 1.4498 -2.9133 0.7874, 1.429 -2.9292 -1.9685, 1.429 -2.9292 0.7874, 1.4131 -2.95 -1.9685, 1.4131 -2.95 0.7874, 1.403 -2.9742 -1.9685, 1.403 -2.9742 0.7874, 1.3996 -3.0002 -1.9685, 1.3996 -3.0002 0.7874, 1.403 -3.0262 -1.9685, 1.403 -3.0262 0.7874, 1.4131 -3.0504 -1.9685, 1.4131 -3.0504 0.7874, 1.429 -3.0712 -1.9685, 1.429 -3.0712 0.7874, 1.4498 -3.0871 -1.9685, 1.4498 -3.0871 0.7874, 1.474 -3.0972 -1.9685, 1.474 -3.0972 0.7874, 1.5 -3.1006 -1.9685, 1.5 -3.1006 0.7874, 1.526 -3.0972 -1.9685, 1.526 -3.0972 0.7874, 1.5502 -3.0871 -1.9685, 1.5502 -3.0871 0.7874, 1.571 -3.0712 -1.9685, 1.571 -3.0712 0.7874, 1.5869 -3.0504 -1.9685, 1.5869 -3.0504 0.7874, 1.597 -3.0262 -1.9685, 1.597 -3.0262 0.7874, 1.6004 -3.0002 -1.9685, 1.5 -3.0002 -1.9685, -2.3996 2.9998 0.7874, -2.403 3.0258 -1.9685, -2.403 3.0258 0.7874, -2.4131 3.05 -1.9685, -2.4131 3.05 0.7874, -2.429 3.0708 -1.9685, -2.429 3.0708 0.7874, -2.4498 3.0867 -1.9685, -2.4498 3.0867 0.7874, -2.474 3.0968 -1.9685, -2.474 3.0968 0.7874, -2.5 3.1002 -1.9685, -2.5 3.1002 0.7874, -2.526 3.0968 -1.9685, -2.526 3.0968 0.7874, -2.5502 3.0867 -1.9685, -2.5502 3.0867 0.7874, -2.571 3.0708 -1.9685, -2.571 3.0708 0.7874, -2.5869 3.05 -1.9685, -2.5869 3.05 0.7874, -2.597 3.0258 -1.9685, -2.597 3.0258 0.7874, -2.6004 2.9998 -1.9685, -2.6004 2.9998 0.7874, -2.597 2.9738 -1.9685, -2.597 2.9738 0.7874, -2.5869 2.9496 -1.9685, -2.5869 2.9496 0.7874, -2.571 2.9288 -1.9685, -2.571 2.9288 0.7874, -2.5502 2.9129 -1.9685, -2.5502 2.9129 0.7874, -2.526 2.9028 -1.9685, -2.526 2.9028 0.7874, -2.5 2.8994 -1.9685, -2.5 2.8994 0.7874, -2.474 2.9028 -1.9685, -2.474 2.9028 0.7874, -2.4498 2.9129 -1.9685, -2.4498 2.9129 0.7874, -2.429 2.9288 -1.9685, -2.429 2.9288 0.7874, -2.4131 2.9496 -1.9685, -2.4131 2.9496 0.7874, -2.403 2.9738 -1.9685, -2.403 2.9738 0.7874, -2.3996 2.9998 -1.9685, -2.5 2.9998 -1.9685, -1.3996 2.9998 0.7874, -1.403 3.0258 -1.9685, -1.403 3.0258 0.7874, -1.4131 3.05 -1.9685, -1.4131 3.05 0.7874, -1.429 3.0708 -1.9685, -1.429 3.0708 0.7874, -1.4498 3.0867 -1.9685, -1.4498 3.0867 0.7874, -1.474 3.0968 -1.9685, -1.474 3.0968 0.7874, -1.5 3.1002 -1.9685, -1.5 3.1002 0.7874, -1.526 3.0968 -1.9685, -1.526 3.0968 0.7874, -1.5502 3.0867 -1.9685, -1.5502 3.0867 0.7874, -1.571 3.0708 -1.9685, -1.571 3.0708 0.7874, -1.5869 3.05 -1.9685, -1.5869 3.05 0.7874, -1.597 3.0258 -1.9685, -1.597 3.0258 0.7874, -1.6004 2.9998 -1.9685, -1.6004 2.9998 0.7874, -1.597 2.9738 -1.9685, -1.597 2.9738 0.7874, -1.5869 2.9496 -1.9685, -1.5869 2.9496 0.7874, -1.571 2.9288 -1.9685, -1.571 2.9288 0.7874, -1.5502 2.9129 -1.9685, -1.5502 2.9129 0.7874, -1.526 2.9028 -1.9685, -1.526 2.9028 0.7874, -1.5 2.8994 -1.9685, -1.5 2.8994 0.7874, -1.474 2.9028 -1.9685, -1.474 2.9028 0.7874, -1.4498 2.9129 -1.9685, -1.4498 2.9129 0.7874, -1.429 2.9288 -1.9685, -1.429 2.9288 0.7874, -1.4131 2.9496 -1.9685, -1.4131 2.9496 0.7874, -1.403 2.9738 -1.9685, -1.403 2.9738 0.7874, -1.3996 2.9998 -1.9685, -1.5 2.9998 -1.9685, -0.3996 2.9998 0.7874, -0.403 3.0258 -1.9685, -0.403 3.0258 0.7874, -0.4131 3.05 -1.9685, -0.4131 3.05 0.7874, -0.429 3.0708 -1.9685, -0.429 3.0708 0.7874, -0.4498 3.0867 -1.9685, -0.4498 3.0867 0.7874, -0.474 3.0968 -1.9685, -0.474 3.0968 0.7874, -0.5 3.1002 -1.9685, -0.5 3.1002 0.7874, -0.526 3.0968 -1.9685, -0.526 3.0968 0.7874, -0.5502 3.0867 -1.9685, -0.5502 3.0867 0.7874, -0.571 3.0708 -1.9685, -0.571 3.0708 0.7874, -0.5869 3.05 -1.9685, -0.5869 3.05 0.7874, -0.597 3.0258 -1.9685, -0.597 3.0258 0.7874, -0.6004 2.9998 -1.9685, -0.6004 2.9998 0.7874, -0.597 2.9738 -1.9685, -0.597 2.9738 0.7874, -0.5869 2.9496 -1.9685, -0.5869 2.9496 0.7874, -0.571 2.9288 -1.9685, -0.571 2.9288 0.7874, -0.5502 2.9129 -1.9685, -0.5502 2.9129 0.7874, -0.526 2.9028 -1.9685, -0.526 2.9028 0.7874, -0.5 2.8994 -1.9685, -0.5 2.8994 0.7874, -0.474 2.9028 -1.9685, -0.474 2.9028 0.7874, -0.4498 2.9129 -1.9685, -0.4498 2.9129 0.7874, -0.429 2.9288 -1.9685, -0.429 2.9288 0.7874, -0.4131 2.9496 -1.9685, -0.4131 2.9496 0.7874, -0.403 2.9738 -1.9685, -0.403 2.9738 0.7874, -0.3996 2.9998 -1.9685, -0.5 2.9998 -1.9685, 0.6004 2.9998 0.7874, 0.597 3.0258 -1.9685, 0.597 3.0258 0.7874, 0.5869 3.05 -1.9685, 0.5869 3.05 0.7874, 0.571 3.0708 -1.9685, 0.571 3.0708 0.7874, 0.5502 3.0867 -1.9685, 0.5502 3.0867 0.7874, 0.526 3.0968 -1.9685, 0.526 3.0968 0.7874, 0.5 3.1002 -1.9685, 0.5 3.1002 0.7874, 0.474 3.0968 -1.9685, 0.474 3.0968 0.7874, 0.4498 3.0867 -1.9685, 0.4498 3.0867 0.7874, 0.429 3.0708 -1.9685, 0.429 3.0708 0.7874, 0.4131 3.05 -1.9685, 0.4131 3.05 0.7874, 0.403 3.0258 -1.9685, 0.403 3.0258 0.7874, 0.3996 2.9998 -1.9685, 0.3996 2.9998 0.7874, 0.403 2.9738 -1.9685, 0.403 2.9738 0.7874, 0.4131 2.9496 -1.9685, 0.4131 2.9496 0.7874, 0.429 2.9288 -1.9685, 0.429 2.9288 0.7874, 0.4498 2.9129 -1.9685, 0.4498 2.9129 0.7874, 0.474 2.9028 -1.9685, 0.474 2.9028 0.7874, 0.5 2.8994 -1.9685, 0.5 2.8994 0.7874, 0.526 2.9028 -1.9685, 0.526 2.9028 0.7874, 0.5502 2.9129 -1.9685, 0.5502 2.9129 0.7874, 0.571 2.9288 -1.9685, 0.571 2.9288 0.7874, 0.5869 2.9496 -1.9685, 0.5869 2.9496 0.7874, 0.597 2.9738 -1.9685, 0.597 2.9738 0.7874, 0.6004 2.9998 -1.9685, 0.5 2.9998 -1.9685, 1.6004 2.9998 0.7874, 1.597 3.0258 -1.9685, 1.597 3.0258 0.7874, 1.5869 3.05 -1.9685, 1.5869 3.05 0.7874, 1.571 3.0708 -1.9685, 1.571 3.0708 0.7874, 1.5502 3.0867 -1.9685, 1.5502 3.0867 0.7874, 1.526 3.0968 -1.9685, 1.526 3.0968 0.7874, 1.5 3.1002 -1.9685, 1.5 3.1002 0.7874, 1.474 3.0968 -1.9685, 1.474 3.0968 0.7874, 1.4498 3.0867 -1.9685, 1.4498 3.0867 0.7874, 1.429 3.0708 -1.9685, 1.429 3.0708 0.7874, 1.4131 3.05 -1.9685, 1.4131 3.05 0.7874, 1.403 3.0258 -1.9685, 1.403 3.0258 0.7874, 1.3996 2.9998 -1.9685, 1.3996 2.9998 0.7874, 1.403 2.9738 -1.9685, 1.403 2.9738 0.7874, 1.4131 2.9496 -1.9685, 1.4131 2.9496 0.7874, 1.429 2.9288 -1.9685, 1.429 2.9288 0.7874, 1.4498 2.9129 -1.9685, 1.4498 2.9129 0.7874, 1.474 2.9028 -1.9685, 1.474 2.9028 0.7874, 1.5 2.8994 -1.9685, 1.5 2.8994 0.7874, 1.526 2.9028 -1.9685, 1.526 2.9028 0.7874, 1.5502 2.9129 -1.9685, 1.5502 2.9129 0.7874, 1.571 2.9288 -1.9685, 1.571 2.9288 0.7874, 1.5869 2.9496 -1.9685, 1.5869 2.9496 0.7874, 1.597 2.9738 -1.9685, 1.597 2.9738 0.7874, 1.6004 2.9998 -1.9685, 1.5 2.9998 -1.9685, 2.6004 2.9998 0.7874, 2.597 3.0258 -1.9685, 2.597 3.0258 0.7874, 2.5869 3.05 -1.9685, 2.5869 3.05 0.7874, 2.571 3.0708 -1.9685, 2.571 3.0708 0.7874, 2.5502 3.0867 -1.9685, 2.5502 3.0867 0.7874, 2.526 3.0968 -1.9685, 2.526 3.0968 0.7874, 2.5 3.1002 -1.9685, 2.5 3.1002 0.7874, 2.474 3.0968 -1.9685, 2.474 3.0968 0.7874, 2.4498 3.0867 -1.9685, 2.4498 3.0867 0.7874, 2.429 3.0708 -1.9685, 2.429 3.0708 0.7874, 2.4131 3.05 -1.9685, 2.4131 3.05 0.7874, 2.403 3.0258 -1.9685, 2.403 3.0258 0.7874, 2.3996 2.9998 -1.9685, 2.3996 2.9998 0.7874, 2.403 2.9738 -1.9685, 2.403 2.9738 0.7874, 2.4131 2.9496 -1.9685, 2.4131 2.9496 0.7874, 2.429 2.9288 -1.9685, 2.429 2.9288 0.7874, 2.4498 2.9129 -1.9685, 2.4498 2.9129 0.7874, 2.474 2.9028 -1.9685, 2.474 2.9028 0.7874, 2.5 2.8994 -1.9685, 2.5 2.8994 0.7874, 2.526 2.9028 -1.9685, 2.526 2.9028 0.7874, 2.5502 2.9129 -1.9685, 2.5502 2.9129 0.7874, 2.571 2.9288 -1.9685, 2.571 2.9288 0.7874, 2.5869 2.9496 -1.9685, 2.5869 2.9496 0.7874, 2.597 2.9738 -1.9685, 2.597 2.9738 0.7874, 2.6004 2.9998 -1.9685, 2.5 2.9998 -1.9685
            ]
        }
        coordIndex [
            0,1,2,-1,2,1,3,-1,2,3,4,-1,4,3,5,-1,4,5,6,-1,6,5,7,-1,6,7,8,-1,8,7,9,-1,8,9,10,-1,10,9,11,-1,10,11,12,-1,12,11,13,-1,12,13,14,-1,14,13,15,-1,14,15,16,-1,16,15,17,-1,16,17,18,-1,18,17,19,-1,18,19,20,-1,20,19,21,-1,20,21,22,-1,22,21,23,-1,22,23,24,-1,24,23,25,-1,24,25,26,-1,26,25,27,-1,26,27,28,-1,28,27,29,-1,28,29,30,-1,30,29,31,-1,30,31,32,-1,32,31,33,-1,32,33,34,-1,34,33,35,-1,34,35,36,-1,36,35,37,-1,36,37,38,-1,38,37,39,-1,38,39,40,-1,40,39,41,-1,40,41,42,-1,42,41,43,-1,42,43,44,-1,44,43,45,-1,44,45,46,-1,46,45,47,-1,46,47,0,-1,0,47,1,-1,3,1,48,-1,48,1,47,-1,48,47,45,-1,9,7,48,-1,48,7,5,-1,48,5,3,-1,15,13,48,-1,48,13,11,-1,48,11,9,-1,21,19,48,-1,48,19,17,-1,48,17,15,-1,27,25,48,-1,48,25,23,-1,48,23,21,-1,33,31,48,-1,48,31,29,-1,48,29,27,-1,39,37,48,-1,48,37,35,-1,48,35,33,-1,45,43,48,-1,48,43,41,-1,48,41,39,-1,49,50,51,-1,51,50,52,-1,51,52,53,-1,53,52,54,-1,53,54,55,-1,55,54,56,-1,55,56,57,-1,57,56,58,-1,57,58,59,-1,59,58,60,-1,59,60,61,-1,61,60,62,-1,61,62,63,-1,63,62,64,-1,63,64,65,-1,65,64,66,-1,65,66,67,-1,67,66,68,-1,67,68,69,-1,69,68,70,-1,69,70,71,-1,71,70,72,-1,71,72,73,-1,73,72,74,-1,73,74,75,-1,75,74,76,-1,75,76,77,-1,77,76,78,-1,77,78,79,-1,79,78,80,-1,79,80,81,-1,81,80,82,-1,81,82,83,-1,83,82,84,-1,83,84,85,-1,85,84,86,-1,85,86,87,-1,87,86,88,-1,87,88,89,-1,89,88,90,-1,89,90,91,-1,91,90,92,-1,91,92,93,-1,93,92,94,-1,93,94,95,-1,95,94,96,-1,95,96,49,-1,49,96,50,-1,52,50,97,-1,97,50,96,-1,97,96,94,-1,58,56,97,-1,97,56,54,-1,97,54,52,-1,64,62,97,-1,97,62,60,-1,97,60,58,-1,70,68,97,-1,97,68,66,-1,97,66,64,-1,76,74,97,-1,97,74,72,-1,97,72,70,-1,82,80,97,-1,97,80,78,-1,97,78,76,-1,88,86,97,-1,97,86,84,-1,97,84,82,-1,94,92,97,-1,97,92,90,-1,97,90,88,-1,98,99,100,-1,100,99,101,-1,100,101,102,-1,102,101,103,-1,102,103,104,-1,104,103,105,-1,104,105,106,-1,106,105,107,-1,106,107,108,-1,108,107,109,-1,108,109,110,-1,110,109,111,-1,110,111,112,-1,112,111,113,-1,112,113,114,-1,114,113,115,-1,114,115,116,-1,116,115,117,-1,116,117,118,-1,118,117,119,-1,118,119,120,-1,120,119,121,-1,120,121,122,-1,122,121,123,-1,122,123,124,-1,124,123,125,-1,124,125,126,-1,126,125,127,-1,126,127,128,-1,128,127,129,-1,128,129,130,-1,130,129,131,-1,130,131,132,-1,132,131,133,-1,132,133,134,-1,134,133,135,-1,134,135,136,-1,136,135,137,-1,136,137,138,-1,138,137,139,-1,138,139,140,-1,140,139,141,-1,140,141,142,-1,142,141,143,-1,142,143,144,-1,144,143,145,-1,144,145,98,-1,98,145,99,-1,101,99,146,-1,146,99,145,-1,146,145,143,-1,107,105,146,-1,146,105,103,-1,146,103,101,-1,113,111,146,-1,146,111,109,-1,146,109,107,-1,119,117,146,-1,146,117,115,-1,146,115,113,-1,125,123,146,-1,146,123,121,-1,146,121,119,-1,131,129,146,-1,146,129,127,-1,146,127,125,-1,137,135,146,-1,146,135,133,-1,146,133,131,-1,143,141,146,-1,146,141,139,-1,146,139,137,-1,147,148,149,-1,149,148,150,-1,149,150,151,-1,151,150,152,-1,151,152,153,-1,153,152,154,-1,153,154,155,-1,155,154,156,-1,155,156,157,-1,157,156,158,-1,157,158,159,-1,159,158,160,-1,159,160,161,-1,161,160,162,-1,161,162,163,-1,163,162,164,-1,163,164,165,-1,165,164,166,-1,165,166,167,-1,167,166,168,-1,167,168,169,-1,169,168,170,-1,169,170,171,-1,171,170,172,-1,171,172,173,-1,173,172,174,-1,173,174,175,-1,175,174,176,-1,175,176,177,-1,177,176,178,-1,177,178,179,-1,179,178,180,-1,179,180,181,-1,181,180,182,-1,181,182,183,-1,183,182,184,-1,183,184,185,-1,185,184,186,-1,185,186,187,-1,187,186,188,-1,187,188,189,-1,189,188,190,-1,189,190,191,-1,191,190,192,-1,191,192,193,-1,193,192,194,-1,193,194,147,-1,147,194,148,-1,150,148,195,-1,195,148,194,-1,195,194,192,-1,156,154,195,-1,195,154,152,-1,195,152,150,-1,162,160,195,-1,195,160,158,-1,195,158,156,-1,168,166,195,-1,195,166,164,-1,195,164,162,-1,174,172,195,-1,195,172,170,-1,195,170,168,-1,180,178,195,-1,195,178,176,-1,195,176,174,-1,186,184,195,-1,195,184,182,-1,195,182,180,-1,192,190,195,-1,195,190,188,-1,195,188,186,-1,196,197,198,-1,198,197,199,-1,198,199,200,-1,200,199,201,-1,200,201,202,-1,202,201,203,-1,202,203,204,-1,204,203,205,-1,204,205,206,-1,206,205,207,-1,206,207,208,-1,208,207,209,-1,208,209,210,-1,210,209,211,-1,210,211,212,-1,212,211,213,-1,212,213,214,-1,214,213,215,-1,214,215,216,-1,216,215,217,-1,216,217,218,-1,218,217,219,-1,218,219,220,-1,220,219,221,-1,220,221,222,-1,222,221,223,-1,222,223,224,-1,224,223,225,-1,224,225,226,-1,226,225,227,-1,226,227,228,-1,228,227,229,-1,228,229,230,-1,230,229,231,-1,230,231,232,-1,232,231,233,-1,232,233,234,-1,234,233,235,-1,234,235,236,-1,236,235,237,-1,236,237,238,-1,238,237,239,-1,238,239,240,-1,240,239,241,-1,240,241,242,-1,242,241,243,-1,242,243,196,-1,196,243,197,-1,199,197,244,-1,244,197,243,-1,244,243,241,-1,205,203,244,-1,244,203,201,-1,244,201,199,-1,211,209,244,-1,244,209,207,-1,244,207,205,-1,217,215,244,-1,244,215,213,-1,244,213,211,-1,223,221,244,-1,244,221,219,-1,244,219,217,-1,229,227,244,-1,244,227,225,-1,244,225,223,-1,235,233,244,-1,244,233,231,-1,244,231,229,-1,241,239,244,-1,244,239,237,-1,244,237,235,-1,245,246,247,-1,247,246,248,-1,247,248,249,-1,249,248,250,-1,249,250,251,-1,251,250,252,-1,251,252,253,-1,253,252,254,-1,253,254,255,-1,255,254,256,-1,255,256,257,-1,257,256,258,-1,257,258,259,-1,259,258,260,-1,259,260,261,-1,261,260,262,-1,261,262,263,-1,263,262,264,-1,263,264,265,-1,265,264,266,-1,265,266,267,-1,267,266,268,-1,267,268,269,-1,269,268,270,-1,269,270,271,-1,271,270,272,-1,271,272,273,-1,273,272,274,-1,273,274,275,-1,275,274,276,-1,275,276,277,-1,277,276,278,-1,277,278,279,-1,279,278,280,-1,279,280,281,-1,281,280,282,-1,281,282,283,-1,283,282,284,-1,283,284,285,-1,285,284,286,-1,285,286,287,-1,287,286,288,-1,287,288,289,-1,289,288,290,-1,289,290,291,-1,291,290,292,-1,291,292,245,-1,245,292,246,-1,248,246,293,-1,293,246,292,-1,293,292,290,-1,254,252,293,-1,293,252,250,-1,293,250,248,-1,260,258,293,-1,293,258,256,-1,293,256,254,-1,266,264,293,-1,293,264,262,-1,293,262,260,-1,272,270,293,-1,293,270,268,-1,293,268,266,-1,278,276,293,-1,293,276,274,-1,293,274,272,-1,284,282,293,-1,293,282,280,-1,293,280,278,-1,290,288,293,-1,293,288,286,-1,293,286,284,-1,294,295,296,-1,296,295,297,-1,296,297,298,-1,298,297,299,-1,298,299,300,-1,300,299,301,-1,300,301,302,-1,302,301,303,-1,302,303,304,-1,304,303,305,-1,304,305,306,-1,306,305,307,-1,306,307,308,-1,308,307,309,-1,308,309,310,-1,310,309,311,-1,310,311,312,-1,312,311,313,-1,312,313,314,-1,314,313,315,-1,314,315,316,-1,316,315,317,-1,316,317,318,-1,318,317,319,-1,318,319,320,-1,320,319,321,-1,320,321,322,-1,322,321,323,-1,322,323,324,-1,324,323,325,-1,324,325,326,-1,326,325,327,-1,326,327,328,-1,328,327,329,-1,328,329,330,-1,330,329,331,-1,330,331,332,-1,332,331,333,-1,332,333,334,-1,334,333,335,-1,334,335,336,-1,336,335,337,-1,336,337,338,-1,338,337,339,-1,338,339,340,-1,340,339,341,-1,340,341,294,-1,294,341,295,-1,297,295,342,-1,342,295,341,-1,342,341,339,-1,303,301,342,-1,342,301,299,-1,342,299,297,-1,309,307,342,-1,342,307,305,-1,342,305,303,-1,315,313,342,-1,342,313,311,-1,342,311,309,-1,321,319,342,-1,342,319,317,-1,342,317,315,-1,327,325,342,-1,342,325,323,-1,342,323,321,-1,333,331,342,-1,342,331,329,-1,342,329,327,-1,339,337,342,-1,342,337,335,-1,342,335,333,-1,343,344,345,-1,345,344,346,-1,345,346,347,-1,347,346,348,-1,347,348,349,-1,349,348,350,-1,349,350,351,-1,351,350,352,-1,351,352,353,-1,353,352,354,-1,353,354,355,-1,355,354,356,-1,355,356,357,-1,357,356,358,-1,357,358,359,-1,359,358,360,-1,359,360,361,-1,361,360,362,-1,361,362,363,-1,363,362,364,-1,363,364,365,-1,365,364,366,-1,365,366,367,-1,367,366,368,-1,367,368,369,-1,369,368,370,-1,369,370,371,-1,371,370,372,-1,371,372,373,-1,373,372,374,-1,373,374,375,-1,375,374,376,-1,375,376,377,-1,377,376,378,-1,377,378,379,-1,379,378,380,-1,379,380,381,-1,381,380,382,-1,381,382,383,-1,383,382,384,-1,383,384,385,-1,385,384,386,-1,385,386,387,-1,387,386,388,-1,387,388,389,-1,389,388,390,-1,389,390,343,-1,343,390,344,-1,346,344,391,-1,391,344,390,-1,391,390,388,-1,352,350,391,-1,391,350,348,-1,391,348,346,-1,358,356,391,-1,391,356,354,-1,391,354,352,-1,364,362,391,-1,391,362,360,-1,391,360,358,-1,370,368,391,-1,391,368,366,-1,391,366,364,-1,376,374,391,-1,391,374,372,-1,391,372,370,-1,382,380,391,-1,391,380,378,-1,391,378,376,-1,388,386,391,-1,391,386,384,-1,391,384,382,-1,392,393,394,-1,394,393,395,-1,394,395,396,-1,396,395,397,-1,396,397,398,-1,398,397,399,-1,398,399,400,-1,400,399,401,-1,400,401,402,-1,402,401,403,-1,402,403,404,-1,404,403,405,-1,404,405,406,-1,406,405,407,-1,406,407,408,-1,408,407,409,-1,408,409,410,-1,410,409,411,-1,410,411,412,-1,412,411,413,-1,412,413,414,-1,414,413,415,-1,414,415,416,-1,416,415,417,-1,416,417,418,-1,418,417,419,-1,418,419,420,-1,420,419,421,-1,420,421,422,-1,422,421,423,-1,422,423,424,-1,424,423,425,-1,424,425,426,-1,426,425,427,-1,426,427,428,-1,428,427,429,-1,428,429,430,-1,430,429,431,-1,430,431,432,-1,432,431,433,-1,432,433,434,-1,434,433,435,-1,434,435,436,-1,436,435,437,-1,436,437,438,-1,438,437,439,-1,438,439,392,-1,392,439,393,-1,395,393,440,-1,440,393,439,-1,440,439,437,-1,401,399,440,-1,440,399,397,-1,440,397,395,-1,407,405,440,-1,440,405,403,-1,440,403,401,-1,413,411,440,-1,440,411,409,-1,440,409,407,-1,419,417,440,-1,440,417,415,-1,440,415,413,-1,425,423,440,-1,440,423,421,-1,440,421,419,-1,431,429,440,-1,440,429,427,-1,440,427,425,-1,437,435,440,-1,440,435,433,-1,440,433,431,-1,441,442,443,-1,443,442,444,-1,443,444,445,-1,445,444,446,-1,445,446,447,-1,447,446,448,-1,447,448,449,-1,449,448,450,-1,449,450,451,-1,451,450,452,-1,451,452,453,-1,453,452,454,-1,453,454,455,-1,455,454,456,-1,455,456,457,-1,457,456,458,-1,457,458,459,-1,459,458,460,-1,459,460,461,-1,461,460,462,-1,461,462,463,-1,463,462,464,-1,463,464,465,-1,465,464,466,-1,465,466,467,-1,467,466,468,-1,467,468,469,-1,469,468,470,-1,469,470,471,-1,471,470,472,-1,471,472,473,-1,473,472,474,-1,473,474,475,-1,475,474,476,-1,475,476,477,-1,477,476,478,-1,477,478,479,-1,479,478,480,-1,479,480,481,-1,481,480,482,-1,481,482,483,-1,483,482,484,-1,483,484,485,-1,485,484,486,-1,485,486,487,-1,487,486,488,-1,487,488,441,-1,441,488,442,-1,444,442,489,-1,489,442,488,-1,489,488,486,-1,450,448,489,-1,489,448,446,-1,489,446,444,-1,456,454,489,-1,489,454,452,-1,489,452,450,-1,462,460,489,-1,489,460,458,-1,489,458,456,-1,468,466,489,-1,489,466,464,-1,489,464,462,-1,474,472,489,-1,489,472,470,-1,489,470,468,-1,480,478,489,-1,489,478,476,-1,489,476,474,-1,486,484,489,-1,489,484,482,-1,489,482,480,-1,490,491,492,-1,492,491,493,-1,492,493,494,-1,494,493,495,-1,494,495,496,-1,496,495,497,-1,496,497,498,-1,498,497,499,-1,498,499,500,-1,500,499,501,-1,500,501,502,-1,502,501,503,-1,502,503,504,-1,504,503,505,-1,504,505,506,-1,506,505,507,-1,506,507,508,-1,508,507,509,-1,508,509,510,-1,510,509,511,-1,510,511,512,-1,512,511,513,-1,512,513,514,-1,514,513,515,-1,514,515,516,-1,516,515,517,-1,516,517,518,-1,518,517,519,-1,518,519,520,-1,520,519,521,-1,520,521,522,-1,522,521,523,-1,522,523,524,-1,524,523,525,-1,524,525,526,-1,526,525,527,-1,526,527,528,-1,528,527,529,-1,528,529,530,-1,530,529,531,-1,530,531,532,-1,532,531,533,-1,532,533,534,-1,534,533,535,-1,534,535,536,-1,536,535,537,-1,536,537,490,-1,490,537,491,-1,493,491,538,-1,538,491,537,-1,538,537,535,-1,499,497,538,-1,538,497,495,-1,538,495,493,-1,505,503,538,-1,538,503,501,-1,538,501,499,-1,511,509,538,-1,538,509,507,-1,538,507,505,-1,517,515,538,-1,538,515,513,-1,538,513,511,-1,523,521,538,-1,538,521,519,-1,538,519,517,-1,529,527,538,-1,538,527,525,-1,538,525,523,-1,535,533,538,-1,538,533,531,-1,538,531,529,-1,
        ]
    }
}
Shape{
    appearance Appearance {
        material  Material {
            diffuseColor 1.0 1.0 1.0
            specularColor 0.8784313725490196 0.8784313725490196 0.8784313725490196
            ambientIntensity 1.0
            transparency 0.0
            shininess 0.5
        }
    }
    geometry IndexedFaceSet {
        ccw TRUE
        solid FALSE
        coord DEF co Coordinate {
            point [
                -0.3071 3.7404 2.0081, -0.3069 3.7404 1.9807, -0.3071 3.74 2.0081, -0.3069 3.74 1.9807, -0.2114 3.7404 2.0087, -0.2114 3.74 2.0087, -0.2129 3.7404 2.2216, -0.2129 3.74 2.2205, -0.2129 3.74 2.2216, -0.1819 3.7404 2.2218, -0.1819 3.74 2.2218, -0.1802 3.74 1.9816, -0.1802 3.7404 1.9816, -0.1819 3.74 2.2205, -0.4966 3.74 1.9893, -0.4966 3.7404 1.9893, -0.4925 3.7404 1.9873, -0.43 3.7404 1.9757, -0.43 3.74 1.9757, -0.4375 3.74 1.9764, -0.4667 3.7404 1.979, -0.4667 3.74 1.979, -0.4862 3.74 1.9852, -0.4925 3.74 1.9873, -0.4968 3.7404 2.019, -0.4968 3.74 2.019, -0.4759 3.7404 2.0094, -0.4862 3.74 2.0141, -0.4759 3.74 2.0094, -0.4493 3.74 2.004, -0.4493 3.7404 2.004, -0.4347 3.74 2.0033, -0.4347 3.7404 2.0033, -0.412 3.74 2.0061, -0.412 3.7404 2.0061, -0.3947 3.74 2.0125, -0.3947 3.7404 2.0125, -0.3788 3.74 2.0235, -0.3788 3.7404 2.0235, -0.3732 3.74 2.0291, -0.3732 3.7404 2.0291, -0.3615 3.74 2.0455, -0.3615 3.7404 2.0455, -0.3539 3.74 2.065, -0.3539 3.7404 2.065, -0.3503 3.74 2.0891, -0.3503 3.7404 2.0891, -0.3501 3.74 2.0978, -0.3501 3.7404 2.0978, -0.3542 3.74 2.1304, -0.3542 3.7404 2.1304, -0.3624 3.74 2.1512, -0.3624 3.7404 2.1512, -0.374 3.74 2.1679, -0.374 3.7404 2.1679, -0.3758 3.74 2.1698, -0.3758 3.7404 2.1698, -0.3921 3.74 2.1831, -0.3921 3.7404 2.1831, -0.411 3.74 2.1917, -0.411 3.7404 2.1917, -0.4319 3.74 2.1957, -0.4319 3.7404 2.1957, -0.4415 3.74 2.196, -0.4415 3.7404 2.196, -0.498 3.74 2.1813, -0.498 3.7404 2.1813, -0.4953 3.7404 2.1828, -0.471 3.74 2.1922, -0.471 3.7404 2.1922, -0.4862 3.74 2.1863, -0.4953 3.74 2.1828, -0.4982 3.7404 2.2138, -0.4982 3.74 2.2138, -0.4769 3.74 2.2205, -0.4767 3.7404 2.2205, -0.4862 3.74 2.2175, -0.4767 3.74 2.2205, -0.4461 3.74 2.2239, -0.4461 3.7404 2.2239, -0.4414 3.74 2.224, -0.4414 3.7404 2.224, -0.4068 3.7404 2.2201, -0.4105 3.74 2.2205, -0.4068 3.74 2.2201, -0.3816 3.74 2.2105, -0.3816 3.7404 2.2105, -0.3583 3.74 2.1943, -0.3583 3.7404 2.1943, -0.3529 3.74 2.1892, -0.3529 3.7404 2.1892, -0.3375 3.74 2.1702, -0.3375 3.7404 2.1702, -0.3266 3.74 2.1474, -0.3251 3.7404 2.1442, -0.3251 3.74 2.1442, -0.3185 3.74 2.1138, -0.3185 3.7404 2.1138, -0.3175 3.74 2.0962, -0.3175 3.7404 2.0962, -0.3219 3.74 2.0573, -0.3219 3.7404 2.0573, -0.3266 3.74 2.045, -0.3315 3.7404 2.0321, -0.3315 3.74 2.0321, -0.3456 3.74 2.0115, -0.3456 3.7404 2.0115, -0.3477 3.74 2.0091, -0.3477 3.7404 2.0091, -0.4196 3.74 1.9764, -0.4129 3.7404 1.9768, -0.4129 3.74 1.9768, -0.3874 3.7404 1.9828, -0.3874 3.74 1.9828, -0.3651 3.7404 1.9942, -0.3651 3.74 1.9942, -0.674 3.7404 2.0055, -0.6738 3.7404 1.9781, -0.674 3.74 2.0055, -0.6738 3.74 1.9781, -0.5758 3.74 2.0062, -0.5758 3.7404 2.0062, -0.6386 3.74 2.0057, -0.5764 3.7404 2.087, -0.5764 3.74 2.087, -0.6623 3.74 2.0863, -0.6623 3.7404 2.0863, -0.6386 3.74 2.0865, -0.6625 3.7404 2.1139, -0.6625 3.74 2.1139, -0.5766 3.74 2.1145, -0.5766 3.7404 2.1145, -0.6386 3.74 2.114, -0.5772 3.7404 2.1913, -0.5772 3.74 2.1913, -0.6699 3.74 2.1907, -0.6699 3.7404 2.1907, -0.6386 3.74 2.1909, -0.6701 3.7404 2.2183, -0.6701 3.74 2.2183, -0.5463 3.74 2.2192, -0.5463 3.7404 2.2192, -0.6386 3.74 2.2185, -0.5446 3.7404 1.979, -0.5446 3.74 1.979, -0.6386 3.74 1.9783, -0.8692 3.7404 2.0444, -0.8569 3.7404 2.0292, -0.8788 3.7404 2.0103, -0.8538 3.7404 2.0264, -0.8533 3.7404 1.9923, -0.8382 3.7404 2.0158, -0.8258 3.7404 1.9819, -0.8182 3.7404 2.0083, -0.7853 3.7404 1.9773, -0.7853 3.7404 2.0047, -0.7192 3.7404 1.9777, -0.7504 3.7404 2.0049, -0.7209 3.7404 2.218, -0.7517 3.7404 2.1901, -0.7894 3.7404 2.2175, -0.788 3.7404 2.1898, -0.8261 3.7404 2.2132, -0.8194 3.7404 2.1861, -0.855 3.7404 2.2024, -0.8401 3.7404 2.1784, -0.88 3.7404 2.185, -0.8572 3.7404 2.1668, -0.8886 3.7404 2.1765, -0.8658 3.7404 2.1577, -0.9033 3.7404 2.1554, -0.8745 3.7404 2.1436, -0.9119 3.7404 2.1324, -0.8806 3.7404 2.1249, -0.9156 3.7404 2.0995, -0.883 3.7404 2.0989, -0.9143 3.7404 2.0802, -0.8822 3.7404 2.0845, -0.9076 3.7404 2.0527, -0.8775 3.7404 2.0623, -0.8948 3.7404 2.0284, -0.7853 3.74 1.9773, -0.7192 3.74 1.9777, -0.8258 3.74 1.9819, -0.8533 3.74 1.9923, -0.8788 3.74 2.0103, -0.8948 3.74 2.0284, -0.9076 3.74 2.0527, -0.9143 3.74 2.0802, -0.9156 3.74 2.0995, -0.9119 3.74 2.1324, -0.9033 3.74 2.1554, -0.8886 3.74 2.1765, -0.88 3.74 2.185, -0.855 3.74 2.2024, -0.8261 3.74 2.2132, -0.7894 3.74 2.2175, -0.7209 3.74 2.218, -0.788 3.74 2.1898, -0.7517 3.74 2.1901, -0.7504 3.74 2.0049, -0.7853 3.74 2.0047, -0.8569 3.74 2.0292, -0.8538 3.74 2.0264, -0.8382 3.74 2.0158, -0.8182 3.74 2.0083, -0.883 3.74 2.0989, -0.8822 3.74 2.0845, -0.8775 3.74 2.0623, -0.8692 3.74 2.0444, -0.8572 3.74 2.1668, -0.8658 3.74 2.1577, -0.8745 3.74 2.1436, -0.8806 3.74 2.1249, -0.8194 3.74 2.1861, -0.8401 3.74 2.1784
            ]
        }
        coordIndex [
            0,1,2,-1,2,1,3,-1,4,0,5,-1,5,0,2,-1,4,5,6,-1,6,5,7,-1,6,7,8,-1,9,6,10,-1,10,6,8,-1,11,12,13,-1,13,12,9,-1,13,9,10,-1,1,12,3,-1,3,12,11,-1,6,9,4,-1,4,9,12,-1,4,12,0,-1,0,12,1,-1,14,15,16,-1,17,18,19,-1,17,19,20,-1,19,21,20,-1,20,21,22,-1,20,22,16,-1,16,22,23,-1,16,23,14,-1,24,15,25,-1,25,15,14,-1,26,24,27,-1,27,24,25,-1,27,28,26,-1,26,28,29,-1,26,29,30,-1,30,29,31,-1,30,31,32,-1,32,31,33,-1,32,33,34,-1,34,33,35,-1,34,35,36,-1,36,35,37,-1,36,37,38,-1,38,37,39,-1,38,39,40,-1,40,39,41,-1,40,41,42,-1,42,41,43,-1,42,43,44,-1,44,43,45,-1,44,45,46,-1,46,45,47,-1,46,47,48,-1,48,47,49,-1,48,49,50,-1,50,49,51,-1,50,51,52,-1,52,51,53,-1,52,53,54,-1,54,53,55,-1,54,55,56,-1,56,55,57,-1,56,57,58,-1,58,57,59,-1,58,59,60,-1,60,59,61,-1,60,61,62,-1,62,61,63,-1,62,63,64,-1,65,66,67,-1,64,63,68,-1,64,68,69,-1,69,68,70,-1,69,70,67,-1,67,70,71,-1,67,71,65,-1,72,66,73,-1,73,66,65,-1,74,75,76,-1,76,75,72,-1,76,72,73,-1,74,77,75,-1,75,77,78,-1,75,78,79,-1,79,78,80,-1,79,80,81,-1,82,81,83,-1,83,81,80,-1,83,84,82,-1,82,84,85,-1,82,85,86,-1,86,85,87,-1,86,87,88,-1,88,87,89,-1,88,89,90,-1,90,89,91,-1,90,91,92,-1,92,91,93,-1,92,93,94,-1,93,95,94,-1,94,95,96,-1,94,96,97,-1,97,96,98,-1,97,98,99,-1,99,98,100,-1,99,100,101,-1,101,100,102,-1,101,102,103,-1,102,104,103,-1,103,104,105,-1,103,105,106,-1,106,105,107,-1,106,107,108,-1,18,17,109,-1,109,17,110,-1,109,110,111,-1,111,110,112,-1,111,112,113,-1,113,112,114,-1,113,114,115,-1,115,114,108,-1,115,108,107,-1,67,66,72,-1,50,52,92,-1,67,72,69,-1,92,52,90,-1,81,64,79,-1,79,64,69,-1,79,69,75,-1,75,69,72,-1,52,54,90,-1,90,54,56,-1,90,56,88,-1,88,56,58,-1,88,58,86,-1,86,58,82,-1,82,58,60,-1,82,60,81,-1,81,60,62,-1,81,62,64,-1,99,48,97,-1,97,48,50,-1,97,50,94,-1,94,50,92,-1,15,24,16,-1,16,24,26,-1,16,26,20,-1,20,26,30,-1,20,30,17,-1,17,30,32,-1,17,32,110,-1,110,32,34,-1,110,34,112,-1,112,34,36,-1,112,36,114,-1,114,36,38,-1,114,38,108,-1,108,38,40,-1,108,40,106,-1,106,40,42,-1,106,42,103,-1,103,42,101,-1,101,42,44,-1,101,44,99,-1,99,44,46,-1,99,46,48,-1,116,117,118,-1,118,117,119,-1,120,121,122,-1,122,121,116,-1,122,116,118,-1,123,121,124,-1,124,121,120,-1,125,126,127,-1,127,126,123,-1,127,123,124,-1,128,126,129,-1,129,126,125,-1,130,131,132,-1,132,131,128,-1,132,128,129,-1,133,131,134,-1,134,131,130,-1,135,136,137,-1,137,136,133,-1,137,133,134,-1,138,136,139,-1,139,136,135,-1,140,141,142,-1,142,141,138,-1,142,138,139,-1,143,141,144,-1,144,141,140,-1,119,117,145,-1,145,117,143,-1,145,143,144,-1,143,117,116,-1,116,121,143,-1,143,121,123,-1,143,123,141,-1,136,138,133,-1,133,138,141,-1,133,141,131,-1,131,141,123,-1,131,123,128,-1,128,123,126,-1,146,147,148,-1,148,147,149,-1,148,149,150,-1,150,149,151,-1,150,151,152,-1,152,151,153,-1,152,153,154,-1,154,153,155,-1,154,155,156,-1,156,155,157,-1,156,157,158,-1,158,157,159,-1,158,159,160,-1,160,159,161,-1,160,161,162,-1,162,161,163,-1,162,163,164,-1,164,163,165,-1,164,165,166,-1,166,165,167,-1,166,167,168,-1,168,167,169,-1,168,169,170,-1,170,169,171,-1,170,171,172,-1,172,171,173,-1,172,173,174,-1,174,173,175,-1,174,175,176,-1,176,175,177,-1,176,177,178,-1,178,177,179,-1,178,179,180,-1,180,179,146,-1,180,146,148,-1,154,156,181,-1,181,156,182,-1,154,181,183,-1,154,183,152,-1,152,183,184,-1,152,184,150,-1,150,184,185,-1,150,185,148,-1,148,185,186,-1,148,186,180,-1,180,186,187,-1,180,187,178,-1,178,187,188,-1,178,188,176,-1,176,188,189,-1,176,189,174,-1,174,189,190,-1,174,190,172,-1,172,190,191,-1,172,191,170,-1,170,191,192,-1,170,192,168,-1,168,192,193,-1,168,193,166,-1,166,193,194,-1,166,194,164,-1,164,194,195,-1,164,195,162,-1,162,195,196,-1,162,196,160,-1,158,160,197,-1,197,160,196,-1,156,158,182,-1,182,158,197,-1,161,159,198,-1,198,159,199,-1,159,157,199,-1,199,157,200,-1,157,155,200,-1,200,155,201,-1,147,202,203,-1,147,203,149,-1,149,203,204,-1,149,204,151,-1,151,204,205,-1,151,205,153,-1,153,205,201,-1,153,201,155,-1,175,206,207,-1,175,207,177,-1,177,207,208,-1,177,208,179,-1,179,208,209,-1,179,209,146,-1,146,209,202,-1,146,202,147,-1,167,210,211,-1,167,211,169,-1,169,211,212,-1,169,212,171,-1,171,212,213,-1,171,213,173,-1,173,213,206,-1,173,206,175,-1,161,198,214,-1,161,214,163,-1,163,214,215,-1,163,215,165,-1,165,215,210,-1,165,210,167,-1,
        ]
    }
}
Shape{
    appearance Appearance {
        material  Material {
            diffuseColor 1.0 1.0 1.0
            specularColor 0.5019607843137255 0.5019607843137255 0.5019607843137255
            ambientIntensity 1.0
            transparency 0.0
            shininess 0.5
        }
    }
    geometry IndexedFaceSet {
        ccw TRUE
        solid FALSE
        coord DEF co Coordinate {
            point [
                -0.7517 3.74 2.1901, -0.7504 3.74 2.0049, -0.788 3.74 2.1898, -0.7853 3.74 2.0047, -0.8538 3.74 2.0264, -0.8569 3.74 2.0292, -0.8182 3.74 2.0083, -0.8382 3.74 2.0158, -0.8822 3.74 2.0845, -0.883 3.74 2.0989, -0.8692 3.74 2.0444, -0.8775 3.74 2.0623, -0.8806 3.74 2.1249, -0.8745 3.74 2.1436, -0.8658 3.74 2.1577, -0.8572 3.74 2.1668, -0.8401 3.74 2.1784, -0.8194 3.74 2.1861
            ]
        }
        coordIndex [
            0,1,2,-1,2,1,3,-1,2,4,5,-1,3,6,2,-1,2,6,7,-1,2,7,4,-1,8,9,2,-1,5,10,2,-1,2,10,11,-1,2,11,8,-1,9,12,2,-1,2,12,13,-1,2,13,14,-1,14,15,2,-1,2,15,16,-1,2,16,17,-1,
        ]
    }
}
Shape{
    appearance Appearance {
        material  Material {
            diffuseColor 1.0 1.0 1.0
            specularColor 0.8784313725490196 0.8784313725490196 0.8784313725490196
            ambientIntensity 1.0
            transparency 0.0
            shininess 0.5
        }
    }
    geometry IndexedFaceSet {
        ccw TRUE
        solid FALSE
        coord DEF co Coordinate {
            point [
                -0.9959 3.7404 2.0686, -1.0326 3.7404 2.1682, -1.0213 3.7404 2.2158, -0.9281 3.7404 1.9763, -0.9624 3.7404 1.976, -0.9859 3.7404 2.0416, -1.0347 3.7404 2.1754, -1.0366 3.7404 2.185, -1.0544 3.7404 2.2156, -1.0373 3.7404 2.185, -1.0392 3.7404 2.1748, -1.041 3.7404 2.1682, -1.0765 3.7404 2.0681, -1.1442 3.7404 1.9747, -1.11 3.7404 1.975, -1.0859 3.7404 2.0409, -1.0544 3.74 2.2156, -1.1436 3.74 1.9764, -1.1442 3.74 1.9747, -1.0213 3.74 2.2158, -0.9281 3.74 1.9764, -0.9281 3.74 1.9763, -0.9947 3.74 2.1475, -0.9624 3.74 1.976, -0.9859 3.74 2.0416, -0.9625 3.74 1.9764, -1.0859 3.74 2.0409, -0.9947 3.74 2.0415, -1.11 3.74 1.975, -1.1094 3.74 1.9764, -0.9959 3.74 2.0686, -1.0765 3.74 2.0681, -1.041 3.74 2.1682, -1.0373 3.74 2.185, -1.0392 3.74 2.1748, -1.0366 3.74 2.185, -1.0326 3.74 2.1682, -1.0347 3.74 2.1754
            ]
        }
        coordIndex [
            0,1,2,-1,3,4,5,-1,1,6,2,-1,2,6,7,-1,2,7,8,-1,8,7,9,-1,8,9,10,-1,10,11,8,-1,8,11,12,-1,8,12,13,-1,14,13,15,-1,15,13,12,-1,15,12,5,-1,5,12,0,-1,5,0,3,-1,3,0,2,-1,16,8,17,-1,17,8,13,-1,17,13,18,-1,2,8,19,-1,19,8,16,-1,20,21,3,-1,20,3,22,-1,22,3,2,-1,22,2,19,-1,4,3,23,-1,23,3,21,-1,24,5,25,-1,25,5,4,-1,25,4,23,-1,26,15,27,-1,27,15,5,-1,27,5,24,-1,28,14,29,-1,29,14,15,-1,29,15,26,-1,13,14,18,-1,18,14,28,-1,0,12,30,-1,30,12,31,-1,12,11,31,-1,31,11,32,-1,9,33,34,-1,9,34,10,-1,10,34,32,-1,10,32,11,-1,9,7,33,-1,33,7,35,-1,1,36,37,-1,1,37,6,-1,6,37,35,-1,6,35,7,-1,1,0,36,-1,36,0,30,-1,
        ]
    }
}
Shape{
    appearance Appearance {
        material  Material {
            diffuseColor 1.0 1.0 1.0
            specularColor 0.5019607843137255 0.5019607843137255 0.5019607843137255
            ambientIntensity 1.0
            transparency 0.0
            shininess 0.5
        }
    }
    geometry IndexedFaceSet {
        ccw TRUE
        solid FALSE
        coord DEF co Coordinate {
            point [
                -1.0373 3.74 2.185, -1.0366 3.74 2.185, -1.0392 3.74 2.1748, -1.0347 3.74 2.1754, -1.041 3.74 2.1682, -1.0326 3.74 2.1682, -1.0765 3.74 2.0681, -0.9959 3.74 2.0686
            ]
        }
        coordIndex [
            0,1,2,-1,2,1,3,-1,2,3,4,-1,4,3,5,-1,4,5,6,-1,6,5,7,-1,
        ]
    }
}
Shape{
    appearance Appearance {
        material  Material {
            diffuseColor 1.0 1.0 1.0
            specularColor 0.8784313725490196 0.8784313725490196 0.8784313725490196
            ambientIntensity 1.0
            transparency 0.0
            shininess 0.5
        }
    }
    geometry IndexedFaceSet {
        ccw TRUE
        solid FALSE
        coord DEF co Coordinate {
            point [
                -0.3069 3.7404 1.627, -0.3067 3.7404 1.5996, -0.3069 3.74 1.627, -0.3067 3.74 1.5996, -0.2087 3.7404 1.6277, -0.2087 3.74 1.6277, -0.2093 3.7404 1.7085, -0.2093 3.74 1.7085, -0.2952 3.7404 1.7079, -0.2952 3.74 1.7079, -0.2954 3.7404 1.7354, -0.2954 3.74 1.7354, -0.2095 3.7404 1.736, -0.2095 3.74 1.736, -0.21 3.7404 1.8129, -0.21 3.74 1.8129, -0.3028 3.7404 1.8122, -0.3028 3.74 1.8122, -0.3029 3.74 1.8337, -0.3029 3.7404 1.8398, -0.3029 3.74 1.8384, -0.3029 3.74 1.8398, -0.1792 3.7404 1.8407, -0.1792 3.74 1.8407, -0.1775 3.74 1.6005, -0.1775 3.7404 1.6005, -0.1792 3.74 1.8337, -0.1792 3.74 1.8384, -0.4433 3.7404 1.5986, -0.4734 3.7404 1.5984, -0.4435 3.7404 1.6252, -0.4741 3.7404 1.7088, -0.444 3.7404 1.7077, -0.3785 3.7404 1.6722, -0.3856 3.7404 1.6756, -0.4427 3.7404 1.6252, -0.4268 3.7404 1.6297, -0.4379 3.7404 1.618, -0.4183 3.7404 1.624, -0.4037 3.7404 1.6796, -0.4439 3.7404 1.6847, -0.4438 3.7404 1.6683, -0.4437 3.7404 1.6663, -0.4417 3.7404 1.6529, -0.4372 3.7404 1.6421, -0.4306 3.7404 1.6334, -0.4431 3.7404 1.721, -0.4717 3.7404 1.7327, -0.4401 3.7404 1.7317, -0.467 3.7404 1.7461, -0.4366 3.7404 1.7379, -0.4609 3.7404 1.7556, -0.432 3.7404 1.7428, -0.4528 3.7404 1.7632, -0.4267 3.7404 1.7463, -0.4427 3.7404 1.7689, -0.4198 3.7404 1.7488, -0.4299 3.7404 1.7727, -0.4096 3.7404 1.7499, -0.4126 3.7404 1.7743, -0.3914 3.7404 1.7481, -0.3823 3.7404 1.7709, -0.3726 3.7404 1.7418, -0.3598 3.7404 1.7624, -0.3532 3.7404 1.7296, -0.3534 3.7404 1.7588, -0.3724 3.7404 1.6301, -0.3503 3.7404 1.6087, -0.3749 3.7404 1.6275, -0.3604 3.7404 1.6016, -0.3809 3.7404 1.6233, -0.3719 3.7404 1.5972, -0.3877 3.7404 1.6208, -0.3899 3.7404 1.595, -0.3979 3.7404 1.6196, -0.4054 3.7404 1.5966, -0.4091 3.7404 1.6208, -0.4177 3.7404 1.6009, -0.4283 3.7404 1.6078, -0.3931 3.7404 1.7009, -0.3697 3.7404 1.6952, -0.3745 3.7404 1.6692, -0.3571 3.7404 1.6887, -0.3709 3.7404 1.6648, -0.3479 3.7404 1.6808, -0.3682 3.7404 1.6592, -0.3419 3.7404 1.6721, -0.3667 3.7404 1.6523, -0.3378 3.7404 1.6615, -0.3664 3.7404 1.6476, -0.3358 3.7404 1.6453, -0.3671 3.7404 1.6406, -0.3372 3.7404 1.6317, -0.369 3.7404 1.6352, -0.3408 3.7404 1.6215, -0.347 3.7404 1.6122, -0.4126 3.74 1.7743, -0.3823 3.74 1.7709, -0.3598 3.74 1.7624, -0.3534 3.74 1.7588, -0.3532 3.74 1.7296, -0.3726 3.74 1.7418, -0.3914 3.74 1.7481, -0.4096 3.74 1.7499, -0.4198 3.74 1.7488, -0.4267 3.74 1.7463, -0.432 3.74 1.7428, -0.4366 3.74 1.7379, -0.4401 3.74 1.7317, -0.4431 3.74 1.721, -0.444 3.74 1.7077, -0.3931 3.74 1.7009, -0.3697 3.74 1.6952, -0.3571 3.74 1.6887, -0.3479 3.74 1.6808, -0.3419 3.74 1.6721, -0.3378 3.74 1.6615, -0.3358 3.74 1.6453, -0.3372 3.74 1.6317, -0.3408 3.74 1.6215, -0.347 3.74 1.6122, -0.3503 3.74 1.6087, -0.3604 3.74 1.6016, -0.3719 3.74 1.5972, -0.3899 3.74 1.595, -0.4054 3.74 1.5966, -0.4177 3.74 1.6009, -0.4283 3.74 1.6078, -0.4379 3.74 1.618, -0.4427 3.74 1.6252, -0.4435 3.74 1.6252, -0.4433 3.74 1.5986, -0.4734 3.74 1.5984, -0.4741 3.74 1.7088, -0.4717 3.74 1.7327, -0.467 3.74 1.7461, -0.4609 3.74 1.7556, -0.4528 3.74 1.7632, -0.4427 3.74 1.7689, -0.4299 3.74 1.7727, -0.3745 3.74 1.6692, -0.3785 3.74 1.6722, -0.3856 3.74 1.6756, -0.4037 3.74 1.6796, -0.3664 3.74 1.6476, -0.3667 3.74 1.6523, -0.3682 3.74 1.6592, -0.3709 3.74 1.6648, -0.3749 3.74 1.6275, -0.3724 3.74 1.6301, -0.369 3.74 1.6352, -0.3671 3.74 1.6406, -0.3979 3.74 1.6196, -0.3877 3.74 1.6208, -0.3809 3.74 1.6233, -0.4306 3.74 1.6334, -0.4268 3.74 1.6297, -0.4183 3.74 1.624, -0.4091 3.74 1.6208, -0.4438 3.74 1.6683, -0.4437 3.74 1.6663, -0.4417 3.74 1.6529, -0.4372 3.74 1.6421, -0.4439 3.74 1.6847
            ]
        }
        coordIndex [
            0,1,2,-1,2,1,3,-1,4,0,5,-1,5,0,2,-1,6,4,7,-1,7,4,5,-1,8,6,9,-1,9,6,7,-1,10,8,11,-1,11,8,9,-1,12,10,13,-1,13,10,11,-1,14,12,15,-1,15,12,13,-1,16,14,17,-1,17,14,15,-1,16,17,18,-1,16,18,19,-1,19,18,20,-1,19,20,21,-1,22,19,23,-1,23,19,21,-1,24,25,26,-1,26,25,22,-1,26,22,27,-1,27,22,23,-1,1,25,3,-1,3,25,24,-1,25,1,0,-1,0,4,25,-1,25,4,6,-1,25,6,22,-1,16,19,14,-1,14,19,22,-1,14,22,12,-1,12,22,6,-1,12,6,10,-1,10,6,8,-1,28,29,30,-1,30,29,31,-1,32,33,34,-1,35,36,37,-1,37,36,38,-1,39,40,31,-1,31,40,41,-1,41,42,31,-1,31,42,43,-1,31,43,30,-1,30,43,44,-1,30,44,35,-1,35,44,45,-1,35,45,36,-1,34,39,32,-1,32,39,31,-1,32,31,46,-1,46,31,47,-1,46,47,48,-1,48,47,49,-1,48,49,50,-1,50,49,51,-1,50,51,52,-1,52,51,53,-1,52,53,54,-1,54,53,55,-1,54,55,56,-1,56,55,57,-1,56,57,58,-1,58,57,59,-1,58,59,60,-1,60,59,61,-1,60,61,62,-1,62,61,63,-1,62,63,64,-1,64,63,65,-1,66,67,68,-1,68,67,69,-1,68,69,70,-1,70,69,71,-1,70,71,72,-1,72,71,73,-1,72,73,74,-1,74,73,75,-1,74,75,76,-1,76,75,77,-1,76,77,38,-1,38,77,78,-1,38,78,37,-1,32,79,33,-1,33,79,80,-1,33,80,81,-1,81,80,82,-1,81,82,83,-1,83,82,84,-1,83,84,85,-1,85,84,86,-1,85,86,87,-1,87,86,88,-1,87,88,89,-1,89,88,90,-1,89,90,91,-1,91,90,92,-1,91,92,93,-1,93,92,94,-1,93,94,66,-1,66,94,95,-1,66,95,67,-1,59,96,97,-1,59,97,61,-1,61,97,98,-1,61,98,63,-1,63,98,99,-1,63,99,65,-1,64,65,100,-1,100,65,99,-1,64,100,101,-1,64,101,62,-1,62,101,102,-1,62,102,60,-1,60,102,103,-1,60,103,58,-1,58,103,104,-1,58,104,56,-1,56,104,105,-1,56,105,54,-1,54,105,106,-1,54,106,52,-1,52,106,107,-1,52,107,50,-1,50,107,108,-1,50,108,48,-1,48,108,109,-1,48,109,46,-1,46,109,110,-1,46,110,32,-1,79,32,111,-1,111,32,110,-1,79,111,112,-1,79,112,80,-1,80,112,113,-1,80,113,82,-1,82,113,114,-1,82,114,84,-1,84,114,115,-1,84,115,86,-1,86,115,116,-1,86,116,88,-1,88,116,117,-1,88,117,90,-1,90,117,118,-1,90,118,92,-1,92,118,119,-1,92,119,94,-1,94,119,120,-1,94,120,95,-1,95,120,121,-1,95,121,67,-1,67,121,122,-1,67,122,69,-1,69,122,123,-1,69,123,71,-1,71,123,124,-1,71,124,73,-1,73,124,125,-1,73,125,75,-1,75,125,126,-1,75,126,77,-1,77,126,127,-1,77,127,78,-1,78,127,128,-1,78,128,37,-1,37,128,129,-1,37,129,35,-1,30,35,130,-1,130,35,129,-1,28,30,131,-1,131,30,130,-1,29,28,132,-1,132,28,131,-1,31,29,133,-1,133,29,132,-1,31,133,134,-1,31,134,47,-1,47,134,135,-1,47,135,49,-1,49,135,136,-1,49,136,51,-1,51,136,137,-1,51,137,53,-1,53,137,138,-1,53,138,55,-1,55,138,139,-1,55,139,57,-1,57,139,96,-1,57,96,59,-1,81,140,141,-1,81,141,33,-1,33,141,142,-1,33,142,34,-1,34,142,143,-1,34,143,39,-1,89,144,145,-1,89,145,87,-1,87,145,146,-1,87,146,85,-1,85,146,147,-1,85,147,83,-1,83,147,140,-1,83,140,81,-1,68,148,149,-1,68,149,66,-1,66,149,150,-1,66,150,93,-1,93,150,151,-1,93,151,91,-1,91,151,144,-1,91,144,89,-1,74,152,153,-1,74,153,72,-1,72,153,154,-1,72,154,70,-1,70,154,148,-1,70,148,68,-1,45,155,156,-1,45,156,36,-1,36,156,157,-1,36,157,38,-1,38,157,158,-1,38,158,76,-1,76,158,152,-1,76,152,74,-1,41,159,160,-1,41,160,42,-1,42,160,161,-1,42,161,43,-1,43,161,162,-1,43,162,44,-1,44,162,155,-1,44,155,45,-1,41,40,159,-1,159,40,163,-1,40,39,163,-1,163,39,143,-1,
        ]
    }
}
Shape{
    appearance Appearance {
        material  Material {
            diffuseColor 1.0 1.0 1.0
            specularColor 0.5019607843137255 0.5019607843137255 0.5019607843137255
            ambientIntensity 1.0
            transparency 0.0
            shininess 0.5
        }
    }
    geometry IndexedFaceSet {
        ccw TRUE
        solid FALSE
        coord DEF co Coordinate {
            point [
                -0.4437 3.74 1.6663, -0.4438 3.74 1.6683, -0.3745 3.74 1.6692, -0.4439 3.74 1.6847, -0.4037 3.74 1.6796, -0.3856 3.74 1.6756, -0.3785 3.74 1.6722, -0.4417 3.74 1.6529, -0.3709 3.74 1.6648, -0.4372 3.74 1.6421, -0.3724 3.74 1.6301, -0.3749 3.74 1.6275, -0.4268 3.74 1.6297, -0.369 3.74 1.6352, -0.4183 3.74 1.624, -0.4091 3.74 1.6208, -0.3979 3.74 1.6196, -0.3682 3.74 1.6592, -0.3667 3.74 1.6523, -0.4306 3.74 1.6334, -0.3664 3.74 1.6476, -0.3671 3.74 1.6406, -0.3809 3.74 1.6233, -0.3877 3.74 1.6208
            ]
        }
        coordIndex [
            0,1,2,-1,1,3,4,-1,4,5,1,-1,1,5,6,-1,1,6,2,-1,0,2,7,-1,7,2,8,-1,7,8,9,-1,10,11,12,-1,10,12,13,-1,14,12,15,-1,15,12,16,-1,8,17,9,-1,9,17,18,-1,9,18,19,-1,19,18,20,-1,19,20,12,-1,12,20,21,-1,12,21,13,-1,11,22,12,-1,12,22,23,-1,12,23,16,-1,
        ]
    }
}
Shape{
    appearance Appearance {
        material  Material {
            diffuseColor 1.0 1.0 1.0
            specularColor 0.8784313725490196 0.8784313725490196 0.8784313725490196
            ambientIntensity 1.0
            transparency 0.0
            shininess 0.5
        }
    }
    geometry IndexedFaceSet {
        ccw TRUE
        solid FALSE
        coord DEF co Coordinate {
            point [
                -0.5144 3.74 1.6352, -0.5144 3.7404 1.6352, -0.5249 3.7404 1.6285, -0.5638 3.7404 1.6183, -0.5638 3.74 1.6183, -0.5437 3.74 1.6209, -0.5437 3.7404 1.6209, -0.5294 3.74 1.6267, -0.5249 3.74 1.6285, -0.5142 3.7404 1.6041, -0.5142 3.74 1.6041, -0.5606 3.74 1.5937, -0.5606 3.7404 1.5937, -0.5341 3.7404 1.5968, -0.5294 3.74 1.5986, -0.5341 3.74 1.5968, -0.5852 3.74 1.5961, -0.5852 3.7404 1.5961, -0.6017 3.74 1.6018, -0.6017 3.7404 1.6018, -0.6107 3.74 1.607, -0.6107 3.7404 1.607, -0.6194 3.74 1.6145, -0.6194 3.7404 1.6145, -0.625 3.74 1.6224, -0.625 3.7404 1.6224, -0.6288 3.74 1.6319, -0.6288 3.7404 1.6319, -0.6303 3.74 1.644, -0.6303 3.7404 1.644, -0.6292 3.74 1.6552, -0.6292 3.7404 1.6552, -0.626 3.74 1.6641, -0.626 3.7404 1.6641, -0.6204 3.74 1.6724, -0.6204 3.7404 1.6724, -0.6133 3.74 1.6789, -0.6133 3.7404 1.6789, -0.5934 3.74 1.6901, -0.5934 3.7404 1.6901, -0.5818 3.74 1.6949, -0.5818 3.7404 1.6949, -0.5632 3.74 1.7031, -0.5632 3.7404 1.7031, -0.5527 3.74 1.7099, -0.5527 3.7404 1.7099, -0.5498 3.74 1.7131, -0.5498 3.7404 1.7131, -0.5476 3.74 1.7172, -0.5476 3.7404 1.7172, -0.5465 3.74 1.7219, -0.5465 3.7404 1.7219, -0.5462 3.74 1.7259, -0.5462 3.7404 1.7259, -0.5468 3.74 1.7307, -0.5468 3.7404 1.7307, -0.5483 3.74 1.7347, -0.5483 3.7404 1.7347, -0.5509 3.74 1.7385, -0.5509 3.7404 1.7385, -0.5555 3.74 1.7425, -0.5555 3.7404 1.7425, -0.5623 3.74 1.746, -0.5623 3.7404 1.746, -0.5703 3.74 1.7481, -0.5703 3.7404 1.7481, -0.5792 3.74 1.7487, -0.5792 3.7404 1.7487, -0.6001 3.74 1.7461, -0.6001 3.7404 1.7461, -0.6171 3.74 1.7394, -0.6171 3.7404 1.7394, -0.6227 3.74 1.736, -0.6227 3.7404 1.736, -0.623 3.7404 1.7652, -0.623 3.74 1.7652, -0.6018 3.74 1.7714, -0.6018 3.7404 1.7714, -0.5824 3.74 1.7731, -0.5824 3.7404 1.7731, -0.5596 3.74 1.7707, -0.5596 3.7404 1.7707, -0.5432 3.74 1.7649, -0.5432 3.7404 1.7649, -0.5347 3.74 1.7598, -0.5347 3.7404 1.7598, -0.5258 3.7404 1.7519, -0.5294 3.74 1.7551, -0.5258 3.74 1.7519, -0.5201 3.74 1.7438, -0.5201 3.7404 1.7438, -0.5165 3.74 1.7341, -0.5165 3.7404 1.7341, -0.5152 3.74 1.7234, -0.5152 3.7404 1.7234, -0.5164 3.74 1.7117, -0.5164 3.7404 1.7117, -0.5197 3.74 1.7025, -0.5197 3.7404 1.7025, -0.5235 3.74 1.6962, -0.5235 3.7404 1.6962, -0.5604 3.74 1.6732, -0.5604 3.7404 1.6732, -0.5425 3.7404 1.6816, -0.5284 3.74 1.691, -0.5284 3.7404 1.691, -0.5294 3.74 1.6903, -0.5425 3.74 1.6816, -0.5801 3.74 1.6648, -0.5801 3.7404 1.6648, -0.5918 3.74 1.6576, -0.5918 3.7404 1.6576, -0.5955 3.74 1.6537, -0.5955 3.7404 1.6537, -0.5978 3.74 1.6497, -0.5978 3.7404 1.6497, -0.5991 3.74 1.645, -0.5991 3.7404 1.645, -0.5994 3.74 1.6412, -0.5994 3.7404 1.6412, -0.5987 3.74 1.6355, -0.5987 3.7404 1.6355, -0.5972 3.74 1.6312, -0.5972 3.7404 1.6312, -0.5945 3.74 1.6274, -0.5945 3.7404 1.6274, -0.5911 3.74 1.6243, -0.5911 3.7404 1.6243, -0.5883 3.74 1.6227, -0.5883 3.7404 1.6227, -0.5805 3.74 1.6199, -0.5805 3.7404 1.6199, -0.5651 3.74 1.6183, -0.5651 3.7404 1.6183, -0.7803 3.7404 1.7678, -0.8115 3.7404 1.7676, -0.7803 3.74 1.7678, -0.8115 3.74 1.7676, -0.7326 3.7404 1.6389, -0.7326 3.74 1.6389, -0.7302 3.74 1.631, -0.7302 3.7404 1.631, -0.7288 3.74 1.6251, -0.7288 3.7404 1.6251, -0.728 3.7404 1.6251, -0.728 3.74 1.6251, -0.7244 3.7404 1.6393, -0.7244 3.74 1.6393, -0.6805 3.74 1.7685, -0.6805 3.7404 1.7685, -0.6966 3.74 1.7211, -0.6469 3.7404 1.7688, -0.6469 3.74 1.7688, -0.7129 3.74 1.5971, -0.7129 3.7404 1.5971, -0.6966 3.74 1.6395, -0.6995 3.7404 1.566, -0.6995 3.74 1.566, -0.6966 3.74 1.5607, -0.6936 3.7404 1.5552, -0.6936 3.74 1.5552, -0.6879 3.74 1.549, -0.6879 3.7404 1.549, -0.6824 3.74 1.5452, -0.6824 3.7404 1.5452, -0.6758 3.74 1.5428, -0.6758 3.7404 1.5428, -0.6685 3.74 1.542, -0.6685 3.7404 1.542, -0.6576 3.74 1.5435, -0.6576 3.7404 1.5435, -0.6515 3.74 1.5456, -0.6515 3.7404 1.5456, -0.6513 3.7404 1.5188, -0.6513 3.74 1.5188, -0.664 3.74 1.5165, -0.664 3.7404 1.5165, -0.6707 3.74 1.5162, -0.6707 3.7404 1.5162, -0.6828 3.74 1.5175, -0.6828 3.7404 1.5175, -0.6947 3.74 1.522, -0.6947 3.7404 1.522, -0.6966 3.74 1.5232, -0.7053 3.7404 1.5292, -0.7053 3.74 1.5292, -0.7074 3.74 1.5311, -0.7074 3.7404 1.5311, -0.7185 3.74 1.5442, -0.7185 3.7404 1.5442, -0.7323 3.74 1.5707, -0.7323 3.7404 1.5707, -0.9721 3.7404 1.6223, -0.9719 3.7404 1.5949, -0.9721 3.74 1.6223, -0.9719 3.74 1.5949, -0.8739 3.74 1.623, -0.8739 3.7404 1.623, -0.9219 3.74 1.6226, -0.8745 3.7404 1.7038, -0.8745 3.74 1.7038, -0.9604 3.74 1.7032, -0.9604 3.7404 1.7032, -0.9219 3.74 1.7034, -0.9606 3.7404 1.7307, -0.9606 3.74 1.7307, -0.8747 3.74 1.7313, -0.8747 3.7404 1.7313, -0.9219 3.74 1.7309, -0.8753 3.7404 1.8081, -0.8753 3.74 1.8081, -0.968 3.74 1.8075, -0.968 3.7404 1.8075, -0.9219 3.74 1.8078, -0.9682 3.74 1.8351, -0.9682 3.7404 1.8351, -0.9682 3.74 1.8337, -0.8444 3.74 1.836, -0.8444 3.7404 1.836, -0.9219 3.74 1.8354, -0.8427 3.74 1.5958, -0.8427 3.7404 1.5958, -0.8444 3.74 1.8337, -0.9219 3.74 1.5952, -1.1673 3.7404 1.6613, -1.155 3.7404 1.646, -1.1769 3.7404 1.6271, -1.1519 3.7404 1.6432, -1.1514 3.7404 1.6091, -1.1363 3.7404 1.6326, -1.1239 3.7404 1.5987, -1.1164 3.7404 1.6251, -1.0834 3.7404 1.5941, -1.0834 3.7404 1.6215, -1.0173 3.7404 1.5946, -1.0485 3.7404 1.6217, -1.019 3.7404 1.8348, -1.0498 3.7404 1.8069, -1.0875 3.7404 1.8343, -1.0861 3.7404 1.8067, -1.1242 3.7404 1.83, -1.1175 3.7404 1.8029, -1.1531 3.7404 1.8192, -1.1382 3.7404 1.7952, -1.1781 3.7404 1.8018, -1.1553 3.7404 1.7836, -1.1867 3.7404 1.7933, -1.1639 3.7404 1.7745, -1.2014 3.7404 1.7722, -1.1726 3.7404 1.7604, -1.21 3.7404 1.7492, -1.1787 3.7404 1.7417, -1.2137 3.7404 1.7163, -1.1811 3.7404 1.7157, -1.2124 3.7404 1.697, -1.1803 3.7404 1.7013, -1.2057 3.7404 1.6695, -1.1756 3.7404 1.6791, -1.1929 3.7404 1.6452, -1.0834 3.74 1.5941, -1.0173 3.74 1.5946, -1.1239 3.74 1.5987, -1.1514 3.74 1.6091, -1.1769 3.74 1.6271, -1.1929 3.74 1.6452, -1.2057 3.74 1.6695, -1.2124 3.74 1.697, -1.2137 3.74 1.7163, -1.21 3.74 1.7492, -1.2014 3.74 1.7722, -1.1867 3.74 1.7933, -1.1781 3.74 1.8018, -1.0875 3.74 1.8343, -1.0925 3.74 1.8337, -1.1242 3.74 1.83, -1.1531 3.74 1.8192, -1.019 3.74 1.8348, -1.019 3.74 1.8337, -1.0861 3.74 1.8067, -1.0498 3.74 1.8069, -1.0485 3.74 1.6217, -1.0834 3.74 1.6215, -1.155 3.74 1.646, -1.1519 3.74 1.6432, -1.1363 3.74 1.6326, -1.1164 3.74 1.6251, -1.1811 3.74 1.7157, -1.1803 3.74 1.7013, -1.1756 3.74 1.6791, -1.1673 3.74 1.6613, -1.1553 3.74 1.7836, -1.1639 3.74 1.7745, -1.1726 3.74 1.7604, -1.1787 3.74 1.7417, -1.1175 3.74 1.8029, -1.1382 3.74 1.7952
            ]
        }
        coordIndex [
            0,1,2,-1,3,4,5,-1,3,5,6,-1,6,5,7,-1,6,7,2,-1,2,7,8,-1,2,8,0,-1,9,1,10,-1,10,1,0,-1,11,12,13,-1,9,10,14,-1,9,14,13,-1,13,14,15,-1,13,15,11,-1,12,11,16,-1,12,16,17,-1,17,16,18,-1,17,18,19,-1,19,18,20,-1,19,20,21,-1,21,20,22,-1,21,22,23,-1,23,22,24,-1,23,24,25,-1,25,24,26,-1,25,26,27,-1,27,26,28,-1,27,28,29,-1,29,28,30,-1,29,30,31,-1,31,30,32,-1,31,32,33,-1,33,32,34,-1,33,34,35,-1,35,34,36,-1,35,36,37,-1,37,36,38,-1,37,38,39,-1,39,38,40,-1,39,40,41,-1,41,40,42,-1,41,42,43,-1,43,42,44,-1,43,44,45,-1,45,44,46,-1,45,46,47,-1,47,46,48,-1,47,48,49,-1,49,48,50,-1,49,50,51,-1,51,50,52,-1,51,52,53,-1,53,52,54,-1,53,54,55,-1,55,54,56,-1,55,56,57,-1,57,56,58,-1,57,58,59,-1,59,58,60,-1,59,60,61,-1,61,60,62,-1,61,62,63,-1,63,62,64,-1,63,64,65,-1,65,64,66,-1,65,66,67,-1,67,66,68,-1,67,68,69,-1,69,68,70,-1,69,70,71,-1,71,70,72,-1,71,72,73,-1,74,73,75,-1,75,73,72,-1,74,75,76,-1,74,76,77,-1,77,76,78,-1,77,78,79,-1,79,78,80,-1,79,80,81,-1,81,80,82,-1,81,82,83,-1,83,82,84,-1,83,84,85,-1,86,85,87,-1,87,85,84,-1,87,88,86,-1,86,88,89,-1,86,89,90,-1,90,89,91,-1,90,91,92,-1,92,91,93,-1,92,93,94,-1,94,93,95,-1,94,95,96,-1,96,95,97,-1,96,97,98,-1,98,97,99,-1,98,99,100,-1,101,102,103,-1,100,99,104,-1,100,104,105,-1,105,104,106,-1,105,106,103,-1,103,106,107,-1,103,107,101,-1,102,101,108,-1,102,108,109,-1,109,108,110,-1,109,110,111,-1,111,110,112,-1,111,112,113,-1,113,112,114,-1,113,114,115,-1,115,114,116,-1,115,116,117,-1,117,116,118,-1,117,118,119,-1,119,118,120,-1,119,120,121,-1,121,120,122,-1,121,122,123,-1,123,122,124,-1,123,124,125,-1,125,124,126,-1,125,126,127,-1,127,126,128,-1,127,128,129,-1,129,128,130,-1,129,130,131,-1,131,130,132,-1,131,132,133,-1,133,132,4,-1,133,4,3,-1,59,61,83,-1,83,61,81,-1,109,41,102,-1,102,41,43,-1,19,21,125,-1,125,21,23,-1,125,23,123,-1,123,23,25,-1,123,25,121,-1,121,25,27,-1,121,27,119,-1,119,27,29,-1,119,29,117,-1,117,29,31,-1,117,31,115,-1,115,31,33,-1,115,33,113,-1,113,33,35,-1,113,35,111,-1,111,35,37,-1,111,37,109,-1,109,37,39,-1,109,39,41,-1,12,3,13,-1,13,3,6,-1,13,6,9,-1,9,6,2,-1,9,2,1,-1,61,63,81,-1,81,63,65,-1,81,65,79,-1,79,65,67,-1,79,67,77,-1,77,67,69,-1,77,69,74,-1,74,69,71,-1,74,71,73,-1,125,127,19,-1,19,127,129,-1,19,129,17,-1,17,129,131,-1,17,131,12,-1,12,131,133,-1,12,133,3,-1,83,85,59,-1,59,85,86,-1,59,86,57,-1,57,86,90,-1,57,90,55,-1,55,90,92,-1,55,92,53,-1,53,92,94,-1,53,94,51,-1,51,94,96,-1,51,96,49,-1,49,96,98,-1,49,98,47,-1,47,98,100,-1,47,100,45,-1,45,100,105,-1,45,105,43,-1,43,105,103,-1,43,103,102,-1,134,135,136,-1,136,135,137,-1,138,134,139,-1,139,134,136,-1,138,139,140,-1,138,140,141,-1,141,140,142,-1,141,142,143,-1,144,143,145,-1,145,143,142,-1,146,144,147,-1,147,144,145,-1,148,149,150,-1,150,149,146,-1,150,146,147,-1,151,149,152,-1,152,149,148,-1,153,154,155,-1,155,154,151,-1,155,151,152,-1,156,154,157,-1,157,154,153,-1,156,157,158,-1,156,158,159,-1,158,160,159,-1,159,160,161,-1,159,161,162,-1,162,161,163,-1,162,163,164,-1,164,163,165,-1,164,165,166,-1,166,165,167,-1,166,167,168,-1,168,167,169,-1,168,169,170,-1,170,169,171,-1,170,171,172,-1,173,172,174,-1,174,172,171,-1,173,174,175,-1,173,175,176,-1,176,175,177,-1,176,177,178,-1,178,177,179,-1,178,179,180,-1,180,179,181,-1,180,181,182,-1,182,181,183,-1,182,183,184,-1,183,185,184,-1,184,185,186,-1,184,186,187,-1,187,186,188,-1,187,188,189,-1,189,188,190,-1,189,190,191,-1,135,191,137,-1,137,191,190,-1,141,143,191,-1,135,134,191,-1,191,134,138,-1,191,138,141,-1,149,151,146,-1,146,151,154,-1,146,154,144,-1,189,159,187,-1,187,159,162,-1,172,173,170,-1,170,173,176,-1,170,176,168,-1,168,176,178,-1,168,178,166,-1,166,178,180,-1,166,180,164,-1,164,180,182,-1,164,182,162,-1,162,182,184,-1,162,184,187,-1,143,144,191,-1,191,144,154,-1,191,154,189,-1,189,154,156,-1,189,156,159,-1,192,193,194,-1,194,193,195,-1,196,197,198,-1,198,197,192,-1,198,192,194,-1,199,197,200,-1,200,197,196,-1,201,202,203,-1,203,202,199,-1,203,199,200,-1,204,202,205,-1,205,202,201,-1,206,207,208,-1,208,207,204,-1,208,204,205,-1,209,207,210,-1,210,207,206,-1,211,212,213,-1,213,212,209,-1,213,209,210,-1,214,215,216,-1,216,215,212,-1,216,212,211,-1,217,218,219,-1,219,218,215,-1,219,215,214,-1,220,221,222,-1,222,221,218,-1,222,218,217,-1,195,193,223,-1,223,193,221,-1,223,221,220,-1,221,193,192,-1,192,197,221,-1,221,197,199,-1,221,199,218,-1,212,215,209,-1,209,215,218,-1,209,218,207,-1,207,218,199,-1,207,199,204,-1,204,199,202,-1,224,225,226,-1,226,225,227,-1,226,227,228,-1,228,227,229,-1,228,229,230,-1,230,229,231,-1,230,231,232,-1,232,231,233,-1,232,233,234,-1,234,233,235,-1,234,235,236,-1,236,235,237,-1,236,237,238,-1,238,237,239,-1,238,239,240,-1,240,239,241,-1,240,241,242,-1,242,241,243,-1,242,243,244,-1,244,243,245,-1,244,245,246,-1,246,245,247,-1,246,247,248,-1,248,247,249,-1,248,249,250,-1,250,249,251,-1,250,251,252,-1,252,251,253,-1,252,253,254,-1,254,253,255,-1,254,255,256,-1,256,255,257,-1,256,257,258,-1,258,257,224,-1,258,224,226,-1,232,234,259,-1,259,234,260,-1,232,259,261,-1,232,261,230,-1,230,261,262,-1,230,262,228,-1,228,262,263,-1,228,263,226,-1,226,263,264,-1,226,264,258,-1,258,264,265,-1,258,265,256,-1,256,265,266,-1,256,266,254,-1,254,266,267,-1,254,267,252,-1,252,267,268,-1,252,268,250,-1,250,268,269,-1,250,269,248,-1,248,269,270,-1,248,270,246,-1,246,270,271,-1,246,271,244,-1,272,238,273,-1,273,238,240,-1,273,240,274,-1,274,240,242,-1,274,242,275,-1,275,242,244,-1,275,244,271,-1,236,238,276,-1,276,238,272,-1,260,234,277,-1,277,234,236,-1,277,236,276,-1,239,237,278,-1,278,237,279,-1,237,235,279,-1,279,235,280,-1,235,233,280,-1,280,233,281,-1,225,282,283,-1,225,283,227,-1,227,283,284,-1,227,284,229,-1,229,284,285,-1,229,285,231,-1,231,285,281,-1,231,281,233,-1,253,286,287,-1,253,287,255,-1,255,287,288,-1,255,288,257,-1,257,288,289,-1,257,289,224,-1,224,289,282,-1,224,282,225,-1,245,290,291,-1,245,291,247,-1,247,291,292,-1,247,292,249,-1,249,292,293,-1,249,293,251,-1,251,293,286,-1,251,286,253,-1,239,278,294,-1,239,294,241,-1,241,294,295,-1,241,295,243,-1,243,295,290,-1,243,290,245,-1,
        ]
    }
}
Shape{
    appearance Appearance {
        material  Material {
            diffuseColor 1.0 1.0 1.0
            specularColor 0.5019607843137255 0.5019607843137255 0.5019607843137255
            ambientIntensity 1.0
            transparency 0.0
            shininess 0.5
        }
    }
    geometry IndexedFaceSet {
        ccw TRUE
        solid FALSE
        coord DEF co Coordinate {
            point [
                -1.0498 3.74 1.8069, -1.0485 3.74 1.6217, -1.0861 3.74 1.8067, -1.0834 3.74 1.6215, -1.1519 3.74 1.6432, -1.155 3.74 1.646, -1.1164 3.74 1.6251, -1.1363 3.74 1.6326, -1.1803 3.74 1.7013, -1.1811 3.74 1.7157, -1.1673 3.74 1.6613, -1.1756 3.74 1.6791, -1.1787 3.74 1.7417, -1.1726 3.74 1.7604, -1.1639 3.74 1.7745, -1.1553 3.74 1.7836, -1.1382 3.74 1.7952, -1.1175 3.74 1.8029
            ]
        }
        coordIndex [
            0,1,2,-1,2,1,3,-1,2,4,5,-1,3,6,2,-1,2,6,7,-1,2,7,4,-1,8,9,2,-1,5,10,2,-1,2,10,11,-1,2,11,8,-1,9,12,2,-1,2,12,13,-1,2,13,14,-1,14,15,2,-1,2,15,16,-1,2,16,17,-1,
        ]
    }
}
Shape{
    appearance Appearance {
        material  Material {
            diffuseColor 1.0 1.0 1.0
            specularColor 0.8784313725490196 0.8784313725490196 0.8784313725490196
            ambientIntensity 1.0
            transparency 0.0
            shininess 0.5
        }
    }
    geometry IndexedFaceSet {
        ccw TRUE
        solid FALSE
        coord DEF co Coordinate {
            point [
                -1.294 3.7404 1.6854, -1.3307 3.7404 1.785, -1.3194 3.7404 1.8326, -1.2262 3.7404 1.5931, -1.2605 3.7404 1.5928, -1.284 3.7404 1.6584, -1.3328 3.7404 1.7922, -1.3347 3.7404 1.8018, -1.3525 3.7404 1.8324, -1.3354 3.7404 1.8018, -1.3373 3.7404 1.7916, -1.3391 3.7404 1.785, -1.3746 3.7404 1.6849, -1.4423 3.7404 1.5915, -1.4081 3.7404 1.5918, -1.384 3.7404 1.6577, -1.3525 3.74 1.8324, -1.4423 3.74 1.5915, -1.3194 3.74 1.8326, -1.2262 3.74 1.5931, -1.2605 3.74 1.5928, -1.284 3.74 1.6584, -1.384 3.74 1.6577, -1.4081 3.74 1.5918, -1.294 3.74 1.6854, -1.3746 3.74 1.6849, -1.3391 3.74 1.785, -1.3354 3.74 1.8018, -1.3373 3.74 1.7916, -1.3347 3.74 1.8018, -1.3307 3.74 1.785, -1.3328 3.74 1.7922
            ]
        }
        coordIndex [
            0,1,2,-1,3,4,5,-1,1,6,2,-1,2,6,7,-1,2,7,8,-1,8,7,9,-1,8,9,10,-1,10,11,8,-1,8,11,12,-1,8,12,13,-1,14,13,15,-1,15,13,12,-1,15,12,5,-1,5,12,0,-1,5,0,3,-1,3,0,2,-1,8,13,16,-1,16,13,17,-1,2,8,18,-1,18,8,16,-1,3,2,19,-1,19,2,18,-1,4,3,20,-1,20,3,19,-1,5,4,21,-1,21,4,20,-1,15,5,22,-1,22,5,21,-1,14,15,23,-1,23,15,22,-1,13,14,17,-1,17,14,23,-1,0,12,24,-1,24,12,25,-1,12,11,25,-1,25,11,26,-1,9,27,28,-1,9,28,10,-1,10,28,26,-1,10,26,11,-1,9,7,27,-1,27,7,29,-1,1,30,31,-1,1,31,6,-1,6,31,29,-1,6,29,7,-1,1,0,30,-1,30,0,24,-1,
        ]
    }
}
Shape{
    appearance Appearance {
        material  Material {
            diffuseColor 1.0 1.0 1.0
            specularColor 0.5019607843137255 0.5019607843137255 0.5019607843137255
            ambientIntensity 1.0
            transparency 0.0
            shininess 0.5
        }
    }
    geometry IndexedFaceSet {
        ccw TRUE
        solid FALSE
        coord DEF co Coordinate {
            point [
                -1.3354 3.74 1.8018, -1.3347 3.74 1.8018, -1.3373 3.74 1.7916, -1.3328 3.74 1.7922, -1.3391 3.74 1.785, -1.3307 3.74 1.785, -1.3746 3.74 1.6849, -1.294 3.74 1.6854
            ]
        }
        coordIndex [
            0,1,2,-1,2,1,3,-1,2,3,4,-1,4,3,5,-1,4,5,6,-1,6,5,7,-1,
        ]
    }
}
Shape{
    appearance Appearance {
        material  Material {
            diffuseColor 1.0 1.0 1.0
            specularColor 0.8784313725490196 0.8784313725490196 0.8784313725490196
            ambientIntensity 1.0
            transparency 0.0
            shininess 0.5
        }
    }
    geometry IndexedFaceSet {
        ccw TRUE
        solid FALSE
        coord DEF co Coordinate {
            point [
                0.8835 3.7404 1.5739, 0.8583 3.7404 1.5424, 0.8979 3.7404 1.7252, 0.3269 3.7404 1.8048, 0.3792 3.7404 1.8957, 0.6089 3.7404 1.7778, 0.7248 3.7404 1.7275, 0.709 3.7404 1.7217, 0.9256 3.7404 2.0221, 0.8874 3.7404 2.042, 0.8956 3.7404 2.1472, 0.789 3.7404 2.1514, 0.7369 3.7404 2.0263, 0.7104 3.7404 2.0802, 0.935 3.7404 1.7484, 0.922 3.7404 1.6174, 0.9004 3.7404 1.6107, 0.8282 3.7404 2.1551, 0.6953 3.7404 1.7123, 0.6844 3.7404 1.7, 0.5669 3.7404 1.6801, 0.7558 3.7404 1.7271, 0.7774 3.7404 1.832, 0.7707 3.7404 1.7213, 0.8153 3.7404 1.8178, 0.7841 3.7404 1.7119, 0.8503 3.7404 1.7938, 0.7909 3.7404 1.7049, 0.8788 3.7404 1.7617, 0.7999 3.7404 1.6908, 0.805 3.7404 1.6748, 0.806 3.7404 1.6581, 0.6747 3.7404 1.8248, 0.7158 3.7404 1.8354, 0.7366 3.7404 1.8367, 0.2693 3.7404 1.9735, 0.2557 3.7404 1.9734, 0.185 3.7404 2.0651, 0.2232 3.7404 1.9691, 0.1767 3.7404 2.0622, 0.1935 3.7404 1.9574, 0.126 3.7404 2.0367, 0.08 3.7404 1.9972, 0.7537 3.7404 2.1919, 0.6718 3.7404 2.1257, 0.7133 3.7404 2.226, 0.6258 3.7404 2.1588, 0.6708 3.7404 2.2518, 0.8452 3.7404 2.0518, 0.8273 3.7404 2.0526, 0.8086 3.7404 2.1538, 0.7871 3.7404 2.0473, 0.7489 3.7404 2.033, 0.6771 3.7404 1.6859, 0.6733 3.7404 1.67, 0.567 3.7404 1.663, 0.6734 3.7404 1.6544, 0.5681 3.7404 1.6451, 0.0819 3.7404 1.6784, 0.1609 3.7404 1.7468, 0.1286 3.7404 1.6394, 0.1863 3.7404 1.7263, 0.1809 3.7404 1.6142, 0.2165 3.7404 1.7126, 0.2378 3.7404 1.6026, 0.2473 3.7404 1.7069, 0.3386 3.7404 1.6033, 0.3242 3.7404 1.7074, 0.3482 3.7404 1.605, 0.739 3.7404 1.7292, 0.6386 3.7404 1.8052, 0.1671 3.7404 1.9387, 0.1477 3.7404 1.9167, 0.0455 3.7404 1.9483, 0.132 3.7404 1.8872, 0.0249 3.7404 1.896, 0.1242 3.7404 1.8543, 0.0175 3.7404 1.8402, 0.1234 3.7404 1.8392, 0.0258 3.7404 1.7793, 0.1278 3.7404 1.806, 0.0476 3.7404 1.7254, 0.1398 3.7404 1.7756, 0.1587 3.7404 1.7491, 0.2763 3.7404 2.2007, 0.3437 3.7404 2.1227, 0.22 3.7404 2.1345, 0.3055 3.7404 2.0765, 0.2795 3.7404 2.0213, 0.9939 3.7404 1.9244, 1.1063 3.7404 1.8967, 0.9993 3.7404 1.883, 1.1069 3.7404 1.8803, 0.9974 3.7404 1.8565, 1.0991 3.7404 1.8134, 0.9854 3.7404 1.8146, 1.075 3.7404 1.7496, 0.9654 3.7404 1.7801, 1.0365 3.7404 1.6937, 0.9835 3.7404 1.6479, 0.8029 3.7404 1.6421, 0.7963 3.7404 1.6277, 0.5918 3.7404 2.2815, 0.5699 3.7404 2.181, 0.5079 3.7404 2.2911, 0.5069 3.7404 2.1886, 0.4342 3.7404 2.2825, 0.449 3.7404 2.1811, 0.349 3.7404 2.2508, 0.3956 3.7404 2.1602, 0.3479 3.7404 2.1265, 0.959 3.7404 2.1231, 1.0136 3.7404 2.0853, 0.955 3.7404 1.9962, 1.0252 3.7404 2.0745, 0.9789 3.7404 1.9623, 1.0667 3.7404 2.0221, 1.0944 3.7404 1.9608, 0.5784 3.7404 1.603, 0.6776 3.7404 1.6381, 0.5989 3.7404 1.5651, 0.6856 3.7404 1.6234, 0.6252 3.7404 1.5361, 0.695 3.7404 1.613, 0.6594 3.7404 1.5126, 0.708 3.7404 1.6038, 0.6976 3.7404 1.4983, 0.7229 3.7404 1.598, 0.739 3.7404 1.4935, 0.74 3.7404 1.5959, 0.7455 3.7404 1.4936, 0.7429 3.7404 1.596, 0.7858 3.7404 1.5002, 0.7582 3.7404 1.5986, 0.8251 3.7404 1.517, 0.7736 3.7404 1.6054, 0.7866 3.7404 1.6155, 0.3327 3.7404 1.7091, 0.3744 3.7404 1.6215, 0.3705 3.7404 1.6174, 0.3276 3.7404 1.7079, 0.3594 3.7404 1.6095, 0.3877 3.7404 1.6566, 0.3862 3.7404 1.6439, 0.3818 3.7404 1.6323, 0.3476 3.7404 1.7076, 0.3594 3.7404 1.7031, 0.3872 3.7404 1.6634, 0.37 3.7404 1.6957, 0.3771 3.7404 1.688, 0.3837 3.7404 1.6763, 0.3344 3.7404 1.7092, 0.0175 3.74 1.8402, 0.0249 3.74 1.896, 0.0653 3.74 1.9764, 0.0295 3.74 1.9077, 0.0455 3.74 1.9483, 0.08 3.74 1.9972, 0.126 3.74 2.0367, 0.1767 3.74 2.0622, 0.185 3.74 2.0651, 0.22 3.74 2.1345, 0.2763 3.74 2.2007, 0.5079 3.74 2.2911, 0.305 3.74 2.2205, 0.349 3.74 2.2508, 0.3677 3.74 2.2578, 0.4342 3.74 2.2825, 0.7133 3.74 2.226, 0.5918 3.74 2.2815, 0.655 3.74 2.2578, 0.6708 3.74 2.2518, 0.789 3.74 2.1514, 0.7198 3.74 2.2205, 0.7537 3.74 2.1919, 0.8086 3.74 2.1538, 0.8282 3.74 2.1551, 0.8956 3.74 2.1472, 0.959 3.74 2.1231, 1.0136 3.74 2.0853, 1.0252 3.74 2.0745, 1.1069 3.74 1.8803, 1.0667 3.74 2.0221, 1.0873 3.74 1.9764, 1.0944 3.74 1.9608, 1.1042 3.74 1.9077, 1.1063 3.74 1.8967, 1.1014 3.74 1.8337, 1.102 3.74 1.8384, 1.0991 3.74 1.8134, 1.075 3.74 1.7496, 1.0365 3.74 1.6937, 0.9835 3.74 1.6479, 0.922 3.74 1.6174, 0.9004 3.74 1.6107, 0.8835 3.74 1.5739, 0.8583 3.74 1.5424, 0.8251 3.74 1.517, 0.7858 3.74 1.5002, 0.7455 3.74 1.4936, 0.739 3.74 1.4935, 0.6976 3.74 1.4983, 0.6594 3.74 1.5126, 0.6252 3.74 1.5361, 0.5989 3.74 1.5651, 0.5784 3.74 1.603, 0.5681 3.74 1.6451, 0.567 3.74 1.663, 0.5669 3.74 1.6801, 0.3269 3.74 1.8048, 0.3435 3.74 1.8337, 0.3462 3.74 1.8384, 0.3792 3.74 1.8957, 0.4999 3.74 1.8337, 0.6089 3.74 1.7778, 0.4908 3.74 1.8384, 0.7366 3.74 1.8367, 0.6386 3.74 1.8052, 0.6747 3.74 1.8248, 0.7093 3.74 1.8337, 0.7158 3.74 1.8354, 0.7627 3.74 1.8337, 0.7774 3.74 1.832, 0.8153 3.74 1.8178, 0.8503 3.74 1.7938, 0.8788 3.74 1.7617, 0.8979 3.74 1.7252, 0.9922 3.74 1.8384, 0.9908 3.74 1.8337, 0.9854 3.74 1.8146, 0.9654 3.74 1.7801, 0.935 3.74 1.7484, 0.9974 3.74 1.8565, 0.9993 3.74 1.883, 0.996 3.74 1.9077, 0.9939 3.74 1.9244, 0.9789 3.74 1.9623, 0.969 3.74 1.9764, 0.955 3.74 1.9962, 0.9256 3.74 2.0221, 0.8874 3.74 2.042, 0.8452 3.74 2.0518, 0.8273 3.74 2.0526, 0.7871 3.74 2.0473, 0.7489 3.74 2.033, 0.7369 3.74 2.0263, 0.7104 3.74 2.0802, 0.6718 3.74 2.1257, 0.6258 3.74 2.1588, 0.5699 3.74 2.181, 0.5069 3.74 2.1886, 0.2693 3.74 1.9735, 0.27 3.74 1.9764, 0.2795 3.74 2.0213, 0.3055 3.74 2.0765, 0.3437 3.74 2.1227, 0.3479 3.74 2.1265, 0.3956 3.74 2.1602, 0.449 3.74 2.1811, 0.2557 3.74 1.9734, 0.2232 3.74 1.9691, 0.1935 3.74 1.9574, 0.1671 3.74 1.9387, 0.1477 3.74 1.9167, 0.1429 3.74 1.9077, 0.132 3.74 1.8872, 0.1242 3.74 1.8543, 0.1234 3.74 1.8392, 0.1235 3.74 1.8384, 0.1241 3.74 1.8337, 0.1278 3.74 1.806, 0.1398 3.74 1.7756, 0.1587 3.74 1.7491, 0.1609 3.74 1.7468, 0.1863 3.74 1.7263, 0.2165 3.74 1.7126, 0.2473 3.74 1.7069, 0.3242 3.74 1.7074, 0.3276 3.74 1.7079, 0.3327 3.74 1.7091, 0.3344 3.74 1.7092, 0.3476 3.74 1.7076, 0.3594 3.74 1.7031, 0.37 3.74 1.6957, 0.3771 3.74 1.688, 0.3837 3.74 1.6763, 0.3872 3.74 1.6634, 0.3877 3.74 1.6566, 0.3862 3.74 1.6439, 0.3818 3.74 1.6323, 0.3744 3.74 1.6215, 0.3705 3.74 1.6174, 0.3594 3.74 1.6095, 0.3482 3.74 1.605, 0.3386 3.74 1.6033, 0.2378 3.74 1.6026, 0.1809 3.74 1.6142, 0.1286 3.74 1.6394, 0.0819 3.74 1.6784, 0.0476 3.74 1.7254, 0.0258 3.74 1.7793, 0.0184 3.74 1.8337, 0.0178 3.74 1.8384, 0.739 3.74 1.7292, 0.7248 3.74 1.7275, 0.709 3.74 1.7217, 0.6953 3.74 1.7123, 0.6844 3.74 1.7, 0.6771 3.74 1.6859, 0.6733 3.74 1.67, 0.6734 3.74 1.6544, 0.6776 3.74 1.6381, 0.6856 3.74 1.6234, 0.695 3.74 1.613, 0.708 3.74 1.6038, 0.7229 3.74 1.598, 0.74 3.74 1.5959, 0.7429 3.74 1.596, 0.7582 3.74 1.5986, 0.7736 3.74 1.6054, 0.7866 3.74 1.6155, 0.7963 3.74 1.6277, 0.8029 3.74 1.6421, 0.806 3.74 1.6581, 0.805 3.74 1.6748, 0.7999 3.74 1.6908, 0.7909 3.74 1.7049, 0.7841 3.74 1.7119, 0.7707 3.74 1.7213, 0.7558 3.74 1.7271
            ]
        }
        coordIndex [
            0,1,2,-1,3,4,5,-1,6,7,3,-1,8,9,10,-1,11,12,13,-1,14,15,2,-1,2,15,16,-1,2,16,0,-1,10,9,17,-1,7,18,3,-1,3,18,19,-1,3,19,20,-1,21,22,23,-1,23,22,24,-1,23,24,25,-1,25,24,26,-1,25,26,27,-1,27,26,28,-1,27,28,29,-1,29,28,2,-1,29,2,30,-1,30,2,31,-1,32,33,21,-1,21,33,34,-1,21,34,22,-1,35,36,37,-1,37,36,38,-1,37,38,39,-1,39,38,40,-1,39,40,41,-1,41,40,42,-1,11,13,43,-1,43,13,44,-1,43,44,45,-1,45,44,46,-1,45,46,47,-1,9,48,17,-1,17,48,49,-1,17,49,50,-1,50,49,51,-1,50,51,11,-1,11,51,52,-1,11,52,12,-1,19,53,20,-1,20,53,54,-1,20,54,55,-1,55,54,56,-1,55,56,57,-1,58,59,60,-1,60,59,61,-1,60,61,62,-1,62,61,63,-1,62,63,64,-1,64,63,65,-1,64,65,66,-1,66,65,67,-1,66,67,68,-1,6,3,69,-1,69,3,5,-1,69,5,21,-1,21,5,70,-1,21,70,32,-1,40,71,42,-1,42,71,72,-1,42,72,73,-1,73,72,74,-1,73,74,75,-1,75,74,76,-1,75,76,77,-1,77,76,78,-1,77,78,79,-1,79,78,80,-1,79,80,81,-1,81,80,82,-1,81,82,58,-1,58,82,83,-1,58,83,59,-1,84,85,86,-1,86,85,87,-1,86,87,37,-1,37,87,88,-1,37,88,35,-1,89,90,91,-1,91,90,92,-1,91,92,93,-1,93,92,94,-1,93,94,95,-1,95,94,96,-1,95,96,97,-1,97,96,98,-1,97,98,14,-1,14,98,99,-1,14,99,15,-1,31,2,100,-1,100,2,1,-1,100,1,101,-1,47,46,102,-1,102,46,103,-1,102,103,104,-1,104,103,105,-1,104,105,106,-1,106,105,107,-1,106,107,108,-1,108,107,109,-1,108,109,84,-1,84,109,110,-1,84,110,85,-1,10,111,8,-1,8,111,112,-1,8,112,113,-1,113,112,114,-1,113,114,115,-1,115,114,116,-1,115,116,89,-1,89,116,117,-1,89,117,90,-1,57,56,118,-1,118,56,119,-1,118,119,120,-1,120,119,121,-1,120,121,122,-1,122,121,123,-1,122,123,124,-1,124,123,125,-1,124,125,126,-1,126,125,127,-1,126,127,128,-1,128,127,129,-1,128,129,130,-1,130,129,131,-1,130,131,132,-1,132,131,133,-1,132,133,134,-1,134,133,135,-1,134,135,1,-1,1,135,136,-1,1,136,101,-1,137,138,139,-1,67,140,68,-1,68,140,137,-1,68,137,141,-1,141,137,139,-1,142,143,137,-1,137,143,144,-1,137,144,138,-1,145,146,147,-1,146,148,147,-1,147,148,149,-1,147,149,150,-1,142,137,147,-1,147,137,151,-1,147,151,145,-1,77,152,153,-1,154,42,73,-1,77,153,75,-1,75,153,155,-1,75,155,73,-1,73,155,156,-1,73,156,154,-1,154,157,42,-1,42,157,158,-1,42,158,41,-1,41,158,159,-1,41,159,39,-1,39,159,160,-1,39,160,37,-1,37,160,161,-1,37,161,86,-1,86,161,162,-1,86,162,84,-1,163,104,106,-1,84,162,164,-1,84,164,108,-1,164,165,108,-1,108,165,166,-1,108,166,106,-1,106,166,167,-1,106,167,163,-1,168,45,47,-1,104,163,169,-1,104,169,102,-1,102,169,170,-1,102,170,47,-1,47,170,171,-1,47,171,168,-1,172,11,43,-1,45,168,173,-1,45,173,43,-1,43,173,174,-1,43,174,172,-1,11,172,175,-1,11,175,50,-1,50,175,176,-1,50,176,17,-1,17,176,177,-1,17,177,10,-1,10,177,178,-1,10,178,111,-1,111,178,179,-1,111,179,112,-1,112,179,180,-1,112,180,114,-1,181,92,90,-1,114,180,182,-1,114,182,116,-1,116,182,183,-1,116,183,117,-1,183,184,117,-1,117,184,185,-1,117,185,90,-1,90,185,186,-1,90,186,181,-1,187,94,188,-1,188,94,92,-1,188,92,181,-1,187,189,94,-1,94,189,190,-1,94,190,96,-1,96,190,191,-1,96,191,98,-1,98,191,192,-1,98,192,99,-1,99,192,193,-1,99,193,15,-1,15,193,194,-1,15,194,16,-1,16,194,195,-1,16,195,0,-1,0,195,196,-1,0,196,1,-1,1,196,197,-1,1,197,134,-1,134,197,198,-1,134,198,132,-1,132,198,199,-1,132,199,130,-1,130,199,200,-1,130,200,128,-1,128,200,201,-1,128,201,126,-1,126,201,202,-1,126,202,124,-1,124,202,203,-1,124,203,122,-1,122,203,204,-1,122,204,120,-1,120,204,205,-1,120,205,118,-1,118,205,206,-1,118,206,57,-1,57,206,207,-1,57,207,55,-1,20,55,208,-1,208,55,207,-1,3,20,209,-1,209,20,208,-1,209,210,3,-1,3,210,211,-1,3,211,4,-1,4,211,212,-1,213,214,5,-1,213,5,215,-1,215,5,4,-1,215,4,212,-1,216,34,33,-1,5,214,217,-1,5,217,70,-1,70,217,218,-1,70,218,32,-1,32,218,219,-1,32,219,33,-1,33,219,220,-1,33,220,216,-1,22,34,221,-1,221,34,216,-1,221,222,22,-1,22,222,223,-1,22,223,24,-1,24,223,224,-1,24,224,26,-1,26,224,225,-1,26,225,28,-1,28,225,226,-1,28,226,2,-1,227,93,228,-1,228,93,95,-1,228,95,229,-1,229,95,97,-1,229,97,230,-1,230,97,14,-1,230,14,231,-1,231,14,2,-1,231,2,226,-1,227,232,93,-1,93,232,233,-1,93,233,91,-1,89,91,234,-1,234,91,233,-1,234,235,89,-1,89,235,236,-1,89,236,115,-1,115,236,237,-1,115,237,113,-1,237,238,113,-1,113,238,239,-1,113,239,8,-1,8,239,240,-1,8,240,9,-1,9,240,241,-1,9,241,48,-1,48,241,242,-1,48,242,49,-1,49,242,243,-1,49,243,51,-1,51,243,244,-1,51,244,52,-1,52,244,245,-1,52,245,12,-1,12,245,246,-1,12,246,13,-1,13,246,247,-1,13,247,44,-1,44,247,248,-1,44,248,46,-1,46,248,249,-1,46,249,103,-1,103,249,250,-1,103,250,105,-1,251,35,252,-1,252,35,88,-1,252,88,253,-1,253,88,87,-1,253,87,254,-1,254,87,85,-1,254,85,255,-1,255,85,110,-1,255,110,256,-1,256,110,109,-1,256,109,257,-1,257,109,107,-1,257,107,258,-1,258,107,105,-1,258,105,250,-1,36,35,259,-1,259,35,251,-1,36,259,260,-1,36,260,38,-1,38,260,261,-1,38,261,40,-1,40,261,262,-1,40,262,71,-1,71,262,263,-1,71,263,72,-1,72,263,264,-1,72,264,74,-1,264,265,74,-1,74,265,266,-1,74,266,76,-1,76,266,267,-1,76,267,78,-1,267,268,78,-1,78,268,269,-1,78,269,80,-1,269,270,80,-1,80,270,271,-1,80,271,82,-1,82,271,272,-1,82,272,83,-1,83,272,273,-1,83,273,59,-1,59,273,274,-1,59,274,61,-1,61,274,275,-1,61,275,63,-1,63,275,276,-1,63,276,65,-1,67,65,277,-1,277,65,276,-1,67,277,278,-1,67,278,140,-1,140,278,279,-1,140,279,137,-1,137,279,280,-1,137,280,151,-1,151,280,281,-1,151,281,145,-1,145,281,282,-1,145,282,146,-1,146,282,283,-1,146,283,148,-1,148,283,284,-1,148,284,149,-1,149,284,285,-1,149,285,150,-1,150,285,286,-1,150,286,147,-1,147,286,287,-1,147,287,142,-1,142,287,288,-1,142,288,143,-1,143,288,289,-1,143,289,144,-1,144,289,290,-1,144,290,138,-1,138,290,291,-1,138,291,139,-1,139,291,292,-1,139,292,141,-1,141,292,293,-1,141,293,68,-1,68,293,294,-1,68,294,66,-1,64,66,295,-1,295,66,294,-1,64,295,296,-1,64,296,62,-1,62,296,297,-1,62,297,60,-1,60,297,298,-1,60,298,58,-1,58,298,299,-1,58,299,81,-1,81,299,300,-1,81,300,79,-1,79,300,301,-1,79,301,77,-1,77,301,302,-1,77,302,152,-1,69,303,304,-1,69,304,6,-1,6,304,305,-1,6,305,7,-1,7,305,306,-1,7,306,18,-1,18,306,307,-1,18,307,19,-1,19,307,308,-1,19,308,53,-1,53,308,309,-1,53,309,54,-1,54,309,310,-1,54,310,56,-1,56,310,311,-1,56,311,119,-1,119,311,312,-1,119,312,121,-1,121,312,313,-1,121,313,123,-1,123,313,314,-1,123,314,125,-1,125,314,315,-1,125,315,127,-1,127,315,316,-1,127,316,129,-1,129,316,317,-1,129,317,131,-1,131,317,318,-1,131,318,133,-1,133,318,319,-1,133,319,135,-1,135,319,320,-1,135,320,136,-1,136,320,321,-1,136,321,101,-1,101,321,322,-1,101,322,100,-1,100,322,323,-1,100,323,31,-1,31,323,324,-1,31,324,30,-1,30,324,325,-1,30,325,29,-1,29,325,326,-1,29,326,27,-1,27,326,327,-1,27,327,25,-1,25,327,328,-1,25,328,23,-1,23,328,329,-1,23,329,21,-1,21,329,303,-1,21,303,69,-1,
        ]
    }
}
Shape{
    appearance Appearance {
        material  Material {
            diffuseColor 1.0 1.0 1.0
            specularColor 0.5019607843137255 0.5019607843137255 0.5019607843137255
            ambientIntensity 1.0
            transparency 0.0
            shininess 0.5
        }
    }
    geometry IndexedFaceSet {
        ccw TRUE
        solid FALSE
        coord DEF co Coordinate {
            point [
                0.7429 3.74 1.596, 0.7841 3.74 1.7119, 0.7909 3.74 1.7049, 0.7229 3.74 1.598, 0.708 3.74 1.6038, 0.7248 3.74 1.7275, 0.739 3.74 1.7292, 0.7558 3.74 1.7271, 0.7707 3.74 1.7213, 0.8029 3.74 1.6421, 0.7963 3.74 1.6277, 0.7866 3.74 1.6155, 0.74 3.74 1.5959, 0.7999 3.74 1.6908, 0.805 3.74 1.6748, 0.806 3.74 1.6581, 0.7736 3.74 1.6054, 0.7582 3.74 1.5986, 0.695 3.74 1.613, 0.6856 3.74 1.6234, 0.6776 3.74 1.6381, 0.6734 3.74 1.6544, 0.6733 3.74 1.67, 0.6771 3.74 1.6859, 0.6844 3.74 1.7, 0.6953 3.74 1.7123, 0.709 3.74 1.7217, -5.7764 2.2636 3.1492, -5.5047 2.4998 3.1492, -5.7764 2.2636 3.1496, -5.5047 2.4998 3.1496, -3.7926 2.4998 3.1496, -4.1094 2.4998 3.1496, -3.7926 2.4998 3.1492, -4.9922 2.4998 3.1496, -3.7576 2.4595 3.1496, -3.5873 2.2636 3.1492, -3.5873 2.2636 3.1496, -3.7576 2.1156 3.1496, -3.859 2.0274 3.1492, -3.859 2.0274 3.1496, -4.1094 2.0274 3.1496, -4.9922 2.0274 3.1496, -5.5711 2.0274 3.1492, -5.5711 2.0274 3.1496, -3.1192 -2.0761 3.1492, -3.1664 -2.0398 3.1496, -3.1742 -2.0338 3.1492, -3.1742 -2.0338 3.1496, -3.2383 -2.0073 3.1492, -3.2383 -2.0073 3.1496, -3.3071 -1.9982 3.1492, -3.3071 -1.9982 3.1496, -3.3759 -2.0073 3.1492, -3.3759 -2.0073 3.1496, -3.44 -2.0338 3.1492, -3.44 -2.0338 3.1496, -3.495 -2.0761 3.1492, -3.495 -2.0761 3.1496, -3.5372 -2.1311 3.1492, -3.5372 -2.1311 3.1496, -3.5638 -2.1952 3.1492, -3.5638 -2.1952 3.1496, -3.5728 -2.264 3.1492, -3.5728 -2.264 3.1496, -3.5638 -2.3328 3.1492, -3.5638 -2.3328 3.1496, -3.5372 -2.3969 3.1492, -3.5372 -2.3969 3.1496, -3.495 -2.4519 3.1492, -3.495 -2.4519 3.1496, -3.44 -2.4941 3.1492, -3.44 -2.4941 3.1496, -3.3759 -2.5207 3.1492, -3.3759 -2.5207 3.1496, -3.3071 -2.5297 3.1492, -3.3071 -2.5297 3.1496, -3.2383 -2.5207 3.1492, -3.2383 -2.5207 3.1496, -3.1742 -2.4941 3.1492, -3.1742 -2.4941 3.1496, -3.1664 -2.4882 3.1496, -3.1192 -2.4519 3.1492, -3.1192 -2.4519 3.1496, -3.0769 -2.3969 3.1492, -3.0769 -2.3969 3.1496, -3.0504 -2.3328 3.1492, -3.0504 -2.3328 3.1496, -3.0413 -2.264 3.1492, -3.0413 -2.264 3.1496, -3.0504 -2.1952 3.1492, -3.0504 -2.1952 3.1496, -3.0769 -2.1311 3.1492, -3.0769 -2.1311 3.1496, -3.1192 -2.0761 3.1496, -3.3071 -2.264 3.1492, -4.3093 -1.9238 3.1496, -4.3093 -1.9238 3.1492, -4.196 -1.1173 3.1496, -4.0868 -0.3404 3.1492, -4.1094 -0.5014 3.1496, -4.0868 -0.3404 3.1496, -3.815 -0.1042 3.1492, -3.815 -0.1042 3.1496, -3.7576 -0.1703 3.1496, -3.6097 -0.3404 3.1492, -3.6097 -0.3404 3.1496, -3.8322 -1.9238 3.1496, -3.7576 -1.3926 3.1496, -3.8322 -1.9238 3.1492, -3.7189 -1.1173 3.1496, -4.104 -2.16 3.1492, -4.104 -2.16 3.1496, -4.1094 -2.1537 3.1496, -4.2236 -2.264 3.1492, -4.4953 -2.5002 3.1492, -4.2236 -2.264 3.1496, -4.4953 -2.5002 3.1496, -4.9922 -2.5002 3.1496, -6.2074 -2.5002 3.1492, -6.2074 -2.5002 3.1496, -6.4127 -2.264 3.1492, -6.4127 -2.264 3.1496, -6.141 -2.0278 3.1492, -6.141 -2.0278 3.1496, -4.9922 -2.0278 3.1496, -4.4289 -2.0278 3.1492, -4.4289 -2.0278 3.1496, -6.1521 1.937 3.1492, -5.8804 2.1732 3.1492, -6.1521 1.937 3.1496, -5.8804 2.1732 3.1496, -5.6751 1.937 3.1492, -5.6751 1.937 3.1496, -5.8979 0.3516 3.1492, -5.8979 0.3516 3.1496, -6.1841 0.1028 3.1492, -6.1841 0.1028 3.1496, -6.3785 0.3264 3.1492, -6.3785 0.3264 3.1496, -3.4969 2.1596 3.1492, -3.2915 1.9234 3.1492, -3.4969 2.1596 3.1496, -3.2915 1.9234 3.1496, -3.5141 0.34 3.1492, -3.5141 0.34 3.1496, -3.8025 0.0893 3.1492, -3.8025 0.0893 3.1496, -3.7947 0.0961 3.1496, -3.5801 0.2827 3.1496, -3.7576 0.1283 3.1496, -3.8083 0.0961 3.1496, -3.9952 0.3111 3.1492, -3.9952 0.3111 3.1496, -3.7686 1.9234 3.1492, -3.7686 1.9234 3.1496, -3.7576 1.933 3.1496, -3.5801 2.0873 3.1496, -5.8892 -0.2364 3.1496, -5.8892 -0.2364 3.1492, -6.0942 -0.0006 3.1496, -6.0946 -0.0002 3.1492, -6.0946 -0.0002 3.1496, -5.9838 0.0961 3.1496, -5.8228 0.236 3.1492, -5.8228 0.236 3.1496, -4.9922 0.236 3.1496, -4.1108 0.236 3.1492, -4.1108 0.236 3.1496, -4.1094 0.2344 3.1496, -3.9891 0.0961 3.1496, -3.9054 -0.0002 3.1492, -3.9054 -0.0002 3.1496, -3.9059 -0.0006 3.1496, -4.1094 -0.1775 3.1496, -4.1772 -0.2364 3.1492, -4.1772 -0.2364 3.1496, -4.9922 -0.2364 3.1496, -6.6966 -1.9374 3.1496, -6.6966 -1.9374 3.1492, -6.5814 -1.1173 3.1496, -6.4703 -0.3268 3.1492, -6.4703 -0.3268 3.1496, -6.1986 -0.0906 3.1492, -6.1986 -0.0906 3.1496, -5.9932 -0.3268 3.1492, -5.9932 -0.3268 3.1496, -6.1043 -1.1173 3.1496, -6.216 -1.9122 3.1492, -6.216 -1.9122 3.1496, -6.5022 -2.161 3.1492, -6.5022 -2.161 3.1496, -1.6966 -1.9374 3.1496, -1.6966 -1.9374 3.1492, -1.5814 -1.1173 3.1496, -1.4703 -0.3268 3.1492, -1.4703 -0.3268 3.1496, -1.1986 -0.0906 3.1492, -1.1986 -0.0906 3.1496, -0.9932 -0.3268 3.1492, -0.9932 -0.3268 3.1496, -1.1043 -1.1173 3.1496, -1.216 -1.9122 3.1492, -1.216 -1.9122 3.1496, -1.5022 -2.161 3.1492, -1.5022 -2.161 3.1496, -0.7764 2.2636 3.1492, -0.5047 2.4998 3.1492, -0.7764 2.2636 3.1496, -0.5047 2.4998 3.1496, 1.2074 2.4998 3.1496, 0.8906 2.4998 3.1496, 1.2074 2.4998 3.1492, 0.0078 2.4998 3.1496, 1.2424 2.4595 3.1496, 1.4127 2.2636 3.1492, 1.4127 2.2636 3.1496, 1.2424 2.1156 3.1496, 1.141 2.0274 3.1492, 1.141 2.0274 3.1496, 0.8906 2.0274 3.1496, 0.0078 2.0274 3.1496, -0.5711 2.0274 3.1492, -0.5711 2.0274 3.1496, 1.8808 -2.0761 3.1492, 1.8336 -2.0398 3.1496, 1.8258 -2.0338 3.1492, 1.8258 -2.0338 3.1496, 1.7617 -2.0073 3.1492, 1.7617 -2.0073 3.1496, 1.6929 -1.9982 3.1492, 1.6929 -1.9982 3.1496, 1.6241 -2.0073 3.1492, 1.6241 -2.0073 3.1496, 1.56 -2.0338 3.1492, 1.56 -2.0338 3.1496, 1.505 -2.0761 3.1492, 1.505 -2.0761 3.1496, 1.4628 -2.1311 3.1492, 1.4628 -2.1311 3.1496, 1.4362 -2.1952 3.1492, 1.4362 -2.1952 3.1496, 1.4272 -2.264 3.1492, 1.4272 -2.264 3.1496, 1.4362 -2.3328 3.1492, 1.4362 -2.3328 3.1496, 1.4628 -2.3969 3.1492, 1.4628 -2.3969 3.1496, 1.505 -2.4519 3.1492, 1.505 -2.4519 3.1496, 1.56 -2.4941 3.1492, 1.56 -2.4941 3.1496, 1.6241 -2.5207 3.1492, 1.6241 -2.5207 3.1496, 1.6929 -2.5297 3.1492, 1.6929 -2.5297 3.1496, 1.7617 -2.5207 3.1492, 1.7617 -2.5207 3.1496, 1.8258 -2.4941 3.1492, 1.8258 -2.4941 3.1496, 1.8336 -2.4882 3.1496, 1.8808 -2.4519 3.1492, 1.8808 -2.4519 3.1496, 1.9231 -2.3969 3.1492, 1.9231 -2.3969 3.1496, 1.9496 -2.3328 3.1492, 1.9496 -2.3328 3.1496, 1.9587 -2.264 3.1492, 1.9587 -2.264 3.1496, 1.9496 -2.1952 3.1492, 1.9496 -2.1952 3.1496, 1.9231 -2.1311 3.1492, 1.9231 -2.1311 3.1496, 1.8808 -2.0761 3.1496, 1.6929 -2.264 3.1492, 0.6907 -1.9238 3.1496, 0.6907 -1.9238 3.1492, 0.804 -1.1173 3.1496, 0.9132 -0.3404 3.1492, 0.8906 -0.5014 3.1496, 0.9132 -0.3404 3.1496, 1.185 -0.1042 3.1492, 1.185 -0.1042 3.1496, 1.2424 -0.1703 3.1496, 1.3903 -0.3404 3.1492, 1.3903 -0.3404 3.1496, 1.1678 -1.9238 3.1496, 1.2424 -1.3926 3.1496, 1.1678 -1.9238 3.1492, 1.2811 -1.1173 3.1496, 0.896 -2.16 3.1492, 0.896 -2.16 3.1496, 0.8906 -2.1537 3.1496, 0.7764 -2.264 3.1492, 0.5047 -2.5002 3.1492, 0.7764 -2.264 3.1496, 0.5047 -2.5002 3.1496, -1.2074 -2.5002 3.1496, -0.8848 -2.5002 3.1496, -1.2074 -2.5002 3.1492, 0.0078 -2.5002 3.1496, -1.4127 -2.264 3.1492, -1.4127 -2.264 3.1496, -1.141 -2.0278 3.1492, -1.141 -2.0278 3.1496, -0.8848 -2.0278 3.1496, 0.0078 -2.0278 3.1496, 0.5711 -2.0278 3.1492, 0.5711 -2.0278 3.1496, -1.1521 1.937 3.1496, -1.1521 1.937 3.1492, -0.8848 2.1693 3.1496, -0.8804 2.1732 3.1492, -0.8804 2.1732 3.1496, -0.6751 1.937 3.1492, -0.6751 1.937 3.1496, -0.8848 0.4445 3.1496, -0.8979 0.3516 3.1492, -0.8979 0.3516 3.1496, -1.1841 0.1028 3.1492, -1.1841 0.1028 3.1496, -1.3785 0.3264 3.1492, -1.3785 0.3264 3.1496, 1.5031 2.1596 3.1492, 1.7085 1.9234 3.1492, 1.5031 2.1596 3.1496, 1.7085 1.9234 3.1496, 1.4859 0.34 3.1492, 1.4859 0.34 3.1496, 1.2424 0.1283 3.1496, 1.1975 0.0893 3.1492, 1.2053 0.0961 3.1496, 1.1975 0.0893 3.1496, 1.1917 0.0961 3.1496, 1.0048 0.3111 3.1492, 1.0048 0.3111 3.1496, 1.2314 1.9234 3.1492, 1.2314 1.9234 3.1496, 1.2424 1.933 3.1496, -0.8892 -0.2364 3.1496, -0.8892 -0.2364 3.1492, -1.0942 -0.0006 3.1496, -1.0946 -0.0002 3.1492, -1.0946 -0.0002 3.1496, -0.8228 0.236 3.1496, -0.8848 0.1821 3.1496, -0.8228 0.236 3.1492, -0.9838 0.0961 3.1496, 0.0078 0.236 3.1496, 0.8892 0.236 3.1492, 0.8892 0.236 3.1496, 0.8906 0.2344 3.1496, 1.0109 0.0961 3.1496, 1.0946 -0.0002 3.1492, 1.0946 -0.0002 3.1496, 1.094 -0.0006 3.1496, 0.8906 -0.1775 3.1496, 0.8228 -0.2364 3.1492, 0.8228 -0.2364 3.1496, 0.0078 -0.2364 3.1496, -0.8848 -0.2364 3.1496
            ]
        }
        coordIndex [
            0,1,2,-1,3,4,5,-1,6,7,0,-1,0,7,8,-1,0,8,1,-1,9,10,2,-1,2,10,11,-1,6,0,5,-1,5,0,12,-1,5,12,3,-1,13,14,2,-1,2,14,15,-1,2,15,9,-1,11,16,2,-1,2,16,17,-1,2,17,0,-1,4,18,5,-1,5,18,19,-1,5,19,20,-1,20,21,5,-1,5,21,22,-1,5,22,23,-1,23,24,5,-1,5,24,25,-1,5,25,26,-1,27,28,29,-1,29,28,30,-1,31,32,33,-1,33,32,34,-1,33,34,28,-1,28,34,30,-1,31,33,35,-1,35,33,36,-1,35,36,37,-1,37,36,38,-1,38,36,39,-1,38,39,40,-1,41,40,39,-1,41,39,42,-1,42,39,43,-1,42,43,44,-1,43,27,44,-1,44,27,29,-1,27,43,28,-1,28,43,39,-1,28,39,33,-1,33,39,36,-1,45,46,47,-1,47,46,48,-1,47,48,49,-1,49,48,50,-1,49,50,51,-1,51,50,52,-1,51,52,53,-1,53,52,54,-1,53,54,55,-1,55,54,56,-1,55,56,57,-1,57,56,58,-1,57,58,59,-1,59,58,60,-1,59,60,61,-1,61,60,62,-1,61,62,63,-1,63,62,64,-1,63,64,65,-1,65,64,66,-1,65,66,67,-1,67,66,68,-1,67,68,69,-1,69,68,70,-1,69,70,71,-1,71,70,72,-1,71,72,73,-1,73,72,74,-1,73,74,75,-1,75,74,76,-1,75,76,77,-1,77,76,78,-1,77,78,79,-1,78,80,79,-1,79,80,81,-1,79,81,82,-1,82,81,83,-1,82,83,84,-1,84,83,85,-1,84,85,86,-1,86,85,87,-1,86,87,88,-1,88,87,89,-1,88,89,90,-1,90,89,91,-1,90,91,92,-1,92,91,93,-1,92,93,45,-1,45,93,94,-1,45,94,46,-1,84,86,95,-1,95,86,88,-1,95,88,90,-1,77,79,95,-1,95,79,82,-1,95,82,84,-1,71,73,95,-1,95,73,75,-1,95,75,77,-1,65,67,95,-1,95,67,69,-1,95,69,71,-1,59,61,95,-1,95,61,63,-1,95,63,65,-1,53,55,95,-1,95,55,57,-1,95,57,59,-1,47,49,95,-1,95,49,51,-1,95,51,53,-1,90,92,95,-1,95,92,45,-1,95,45,47,-1,96,97,98,-1,98,97,99,-1,98,99,100,-1,100,99,101,-1,99,102,101,-1,101,102,103,-1,103,102,104,-1,104,102,105,-1,104,105,106,-1,107,108,109,-1,109,108,110,-1,109,110,105,-1,105,110,106,-1,109,111,107,-1,107,111,112,-1,112,111,113,-1,113,111,97,-1,113,97,96,-1,97,111,109,-1,97,109,99,-1,99,109,105,-1,99,105,102,-1,114,115,116,-1,116,115,117,-1,117,115,118,-1,118,115,119,-1,118,119,120,-1,119,121,120,-1,120,121,122,-1,121,123,122,-1,122,123,124,-1,124,123,125,-1,125,123,126,-1,125,126,127,-1,126,114,127,-1,127,114,116,-1,114,126,115,-1,115,126,123,-1,115,123,119,-1,119,123,121,-1,128,129,130,-1,130,129,131,-1,129,132,131,-1,131,132,133,-1,132,134,133,-1,133,134,135,-1,134,136,135,-1,135,136,137,-1,136,138,137,-1,137,138,139,-1,138,128,139,-1,139,128,130,-1,132,129,128,-1,132,128,134,-1,134,128,138,-1,134,138,136,-1,140,141,142,-1,142,141,143,-1,141,144,143,-1,143,144,145,-1,146,147,148,-1,145,144,149,-1,149,144,146,-1,149,146,150,-1,150,146,148,-1,147,146,151,-1,151,146,152,-1,151,152,153,-1,152,154,153,-1,153,154,155,-1,156,155,154,-1,156,154,157,-1,157,154,140,-1,157,140,142,-1,152,146,144,-1,152,144,154,-1,154,144,141,-1,154,141,140,-1,158,159,160,-1,160,159,161,-1,160,161,162,-1,162,161,163,-1,163,161,164,-1,163,164,165,-1,165,164,166,-1,166,164,167,-1,166,167,168,-1,169,168,167,-1,169,167,170,-1,170,167,171,-1,170,171,172,-1,173,172,171,-1,173,171,174,-1,174,171,175,-1,174,175,176,-1,176,175,177,-1,177,175,159,-1,177,159,158,-1,171,167,175,-1,175,167,164,-1,175,164,159,-1,159,164,161,-1,178,179,180,-1,180,179,181,-1,180,181,182,-1,181,183,182,-1,182,183,184,-1,183,185,184,-1,184,185,186,-1,186,185,187,-1,187,185,188,-1,187,188,189,-1,188,190,189,-1,189,190,191,-1,190,179,191,-1,191,179,178,-1,185,183,181,-1,185,181,188,-1,188,181,179,-1,188,179,190,-1,192,193,194,-1,194,193,195,-1,194,195,196,-1,195,197,196,-1,196,197,198,-1,197,199,198,-1,198,199,200,-1,200,199,201,-1,201,199,202,-1,201,202,203,-1,202,204,203,-1,203,204,205,-1,204,193,205,-1,205,193,192,-1,199,197,195,-1,199,195,202,-1,202,195,193,-1,202,193,204,-1,206,207,208,-1,208,207,209,-1,210,211,212,-1,212,211,213,-1,212,213,207,-1,207,213,209,-1,210,212,214,-1,214,212,215,-1,214,215,216,-1,216,215,217,-1,217,215,218,-1,217,218,219,-1,220,219,218,-1,220,218,221,-1,221,218,222,-1,221,222,223,-1,222,206,223,-1,223,206,208,-1,206,222,207,-1,207,222,218,-1,207,218,212,-1,212,218,215,-1,224,225,226,-1,226,225,227,-1,226,227,228,-1,228,227,229,-1,228,229,230,-1,230,229,231,-1,230,231,232,-1,232,231,233,-1,232,233,234,-1,234,233,235,-1,234,235,236,-1,236,235,237,-1,236,237,238,-1,238,237,239,-1,238,239,240,-1,240,239,241,-1,240,241,242,-1,242,241,243,-1,242,243,244,-1,244,243,245,-1,244,245,246,-1,246,245,247,-1,246,247,248,-1,248,247,249,-1,248,249,250,-1,250,249,251,-1,250,251,252,-1,252,251,253,-1,252,253,254,-1,254,253,255,-1,254,255,256,-1,256,255,257,-1,256,257,258,-1,257,259,258,-1,258,259,260,-1,258,260,261,-1,261,260,262,-1,261,262,263,-1,263,262,264,-1,263,264,265,-1,265,264,266,-1,265,266,267,-1,267,266,268,-1,267,268,269,-1,269,268,270,-1,269,270,271,-1,271,270,272,-1,271,272,224,-1,224,272,273,-1,224,273,225,-1,263,265,274,-1,274,265,267,-1,274,267,269,-1,256,258,274,-1,274,258,261,-1,274,261,263,-1,250,252,274,-1,274,252,254,-1,274,254,256,-1,244,246,274,-1,274,246,248,-1,274,248,250,-1,238,240,274,-1,274,240,242,-1,274,242,244,-1,232,234,274,-1,274,234,236,-1,274,236,238,-1,226,228,274,-1,274,228,230,-1,274,230,232,-1,269,271,274,-1,274,271,224,-1,274,224,226,-1,275,276,277,-1,277,276,278,-1,277,278,279,-1,279,278,280,-1,278,281,280,-1,280,281,282,-1,282,281,283,-1,283,281,284,-1,283,284,285,-1,286,287,288,-1,288,287,289,-1,288,289,284,-1,284,289,285,-1,288,290,286,-1,286,290,291,-1,291,290,292,-1,292,290,276,-1,292,276,275,-1,276,290,288,-1,276,288,278,-1,278,288,284,-1,278,284,281,-1,293,294,295,-1,295,294,296,-1,297,298,299,-1,299,298,300,-1,299,300,294,-1,294,300,296,-1,299,301,297,-1,297,301,302,-1,301,303,302,-1,302,303,304,-1,305,304,303,-1,305,303,306,-1,306,303,307,-1,306,307,308,-1,307,293,308,-1,308,293,295,-1,293,307,294,-1,294,307,303,-1,294,303,299,-1,299,303,301,-1,309,310,311,-1,311,310,312,-1,311,312,313,-1,312,314,313,-1,313,314,315,-1,315,314,316,-1,316,314,317,-1,316,317,318,-1,317,319,318,-1,318,319,320,-1,319,321,320,-1,320,321,322,-1,321,310,322,-1,322,310,309,-1,314,312,310,-1,314,310,317,-1,317,310,321,-1,317,321,319,-1,323,324,325,-1,325,324,326,-1,324,327,326,-1,326,327,328,-1,328,327,329,-1,329,327,330,-1,329,330,331,-1,331,330,332,-1,332,330,333,-1,333,330,334,-1,333,334,335,-1,334,336,335,-1,335,336,337,-1,337,336,338,-1,338,336,323,-1,338,323,325,-1,334,330,327,-1,334,327,336,-1,336,327,324,-1,336,324,323,-1,339,340,341,-1,341,340,342,-1,341,342,343,-1,344,345,346,-1,346,345,347,-1,346,347,342,-1,342,347,343,-1,344,346,348,-1,348,346,349,-1,348,349,350,-1,351,350,349,-1,351,349,352,-1,352,349,353,-1,352,353,354,-1,355,354,353,-1,355,353,356,-1,356,353,357,-1,356,357,358,-1,358,357,359,-1,359,357,340,-1,359,340,360,-1,360,340,339,-1,353,349,357,-1,357,349,346,-1,357,346,340,-1,340,346,342,-1,
        ]
    }
}