#VRML V2.0 utf8
# 3D model generated by kicad-lcsc-manager
# Based on easyeda2kicad.py v1.0.1

Shape{
    appearance Appearance {
        material  Material {
            diffuseColor 0.37254901960784315 1.0 0.7137254901960784
            specularColor 0.32941176470588235 0.8784313725490196 0.6274509803921569
            ambientIntensity 0.7798
            transparency 0.0
            shininess 0.5
        }
    }
    geometry IndexedFaceSet {
        ccw TRUE
        solid FALSE
        coord DEF co Coordinate {
            point [
                -1.379 -2.3542 0.374, -1.4448 -2.3542 0.374, -1.4084 -2.2719 0.374, -1.4152 -2.2719 0.374, -1.4103 -2.2651 0.374, -1.4134 -2.2651 0.374, -1.4115 -2.2581 0.374, -1.4122 -2.2581 0.374, -0.9887 -2.2329 0.374, -0.9695 -2.3992 0.374, -0.9887 -2.4322 0.374, -0.9695 -2.4208 0.374, -0.9485 -2.4294 0.374, -0.9405 -2.2329 0.374, -0.9467 -2.2334 0.374, -0.9695 -2.2395 0.374, -0.9695 -2.2659 0.374, -0.9473 -2.2564 0.374, -0.9659 -2.4011 0.374, -0.9234 -2.2533 0.374, -0.904 -2.2555 0.374, -0.8892 -2.2608 0.374, -0.8756 -2.2699 0.374, -0.8637 -2.2831 0.374, -0.8494 -2.3347 0.374, -0.8514 -2.356 0.374, -0.8568 -2.3729 0.374, -0.9006 -2.4097 0.374, -0.9189 -2.4118 0.374, -0.8862 -2.4044 0.374, -0.8742 -2.3963 0.374, -0.8649 -2.3865 0.374, -0.9451 -2.4089 0.374, -0.8556 -2.2983 0.374, -0.8504 -2.3193 0.374, -0.9231 -2.2317 0.374, -0.9887 -1.5748 0.374, -0.9084 -2.2329 0.374, -0.8146 -1.5748 0.374, -0.8334 -2.286 0.374, -0.845 -2.2676 0.374, -0.8146 -2.2329 0.374, -0.872 -2.4243 0.374, -0.8561 -2.4142 0.374, -0.8146 -2.4322 0.374, -0.8413 -2.3986 0.374, -0.8309 -2.3799 0.374, -0.8627 -2.2505 0.374, -0.8814 -2.2397 0.374, -0.9034 -2.2333 0.374, -0.8249 -2.3591 0.374, -0.823 -2.3363 0.374, -0.8259 -2.3083 0.374, -0.9286 -2.4322 0.374, -0.9207 -2.4333 0.374, -0.9887 -2.9528 0.374, -0.8146 -2.9528 0.374, -0.9153 -2.4334 0.374, -0.9037 -2.4322 0.374, -0.891 -2.4309 0.374, -1.1327 -1.5748 0.374, -1.3176 -1.5748 0.374, -1.3176 -2.2329 0.374, -1.9392 -1.5748 0.374, -1.9392 -2.2329 0.374, -2.376 -1.5748 0.374, -2.6713 -2.2329 0.374, -2.376 1.378 0.374, -2.6713 2.0079 0.374, -1.9392 1.378 0.374, -1.9392 2.0079 0.374, -1.3176 1.378 0.374, -1.3176 2.0079 0.374, -1.1327 1.378 0.374, -1.1327 2.0079 0.374, -0.9887 1.378 0.374, -0.9887 2.0079 0.374, -0.8146 1.378 0.374, -0.8146 2.0079 0.374, -0.6043 1.378 0.374, -0.3091 2.0079 0.374, -0.6043 -1.5748 0.374, -0.3091 -2.2329 0.374, -2.6713 -2.9528 0.374, -2.6713 -2.4322 0.374, -1.9392 -2.9528 0.374, -1.9392 -2.4322 0.374, -1.3176 -2.9528 0.374, -1.3176 -2.4322 0.374, -1.1327 -2.9528 0.374, -1.1327 -2.4322 0.374, -0.8062 -2.4094 0.374, -0.8062 -2.431 0.374, -0.7054 -2.431 0.374, -0.7318 -2.4094 0.374, -0.7318 -2.2341 0.374, -0.7054 -2.2341 0.374, -0.3091 -2.4322 0.374, -0.3091 -2.9528 0.374, -1.1327 -2.2329 0.374, -1.1087 -2.2341 0.374, -1.1087 -2.2557 0.374, -1.1135 -2.4094 0.374, -1.1135 -2.431 0.374, -1.0079 -2.431 0.374, -1.0079 -2.2341 0.374, -1.0343 -2.3422 0.374, -1.0343 -2.4094 0.374, -1.1039 -2.3422 0.374, -1.1039 -2.3205 0.374, -1.0343 -2.3205 0.374, -1.0343 -2.2557 0.374, -1.3005 -2.377 0.374, -1.3076 -2.3564 0.374, -1.3104 -2.3301 0.374, -1.2892 -2.3946 0.374, -1.273 -2.4101 0.374, -1.2525 -2.4221 0.374, -1.2075 -2.2341 0.374, -1.2359 -2.2372 0.374, -1.2589 -2.2453 0.374, -1.2804 -2.2596 0.374, -1.2806 -2.2598 0.374, -1.2945 -2.2752 0.374, -1.3036 -2.2922 0.374, -1.3089 -2.3116 0.374, -1.2298 -2.4289 0.374, -1.2054 -2.431 0.374, -1.1519 -2.431 0.374, -1.1519 -2.2341 0.374, -1.4736 -2.431 0.374, -1.4537 -2.3758 0.374, -1.3724 -2.3758 0.374, -1.3536 -2.431 0.374, -1.3248 -2.431 0.374, -1.5024 -2.431 0.374, -1.4256 -2.2341 0.374, -1.3992 -2.2341 0.374, -1.1783 -2.2557 0.374, -1.1783 -2.4094 0.374, -1.2073 -2.2557 0.374, -1.2063 -2.4094 0.374, -1.227 -2.4074 0.374, -1.2839 -2.3306 0.374, -1.2823 -2.311 0.374, -1.2777 -2.2955 0.374, -1.2306 -2.2582 0.374, -1.2436 -2.4023 0.374, -1.257 -2.3943 0.374, -1.2681 -2.3834 0.374, -1.2764 -2.3698 0.374, -1.2821 -2.3513 0.374, -1.2708 -2.2833 0.374, -1.2613 -2.2732 0.374, -1.2469 -2.2639 0.374
            ]
        }
        coordIndex [
            0,1,2,-1,2,1,3,-1,2,3,4,-1,4,3,5,-1,4,5,6,-1,6,5,7,-1,8,9,10,-1,10,9,11,-1,10,11,12,-1,8,13,14,-1,14,15,8,-1,8,15,16,-1,8,16,9,-1,9,16,17,-1,9,17,18,-1,18,17,19,-1,18,19,20,-1,20,21,18,-1,18,21,22,-1,18,22,23,-1,24,25,18,-1,18,25,26,-1,27,28,29,-1,29,28,30,-1,26,31,18,-1,18,31,30,-1,18,30,32,-1,32,30,28,-1,23,33,18,-1,18,33,34,-1,18,34,24,-1,35,36,37,-1,37,36,38,-1,39,40,41,-1,42,43,44,-1,44,43,45,-1,44,45,46,-1,40,47,41,-1,41,47,48,-1,41,48,49,-1,46,50,44,-1,44,50,51,-1,44,51,41,-1,41,51,52,-1,41,52,39,-1,53,54,55,-1,55,54,56,-1,54,57,56,-1,56,57,58,-1,56,58,44,-1,44,58,59,-1,44,59,42,-1,35,13,36,-1,36,13,8,-1,36,8,60,-1,61,62,63,-1,63,62,64,-1,63,64,65,-1,65,64,66,-1,65,66,67,-1,67,66,68,-1,67,68,69,-1,69,68,70,-1,69,70,71,-1,71,70,72,-1,71,72,73,-1,73,72,74,-1,73,74,75,-1,75,74,76,-1,75,76,77,-1,77,76,78,-1,77,78,79,-1,79,78,80,-1,79,80,81,-1,81,80,82,-1,81,82,38,-1,38,82,41,-1,38,41,37,-1,37,41,49,-1,83,84,85,-1,85,84,86,-1,85,86,87,-1,87,86,88,-1,87,88,89,-1,89,88,90,-1,89,90,55,-1,55,90,10,-1,55,10,53,-1,53,10,12,-1,41,91,44,-1,44,91,92,-1,44,92,93,-1,94,91,95,-1,95,91,41,-1,95,41,96,-1,96,41,82,-1,96,82,93,-1,93,82,97,-1,93,97,44,-1,44,97,98,-1,44,98,56,-1,61,60,99,-1,99,60,8,-1,99,8,100,-1,100,101,99,-1,99,101,102,-1,99,102,90,-1,90,102,103,-1,90,103,10,-1,10,103,104,-1,10,104,8,-1,8,104,105,-1,8,105,100,-1,106,107,108,-1,108,107,102,-1,108,102,109,-1,109,102,101,-1,109,101,110,-1,110,101,111,-1,112,88,113,-1,113,88,114,-1,112,115,88,-1,88,115,116,-1,88,116,117,-1,61,99,62,-1,62,99,118,-1,62,118,119,-1,119,120,62,-1,62,120,121,-1,62,121,122,-1,122,123,62,-1,62,123,124,-1,62,124,125,-1,117,126,88,-1,88,126,127,-1,88,127,90,-1,90,127,128,-1,90,128,99,-1,99,128,129,-1,99,129,118,-1,130,131,132,-1,133,134,88,-1,88,134,62,-1,88,62,114,-1,114,62,125,-1,132,133,130,-1,130,133,88,-1,130,88,135,-1,135,88,86,-1,135,86,136,-1,84,66,86,-1,86,66,64,-1,86,64,136,-1,136,64,62,-1,136,62,137,-1,137,62,134,-1,138,139,140,-1,140,139,141,-1,140,141,142,-1,143,144,140,-1,140,144,145,-1,140,145,146,-1,142,147,140,-1,140,147,148,-1,140,148,149,-1,149,150,140,-1,140,150,151,-1,140,151,143,-1,152,153,145,-1,145,153,154,-1,145,154,146,-1,0,132,1,-1,1,132,131,-1,2,137,0,-1,0,137,134,-1,0,134,132,-1,132,134,133,-1,2,4,137,-1,137,4,6,-1,137,6,136,-1,136,6,7,-1,136,7,5,-1,5,3,136,-1,136,3,1,-1,136,1,135,-1,135,1,131,-1,135,131,130,-1,124,123,152,-1,152,123,122,-1,152,122,153,-1,153,122,121,-1,153,121,154,-1,154,121,120,-1,154,120,146,-1,146,120,119,-1,146,119,140,-1,140,119,118,-1,140,118,138,-1,138,118,129,-1,138,129,139,-1,139,129,128,-1,139,128,141,-1,141,128,127,-1,141,127,142,-1,142,127,126,-1,142,126,147,-1,147,126,117,-1,147,117,148,-1,148,117,116,-1,148,116,149,-1,149,116,115,-1,149,115,150,-1,150,115,112,-1,150,112,151,-1,151,112,113,-1,151,113,143,-1,143,113,114,-1,143,114,144,-1,144,114,125,-1,144,125,145,-1,145,125,124,-1,145,124,152,-1,104,103,102,-1,102,107,104,-1,104,107,106,-1,104,106,105,-1,101,100,111,-1,111,100,105,-1,111,105,110,-1,110,105,106,-1,110,106,109,-1,109,106,108,-1,17,16,15,-1,11,9,18,-1,11,18,12,-1,12,18,32,-1,12,32,53,-1,53,32,28,-1,53,28,54,-1,54,28,57,-1,57,28,27,-1,57,27,58,-1,15,14,17,-1,17,14,13,-1,17,13,19,-1,13,35,19,-1,19,35,37,-1,19,37,20,-1,20,37,49,-1,20,49,21,-1,21,49,48,-1,21,48,22,-1,22,48,47,-1,22,47,23,-1,23,47,40,-1,23,40,33,-1,33,40,39,-1,33,39,34,-1,34,39,52,-1,34,52,24,-1,24,52,51,-1,24,51,25,-1,25,51,50,-1,25,50,26,-1,26,50,46,-1,26,46,31,-1,31,46,45,-1,31,45,30,-1,30,45,43,-1,30,43,29,-1,29,43,42,-1,29,42,27,-1,27,42,59,-1,27,59,58,-1,
        ]
    }
}
Shape{
    appearance Appearance {
        material  Material {
            diffuseColor 0.9686274509803922 0.9686274509803922 0.9686274509803922
            specularColor 0.8509803921568627 0.8509803921568627 0.8509803921568627
            ambientIntensity 0.9686
            transparency 0.0
            shininess 0.5
        }
    }
    geometry IndexedFaceSet {
        ccw TRUE
        solid FALSE
        coord DEF co Coordinate {
            point [
                1.3524 -1.3431 7.7647, 1.3524 -1.3432 7.7647, 1.3524 -0.6299 7.4803, 1.3524 -0.6299 7.7953, 1.3524 -1.3041 7.7953, 1.3524 -1.3123 7.7944, 1.3524 -1.3438 7.7609, 1.3524 -1.3442 7.7559, 1.3524 -1.3442 7.4803, 1.3524 -1.313 7.7942, 1.3524 -1.3214 7.7914, 1.3524 -1.3251 7.7895, 1.3524 -1.3289 7.7865, 1.3524 -1.3325 7.7837, 1.3524 -1.3353 7.7806, 1.3524 -1.34 7.7734, 1.3524 -1.3402 7.773, 1.6673 -1.3041 7.7953, 1.6673 -0.6299 7.7953, 1.6673 -0.6299 7.4803, 1.6673 -1.3442 7.4803, 1.6673 -1.3442 7.7559, 1.6673 -1.3431 7.765, 1.6673 -1.3428 7.766, 1.6673 -1.3428 7.7661, 1.6673 -1.34 7.7734, 1.6673 -1.3349 7.7811, 1.6673 -1.3324 7.7837, 1.6673 -1.3321 7.784, 1.6673 -1.3246 7.7898, 1.6673 -1.3212 7.7915, 1.6673 -1.3144 7.7937, 1.6673 -1.312 7.7945, 1.6673 -1.3082 7.7951, 1.2197 -1.2676 7.7953, 0.8209 -0.6299 7.7953, 0.6968 -0.7078 7.7953, 0.755 -0.8555 7.7953, 0.8398 -0.9897 7.7953, 0.8209 -0.315 7.7953, 0.6671 -0.3931 7.7953, 0.6671 -0.5518 7.7953, 0.9482 -1.1057 7.7953, 1.0763 -1.1995 7.7953, 1.3524 0.3592 7.7953, 1.2197 0.3227 7.7953, 1.3524 -0.315 7.7953, 1.0763 0.2546 7.7953, 0.9482 0.1608 7.7953, 0.8398 0.0448 7.7953, 0.755 -0.0894 7.7953, 0.6968 -0.2371 7.7953, 0.886 0.1516 7.7559, 0.8087 0.0689 7.7559, 0.8094 0.0683 7.7647, 0.7454 -0.0312 7.7559, 0.7199 -0.0716 7.7559, 0.7208 -0.072 7.7647, 0.6557 -0.2434 7.7559, 0.6279 -0.3894 7.7559, 0.6289 -0.3895 7.7647, 0.6279 -0.4724 7.7559, 0.6279 -0.5555 7.7559, 0.6289 -0.5554 7.7647, 0.7454 -0.9136 7.7559, 0.8087 -1.0138 7.7559, 0.8094 -1.0132 7.7647, 0.886 -1.0965 7.7559, 0.9221 -1.1352 7.7559, 0.9227 -1.1344 7.7647, 1.3524 0.3993 7.7559, 1.2814 0.3801 7.7559, 1.3524 0.399 7.7608, 1.3524 0.398 7.7646, 1.3524 0.3901 7.781, 1.3524 0.3905 7.7804, 1.2092 0.3517 7.7805, 1.3524 0.3952 7.7732, 1.2076 0.3561 7.773, 1.3524 0.3967 7.7697, 1.2066 0.3588 7.7647, 1.2167 0.331 7.7943, 1.3524 0.3767 7.7913, 1.2139 0.3388 7.7914, 1.3524 0.38 7.7896, 1.2113 0.3458 7.7867, 1.3524 0.384 7.7865, 1.3524 0.3875 7.7838, 1.3524 0.3638 7.795, 1.3524 0.3676 7.7944, 1.3524 0.3681 7.7942, 1.2167 -1.2759 7.7943, 1.2139 -1.2837 7.7914, 1.2113 -1.2907 7.7867, 1.2092 -1.2965 7.7805, 1.2076 -1.3009 7.773, 1.0674 -1.2386 7.7559, 1.2062 -1.3046 7.7559, 1.2066 -1.3037 7.7647, 1.2814 -1.325 7.7559, 0.6884 -0.7102 7.7943, 0.6584 -0.5526 7.7943, 0.6804 -0.7125 7.7914, 0.6501 -0.5534 7.7914, 0.6732 -0.7146 7.7867, 0.6427 -0.5541 7.7867, 0.6672 -0.7163 7.7805, 0.6365 -0.5547 7.7805, 0.6627 -0.7177 7.773, 0.6318 -0.5551 7.773, 0.6599 -0.7185 7.7647, 1.0718 0.2621 7.7943, 1.0676 0.2692 7.7914, 1.0638 0.2757 7.7867, 1.0606 0.281 7.7805, 1.0582 0.285 7.773, 1.0567 0.2875 7.7647, 1.0562 -1.2333 7.7559, 1.0567 -1.2324 7.7647, 1.0582 -1.2299 7.773, 1.0606 -1.2259 7.7805, 1.0638 -1.2205 7.7867, 1.0676 -1.2141 7.7914, 1.0718 -1.207 7.7943, 0.9424 -1.1123 7.7943, 0.9369 -1.1185 7.7914, 0.9319 -1.1241 7.7867, 0.9278 -1.1287 7.7805, 0.9247 -1.1323 7.773, 0.8329 -0.995 7.7943, 0.8263 -1.0001 7.7914, 0.8204 -1.0047 7.7867, 0.8155 -1.0085 7.7805, 0.8117 -1.0114 7.773, 0.7199 -0.8733 7.7559, 0.7208 -0.8729 7.7647, 0.7234 -0.8715 7.773, 0.7276 -0.8694 7.7805, 0.7331 -0.8666 7.7867, 0.7398 -0.8632 7.7914, 0.7472 -0.8594 7.7943, 0.6589 -0.7187 7.7559, 0.6557 -0.7014 7.7559, 0.6318 -0.3897 7.773, 0.6365 -0.3902 7.7805, 0.6427 -0.3908 7.7867, 0.6501 -0.3915 7.7914, 0.6584 -0.3922 7.7943, 0.6589 -0.2261 7.7559, 0.6599 -0.2264 7.7647, 0.6627 -0.2272 7.773, 0.6672 -0.2285 7.7805, 0.6732 -0.2303 7.7867, 0.6804 -0.2323 7.7914, 0.6884 -0.2347 7.7943, 0.7472 -0.0854 7.7943, 0.7398 -0.0817 7.7914, 0.7331 -0.0783 7.7867, 0.7276 -0.0755 7.7805, 0.7234 -0.0733 7.773, 0.8329 0.0502 7.7943, 0.8263 0.0553 7.7914, 0.8204 0.0598 7.7867, 0.8155 0.0636 7.7805, 0.8117 0.0665 7.773, 0.9221 0.1903 7.7559, 0.9227 0.1895 7.7647, 0.9247 0.1874 7.773, 0.9278 0.1839 7.7805, 0.9319 0.1792 7.7867, 0.9369 0.1736 7.7914, 0.9424 0.1674 7.7943, 1.0562 0.2884 7.7559, 1.2062 0.3597 7.7559, 1.0674 0.2937 7.7559, 1.2933 -0.0787 1.8504, 1.0177 0.0591 1.8504, 1.7264 -0.0787 1.8504, 2.002 0.0591 1.8504, 1.7264 -0.3937 1.8504, 2.002 -0.5315 1.8504, 1.2933 -0.3937 1.8504, 1.0177 -0.5315 1.8504
            ]
        }
        coordIndex [
            0,1,2,-1,3,4,2,-1,2,4,5,-1,1,6,2,-1,2,6,7,-1,2,7,8,-1,5,9,2,-1,2,9,10,-1,2,10,11,-1,11,12,2,-1,2,12,13,-1,2,13,14,-1,14,15,2,-1,2,15,16,-1,2,16,0,-1,17,18,19,-1,20,21,19,-1,19,21,22,-1,22,23,19,-1,19,23,24,-1,19,24,25,-1,25,26,19,-1,19,26,27,-1,19,27,28,-1,28,29,19,-1,19,29,30,-1,19,30,31,-1,31,32,19,-1,19,32,33,-1,19,33,17,-1,34,4,3,-1,35,36,3,-1,3,36,37,-1,3,37,38,-1,39,40,35,-1,35,40,41,-1,35,41,36,-1,38,42,3,-1,3,42,43,-1,3,43,34,-1,44,45,46,-1,46,45,47,-1,46,47,48,-1,48,49,46,-1,46,49,50,-1,46,50,39,-1,39,50,51,-1,39,51,40,-1,52,53,54,-1,55,56,57,-1,58,59,60,-1,61,62,63,-1,64,65,66,-1,67,68,69,-1,70,71,72,-1,72,71,73,-1,74,75,76,-1,76,75,77,-1,76,77,78,-1,78,77,79,-1,78,79,80,-1,80,79,73,-1,81,82,83,-1,83,82,84,-1,83,84,85,-1,85,84,86,-1,85,86,76,-1,76,86,87,-1,76,87,74,-1,45,44,81,-1,81,44,88,-1,88,89,81,-1,81,89,90,-1,81,90,82,-1,4,34,5,-1,5,34,91,-1,5,91,9,-1,9,91,92,-1,93,11,92,-1,92,11,10,-1,92,10,9,-1,94,13,93,-1,93,13,12,-1,93,12,11,-1,95,15,94,-1,94,15,14,-1,94,14,13,-1,96,97,98,-1,98,97,99,-1,7,6,99,-1,99,6,1,-1,99,1,98,-1,98,1,0,-1,98,0,95,-1,95,0,16,-1,95,16,15,-1,36,41,100,-1,100,41,101,-1,100,101,102,-1,102,101,103,-1,102,103,104,-1,104,103,105,-1,104,105,106,-1,106,105,107,-1,106,107,108,-1,108,107,109,-1,108,109,110,-1,110,109,63,-1,47,45,111,-1,111,45,81,-1,111,81,112,-1,112,81,83,-1,112,83,113,-1,113,83,85,-1,113,85,114,-1,114,85,76,-1,114,76,115,-1,115,76,78,-1,115,78,116,-1,116,78,80,-1,117,96,118,-1,118,96,98,-1,118,98,119,-1,119,98,95,-1,119,95,120,-1,120,95,94,-1,120,94,121,-1,121,94,93,-1,121,93,122,-1,122,93,92,-1,122,92,123,-1,123,92,91,-1,123,91,43,-1,43,91,34,-1,43,42,123,-1,123,42,124,-1,123,124,122,-1,122,124,125,-1,122,125,121,-1,121,125,126,-1,121,126,120,-1,120,126,127,-1,120,127,119,-1,119,127,128,-1,119,128,118,-1,118,128,69,-1,118,69,117,-1,117,69,68,-1,42,38,124,-1,124,38,129,-1,124,129,125,-1,125,129,130,-1,125,130,126,-1,126,130,131,-1,126,131,127,-1,127,131,132,-1,127,132,128,-1,128,132,133,-1,128,133,69,-1,69,133,66,-1,69,66,67,-1,67,66,65,-1,134,64,135,-1,135,64,66,-1,135,66,136,-1,136,66,133,-1,136,133,137,-1,137,133,132,-1,137,132,138,-1,138,132,131,-1,138,131,139,-1,139,131,130,-1,139,130,140,-1,140,130,129,-1,140,129,37,-1,37,129,38,-1,37,36,140,-1,140,36,100,-1,140,100,139,-1,139,100,102,-1,139,102,138,-1,138,102,104,-1,138,104,137,-1,137,104,106,-1,137,106,136,-1,136,106,108,-1,136,108,135,-1,135,108,110,-1,135,110,134,-1,134,110,141,-1,63,62,110,-1,110,62,142,-1,110,142,141,-1,59,61,60,-1,60,61,63,-1,60,63,143,-1,143,63,109,-1,143,109,144,-1,144,109,107,-1,144,107,145,-1,145,107,105,-1,145,105,146,-1,146,105,103,-1,146,103,147,-1,147,103,101,-1,147,101,40,-1,40,101,41,-1,148,58,149,-1,149,58,60,-1,149,60,150,-1,150,60,143,-1,150,143,151,-1,151,143,144,-1,151,144,152,-1,152,144,145,-1,152,145,153,-1,153,145,146,-1,153,146,154,-1,154,146,147,-1,154,147,51,-1,51,147,40,-1,51,50,154,-1,154,50,155,-1,154,155,153,-1,153,155,156,-1,153,156,152,-1,152,156,157,-1,152,157,151,-1,151,157,158,-1,151,158,150,-1,150,158,159,-1,150,159,149,-1,149,159,57,-1,149,57,148,-1,148,57,56,-1,50,49,155,-1,155,49,160,-1,155,160,156,-1,156,160,161,-1,156,161,157,-1,157,161,162,-1,157,162,158,-1,158,162,163,-1,158,163,159,-1,159,163,164,-1,159,164,57,-1,57,164,54,-1,57,54,55,-1,55,54,53,-1,165,52,166,-1,166,52,54,-1,166,54,167,-1,167,54,164,-1,167,164,168,-1,168,164,163,-1,168,163,169,-1,169,163,162,-1,169,162,170,-1,170,162,161,-1,170,161,171,-1,171,161,160,-1,171,160,48,-1,48,160,49,-1,48,47,171,-1,171,47,111,-1,171,111,170,-1,170,111,112,-1,170,112,169,-1,169,112,113,-1,169,113,168,-1,168,113,114,-1,168,114,167,-1,167,114,115,-1,167,115,166,-1,166,115,116,-1,166,116,165,-1,165,116,172,-1,73,71,80,-1,80,71,173,-1,80,173,116,-1,116,173,174,-1,116,174,172,-1,175,176,177,-1,177,176,178,-1,177,178,179,-1,179,178,180,-1,179,180,181,-1,181,180,182,-1,181,182,175,-1,175,182,176,-1,
        ]
    }
}
Shape{
    appearance Appearance {
        material  Material {
            diffuseColor 0.37254901960784315 1.0 0.7137254901960784
            specularColor 0.32941176470588235 0.8784313725490196 0.6274509803921569
            ambientIntensity 0.7798
            transparency 0.0
            shininess 0.5
        }
    }
    geometry IndexedFaceSet {
        ccw TRUE
        solid FALSE
        coord DEF co Coordinate {
            point [
                0.9193 0.5906 3.2283, 1.0177 0.0591 3.2283, 1.0177 -0.5315 3.2283, 2.002 0.0591 3.2283, 2.1004 0.5906 3.2283, 2.002 -0.5315 3.2283, 2.1004 -1.7717 3.2283, 0.9193 -1.7717 3.2283, 1.9035 1.9291 3.4252, 3.0098 1.9291 3.4252, 3.0098 1.9495 3.4225, 1.9035 1.9495 3.4225, 3.0098 1.9685 3.4146, 1.9035 1.9685 3.4146, 3.0098 1.9848 3.4021, 1.9035 1.9848 3.4021, 3.0098 1.9973 3.3858, 1.9035 1.9973 3.3858, 3.0098 2.0052 3.3668, 1.9035 2.0052 3.3668, 3.0098 2.0079 3.3465, 1.9035 2.0079 3.3465, 0.1917 0.1181 8.1102, 0.1917 0.1181 6.378, -0.172 0.1181 8.1102, -0.172 0.1181 6.378, 3.0098 0.1181 8.1102, 3.0098 0.1181 6.378, 2.828 0.1181 8.1102, 2.828 0.1181 6.378, 2.828 -1.063 8.1102, 2.828 -1.063 6.378, 3.0098 -1.063 8.1102, 3.0098 -1.063 6.378, -0.172 -1.063 8.1102, -0.172 -1.063 6.378, 0.1917 -1.063 8.1102, 0.1917 -1.063 6.378, -1.3556 -1.8042 6.378, 1.3753 -1.8042 6.378, 1.2354 -1.7826 6.378, 0.9727 -1.6985 6.378, 0.7327 -1.5624 6.378, -1.2157 -1.7826 6.378, -0.953 -1.6985 6.378, -0.713 -1.5624 6.378, 0.5258 -1.3799 6.378, -0.5061 -1.3799 6.378, 0.3607 -1.1589 6.378, -0.341 -1.1589 6.378, 0.2419 -1.0695 6.378, 0.2888 -1.0886 6.378, 0.3293 -1.1191 6.378, -0.2222 -1.0695 6.378, -0.2691 -1.0886 6.378, -0.3096 -1.1191 6.378, 3.0098 2.0079 0.0787, 3.0098 1.7335 0.0787, 2.7697 2.0079 0.0787, 2.7933 1.7717 0.0787, 3.0098 1.4161 0.0787, 3.0098 -1.8886 0.0787, 2.7933 1.378 0.0787, 2.7933 -1.8504 0.0787, 3.0098 -2.2059 0.0787, 3.0098 -2.9528 0.0787, 2.7933 -2.2441 0.0787, 2.7697 -2.9528 0.0787, -1.0965 1.9291 3.4252, 1.1161 1.9291 3.4252, 1.1161 1.9495 3.4225, -1.0965 1.9495 3.4225, 1.1161 1.9685 3.4146, -1.0965 1.9685 3.4146, 1.1161 1.9848 3.4021, -1.0965 1.9848 3.4021, 1.1161 1.9973 3.3858, -1.0965 1.9973 3.3858, 1.1161 2.0052 3.3668, -1.0965 2.0052 3.3668, 1.1161 2.0079 3.3465, -1.0965 2.0079 3.3465, -2.8083 -1.063 6.378, -2.9902 -1.063 6.378, -2.9902 -1.8042 6.378, -2.0273 -1.6985 6.378, -1.7646 -1.7826 6.378, -1.6247 -1.8042 6.378, -2.2673 -1.5624 6.378, -2.4742 -1.3799 6.378, -2.6393 -1.1589 6.378, -2.7581 -1.0695 6.378, -2.6707 -1.1191 6.378, -2.7112 -1.0886 6.378
            ]
        }
        coordIndex [
            0,1,2,-1,1,0,3,-1,3,0,4,-1,3,4,5,-1,5,4,6,-1,5,6,2,-1,2,6,7,-1,2,7,0,-1,8,9,10,-1,8,10,11,-1,11,10,12,-1,11,12,13,-1,13,12,14,-1,13,14,15,-1,15,14,16,-1,15,16,17,-1,17,16,18,-1,17,18,19,-1,19,18,20,-1,19,20,21,-1,22,23,24,-1,24,23,25,-1,26,27,28,-1,28,27,29,-1,30,31,32,-1,32,31,33,-1,34,35,36,-1,36,35,37,-1,38,39,40,-1,40,41,38,-1,38,41,42,-1,38,42,43,-1,43,42,44,-1,44,42,45,-1,45,42,46,-1,45,46,47,-1,47,46,48,-1,47,48,49,-1,50,37,51,-1,51,37,52,-1,35,53,54,-1,54,55,35,-1,35,55,49,-1,35,49,37,-1,37,49,48,-1,37,48,52,-1,56,57,58,-1,58,57,59,-1,60,61,62,-1,62,61,63,-1,64,65,66,-1,66,65,67,-1,66,67,63,-1,63,67,58,-1,63,58,62,-1,62,58,59,-1,68,69,70,-1,68,70,71,-1,71,70,72,-1,71,72,73,-1,73,72,74,-1,73,74,75,-1,75,74,76,-1,75,76,77,-1,77,76,78,-1,77,78,79,-1,79,78,80,-1,79,80,81,-1,82,83,84,-1,85,84,86,-1,86,84,87,-1,85,88,84,-1,84,88,89,-1,84,89,90,-1,82,84,91,-1,90,92,84,-1,84,92,93,-1,84,93,91,-1,
        ]
    }
}
Shape{
    appearance Appearance {
        material  Material {
            diffuseColor 0.9686274509803922 0.9686274509803922 0.9686274509803922
            specularColor 0.8509803921568627 0.8509803921568627 0.8509803921568627
            ambientIntensity 0.9686
            transparency 0.0
            shininess 0.5
        }
    }
    geometry IndexedFaceSet {
        ccw TRUE
        solid FALSE
        coord DEF co Coordinate {
            point [
                -1.6476 -1.3431 7.7647, -1.6476 -1.3432 7.7647, -1.6476 -0.6299 7.4803, -1.6476 -0.6299 7.7953, -1.6476 -1.3041 7.7953, -1.6476 -1.3123 7.7944, -1.6476 -1.3438 7.7609, -1.6476 -1.3442 7.7559, -1.6476 -1.3442 7.4803, -1.6476 -1.313 7.7942, -1.6476 -1.3214 7.7914, -1.6476 -1.3251 7.7895, -1.6476 -1.3289 7.7865, -1.6476 -1.3325 7.7837, -1.6476 -1.3353 7.7806, -1.6476 -1.34 7.7734, -1.6476 -1.3402 7.773, -1.3327 -1.3041 7.7953, -1.3327 -0.6299 7.7953, -1.3327 -0.6299 7.4803, -1.3327 -1.3442 7.4803, -1.3327 -1.3442 7.7559, -1.3327 -1.3431 7.765, -1.3327 -1.3428 7.766, -1.3327 -1.3428 7.7661, -1.3327 -1.34 7.7734, -1.3327 -1.3349 7.7811, -1.3327 -1.3324 7.7837, -1.3327 -1.3321 7.784, -1.3327 -1.3246 7.7898, -1.3327 -1.3212 7.7915, -1.3327 -1.3144 7.7937, -1.3327 -1.312 7.7945, -1.3327 -1.3082 7.7951, -2.1791 -0.6299 7.7953, -2.3032 -0.7078 7.7953, -2.245 -0.8555 7.7953, -2.1602 -0.9897 7.7953, -2.0518 -1.1057 7.7953, -2.1791 -0.315 7.7953, -2.3329 -0.3931 7.7953, -2.3329 -0.5518 7.7953, -1.9237 -1.1995 7.7953, -1.7803 -1.2676 7.7953, -1.6476 0.3592 7.7953, -1.7803 0.3227 7.7953, -1.6476 -0.315 7.7953, -1.9237 0.2546 7.7953, -2.0518 0.1608 7.7953, -2.1602 0.0448 7.7953, -2.245 -0.0894 7.7953, -2.3032 -0.2371 7.7953, -2.114 0.1516 7.7559, -2.1913 0.0689 7.7559, -2.1906 0.0683 7.7647, -2.2546 -0.0312 7.7559, -2.2801 -0.0716 7.7559, -2.2792 -0.072 7.7647, -2.3443 -0.2434 7.7559, -2.3721 -0.3894 7.7559, -2.3711 -0.3895 7.7647, -2.3721 -0.4724 7.7559, -2.3721 -0.5555 7.7559, -2.3711 -0.5554 7.7647, -2.2546 -0.9136 7.7559, -2.1913 -1.0138 7.7559, -2.1906 -1.0132 7.7647, -2.114 -1.0965 7.7559, -2.0779 -1.1352 7.7559, -2.0773 -1.1344 7.7647, -1.6476 0.3993 7.7559, -1.7186 0.3801 7.7559, -1.6476 0.399 7.7608, -1.6476 0.398 7.7646, -1.6476 0.3901 7.781, -1.6476 0.3905 7.7804, -1.7908 0.3517 7.7805, -1.6476 0.3952 7.7732, -1.7924 0.3561 7.773, -1.6476 0.3967 7.7697, -1.7934 0.3588 7.7647, -1.7833 0.331 7.7943, -1.6476 0.3767 7.7913, -1.7861 0.3388 7.7914, -1.6476 0.38 7.7896, -1.7887 0.3458 7.7867, -1.6476 0.384 7.7865, -1.6476 0.3875 7.7838, -1.6476 0.3638 7.795, -1.6476 0.3676 7.7944, -1.6476 0.3681 7.7942, -1.7833 -1.2759 7.7943, -1.7861 -1.2837 7.7914, -1.7887 -1.2907 7.7867, -1.7908 -1.2965 7.7805, -1.7924 -1.3009 7.773, -1.9326 -1.2386 7.7559, -1.7938 -1.3046 7.7559, -1.7934 -1.3037 7.7647, -1.7186 -1.325 7.7559, -2.3116 -0.7102 7.7943, -2.3416 -0.5526 7.7943, -2.3196 -0.7125 7.7914, -2.3499 -0.5534 7.7914, -2.3268 -0.7146 7.7867, -2.3573 -0.5541 7.7867, -2.3328 -0.7163 7.7805, -2.3635 -0.5547 7.7805, -2.3373 -0.7177 7.773, -2.3682 -0.5551 7.773, -2.3401 -0.7185 7.7647, -1.9282 0.2621 7.7943, -1.9324 0.2692 7.7914, -1.9362 0.2757 7.7867, -1.9394 0.281 7.7805, -1.9418 0.285 7.773, -1.9433 0.2875 7.7647, -1.9438 -1.2333 7.7559, -1.9433 -1.2324 7.7647, -1.9418 -1.2299 7.773, -1.9394 -1.2259 7.7805, -1.9362 -1.2205 7.7867, -1.9324 -1.2141 7.7914, -1.9282 -1.207 7.7943, -2.0576 -1.1123 7.7943, -2.0631 -1.1185 7.7914, -2.0681 -1.1241 7.7867, -2.0722 -1.1287 7.7805, -2.0753 -1.1323 7.773, -2.1671 -0.995 7.7943, -2.1737 -1.0001 7.7914, -2.1796 -1.0047 7.7867, -2.1845 -1.0085 7.7805, -2.1883 -1.0114 7.773, -2.2801 -0.8733 7.7559, -2.2792 -0.8729 7.7647, -2.2766 -0.8715 7.773, -2.2724 -0.8694 7.7805, -2.2669 -0.8666 7.7867, -2.2602 -0.8632 7.7914, -2.2528 -0.8594 7.7943, -2.3411 -0.7187 7.7559, -2.3443 -0.7014 7.7559, -2.3682 -0.3897 7.773, -2.3635 -0.3902 7.7805, -2.3573 -0.3908 7.7867, -2.3499 -0.3915 7.7914, -2.3416 -0.3922 7.7943, -2.3411 -0.2261 7.7559, -2.3401 -0.2264 7.7647, -2.3373 -0.2272 7.773, -2.3328 -0.2285 7.7805, -2.3268 -0.2303 7.7867, -2.3196 -0.2323 7.7914, -2.3116 -0.2347 7.7943, -2.2528 -0.0854 7.7943, -2.2602 -0.0817 7.7914, -2.2669 -0.0783 7.7867, -2.2724 -0.0755 7.7805, -2.2766 -0.0733 7.773, -2.1671 0.0502 7.7943, -2.1737 0.0553 7.7914, -2.1796 0.0598 7.7867, -2.1845 0.0636 7.7805, -2.1883 0.0665 7.773, -2.0779 0.1903 7.7559, -2.0773 0.1895 7.7647, -2.0753 0.1874 7.773, -2.0722 0.1839 7.7805, -2.0681 0.1792 7.7867, -2.0631 0.1736 7.7914, -2.0576 0.1674 7.7943, -1.9438 0.2884 7.7559, -1.7938 0.3597 7.7559, -1.9326 0.2937 7.7559
            ]
        }
        coordIndex [
            0,1,2,-1,3,4,2,-1,2,4,5,-1,1,6,2,-1,2,6,7,-1,2,7,8,-1,5,9,2,-1,2,9,10,-1,2,10,11,-1,11,12,2,-1,2,12,13,-1,2,13,14,-1,14,15,2,-1,2,15,16,-1,2,16,0,-1,17,18,19,-1,20,21,19,-1,19,21,22,-1,22,23,19,-1,19,23,24,-1,19,24,25,-1,25,26,19,-1,19,26,27,-1,19,27,28,-1,28,29,19,-1,19,29,30,-1,19,30,31,-1,31,32,19,-1,19,32,33,-1,19,33,17,-1,3,34,35,-1,35,36,3,-1,3,36,37,-1,3,37,38,-1,39,40,34,-1,34,40,41,-1,34,41,35,-1,38,42,3,-1,3,42,43,-1,3,43,4,-1,44,45,46,-1,46,45,47,-1,46,47,48,-1,48,49,46,-1,46,49,50,-1,46,50,39,-1,39,50,51,-1,39,51,40,-1,52,53,54,-1,55,56,57,-1,58,59,60,-1,61,62,63,-1,64,65,66,-1,67,68,69,-1,70,71,72,-1,72,71,73,-1,74,75,76,-1,76,75,77,-1,76,77,78,-1,78,77,79,-1,78,79,80,-1,80,79,73,-1,81,82,83,-1,83,82,84,-1,83,84,85,-1,85,84,86,-1,85,86,76,-1,76,86,87,-1,76,87,74,-1,45,44,81,-1,81,44,88,-1,88,89,81,-1,81,89,90,-1,81,90,82,-1,4,43,5,-1,5,43,91,-1,5,91,9,-1,9,91,92,-1,93,11,92,-1,92,11,10,-1,92,10,9,-1,94,13,93,-1,93,13,12,-1,93,12,11,-1,95,15,94,-1,94,15,14,-1,94,14,13,-1,96,97,98,-1,98,97,99,-1,7,6,99,-1,99,6,1,-1,99,1,98,-1,98,1,0,-1,98,0,95,-1,95,0,16,-1,95,16,15,-1,35,41,100,-1,100,41,101,-1,100,101,102,-1,102,101,103,-1,102,103,104,-1,104,103,105,-1,104,105,106,-1,106,105,107,-1,106,107,108,-1,108,107,109,-1,108,109,110,-1,110,109,63,-1,47,45,111,-1,111,45,81,-1,111,81,112,-1,112,81,83,-1,112,83,113,-1,113,83,85,-1,113,85,114,-1,114,85,76,-1,114,76,115,-1,115,76,78,-1,115,78,116,-1,116,78,80,-1,117,96,118,-1,118,96,98,-1,118,98,119,-1,119,98,95,-1,119,95,120,-1,120,95,94,-1,120,94,121,-1,121,94,93,-1,121,93,122,-1,122,93,92,-1,122,92,123,-1,123,92,91,-1,123,91,42,-1,42,91,43,-1,42,38,123,-1,123,38,124,-1,123,124,122,-1,122,124,125,-1,122,125,121,-1,121,125,126,-1,121,126,120,-1,120,126,127,-1,120,127,119,-1,119,127,128,-1,119,128,118,-1,118,128,69,-1,118,69,117,-1,117,69,68,-1,38,37,124,-1,124,37,129,-1,124,129,125,-1,125,129,130,-1,125,130,126,-1,126,130,131,-1,126,131,127,-1,127,131,132,-1,127,132,128,-1,128,132,133,-1,128,133,69,-1,69,133,66,-1,69,66,67,-1,67,66,65,-1,134,64,135,-1,135,64,66,-1,135,66,136,-1,136,66,133,-1,136,133,137,-1,137,133,132,-1,137,132,138,-1,138,132,131,-1,138,131,139,-1,139,131,130,-1,139,130,140,-1,140,130,129,-1,140,129,36,-1,36,129,37,-1,36,35,140,-1,140,35,100,-1,140,100,139,-1,139,100,102,-1,139,102,138,-1,138,102,104,-1,138,104,137,-1,137,104,106,-1,137,106,136,-1,136,106,108,-1,136,108,135,-1,135,108,110,-1,135,110,134,-1,134,110,141,-1,63,62,110,-1,110,62,142,-1,110,142,141,-1,59,61,60,-1,60,61,63,-1,60,63,143,-1,143,63,109,-1,143,109,144,-1,144,109,107,-1,144,107,145,-1,145,107,105,-1,145,105,146,-1,146,105,103,-1,146,103,147,-1,147,103,101,-1,147,101,40,-1,40,101,41,-1,148,58,149,-1,149,58,60,-1,149,60,150,-1,150,60,143,-1,150,143,151,-1,151,143,144,-1,151,144,152,-1,152,144,145,-1,152,145,153,-1,153,145,146,-1,153,146,154,-1,154,146,147,-1,154,147,51,-1,51,147,40,-1,51,50,154,-1,154,50,155,-1,154,155,153,-1,153,155,156,-1,153,156,152,-1,152,156,157,-1,152,157,151,-1,151,157,158,-1,151,158,150,-1,150,158,159,-1,150,159,149,-1,149,159,57,-1,149,57,148,-1,148,57,56,-1,50,49,155,-1,155,49,160,-1,155,160,156,-1,156,160,161,-1,156,161,157,-1,157,161,162,-1,157,162,158,-1,158,162,163,-1,158,163,159,-1,159,163,164,-1,159,164,57,-1,57,164,54,-1,57,54,55,-1,55,54,53,-1,165,52,166,-1,166,52,54,-1,166,54,167,-1,167,54,164,-1,167,164,168,-1,168,164,163,-1,168,163,169,-1,169,163,162,-1,169,162,170,-1,170,162,161,-1,170,161,171,-1,171,161,160,-1,171,160,48,-1,48,160,49,-1,48,47,171,-1,171,47,111,-1,171,111,170,-1,170,111,112,-1,170,112,169,-1,169,112,113,-1,169,113,168,-1,168,113,114,-1,168,114,167,-1,167,114,115,-1,167,115,166,-1,166,115,116,-1,166,116,165,-1,165,116,172,-1,73,71,80,-1,80,71,173,-1,80,173,116,-1,116,173,174,-1,116,174,172,-1,
        ]
    }
}
Shape{
    appearance Appearance {
        material  Material {
            diffuseColor 0.37254901960784315 1.0 0.7137254901960784
            specularColor 0.32941176470588235 0.8784313725490196 0.6274509803921569
            ambientIntensity 0.7798
            transparency 0.0
            shininess 0.5
        }
    }
    geometry IndexedFaceSet {
        ccw TRUE
        solid FALSE
        coord DEF co Coordinate {
            point [
                -2.8083 0.1181 8.1102, -2.8083 0.1181 6.378, -2.9902 0.1181 8.1102, -2.9902 0.1181 6.378, -2.9902 -1.063 8.1102, -2.9902 -1.063 6.378, -2.8083 -1.063 8.1102, -2.8083 -1.063 6.378, 2.4939 -1.3799 6.378, 2.287 -1.5624 6.378, 3.0098 -1.8042 6.378, 2.047 -1.6985 6.378, 1.7843 -1.7826 6.378, 1.6444 -1.8042 6.378, 3.0098 -1.063 6.378, 2.828 -1.063 6.378, 2.7778 -1.0695 6.378, 2.7309 -1.0886 6.378, 2.6904 -1.1191 6.378, 2.659 -1.1589 6.378, 2.047 0.7536 6.378, 2.287 0.6175 6.378, 3.0098 0.9449 6.378, 2.4939 0.435 6.378, -2.4742 0.435 6.378, -2.2673 0.6175 6.378, -2.9902 0.9449 6.378, -2.0273 0.7536 6.378, 2.659 0.214 6.378, 2.6904 0.1742 6.378, 2.7309 0.1438 6.378, 2.7778 0.1246 6.378, 2.828 0.1181 6.378, 3.0098 0.1181 6.378, -2.7581 0.1246 6.378, -2.7112 0.1438 6.378, -1.7646 0.8377 6.378, -1.4902 0.8661 6.378, -1.2157 0.8377 6.378, -0.953 0.7536 6.378, -0.713 0.6175 6.378, 0.5258 0.435 6.378, 0.7327 0.6175 6.378, -2.6707 0.1742 6.378, -2.6393 0.214 6.378, -0.5061 0.435 6.378, -0.341 0.214 6.378, 0.3607 0.214 6.378, 0.9727 0.7536 6.378, 1.2354 0.8377 6.378, 1.5098 0.8661 6.378, 1.7843 0.8377 6.378, -0.3096 0.1742 6.378, -0.2691 0.1438 6.378, -0.2222 0.1246 6.378, -0.172 0.1181 6.378, 0.1917 0.1181 6.378, 0.3293 0.1742 6.378, 0.2419 0.1246 6.378, 0.2888 0.1438 6.378, -2.9902 1.4161 2.8346, -2.9902 1.4161 0.0787, -2.9902 -1.8886 0.0787, -2.9902 -0.9843 8.189, -2.9902 2.0079 0.0787, -2.9902 1.7335 0.0787, -2.9902 2.0079 3.3465, -2.9902 1.7335 2.8346, -2.9902 2.0052 3.3668, -2.9902 0.9653 6.3753, -2.9902 0.9843 6.3674, -2.9902 -1.8886 3.4252, -2.9902 1.0236 3.4252, -2.9902 1.0236 6.2992, -2.9902 1.0209 6.3196, -2.9902 -1.8042 6.378, -2.9902 -2.2059 3.4252, -2.9902 1.0006 6.3549, -2.9902 1.0131 6.3386, -2.9902 -1.0524 8.1496, -2.9902 -1.0399 8.1659, -2.9902 -1.0603 8.1306, -2.9902 -1.0236 8.1784, -2.9902 -1.0046 8.1863, -2.9902 0.0394 8.189, -2.9902 0.0597 8.1863, -2.9902 0.0787 8.1784, -2.9902 -1.8366 6.371, -2.9902 -1.8729 6.3377, -2.9902 -1.851 6.3625, -2.9902 -1.8633 6.3513, -2.9902 -2.2059 0.0787, -2.9902 -2.9528 0.0787, -2.9902 -2.9528 4.4094, -2.9902 -1.8208 6.3762, -2.9902 0.095 8.1659, -2.9902 0.1076 8.1496, -2.9902 0.1154 8.1306, -2.9902 1.9291 3.4252, -2.9902 1.9495 3.4225, -2.9902 1.9685 3.4146, -2.9902 1.9848 3.4021, -2.9902 1.9973 3.3858
            ]
        }
        coordIndex [
            0,1,2,-1,2,1,3,-1,4,5,6,-1,6,5,7,-1,8,9,10,-1,9,11,10,-1,10,11,12,-1,10,12,13,-1,14,15,10,-1,10,15,16,-1,10,16,17,-1,17,18,10,-1,10,18,19,-1,10,19,8,-1,20,21,22,-1,22,21,23,-1,24,25,26,-1,26,25,27,-1,23,28,22,-1,22,28,29,-1,22,29,30,-1,30,31,22,-1,22,31,32,-1,22,32,33,-1,3,1,26,-1,26,1,34,-1,26,34,35,-1,27,36,26,-1,26,36,37,-1,26,37,22,-1,22,37,38,-1,22,38,39,-1,40,41,42,-1,35,43,26,-1,26,43,44,-1,26,44,24,-1,40,45,41,-1,41,45,46,-1,41,46,47,-1,42,48,40,-1,40,48,49,-1,40,49,39,-1,39,49,50,-1,39,50,22,-1,22,50,51,-1,22,51,20,-1,46,52,53,-1,53,54,46,-1,46,54,55,-1,46,55,47,-1,47,55,56,-1,47,56,57,-1,57,56,58,-1,57,58,59,-1,60,61,62,-1,63,5,4,-1,64,65,66,-1,66,65,67,-1,66,67,68,-1,69,70,71,-1,67,60,72,-1,72,60,62,-1,72,62,73,-1,73,62,71,-1,73,71,74,-1,75,5,76,-1,76,5,3,-1,76,3,71,-1,71,3,26,-1,71,26,69,-1,70,77,71,-1,71,77,78,-1,71,78,74,-1,79,80,81,-1,81,80,82,-1,81,82,4,-1,4,82,83,-1,4,83,63,-1,5,63,3,-1,3,63,84,-1,3,84,2,-1,2,84,85,-1,2,85,86,-1,87,88,89,-1,89,88,90,-1,91,92,76,-1,76,92,93,-1,76,93,75,-1,75,93,88,-1,75,88,94,-1,94,88,87,-1,95,96,86,-1,86,96,97,-1,86,97,2,-1,72,98,67,-1,67,98,99,-1,67,99,100,-1,100,101,67,-1,67,101,102,-1,67,102,68,-1,
        ]
    }
}
Shape{
    appearance Appearance {
        material  Material {
            diffuseColor 0.9686274509803922 0.9686274509803922 0.9686274509803922
            specularColor 0.8509803921568627 0.8509803921568627 0.8509803921568627
            ambientIntensity 0.9686
            transparency 0.0
            shininess 0.5
        }
    }
    geometry IndexedFaceSet {
        ccw TRUE
        solid FALSE
        coord DEF co Coordinate {
            point [
                -1.2736 -0.0787 1.8504, -0.998 0.0591 1.8504, -1.2736 -0.3937 1.8504, -0.998 -0.5315 1.8504, -1.7067 -0.3937 1.8504, -1.9823 -0.5315 1.8504, -1.7067 -0.0787 1.8504, -1.9823 0.0591 1.8504
            ]
        }
        coordIndex [
            0,1,2,-1,2,1,3,-1,2,3,4,-1,4,3,5,-1,4,5,6,-1,6,5,7,-1,6,7,0,-1,0,7,1,-1,
        ]
    }
}
Shape{
    appearance Appearance {
        material  Material {
            diffuseColor 0.37254901960784315 1.0 0.7137254901960784
            specularColor 0.32941176470588235 0.8784313725490196 0.6274509803921569
            ambientIntensity 0.7798
            transparency 0.0
            shininess 0.5
        }
    }
    geometry IndexedFaceSet {
        ccw TRUE
        solid FALSE
        coord DEF co Coordinate {
            point [
                -2.0807 0.5906 3.2283, -1.9823 0.0591 3.2283, -1.9823 -0.5315 3.2283, -0.998 0.0591 3.2283, -0.8996 0.5906 3.2283, -0.998 -0.5315 3.2283, -0.8996 -1.7717 3.2283, -2.0807 -1.7717 3.2283, 0.25 -2.9528 0.0787, -0.2303 -2.9528 0.0787, 0.25 2.0079 0.0787, -0.2303 2.0079 0.0787, 3.0098 1.7335 2.8346, 3.0098 1.7335 0.0787, 3.0098 2.0079 0.0787, 3.0098 -1.063 8.1102, 3.0098 -1.063 6.378, 3.0098 -0.9843 8.189, 3.0098 0.9449 6.378, 3.0098 0.1181 6.378, 3.0098 1.0236 3.4252, 3.0098 -1.8886 3.4252, 3.0098 -1.8042 6.378, 3.0098 0.0394 8.189, 3.0098 -1.8886 0.0787, 3.0098 1.4161 0.0787, 3.0098 1.4161 2.8346, 3.0098 0.1181 8.1102, 3.0098 0.1154 8.1306, 3.0098 0.0787 8.1784, 3.0098 0.1076 8.1496, 3.0098 0.095 8.1659, 3.0098 -1.8208 6.3762, 3.0098 -1.8366 6.371, 3.0098 -1.851 6.3625, 3.0098 0.9843 6.3674, 3.0098 1.0209 6.3196, 3.0098 1.0006 6.3549, 3.0098 1.0131 6.3386, 3.0098 1.0236 6.2992, 3.0098 0.9653 6.3753, 3.0098 -1.0046 8.1863, 3.0098 -1.0236 8.1784, 3.0098 -1.0603 8.1306, 3.0098 -1.0399 8.1659, 3.0098 -1.0524 8.1496, 3.0098 -2.9528 0.0787, 3.0098 -2.2059 0.0787, 3.0098 -2.9528 4.4094, 3.0098 -2.2059 3.4252, 3.0098 -1.8729 6.3377, 3.0098 -1.8633 6.3513, 3.0098 0.0597 8.1863, 3.0098 1.9291 3.4252, 3.0098 1.9495 3.4225, 3.0098 2.0079 3.3465, 3.0098 2.0052 3.3668, 3.0098 1.9973 3.3858, 3.0098 1.9848 3.4021, 3.0098 1.9685 3.4146, -2.9902 2.0079 0.0787, -2.9902 2.0079 3.3465, -2.6713 2.0079 0.374, -2.75 2.0079 0.0787, -2.6713 2.0079 0.1575, -2.7296 2.0079 0.0814, 2.7697 2.0079 0.0787, 2.6909 2.0079 0.1575, 2.6909 2.0079 0.374, -1.0965 2.0079 3.3465, 1.1161 2.0079 3.3465, -1.0965 2.0079 2.2441, 1.1161 2.0079 2.2441, -2.6818 2.0079 0.1181, -2.6943 2.0079 0.1018, -2.7106 2.0079 0.0893, 1.9035 2.0079 3.3465, 1.9035 2.0079 2.2441, 0.3287 2.0079 0.374, -0.3091 2.0079 0.374, -0.8146 2.0079 0.374, -0.9887 2.0079 0.374, -1.1327 2.0079 0.374, 2.7303 2.0079 0.0893, 2.714 2.0079 0.1018, 2.7015 2.0079 0.1181, -1.8839 2.0079 3.3465, -1.8839 2.0079 2.2441, -1.9392 2.0079 0.374, -1.3176 2.0079 0.374, -2.6739 2.0079 0.1371, 2.7493 2.0079 0.0814, 2.6936 2.0079 0.1371, 0.3057 2.0079 0.1018, 0.2894 2.0079 0.0893, 0.3182 2.0079 0.1181, 0.3261 2.0079 0.1371, 0.3287 2.0079 0.1575, 0.2704 2.0079 0.0814, -0.3091 2.0079 0.1575, -0.2507 2.0079 0.0814, -0.2697 2.0079 0.0893, -0.286 2.0079 0.1018, -0.2985 2.0079 0.1181, -0.3064 2.0079 0.1371, 0.3261 -2.9528 0.1371, 0.3287 -2.9528 0.1575, -0.3484 -2.9528 0.6693, 2.7493 -2.9528 0.0814, 2.7697 -2.9528 0.0787, 2.6909 -2.9528 0.1575, 2.6909 -2.9528 0.374, 2.6516 -2.9528 0.6693, 0.3681 -2.9528 0.6693, 0.3287 -2.9528 0.374, -0.3484 -2.9528 4.0157, 0.3681 -2.9528 4.0157, 2.7015 -2.9528 0.1181, 2.714 -2.9528 0.1018, 2.7303 -2.9528 0.0893, -2.6713 -2.9528 0.1575, -2.6713 -2.9528 0.374, -2.75 -2.9528 0.0787, -2.9902 -2.9528 0.0787, 0.2894 -2.9528 0.0893, 0.2704 -2.9528 0.0814, 2.6936 -2.9528 0.1371, 0.3057 -2.9528 0.1018, 0.3182 -2.9528 0.1181, -2.9902 -2.9528 4.4094, -2.6319 -2.9528 0.6693, -2.6319 -2.9528 4.0157, -0.2507 -2.9528 0.0814, -0.3091 -2.9528 0.1575, -0.3091 -2.9528 0.374, -2.7106 -2.9528 0.0893, -2.6943 -2.9528 0.1018, -2.6818 -2.9528 0.1181, 2.6516 -2.9528 4.0157, -0.2985 -2.9528 0.1181, -0.286 -2.9528 0.1018, -0.2697 -2.9528 0.0893, -2.7296 -2.9528 0.0814, -2.6739 -2.9528 0.1371, -1.9392 -2.9528 0.374, -1.3176 -2.9528 0.374, -1.1327 -2.9528 0.374, -0.9887 -2.9528 0.374, -0.8146 -2.9528 0.374, -0.3064 -2.9528 0.1371, -2.9902 1.4161 0.0787, -3.2067 1.378 0.0787, -3.2067 1.7717 0.0787, -2.9902 1.7335 0.0787, -2.9902 -2.2059 0.0787, -3.2067 -2.2441 0.0787, -3.2067 -1.8504 0.0787, -2.9902 -1.8886 0.0787, 1.9035 1.9291 3.4252, 1.9035 1.4173 3.4252, 1.1161 1.4173 3.4252, -2.9902 1.0236 3.4252, -1.8839 1.9291 3.4252, -2.9902 1.9291 3.4252, -1.8839 1.4173 3.4252, -1.0965 1.4173 3.4252, -1.0965 1.9291 3.4252, 1.1161 1.9291 3.4252, -2.9902 1.0236 6.2992, -1.3556 -1.8729 6.3377, -1.518 -1.8728 6.338, -1.6247 -1.8729 6.3377, -2.9902 -1.8729 6.3377, -2.2382 -1.7717 3.622, -2.0807 -1.7717 1.4567, -2.2382 -1.7717 1.063, -0.8996 -1.7717 1.4567, -0.7421 -1.7717 1.063, -0.7421 -1.7717 3.622, -0.8996 -1.5748 1.4567, -0.8996 0.5906 1.4567, -2.0807 -1.5748 1.4567, -2.0807 0.5906 1.4567, -0.3091 -2.2329 0.374, -0.3091 -2.4322 0.374, -2.6713 -2.2329 0.374, -2.6713 -2.4322 0.374, -0.7318 -2.2341 0.374, -0.7054 -2.2341 0.374, -0.7318 -2.4094 0.374, -0.7054 -2.431 0.374, -0.8062 -2.4094 0.374, -0.8062 -2.431 0.374, -2.376 -1.5748 1.4567, -2.376 1.378 1.4567, -0.6043 1.378 1.4567, -0.6043 -1.5748 1.4567, -2.376 -1.5748 0.374, -2.376 1.378 0.374, -0.6043 -1.5748 0.374, -0.8146 -1.5748 0.374, -0.9887 -1.5748 0.374, -1.9392 -1.5748 0.374, -1.3176 -1.5748 0.374, -1.1327 -1.5748 0.374, -0.6043 1.378 0.374, -1.9392 1.378 0.374, -1.3176 1.378 0.374, -1.1327 1.378 0.374, -0.9887 1.378 0.374, -0.8146 1.378 0.374
            ]
        }
        coordIndex [
            0,1,2,-1,1,0,3,-1,3,0,4,-1,3,4,5,-1,5,4,6,-1,5,6,2,-1,2,6,7,-1,2,7,0,-1,8,9,10,-1,10,9,11,-1,12,13,14,-1,15,16,17,-1,18,19,20,-1,21,16,22,-1,17,16,23,-1,24,25,21,-1,21,25,26,-1,21,26,16,-1,27,28,29,-1,29,28,30,-1,29,30,31,-1,22,32,21,-1,21,32,33,-1,21,33,34,-1,35,36,37,-1,37,36,38,-1,20,39,18,-1,18,39,36,-1,18,36,40,-1,40,36,35,-1,17,41,15,-1,15,41,42,-1,15,42,43,-1,43,42,44,-1,43,44,45,-1,46,47,48,-1,48,47,49,-1,48,49,50,-1,50,49,21,-1,50,21,51,-1,51,21,34,-1,29,52,27,-1,27,52,23,-1,27,23,19,-1,19,23,16,-1,19,16,20,-1,20,16,26,-1,20,26,53,-1,53,26,12,-1,53,12,54,-1,14,55,12,-1,12,55,56,-1,12,56,57,-1,57,58,12,-1,12,58,59,-1,12,59,54,-1,60,61,62,-1,60,62,63,-1,63,62,64,-1,63,64,65,-1,66,67,14,-1,14,67,68,-1,14,68,55,-1,69,70,71,-1,71,70,72,-1,73,74,75,-1,76,55,77,-1,77,55,68,-1,77,68,72,-1,72,68,78,-1,78,79,72,-1,72,79,80,-1,72,80,71,-1,71,80,81,-1,71,81,82,-1,83,84,85,-1,61,86,62,-1,62,86,87,-1,62,87,88,-1,88,87,71,-1,88,71,89,-1,89,71,82,-1,65,64,75,-1,75,64,90,-1,75,90,73,-1,66,91,67,-1,67,91,83,-1,67,83,92,-1,92,83,85,-1,93,94,95,-1,95,94,96,-1,78,97,10,-1,10,97,96,-1,10,96,98,-1,98,96,94,-1,78,10,79,-1,79,10,11,-1,79,11,99,-1,99,11,100,-1,99,100,101,-1,102,103,101,-1,101,103,104,-1,101,104,99,-1,105,106,107,-1,108,109,110,-1,110,109,46,-1,110,46,111,-1,112,113,114,-1,106,114,107,-1,107,114,113,-1,107,113,115,-1,115,113,116,-1,117,118,119,-1,120,121,122,-1,122,121,123,-1,124,107,125,-1,125,107,8,-1,108,110,119,-1,119,110,126,-1,119,126,117,-1,124,127,107,-1,107,127,128,-1,107,128,105,-1,123,121,129,-1,129,121,130,-1,129,130,131,-1,132,9,133,-1,133,9,134,-1,135,136,137,-1,114,111,112,-1,112,111,46,-1,112,46,138,-1,138,46,48,-1,138,48,116,-1,116,48,129,-1,116,129,115,-1,115,129,131,-1,139,140,141,-1,122,142,120,-1,120,142,135,-1,120,135,143,-1,143,135,137,-1,121,144,130,-1,130,144,145,-1,130,145,107,-1,107,145,146,-1,107,146,147,-1,9,8,134,-1,134,8,107,-1,134,107,148,-1,148,107,147,-1,132,133,141,-1,141,133,149,-1,141,149,139,-1,150,151,152,-1,60,63,153,-1,153,63,122,-1,122,123,154,-1,155,156,154,-1,154,156,157,-1,154,157,122,-1,122,157,150,-1,122,150,153,-1,153,150,152,-1,20,53,158,-1,158,159,20,-1,20,159,160,-1,20,160,161,-1,162,163,164,-1,164,163,161,-1,164,161,165,-1,165,161,160,-1,165,160,166,-1,166,160,167,-1,39,20,168,-1,168,20,161,-1,48,50,129,-1,129,50,169,-1,169,170,129,-1,129,170,171,-1,129,171,172,-1,7,173,174,-1,174,173,175,-1,174,175,176,-1,176,175,177,-1,176,177,6,-1,6,177,178,-1,6,178,7,-1,7,178,173,-1,131,173,115,-1,115,173,178,-1,130,175,131,-1,131,175,173,-1,177,107,178,-1,178,107,115,-1,107,177,130,-1,130,177,175,-1,176,6,179,-1,179,6,4,-1,179,4,180,-1,181,174,179,-1,179,174,176,-1,182,0,181,-1,181,0,7,-1,181,7,174,-1,0,182,4,-1,4,182,180,-1,79,99,183,-1,183,99,133,-1,183,133,184,-1,184,133,134,-1,64,62,185,-1,64,185,120,-1,120,185,186,-1,120,186,121,-1,187,188,189,-1,189,188,190,-1,189,190,191,-1,191,190,192,-1,181,193,182,-1,182,193,194,-1,182,194,180,-1,180,194,195,-1,180,195,179,-1,179,195,196,-1,197,198,193,-1,193,198,194,-1,196,199,179,-1,179,199,200,-1,179,200,201,-1,197,193,202,-1,202,193,181,-1,202,181,203,-1,203,181,179,-1,203,179,204,-1,204,179,201,-1,205,199,195,-1,195,199,196,-1,194,198,206,-1,194,206,195,-1,195,206,207,-1,195,207,208,-1,208,209,195,-1,195,209,210,-1,195,210,205,-1,
        ]
    }
}
Shape{
    appearance Appearance {
        material  Material {
            diffuseColor 0.9686274509803922 0.9686274509803922 0.9686274509803922
            specularColor 0.8509803921568627 0.8509803921568627 0.8509803921568627
            ambientIntensity 0.9686
            transparency 0.0
            shininess 0.5
        }
    }
    geometry IndexedFaceSet {
        ccw TRUE
        solid FALSE
        coord DEF co Coordinate {
            point [
                -1.5819 -0.5315 1.9609, -1.9823 -0.5315 1.8504, -1.4902 -0.5315 1.9488, -0.998 -0.5315 1.8504, -1.3984 -0.5315 1.9609, -1.6673 -0.5315 1.9963, -1.7407 -0.5315 2.0526, -1.797 -0.5315 2.126, -1.797 -0.5315 2.4803, -1.7407 -0.5315 2.5537, -1.9823 -0.5315 3.2283, -1.6673 -0.5315 2.61, -1.1833 -0.5315 2.4803, -0.998 -0.5315 3.2283, -1.2396 -0.5315 2.5537, -1.313 -0.5315 2.61, -1.5819 -0.5315 2.6454, -1.4902 -0.5315 2.6575, -1.3984 -0.5315 2.6454, -1.8324 -0.5315 2.2114, -1.8445 -0.5315 2.3031, -1.8324 -0.5315 2.3949, -1.1479 -0.5315 2.3949, -1.1358 -0.5315 2.3031, -1.1479 -0.5315 2.2114, -1.1833 -0.5315 2.126, -1.2396 -0.5315 2.0526, -1.313 -0.5315 1.9963, -1.3984 0.0591 2.6454, -1.4902 0.0591 2.6575, -0.998 0.0591 3.2283, -1.6673 0.0591 2.61, -1.7407 0.0591 2.5537, -1.9823 0.0591 3.2283, -1.797 0.0591 2.4803, -1.6673 0.0591 1.9963, -1.9823 0.0591 1.8504, -1.7407 0.0591 2.0526, -1.797 0.0591 2.126, -1.5819 0.0591 1.9609, -1.4902 0.0591 1.9488, -0.998 0.0591 1.8504, -1.3984 0.0591 1.9609, -1.5819 0.0591 2.6454, -1.8324 0.0591 2.3949, -1.8445 0.0591 2.3031, -1.8324 0.0591 2.2114, -1.1833 0.0591 2.4803, -1.2396 0.0591 2.5537, -1.313 0.0591 2.61, -1.313 0.0591 1.9963, -1.2396 0.0591 2.0526, -1.1833 0.0591 2.126, -1.1479 0.0591 2.2114, -1.1358 0.0591 2.3031, -1.1479 0.0591 2.3949, -1.7067 -0.3937 -1.378, -1.7067 -0.3937 1.8504, -1.7067 -0.0787 -1.378, -1.7067 -0.0787 1.8504, -1.2736 -0.0787 1.8504, -1.2736 -0.0787 -1.378, -1.6279 -0.0787 -1.7717, -1.3524 -0.0787 -1.7717, -1.2736 -0.3937 -1.378, -1.2736 -0.3937 1.8504, -1.6279 -0.3937 -1.7717, -1.3524 -0.3937 -1.7717
            ]
        }
        coordIndex [
            0,1,2,-1,2,1,3,-1,2,3,4,-1,0,5,1,-1,1,5,6,-1,1,6,7,-1,8,9,10,-1,10,9,11,-1,12,13,14,-1,14,13,15,-1,11,16,10,-1,10,16,17,-1,10,17,13,-1,13,17,18,-1,13,18,15,-1,7,19,1,-1,1,19,20,-1,1,20,10,-1,10,20,21,-1,10,21,8,-1,12,22,13,-1,13,22,23,-1,13,23,3,-1,3,23,24,-1,3,24,25,-1,25,26,3,-1,3,26,27,-1,3,27,4,-1,28,29,30,-1,31,32,33,-1,33,32,34,-1,35,36,37,-1,37,36,38,-1,35,39,36,-1,36,39,40,-1,36,40,41,-1,41,40,42,-1,30,29,33,-1,33,29,43,-1,33,43,31,-1,34,44,33,-1,33,44,45,-1,33,45,36,-1,36,45,46,-1,36,46,38,-1,47,48,30,-1,30,48,49,-1,30,49,28,-1,42,50,41,-1,41,50,51,-1,41,51,52,-1,52,53,41,-1,41,53,54,-1,41,54,30,-1,30,54,55,-1,30,55,47,-1,13,3,30,-1,30,3,41,-1,1,10,36,-1,36,10,33,-1,17,29,18,-1,18,29,28,-1,18,28,15,-1,15,28,49,-1,15,49,14,-1,14,49,48,-1,14,48,12,-1,12,48,47,-1,12,47,22,-1,22,47,55,-1,22,55,23,-1,23,55,54,-1,23,54,24,-1,24,54,53,-1,24,53,25,-1,25,53,52,-1,25,52,26,-1,26,52,51,-1,26,51,27,-1,27,51,50,-1,27,50,4,-1,4,50,42,-1,4,42,2,-1,2,42,40,-1,2,40,0,-1,0,40,39,-1,0,39,5,-1,5,39,35,-1,5,35,6,-1,6,35,37,-1,6,37,7,-1,7,37,38,-1,7,38,19,-1,19,38,46,-1,19,46,20,-1,20,46,45,-1,20,45,21,-1,21,45,44,-1,21,44,8,-1,8,44,34,-1,8,34,9,-1,9,34,32,-1,9,32,11,-1,11,32,31,-1,11,31,16,-1,16,31,43,-1,16,43,17,-1,17,43,29,-1,56,57,58,-1,58,57,59,-1,59,60,58,-1,58,60,61,-1,58,61,62,-1,62,61,63,-1,61,60,64,-1,64,60,65,-1,66,67,56,-1,56,67,64,-1,56,64,57,-1,57,64,65,-1,62,63,66,-1,66,63,67,-1,
        ]
    }
}
Shape{
    appearance Appearance {
        material  Material {
            diffuseColor 0.37254901960784315 1.0 0.7137254901960784
            specularColor 0.32941176470588235 0.8784313725490196 0.6274509803921569
            ambientIntensity 0.7798
            transparency 0.0
            shininess 0.5
        }
    }
    geometry IndexedFaceSet {
        ccw TRUE
        solid FALSE
        coord DEF co Coordinate {
            point [
                -3.2067 -1.8504 3.4252, -3.2067 -2.2441 3.4252, -2.9902 -1.8886 3.4252, -2.9902 -2.2059 3.4252, -3.2067 -1.8504 0.0787, -2.9902 -1.8886 0.0787, -3.2067 -2.2441 0.0787, -2.9902 -2.2059 0.0787, -3.2067 1.7717 2.8346, -3.2067 1.378 2.8346, -2.9902 1.7335 2.8346, -2.9902 1.4161 2.8346, -3.2067 1.7717 0.0787, -2.9902 1.7335 0.0787, -3.2067 1.378 0.0787, -2.9902 1.4161 0.0787, 3.0098 0.0394 8.189, 2.828 0.0394 8.189, 2.4941 -0.4724 8.189, 2.7577 0.0485 8.189, 2.4632 -0.2277 8.189, 0.3844 -1.0628 8.189, 1.0908 -1.363 8.189, 0.3277 -1.0202 8.189, -0.5059 -0.4724 8.189, -0.5368 -0.2277 8.189, -0.2423 0.0485 8.189, -2.9902 0.0394 8.189, -2.9902 -0.9843 8.189, -2.8083 0.0394 8.189, -2.8083 -0.9843 8.189, -2.738 0.0485 8.189, -2.738 -0.9934 8.189, 2.0372 -1.3035 8.189, 2.3569 -1.405 8.189, 2.2273 -1.1462 8.189, 2.4847 -1.2704 8.189, 2.3724 -0.9466 8.189, 1.1436 -1.6779 8.189, 1.3254 -1.4393 8.189, 1.3247 -1.7186 8.189, 1.5716 -1.4548 8.189, 0.5947 -0.1101 8.189, 0.3844 0.1179 8.189, 0.5334 -0.3491 8.189, 0.3277 0.0753 8.189, 0.5334 -0.5958 8.189, 0.5947 -0.8348 8.189, 0.8825 -1.2308 8.189, 0.7136 -1.051 8.189, -0.172 -0.9843 8.189, 0.1917 -0.9843 8.189, 0.262 -0.9934 8.189, 2.5914 -1.1185 8.189, 2.6353 -1.0628 8.189, 2.4632 -0.7172 8.189, 2.692 -1.0202 8.189, 2.7577 -0.9934 8.189, 2.828 -0.9843 8.189, 3.0098 -0.9843 8.189, 1.814 -1.4085 8.189, 2.0492 -1.611 8.189, 2.2107 -1.5194 8.189, -0.9628 -1.3035 8.189, -0.6431 -1.405 8.189, -0.7727 -1.1462 8.189, -0.5153 -1.2704 8.189, -0.6276 -0.9466 8.189, 1.5098 -1.7323 8.189, 1.695 -1.7186 8.189, 1.8761 -1.6779 8.189, 0.4283 -1.1185 8.189, 0.535 -1.2704 8.189, 0.6628 -1.405 8.189, 0.809 -1.5194 8.189, 0.9705 -1.611 8.189, -1.9092 0.4181 8.189, -2.191 0.5745 8.189, -2.1175 0.2859 8.189, -2.3372 0.4601 8.189, -2.2864 0.1061 8.189, -2.465 0.3255 8.189, -2.4053 -0.1101 8.189, -1.186 0.4636 8.189, -1.305 0.7737 8.189, -1.4284 0.5099 8.189, -1.4902 0.7874 8.189, -1.6746 0.4944 8.189, -0.4086 -1.1185 8.189, -0.3647 -1.0628 8.189, -0.5368 -0.7172 8.189, -0.308 -1.0202 8.189, -0.2423 -0.9934 8.189, -1.186 -1.4085 8.189, -0.9508 -1.611 8.189, -0.7893 -1.5194 8.189, -2.6723 -1.0202 8.189, -2.6156 -1.0628 8.189, -2.4053 -0.8348 8.189, -2.5717 -1.1185 8.189, -2.2864 -1.051 8.189, -2.465 -1.2704 8.189, -2.1175 -1.2308 8.189, 1.814 0.4636 8.189, 1.695 0.7737 8.189, 1.5716 0.5099 8.189, 1.5098 0.7874 8.189, 1.3254 0.4944 8.189, 0.262 0.0485 8.189, 0.1917 0.0394 8.189, -0.172 0.0394 8.189, -2.5717 0.1736 8.189, -2.6156 0.1179 8.189, -2.4666 -0.3491 8.189, -2.6723 0.0753 8.189, -2.4666 -0.5958 8.189, -1.4284 -1.4548 8.189, -1.305 -1.7186 8.189, -1.1239 -1.6779 8.189, -1.9092 -1.363 8.189, -1.8564 -1.6779 8.189, -1.6746 -1.4393 8.189, -1.6753 -1.7186 8.189, -1.4902 -1.7323 8.189, -2.3372 -1.405 8.189, -2.191 -1.5194 8.189, -2.0295 -1.611 8.189, 1.0908 0.4181 8.189, 0.809 0.5745 8.189, 0.8825 0.2859 8.189, 0.6628 0.4601 8.189, 0.7136 0.1061 8.189, 0.535 0.3255 8.189, 0.4283 0.1736 8.189, 1.3247 0.7737 8.189, 1.1436 0.733 8.189, 0.9705 0.6661 8.189, 2.0372 0.3586 8.189, 2.0492 0.6661 8.189, 1.8761 0.733 8.189, -1.6753 0.7737 8.189, -1.8564 0.733 8.189, -2.0295 0.6661 8.189, -0.9628 0.3586 8.189, -0.9508 0.6661 8.189, -1.1239 0.733 8.189, 2.2273 0.2013 8.189, 2.3569 0.4601 8.189, 2.2107 0.5745 8.189, 2.692 0.0753 8.189, 2.6353 0.1179 8.189, 2.3724 0.0017 8.189, 2.5914 0.1736 8.189, 2.4847 0.3255 8.189, -0.7727 0.2013 8.189, -0.6431 0.4601 8.189, -0.7893 0.5745 8.189, -0.308 0.0753 8.189, -0.3647 0.1179 8.189, -0.6276 0.0017 8.189, -0.4086 0.1736 8.189, -0.5153 0.3255 8.189, -2.6393 -1.1589 8.1102, -2.6393 -1.1589 6.378, -2.526 -1.3203 8.1102, -2.4742 -1.3799 6.378, -2.4717 -1.3775 8.1102, -2.3901 -1.4633 8.1102, -2.2673 -1.5624 6.378, -2.2658 -1.5605 8.1102, -2.2348 -1.5848 8.1102, -2.0273 -1.6985 6.378, -2.0632 -1.6821 8.1102, -1.6868 -1.7965 8.1102, -1.7638 -1.7792 8.1102, -1.7646 -1.7826 6.378, -1.8793 -1.7532 8.1102, -2.0265 -1.6963 8.1102, -1.6247 -1.8042 6.378, -1.5181 -1.8096 6.378, -1.4902 -1.811 8.1102, -1.4902 -1.811 6.378, -1.2935 -1.7965 8.1102, -1.3556 -1.8042 6.378, -1.2165 -1.7792 8.1102, -1.2157 -1.7826 6.378, -1.101 -1.7532 8.1102, -0.953 -1.6985 6.378, -0.7145 -1.5605 8.1102, -0.7455 -1.5848 8.1102, -0.713 -1.5624 6.378, -0.9171 -1.6821 8.1102, -0.9538 -1.6963 8.1102, -0.5902 -1.4633 8.1102, -0.5061 -1.3799 6.378, -0.5086 -1.3775 8.1102, -0.4543 -1.3203 8.1102, -0.341 -1.1589 6.378, -0.341 -1.1589 8.1102, -0.341 0.214 8.1102, -0.341 0.214 6.378, -0.4543 0.3754 8.1102, -0.5061 0.435 6.378, -0.5086 0.4326 8.1102, -0.5902 0.5184 8.1102, -0.713 0.6175 6.378, -0.7145 0.6156 8.1102, -0.7455 0.6399 8.1102, -0.953 0.7536 6.378, -0.9171 0.7373 8.1102, -1.2157 0.8377 6.378, -1.101 0.8083 8.1102, -0.9538 0.7515 8.1102, -1.4902 0.8661 6.378, -1.2935 0.8516 8.1102, -1.2165 0.8343 8.1102, -1.7646 0.8377 6.378, -1.6868 0.8516 8.1102, -1.4902 0.8661 8.1102, -2.0273 0.7536 6.378, -1.8793 0.8083 8.1102, -1.7638 0.8343 8.1102, -2.2658 0.6156 8.1102, -2.2348 0.6399 8.1102, -2.2673 0.6175 6.378, -2.0632 0.7373 8.1102, -2.0265 0.7515 8.1102, -2.3901 0.5184 8.1102, -2.4742 0.435 6.378, -2.4717 0.4326 8.1102, -2.526 0.3754 8.1102, -2.6393 0.214 6.378, -2.6393 0.214 8.1102, -0.5059 -0.4724 6.2205, -0.5368 -0.2277 6.2205, -0.6276 0.0017 6.2205, -0.7727 0.2013 6.2205, -0.9628 0.3586 6.2205, -1.186 0.4636 6.2205, -1.4284 0.5099 6.2205, -1.6746 0.4944 6.2205, -1.9092 0.4181 6.2205, -2.1175 0.2859 6.2205, -2.2864 0.1061 6.2205, -2.4053 -0.1101 6.2205, -2.4666 -0.3491 6.2205, -2.4666 -0.5958 6.2205, -2.4053 -0.8348 6.2205, -2.2864 -1.051 6.2205, -2.1175 -1.2308 6.2205, -1.9092 -1.363 6.2205, -1.6746 -1.4393 6.2205, -1.4284 -1.4548 6.2205, -1.186 -1.4085 6.2205, -0.9628 -1.3035 6.2205, -0.7727 -1.1462 6.2205, -0.6276 -0.9466 6.2205, -0.5368 -0.7172 6.2205, -2.376 -0.4724 6.2205, -2.3458 -0.7017 6.2205, -2.2573 -0.9154 6.2205, -2.1165 -1.0988 6.2205, -1.9331 -1.2396 6.2205, -1.7194 -1.3281 6.2205, -1.4902 -1.3583 6.2205, -1.2609 -1.3281 6.2205, -1.0472 -1.2396 6.2205, -0.8638 -1.0988 6.2205, -0.723 -0.9154 6.2205, -0.6345 -0.7017 6.2205, -0.6043 -0.4724 6.2205, -0.6345 -0.2432 6.2205, -0.723 -0.0295 6.2205, -0.8638 0.1539 6.2205, -1.0472 0.2947 6.2205, -1.2609 0.3832 6.2205, -1.4902 0.4134 6.2205, -1.7194 0.3832 6.2205, -1.9331 0.2947 6.2205, -2.1165 0.1539 6.2205, -2.2573 -0.0295 6.2205, -2.3458 -0.2432 6.2205
            ]
        }
        coordIndex [
            0,1,2,-1,2,1,3,-1,4,0,5,-1,5,0,2,-1,1,6,3,-1,3,6,7,-1,4,6,0,-1,0,6,1,-1,8,9,10,-1,10,9,11,-1,12,8,13,-1,13,8,10,-1,9,14,11,-1,11,14,15,-1,12,14,8,-1,8,14,9,-1,16,17,18,-1,18,17,19,-1,18,19,20,-1,21,22,23,-1,23,22,24,-1,25,24,26,-1,27,28,29,-1,29,28,30,-1,29,30,31,-1,31,30,32,-1,33,34,35,-1,35,34,36,-1,35,36,37,-1,22,38,39,-1,39,38,40,-1,39,40,41,-1,42,43,44,-1,44,43,45,-1,44,45,46,-1,46,45,47,-1,22,48,24,-1,24,48,49,-1,24,49,47,-1,50,51,24,-1,24,51,52,-1,24,52,23,-1,36,53,37,-1,37,53,54,-1,37,54,55,-1,55,54,56,-1,55,56,18,-1,18,56,57,-1,18,57,16,-1,16,57,58,-1,16,58,59,-1,60,61,33,-1,33,61,62,-1,33,62,34,-1,63,64,65,-1,65,64,66,-1,65,66,67,-1,40,68,41,-1,41,68,69,-1,41,69,60,-1,60,69,70,-1,60,70,61,-1,21,71,22,-1,22,71,72,-1,22,72,73,-1,73,74,22,-1,22,74,75,-1,22,75,38,-1,76,77,78,-1,78,77,79,-1,78,79,80,-1,80,79,81,-1,80,81,82,-1,83,84,85,-1,85,84,86,-1,85,86,87,-1,66,88,67,-1,67,88,89,-1,67,89,90,-1,90,89,91,-1,90,91,24,-1,24,91,92,-1,24,92,50,-1,93,94,63,-1,63,94,95,-1,63,95,64,-1,96,97,98,-1,98,97,99,-1,98,99,100,-1,100,99,101,-1,100,101,102,-1,103,104,105,-1,105,104,106,-1,105,106,107,-1,45,108,47,-1,47,108,109,-1,47,109,24,-1,24,109,110,-1,24,110,26,-1,81,111,82,-1,82,111,112,-1,82,112,113,-1,113,112,114,-1,113,114,115,-1,115,114,31,-1,115,31,98,-1,98,31,32,-1,98,32,96,-1,116,117,93,-1,93,117,118,-1,93,118,94,-1,119,120,121,-1,121,120,122,-1,121,122,116,-1,116,122,123,-1,116,123,117,-1,101,124,102,-1,102,124,125,-1,102,125,119,-1,119,125,126,-1,119,126,120,-1,127,128,129,-1,129,128,130,-1,129,130,131,-1,131,130,132,-1,131,132,42,-1,42,132,133,-1,42,133,43,-1,106,134,107,-1,107,134,135,-1,107,135,127,-1,127,135,136,-1,127,136,128,-1,137,138,103,-1,103,138,139,-1,103,139,104,-1,86,140,87,-1,87,140,141,-1,87,141,76,-1,76,141,142,-1,76,142,77,-1,143,144,83,-1,83,144,145,-1,83,145,84,-1,146,147,137,-1,137,147,148,-1,137,148,138,-1,19,149,20,-1,20,149,150,-1,20,150,151,-1,151,150,152,-1,151,152,146,-1,146,152,153,-1,146,153,147,-1,154,155,143,-1,143,155,156,-1,143,156,144,-1,26,157,25,-1,25,157,158,-1,25,158,159,-1,159,158,160,-1,159,160,154,-1,154,160,161,-1,154,161,155,-1,162,163,164,-1,164,163,165,-1,164,165,166,-1,166,165,167,-1,167,165,168,-1,167,168,169,-1,169,168,170,-1,170,168,171,-1,170,171,172,-1,173,174,175,-1,175,174,176,-1,175,176,171,-1,171,176,177,-1,171,177,172,-1,175,178,173,-1,173,178,179,-1,173,179,180,-1,180,179,181,-1,180,181,182,-1,182,181,183,-1,182,183,184,-1,184,183,185,-1,184,185,186,-1,186,185,187,-1,188,189,190,-1,190,189,191,-1,190,191,187,-1,187,191,192,-1,187,192,186,-1,188,190,193,-1,193,190,194,-1,193,194,195,-1,195,194,196,-1,196,194,197,-1,196,197,198,-1,199,200,201,-1,201,200,202,-1,201,202,203,-1,203,202,204,-1,204,202,205,-1,204,205,206,-1,206,205,207,-1,207,205,208,-1,207,208,209,-1,210,211,208,-1,208,211,212,-1,208,212,209,-1,213,214,210,-1,210,214,215,-1,210,215,211,-1,216,217,213,-1,213,217,218,-1,213,218,214,-1,219,220,216,-1,216,220,221,-1,216,221,217,-1,222,223,224,-1,224,223,225,-1,224,225,219,-1,219,225,226,-1,219,226,220,-1,222,224,227,-1,227,224,228,-1,227,228,229,-1,229,228,230,-1,230,228,231,-1,230,231,232,-1,233,24,234,-1,234,24,25,-1,234,25,235,-1,235,25,159,-1,235,159,236,-1,236,159,154,-1,236,154,237,-1,237,154,143,-1,237,143,238,-1,238,143,83,-1,238,83,239,-1,239,83,85,-1,239,85,240,-1,240,85,87,-1,240,87,241,-1,241,87,76,-1,241,76,242,-1,242,76,78,-1,242,78,243,-1,243,78,80,-1,243,80,244,-1,244,80,82,-1,244,82,245,-1,245,82,113,-1,245,113,246,-1,246,113,115,-1,246,115,247,-1,247,115,98,-1,247,98,248,-1,248,98,100,-1,248,100,249,-1,249,100,102,-1,249,102,250,-1,250,102,119,-1,250,119,251,-1,251,119,121,-1,251,121,252,-1,252,121,116,-1,252,116,253,-1,253,116,93,-1,253,93,254,-1,254,93,63,-1,254,63,255,-1,255,63,65,-1,255,65,256,-1,256,65,67,-1,256,67,257,-1,257,67,90,-1,257,90,233,-1,233,90,24,-1,258,246,259,-1,259,246,247,-1,259,247,260,-1,260,247,248,-1,260,248,261,-1,261,248,249,-1,261,249,262,-1,262,249,250,-1,262,250,263,-1,263,250,251,-1,263,251,264,-1,264,251,252,-1,264,252,265,-1,265,252,253,-1,265,253,266,-1,266,253,254,-1,266,254,267,-1,267,254,255,-1,267,255,268,-1,268,255,256,-1,268,256,269,-1,269,256,257,-1,269,257,270,-1,270,257,233,-1,270,233,271,-1,271,233,234,-1,271,234,272,-1,272,234,235,-1,272,235,273,-1,273,235,236,-1,273,236,274,-1,274,236,237,-1,274,237,275,-1,275,237,238,-1,275,238,276,-1,276,238,239,-1,276,239,277,-1,277,239,240,-1,277,240,278,-1,278,240,241,-1,278,241,279,-1,279,241,242,-1,279,242,280,-1,280,242,243,-1,280,243,281,-1,281,243,244,-1,281,244,258,-1,258,244,245,-1,258,245,246,-1,
        ]
    }
}
Shape{
    appearance Appearance {
        material  Material {
            diffuseColor 0.9686274509803922 0.9686274509803922 0.9686274509803922
            specularColor 0.8509803921568627 0.8509803921568627 0.8509803921568627
            ambientIntensity 0.9686
            transparency 0.0
            shininess 0.5
        }
    }
    geometry IndexedFaceSet {
        ccw TRUE
        solid FALSE
        coord DEF co Coordinate {
            point [
                -1.6476 -1.3442 7.4803, -1.7194 -1.3281 6.2205, -1.4902 -1.3583 7.4803, -1.4902 -1.3583 6.2205, -1.3327 -1.3442 7.4803, -1.2609 -1.3281 6.2205, -1.3327 0.3993 7.4803, -1.2609 0.3832 6.2205, -1.4902 0.4134 7.4803, -1.4902 0.4134 6.2205, -1.6476 0.3993 7.4803, -1.7194 0.3832 6.2205, -2.3443 -0.7014 7.7559, -2.3721 -0.5555 7.7559, -2.3458 -0.7017 6.2205, -2.376 -0.4724 6.2205, -2.3411 -0.7187 7.7559, -2.2573 -0.9154 6.2205, -2.2801 -0.8733 7.7559, -2.1165 -1.0988 6.2205, -2.1913 -1.0138 7.7559, -2.2546 -0.9136 7.7559, -1.9326 -1.2386 7.7559, -1.9438 -1.2333 7.7559, -1.9331 -1.2396 6.2205, -2.0779 -1.1352 7.7559, -2.114 -1.0965 7.7559, -1.7938 -1.3046 7.7559, -1.7186 -1.325 7.7559, -1.6476 -1.3442 7.7559, -1.3327 -1.3442 7.7559, -1.2617 -1.325 7.7559, -1.1865 -1.3046 7.7559, -1.0472 -1.2396 6.2205, -1.0477 -1.2386 7.7559, -1.0365 -1.2333 7.7559, -0.8638 -1.0988 6.2205, -0.9024 -1.1352 7.7559, -0.723 -0.9154 6.2205, -0.789 -1.0138 7.7559, -0.8663 -1.0965 7.7559, -0.636 -0.7014 7.7559, -0.6393 -0.7187 7.7559, -0.6345 -0.7017 6.2205, -0.7002 -0.8733 7.7559, -0.7257 -0.9136 7.7559, -0.6082 -0.5555 7.7559, -0.6043 -0.4724 6.2205, -0.6082 -0.4724 7.7559, -0.6082 -0.3894 7.7559, -0.6345 -0.2432 6.2205, -0.636 -0.2434 7.7559, -0.6393 -0.2261 7.7559, -0.723 -0.0295 6.2205, -0.7002 -0.0716 7.7559, -0.8638 0.1539 6.2205, -0.789 0.0689 7.7559, -0.7257 -0.0312 7.7559, -1.0477 0.2937 7.7559, -1.0365 0.2884 7.7559, -1.0472 0.2947 6.2205, -0.9024 0.1903 7.7559, -0.8663 0.1516 7.7559, -1.1865 0.3597 7.7559, -1.2617 0.3801 7.7559, -1.3327 0.3993 7.7559, -1.6476 0.3993 7.7559, -1.7186 0.3801 7.7559, -1.7938 0.3597 7.7559, -1.9331 0.2947 6.2205, -2.114 0.1516 7.7559, -2.0779 0.1903 7.7559, -2.1165 0.1539 6.2205, -1.9438 0.2884 7.7559, -1.9326 0.2937 7.7559, -2.1913 0.0689 7.7559, -2.2573 -0.0295 6.2205, -2.2546 -0.0312 7.7559, -2.2801 -0.0716 7.7559, -2.3458 -0.2432 6.2205, -2.3411 -0.2261 7.7559, -2.3721 -0.4724 7.7559, -2.3721 -0.3894 7.7559, -2.3443 -0.2434 7.7559, -0.8201 0.0448 7.7953, -0.9285 0.1608 7.7953, -1.3327 -0.315 7.7953, -1.0566 0.2546 7.7953, -1.2 0.3227 7.7953, -1.3327 0.3592 7.7953, -0.8012 -0.6299 7.7953, -0.6474 -0.5518 7.7953, -0.6474 -0.3931 7.7953, -0.8012 -0.315 7.7953, -0.6771 -0.2371 7.7953, -0.7353 -0.0894 7.7953, -1.3327 -1.3041 7.7953, -1.2 -1.2676 7.7953, -1.3327 -0.6299 7.7953, -1.0566 -1.1995 7.7953, -0.9285 -1.1057 7.7953, -0.8201 -0.9897 7.7953, -0.7353 -0.8555 7.7953, -0.6771 -0.7078 7.7953, -0.79 -1.0129 7.7661, -0.7014 -0.8727 7.7661, -0.6096 -0.5554 7.7661, -0.6096 -0.3895 7.7661, -0.79 0.0681 7.7661, -0.9033 0.1893 7.7661, -1.3327 -1.3428 7.7661, -1.187 -1.3033 7.7661, -1.1883 -1.2997 7.7756, -1.3327 0.3679 7.7944, -1.1965 0.3323 7.7939, -1.3327 0.3695 7.7938, -1.3327 0.3769 7.7912, -1.1933 0.3412 7.79, -1.3327 0.3806 7.7892, -1.1905 0.3489 7.7837, -1.3327 0.3875 7.7837, -1.3327 0.3879 7.7834, -1.1883 0.3548 7.7756, -1.3327 0.3907 7.7802, -1.187 0.3585 7.7661, -1.3327 0.3956 7.7724, -1.3327 0.3937 7.7755, -1.3327 0.3991 7.7596, -1.3327 0.3977 7.7661, -1.3327 0.3972 7.7685, -1.3327 -1.3428 7.766, -1.3327 -1.3431 7.765, -1.1905 -1.2938 7.7837, -1.3327 -1.3349 7.7811, -1.3327 -1.34 7.7734, -1.1933 -1.2861 7.79, -1.3327 -1.3321 7.784, -1.3327 -1.3324 7.7837, -1.1965 -1.2772 7.7939, -1.3327 -1.3212 7.7915, -1.3327 -1.3246 7.7898, -1.3327 -1.3082 7.7951, -1.3327 -1.312 7.7945, -1.3327 -1.3144 7.7937, -0.6673 -0.2343 7.7939, -0.6373 -0.3921 7.7939, -0.6582 -0.2316 7.79, -0.6278 -0.3912 7.79, -0.6503 -0.2294 7.7837, -0.6197 -0.3904 7.7837, -0.6443 -0.2276 7.7756, -0.6135 -0.3899 7.7756, -0.6405 -0.2265 7.7661, -1.0514 -1.2082 7.7939, -1.0466 -1.2164 7.79, -1.0424 -1.2234 7.7837, -1.0392 -1.2287 7.7756, -1.0372 -1.2321 7.7661, -1.0372 0.2872 7.7661, -1.0392 0.2839 7.7756, -1.0424 0.2785 7.7837, -1.0466 0.2715 7.79, -1.0514 0.2633 7.7939, -0.9217 0.1685 7.7939, -0.9154 0.1756 7.79, -0.91 0.1817 7.7837, -0.9059 0.1863 7.7756, -0.8121 0.051 7.7939, -0.8045 0.0568 7.79, -0.7981 0.0618 7.7837, -0.7931 0.0656 7.7756, -0.7014 -0.0722 7.7661, -0.7049 -0.074 7.7756, -0.7105 -0.0768 7.7837, -0.7178 -0.0805 7.79, -0.7262 -0.0848 7.7939, -0.6135 -0.555 7.7756, -0.6197 -0.5544 7.7837, -0.6278 -0.5537 7.79, -0.6373 -0.5528 7.7939, -0.6405 -0.7184 7.7661, -0.6443 -0.7173 7.7756, -0.6503 -0.7155 7.7837, -0.6582 -0.7133 7.79, -0.6673 -0.7106 7.7939, -0.7262 -0.8601 7.7939, -0.7178 -0.8644 7.79, -0.7105 -0.8681 7.7837, -0.7049 -0.8709 7.7756, -0.8121 -0.9959 7.7939, -0.8045 -1.0017 7.79, -0.7981 -1.0067 7.7837, -0.7931 -1.0105 7.7756, -0.9033 -1.1342 7.7661, -0.9059 -1.1312 7.7756, -0.91 -1.1265 7.7837, -0.9154 -1.1204 7.79, -0.9217 -1.1133 7.7939, -1.3327 -0.6299 7.4803, -1.6476 -0.315 7.4803, -0.8012 -0.6299 7.4803, -0.8012 -0.315 7.4803, -1.3327 -0.315 7.4803, -2.1791 -0.315 7.4803, -2.1791 -0.6299 7.4803, -1.6476 -0.6299 7.4803, -1.6476 0.3592 7.7953, -1.6476 -0.315 7.7953, -1.6476 0.399 7.7608, -1.6476 0.398 7.7646, -1.6476 0.3967 7.7697, -1.6476 0.3952 7.7732, -1.6476 0.3905 7.7804, -1.6476 0.3901 7.781, -1.6476 0.3875 7.7838, -1.6476 0.384 7.7865, -1.6476 0.38 7.7896, -1.6476 0.3767 7.7913, -1.6476 0.3681 7.7942, -1.6476 0.3676 7.7944, -1.6476 0.3638 7.795, -2.1791 -0.6299 7.7953, -1.6476 -0.6299 7.7953, -2.1791 -0.315 7.7953
            ]
        }
        coordIndex [
            0,1,2,-1,2,1,3,-1,2,3,4,-1,4,3,5,-1,6,7,8,-1,8,7,9,-1,8,9,10,-1,10,9,11,-1,12,13,14,-1,14,13,15,-1,12,14,16,-1,16,14,17,-1,16,17,18,-1,19,20,17,-1,17,20,21,-1,17,21,18,-1,22,23,24,-1,24,23,25,-1,24,25,19,-1,19,25,26,-1,19,26,20,-1,22,24,27,-1,27,24,1,-1,27,1,28,-1,28,1,0,-1,28,0,29,-1,30,4,31,-1,31,4,5,-1,31,5,32,-1,32,5,33,-1,32,33,34,-1,34,33,35,-1,35,33,36,-1,35,36,37,-1,38,39,36,-1,36,39,40,-1,36,40,37,-1,41,42,43,-1,43,42,44,-1,43,44,38,-1,38,44,45,-1,38,45,39,-1,41,43,46,-1,46,43,47,-1,46,47,48,-1,48,47,49,-1,49,47,50,-1,49,50,51,-1,51,50,52,-1,52,50,53,-1,52,53,54,-1,55,56,53,-1,53,56,57,-1,53,57,54,-1,58,59,60,-1,60,59,61,-1,60,61,55,-1,55,61,62,-1,55,62,56,-1,58,60,63,-1,63,60,7,-1,63,7,64,-1,64,7,6,-1,64,6,65,-1,66,10,67,-1,67,10,11,-1,67,11,68,-1,68,11,69,-1,70,71,72,-1,72,71,73,-1,72,73,69,-1,69,73,74,-1,69,74,68,-1,70,72,75,-1,75,72,76,-1,75,76,77,-1,77,76,78,-1,78,76,79,-1,78,79,80,-1,13,81,15,-1,15,81,82,-1,15,82,79,-1,79,82,83,-1,79,83,80,-1,84,85,86,-1,85,87,86,-1,86,87,88,-1,86,88,89,-1,90,91,92,-1,90,92,93,-1,93,92,94,-1,93,94,86,-1,86,94,95,-1,86,95,84,-1,96,97,98,-1,98,97,99,-1,98,99,100,-1,100,101,98,-1,98,101,102,-1,98,102,90,-1,90,102,103,-1,90,103,91,-1,40,39,104,-1,45,44,105,-1,41,46,106,-1,48,49,107,-1,57,56,108,-1,62,61,109,-1,110,111,112,-1,89,88,113,-1,113,88,114,-1,113,114,115,-1,115,114,116,-1,116,114,117,-1,116,117,118,-1,118,117,119,-1,118,119,120,-1,120,119,121,-1,121,119,122,-1,121,122,123,-1,124,125,122,-1,122,125,126,-1,122,126,123,-1,58,63,124,-1,124,63,64,-1,65,127,64,-1,64,127,128,-1,64,128,124,-1,124,128,129,-1,124,129,125,-1,110,130,31,-1,31,130,131,-1,31,131,30,-1,132,133,112,-1,112,133,134,-1,112,134,110,-1,135,136,132,-1,132,136,137,-1,132,137,133,-1,138,139,135,-1,135,139,140,-1,135,140,136,-1,97,96,138,-1,138,96,141,-1,141,142,138,-1,138,142,143,-1,138,143,139,-1,94,92,144,-1,144,92,145,-1,144,145,146,-1,146,145,147,-1,146,147,148,-1,148,147,149,-1,148,149,150,-1,150,149,151,-1,150,151,152,-1,152,151,107,-1,99,97,153,-1,153,97,138,-1,153,138,154,-1,154,138,135,-1,154,135,155,-1,155,135,132,-1,155,132,156,-1,156,132,112,-1,156,112,157,-1,157,112,111,-1,59,58,158,-1,158,58,124,-1,158,124,159,-1,159,124,122,-1,159,122,160,-1,160,122,119,-1,160,119,161,-1,161,119,117,-1,161,117,162,-1,162,117,114,-1,162,114,87,-1,87,114,88,-1,87,85,162,-1,162,85,163,-1,162,163,161,-1,161,163,164,-1,161,164,160,-1,160,164,165,-1,160,165,159,-1,159,165,166,-1,159,166,158,-1,158,166,109,-1,158,109,59,-1,59,109,61,-1,85,84,163,-1,163,84,167,-1,163,167,164,-1,164,167,168,-1,164,168,165,-1,165,168,169,-1,165,169,166,-1,166,169,170,-1,166,170,109,-1,109,170,108,-1,109,108,62,-1,62,108,56,-1,54,57,171,-1,171,57,108,-1,171,108,172,-1,172,108,170,-1,172,170,173,-1,173,170,169,-1,173,169,174,-1,174,169,168,-1,174,168,175,-1,175,168,167,-1,175,167,95,-1,95,167,84,-1,95,94,175,-1,175,94,144,-1,175,144,174,-1,174,144,146,-1,174,146,173,-1,173,146,148,-1,173,148,172,-1,172,148,150,-1,172,150,171,-1,171,150,152,-1,171,152,54,-1,54,152,52,-1,107,49,152,-1,152,49,51,-1,152,51,52,-1,46,48,106,-1,106,48,107,-1,106,107,176,-1,176,107,151,-1,176,151,177,-1,177,151,149,-1,177,149,178,-1,178,149,147,-1,178,147,179,-1,179,147,145,-1,179,145,91,-1,91,145,92,-1,42,41,180,-1,180,41,106,-1,180,106,181,-1,181,106,176,-1,181,176,182,-1,182,176,177,-1,182,177,183,-1,183,177,178,-1,183,178,184,-1,184,178,179,-1,184,179,103,-1,103,179,91,-1,103,102,184,-1,184,102,185,-1,184,185,183,-1,183,185,186,-1,183,186,182,-1,182,186,187,-1,182,187,181,-1,181,187,188,-1,181,188,180,-1,180,188,105,-1,180,105,42,-1,42,105,44,-1,102,101,185,-1,185,101,189,-1,185,189,186,-1,186,189,190,-1,186,190,187,-1,187,190,191,-1,187,191,188,-1,188,191,192,-1,188,192,105,-1,105,192,104,-1,105,104,45,-1,45,104,39,-1,37,40,193,-1,193,40,104,-1,193,104,194,-1,194,104,192,-1,194,192,195,-1,195,192,191,-1,195,191,196,-1,196,191,190,-1,196,190,197,-1,197,190,189,-1,197,189,100,-1,100,189,101,-1,100,99,197,-1,197,99,153,-1,197,153,196,-1,196,153,154,-1,196,154,195,-1,195,154,155,-1,195,155,194,-1,194,155,156,-1,194,156,193,-1,193,156,157,-1,193,157,37,-1,37,157,35,-1,110,31,111,-1,111,31,32,-1,111,32,157,-1,157,32,34,-1,157,34,35,-1,2,4,198,-1,8,10,199,-1,200,201,198,-1,198,201,202,-1,203,204,199,-1,199,204,205,-1,0,2,205,-1,205,2,198,-1,205,198,199,-1,199,198,202,-1,199,202,8,-1,8,202,6,-1,206,207,199,-1,10,66,199,-1,199,66,208,-1,199,208,209,-1,209,210,199,-1,199,210,211,-1,199,211,212,-1,212,213,199,-1,199,213,214,-1,199,214,215,-1,215,216,199,-1,199,216,217,-1,199,217,218,-1,218,219,199,-1,199,219,220,-1,199,220,206,-1,86,89,202,-1,202,89,113,-1,202,113,115,-1,115,116,202,-1,202,116,118,-1,202,118,120,-1,120,121,202,-1,202,121,123,-1,202,123,126,-1,126,125,202,-1,202,125,129,-1,202,129,128,-1,128,127,202,-1,202,127,65,-1,202,65,6,-1,93,86,201,-1,201,86,202,-1,200,198,90,-1,90,198,98,-1,90,93,200,-1,200,93,201,-1,221,222,204,-1,204,222,205,-1,203,199,223,-1,223,199,207,-1,223,221,203,-1,203,221,204,-1,
        ]
    }
}
Shape{
    appearance Appearance {
        material  Material {
            diffuseColor 0.37254901960784315 1.0 0.7137254901960784
            specularColor 0.32941176470588235 0.8784313725490196 0.6274509803921569
            ambientIntensity 0.7798
            transparency 0.0
            shininess 0.5
        }
    }
    geometry IndexedFaceSet {
        ccw TRUE
        solid FALSE
        coord DEF co Coordinate {
            point [
                -0.172 0.1181 8.1102, -0.172 0.1181 6.378, -0.2222 0.1246 8.1102, -0.2222 0.1246 6.378, -0.2691 0.1438 8.1102, -0.2691 0.1438 6.378, -0.3096 0.1742 8.1102, -0.3096 0.1742 6.378, -0.341 0.214 8.1102, -0.341 0.214 6.378, -2.6393 0.214 8.1102, -2.6393 0.214 6.378, -2.6707 0.1742 8.1102, -2.6707 0.1742 6.378, -2.7112 0.1438 8.1102, -2.7112 0.1438 6.378, -2.7581 0.1246 8.1102, -2.7581 0.1246 6.378, -2.8083 0.1181 8.1102, -2.8083 0.1181 6.378, -2.8083 -1.063 8.1102, -2.8083 -1.063 6.378, -2.7581 -1.0695 8.1102, -2.7581 -1.0695 6.378, -2.7112 -1.0886 8.1102, -2.7112 -1.0886 6.378, -2.6707 -1.1191 8.1102, -2.6707 -1.1191 6.378, -2.6393 -1.1589 8.1102, -2.6393 -1.1589 6.378, -0.341 -1.1589 8.1102, -0.341 -1.1589 6.378, -0.3096 -1.1191 8.1102, -0.3096 -1.1191 6.378, -0.2691 -1.0886 8.1102, -0.2691 -1.0886 6.378, -0.2222 -1.0695 8.1102, -0.2222 -1.0695 6.378, -0.172 -1.063 8.1102, -0.172 -1.063 6.378, -0.3091 -2.9528 0.1575, -0.3091 2.0079 0.1575, -0.3064 2.0079 0.1371, -0.3064 -2.9528 0.1371, -0.2985 2.0079 0.1181, -0.2985 -2.9528 0.1181, -0.286 2.0079 0.1018, -0.286 -2.9528 0.1018, -0.2697 2.0079 0.0893, -0.2697 -2.9528 0.0893, -0.2507 2.0079 0.0814, -0.2507 -2.9528 0.0814, -0.2303 2.0079 0.0787, -0.2303 -2.9528 0.0787, -2.6713 2.0079 0.1575, -2.6713 -2.9528 0.1575, -2.6739 -2.9528 0.1371, -2.6739 2.0079 0.1371, -2.6818 -2.9528 0.1181, -2.6818 2.0079 0.1181, -2.6943 -2.9528 0.1018, -2.6943 2.0079 0.1018, -2.7106 -2.9528 0.0893, -2.7106 2.0079 0.0893, -2.7296 -2.9528 0.0814, -2.7296 2.0079 0.0814, -2.75 -2.9528 0.0787, -2.75 2.0079 0.0787
            ]
        }
        coordIndex [
            0,1,2,-1,2,1,3,-1,2,3,4,-1,4,3,5,-1,4,5,6,-1,6,5,7,-1,6,7,8,-1,8,7,9,-1,10,11,12,-1,12,11,13,-1,12,13,14,-1,14,13,15,-1,14,15,16,-1,16,15,17,-1,16,17,18,-1,18,17,19,-1,20,21,22,-1,22,21,23,-1,22,23,24,-1,24,23,25,-1,24,25,26,-1,26,25,27,-1,26,27,28,-1,28,27,29,-1,30,31,32,-1,32,31,33,-1,32,33,34,-1,34,33,35,-1,34,35,36,-1,36,35,37,-1,36,37,38,-1,38,37,39,-1,40,41,42,-1,40,42,43,-1,43,42,44,-1,43,44,45,-1,45,44,46,-1,45,46,47,-1,47,46,48,-1,47,48,49,-1,49,48,50,-1,49,50,51,-1,51,50,52,-1,51,52,53,-1,54,55,56,-1,54,56,57,-1,57,56,58,-1,57,58,59,-1,59,58,60,-1,59,60,61,-1,61,60,62,-1,61,62,63,-1,63,62,64,-1,63,64,65,-1,65,64,66,-1,65,66,67,-1,
        ]
    }
}
Shape{
    appearance Appearance {
        material  Material {
            diffuseColor 0.9686274509803922 0.9686274509803922 0.9686274509803922
            specularColor 0.8509803921568627 0.8509803921568627 0.8509803921568627
            ambientIntensity 0.9686
            transparency 0.0
            shininess 0.5
        }
    }
    geometry IndexedFaceSet {
        ccw TRUE
        solid FALSE
        coord DEF co Coordinate {
            point [
                -1.7067 -0.0787 -1.378, -1.6279 -0.0787 -1.7717, -1.7067 -0.3937 -1.378, -1.6279 -0.3937 -1.7717, -1.2736 -0.3937 -1.378, -1.3524 -0.3937 -1.7717, -1.2736 -0.0787 -1.378, -1.3524 -0.0787 -1.7717
            ]
        }
        coordIndex [
            0,1,2,-1,2,1,3,-1,4,5,6,-1,6,5,7,-1,
        ]
    }
}
Shape{
    appearance Appearance {
        material  Material {
            diffuseColor 0.37254901960784315 1.0 0.7137254901960784
            specularColor 0.32941176470588235 0.8784313725490196 0.6274509803921569
            ambientIntensity 0.7798
            transparency 0.0
            shininess 0.5
        }
    }
    geometry IndexedFaceSet {
        ccw TRUE
        solid FALSE
        coord DEF co Coordinate {
            point [
                -2.9902 0.9449 6.378, 3.0098 0.9449 6.378, 3.0098 0.9653 6.3753, -2.9902 0.9653 6.3753, 3.0098 0.9843 6.3674, -2.9902 0.9843 6.3674, 3.0098 1.0006 6.3549, -2.9902 1.0006 6.3549, 3.0098 1.0131 6.3386, -2.9902 1.0131 6.3386, 3.0098 1.0209 6.3196, -2.9902 1.0209 6.3196, 3.0098 1.0236 6.2992, -2.9902 1.0236 6.2992, -1.3556 -1.8729 6.3377, 3.0098 -1.8729 6.3377, 3.0098 -1.8633 6.3513, -1.3556 -1.8633 6.3513, 3.0098 -1.851 6.3625, -1.3556 -1.851 6.3625, 3.0098 -1.8366 6.371, -1.3556 -1.8366 6.371, 3.0098 -1.8208 6.3762, -1.3556 -1.8208 6.3762, 3.0098 -1.8042 6.378, 1.6444 -1.8042 6.378, 1.3753 -1.8042 6.378, -1.3556 -1.8042 6.378, -1.4902 -1.811 6.378, -1.5181 -1.8096 6.378, -1.5181 -1.8258 6.3752, -1.518 -1.8728 6.338, -1.518 -1.864 6.3506, -1.5181 -1.853 6.3612, -1.5181 -1.8401 6.3695, -1.6247 -1.8729 6.3377, -1.6247 -1.8633 6.3513, -1.6247 -1.851 6.3625, -1.6247 -1.8366 6.371, -1.6247 -1.8208 6.3762, -1.6247 -1.8042 6.378, -2.9902 -1.8729 6.3377, -2.9902 -1.8633 6.3513, -2.9902 -1.851 6.3625, -2.9902 -1.8366 6.371, -2.9902 -1.8208 6.3762, -2.9902 -1.8042 6.378, -2.9902 1.9291 3.4252, -1.8839 1.9291 3.4252, -1.8839 1.9495 3.4225, -2.9902 1.9495 3.4225, -1.8839 1.9685 3.4146, -2.9902 1.9685 3.4146, -1.8839 1.9848 3.4021, -2.9902 1.9848 3.4021, -1.8839 1.9973 3.3858, -2.9902 1.9973 3.3858, -1.8839 2.0052 3.3668, -2.9902 2.0052 3.3668, -1.8839 2.0079 3.3465, -2.9902 2.0079 3.3465, -1.0965 2.0079 2.2441, -1.0965 1.4173 2.2441, -1.0965 2.0079 3.3465, -1.0965 1.4173 3.4252, -1.0965 1.9973 3.3858, -1.0965 1.9495 3.4225, -1.0965 1.9848 3.4021, -1.0965 1.9685 3.4146, -1.0965 1.9291 3.4252, -1.0965 2.0052 3.3668, -1.8839 1.4173 2.2441, -1.8839 2.0079 2.2441, -1.8839 1.4173 3.4252, 0.9193 -1.7717 3.2283, 0.7618 -1.7717 3.622, 0.9193 -1.7717 1.4567, 0.7618 -1.7717 1.063, 2.1004 -1.7717 1.4567, 2.2579 -1.7717 1.063, 2.1004 -1.7717 3.2283, 2.2579 -1.7717 3.622, 0.3681 -2.9528 4.0157, 2.6516 -2.9528 4.0157, 0.3681 -2.9528 0.6693, 2.6516 -2.9528 0.6693, 2.1004 -1.5748 1.4567, 2.1004 0.5906 3.2283, 2.1004 0.5906 1.4567, 0.9193 -1.5748 1.4567, 0.9193 0.5906 1.4567, 0.9193 0.5906 3.2283, 2.6909 -2.9528 0.1575, 2.6909 -2.9528 0.374, 2.6909 2.0079 0.1575, 2.6909 2.0079 0.374, 0.3287 2.0079 0.1575, 0.3287 2.0079 0.374, 0.3287 -2.9528 0.1575, 0.3287 -2.9528 0.374, 0.624 1.378 0.374, 0.624 -1.5748 0.374, 2.3957 1.378 0.374, 2.3957 -1.5748 0.374, 0.624 -1.5748 1.4567, 0.624 1.378 1.4567, 2.3957 1.378 1.4567, 2.3957 -1.5748 1.4567, 1.5098 -1.811 6.378, 0.3607 -1.1589 8.1102, 0.3607 -1.1589 6.378, 0.474 -1.3203 8.1102, 0.5258 -1.3799 6.378, 0.5283 -1.3775 8.1102, 0.6099 -1.4633 8.1102, 0.7327 -1.5624 6.378, 0.7342 -1.5605 8.1102, 0.7652 -1.5848 8.1102, 0.9727 -1.6985 6.378, 0.9368 -1.6821 8.1102, 1.2354 -1.7826 6.378, 1.1207 -1.7532 8.1102, 0.9735 -1.6963 8.1102, 2.047 -1.6985 6.378, 1.899 -1.7532 8.1102, 1.7843 -1.7826 6.378, 1.7835 -1.7792 8.1102, 1.7065 -1.7965 8.1102, 1.5098 -1.811 8.1102, 1.3132 -1.7965 8.1102, 1.2362 -1.7792 8.1102, 2.2855 -1.5605 8.1102, 2.2545 -1.5848 8.1102, 2.287 -1.5624 6.378, 2.0829 -1.6821 8.1102, 2.0462 -1.6963 8.1102, 2.4098 -1.4633 8.1102, 2.4939 -1.3799 6.378, 2.4914 -1.3775 8.1102, 2.5457 -1.3203 8.1102, 2.659 -1.1589 6.378, 2.659 -1.1589 8.1102, 2.659 0.214 8.1102, 2.659 0.214 6.378, 2.5457 0.3754 8.1102, 2.4939 0.435 6.378, 2.4914 0.4326 8.1102, 2.4098 0.5184 8.1102, 2.287 0.6175 6.378, 2.2855 0.6156 8.1102, 2.2545 0.6399 8.1102, 2.047 0.7536 6.378, 2.0829 0.7373 8.1102, 1.7843 0.8377 6.378, 1.899 0.8083 8.1102, 2.0462 0.7515 8.1102, 1.5098 0.8661 6.378, 1.7065 0.8516 8.1102, 1.7835 0.8343 8.1102, 1.2354 0.8377 6.378, 1.3132 0.8516 8.1102, 1.5098 0.8661 8.1102, 0.9727 0.7536 6.378, 1.1207 0.8083 8.1102, 1.2362 0.8343 8.1102, 0.7342 0.6156 8.1102, 0.7652 0.6399 8.1102, 0.7327 0.6175 6.378, 0.9368 0.7373 8.1102, 0.9735 0.7515 8.1102, 0.6099 0.5184 8.1102, 0.5258 0.435 6.378, 0.5283 0.4326 8.1102, 0.474 0.3754 8.1102, 0.3607 0.214 6.378, 0.3607 0.214 8.1102, 2.4941 -0.4724 6.2205, 2.4941 -0.4724 8.189, 2.4632 -0.2277 6.2205, 2.4632 -0.2277 8.189, 2.3724 0.0017 6.2205, 2.3724 0.0017 8.189, 2.2273 0.2013 6.2205, 2.2273 0.2013 8.189, 2.0372 0.3586 6.2205, 2.0372 0.3586 8.189, 1.814 0.4636 6.2205, 1.814 0.4636 8.189, 1.5716 0.5099 6.2205, 1.5716 0.5099 8.189, 1.3254 0.4944 6.2205, 1.3254 0.4944 8.189, 1.0908 0.4181 6.2205, 1.0908 0.4181 8.189, 0.8825 0.2859 6.2205, 0.8825 0.2859 8.189, 0.7136 0.1061 6.2205, 0.7136 0.1061 8.189, 0.5947 -0.1101 6.2205, 0.5947 -0.1101 8.189, 0.5334 -0.3491 6.2205, 0.5334 -0.3491 8.189, 0.5334 -0.5958 6.2205, 0.5334 -0.5958 8.189, 0.5947 -0.8348 6.2205, 0.5947 -0.8348 8.189, 0.7136 -1.051 6.2205, 0.7136 -1.051 8.189, 0.8825 -1.2308 6.2205, 0.8825 -1.2308 8.189, 1.0908 -1.363 6.2205, 1.0908 -1.363 8.189, 1.3254 -1.4393 6.2205, 1.3254 -1.4393 8.189, 1.5716 -1.4548 6.2205, 1.5716 -1.4548 8.189, 1.814 -1.4085 6.2205, 1.814 -1.4085 8.189, 2.0372 -1.3035 6.2205, 2.0372 -1.3035 8.189, 2.2273 -1.1462 6.2205, 2.2273 -1.1462 8.189, 2.3724 -0.9466 6.2205, 2.3724 -0.9466 8.189, 2.4632 -0.7172 6.2205, 2.4632 -0.7172 8.189, 0.624 -0.4724 6.2205, 0.6542 -0.7017 6.2205, 0.7427 -0.9154 6.2205, 0.8835 -1.0988 6.2205, 1.0669 -1.2396 6.2205, 1.2806 -1.3281 6.2205, 1.5098 -1.3583 6.2205, 1.7391 -1.3281 6.2205, 1.9528 -1.2396 6.2205, 2.1362 -1.0988 6.2205, 2.277 -0.9154 6.2205, 2.3655 -0.7017 6.2205, 2.3957 -0.4724 6.2205, 2.3655 -0.2432 6.2205, 2.277 -0.0295 6.2205, 2.1362 0.1539 6.2205, 1.9528 0.2947 6.2205, 1.7391 0.3832 6.2205, 1.5098 0.4134 6.2205, 1.2806 0.3832 6.2205, 1.0669 0.2947 6.2205, 0.8835 0.1539 6.2205, 0.7427 -0.0295 6.2205, 0.6542 -0.2432 6.2205, 2.828 0.1181 8.1102, 2.828 0.1181 6.378, 2.7778 0.1246 8.1102, 2.7778 0.1246 6.378, 2.7309 0.1438 8.1102, 2.7309 0.1438 6.378, 2.6904 0.1742 8.1102, 2.6904 0.1742 6.378, 0.3293 0.1742 8.1102, 0.3293 0.1742 6.378, 0.2888 0.1438 8.1102, 0.2888 0.1438 6.378, 0.2419 0.1246 8.1102, 0.2419 0.1246 6.378, 0.1917 0.1181 8.1102, 0.1917 0.1181 6.378, 0.1917 -1.063 8.1102, 0.1917 -1.063 6.378, 0.2419 -1.0695 8.1102, 0.2419 -1.0695 6.378, 0.2888 -1.0886 8.1102, 0.2888 -1.0886 6.378, 0.3293 -1.1191 8.1102, 0.3293 -1.1191 6.378, 2.6904 -1.1191 8.1102, 2.6904 -1.1191 6.378, 2.7309 -1.0886 8.1102, 2.7309 -1.0886 6.378, 2.7778 -1.0695 8.1102, 2.7778 -1.0695 6.378, 2.828 -1.063 8.1102, 2.828 -1.063 6.378, 2.6936 2.0079 0.1371, 2.6936 -2.9528 0.1371, 2.7015 2.0079 0.1181, 2.7015 -2.9528 0.1181, 2.714 2.0079 0.1018, 2.714 -2.9528 0.1018, 2.7303 2.0079 0.0893, 2.7303 -2.9528 0.0893, 2.7493 2.0079 0.0814, 2.7493 -2.9528 0.0814, 2.7697 2.0079 0.0787, 2.7697 -2.9528 0.0787, 0.3261 -2.9528 0.1371, 0.3261 2.0079 0.1371, 0.3182 -2.9528 0.1181, 0.3182 2.0079 0.1181, 0.3057 -2.9528 0.1018, 0.3057 2.0079 0.1018, 0.2894 -2.9528 0.0893, 0.2894 2.0079 0.0893, 0.2704 -2.9528 0.0814, 0.2704 2.0079 0.0814, 0.25 -2.9528 0.0787, 0.25 2.0079 0.0787, 1.9035 2.0079 2.2441, 1.9035 1.4173 2.2441, 1.9035 2.0079 3.3465, 1.9035 1.4173 3.4252, 1.9035 1.9973 3.3858, 1.9035 1.9495 3.4225, 1.9035 1.9848 3.4021, 1.9035 1.9685 3.4146, 1.9035 1.9291 3.4252, 1.9035 2.0052 3.3668, 1.1161 1.4173 2.2441, 1.1161 2.0079 2.2441, 1.1161 1.4173 3.4252, 1.1161 2.0079 3.3465, 1.1161 2.0052 3.3668, 1.1161 1.9495 3.4225, 1.1161 1.9291 3.4252, 1.1161 1.9973 3.3858, 1.1161 1.9848 3.4021, 1.1161 1.9685 3.4146, 2.7933 -2.2441 0.0787, 2.7933 -2.2441 3.4252, 3.0098 -2.2059 0.0787, 3.0098 -2.2059 3.4252, 2.7933 -1.8504 3.4252, 3.0098 -1.8886 3.4252, 2.7933 -1.8504 0.0787, 3.0098 -1.8886 0.0787, 2.7933 1.378 0.0787, 2.7933 1.378 2.8346, 3.0098 1.4161 0.0787, 3.0098 1.4161 2.8346, 2.7933 1.7717 2.8346, 3.0098 1.7335 2.8346, 2.7933 1.7717 0.0787, 3.0098 1.7335 0.0787
            ]
        }
        coordIndex [
            0,1,2,-1,0,2,3,-1,3,2,4,-1,3,4,5,-1,5,4,6,-1,5,6,7,-1,7,6,8,-1,7,8,9,-1,9,8,10,-1,9,10,11,-1,11,10,12,-1,11,12,13,-1,14,15,16,-1,14,16,17,-1,17,16,18,-1,17,18,19,-1,19,18,20,-1,19,20,21,-1,21,20,22,-1,21,22,23,-1,24,25,22,-1,22,25,26,-1,22,26,23,-1,23,26,27,-1,28,29,30,-1,28,30,27,-1,31,14,32,-1,32,14,17,-1,32,17,33,-1,33,17,19,-1,33,19,34,-1,34,19,21,-1,34,21,30,-1,30,21,23,-1,30,23,27,-1,35,31,36,-1,36,31,32,-1,36,32,37,-1,37,32,33,-1,37,33,38,-1,38,33,34,-1,38,34,39,-1,39,34,30,-1,39,30,40,-1,40,30,29,-1,41,35,36,-1,41,36,42,-1,42,36,37,-1,42,37,43,-1,43,37,38,-1,43,38,44,-1,44,38,39,-1,44,39,45,-1,45,39,40,-1,45,40,46,-1,47,48,49,-1,47,49,50,-1,50,49,51,-1,50,51,52,-1,52,51,53,-1,52,53,54,-1,54,53,55,-1,54,55,56,-1,56,55,57,-1,56,57,58,-1,58,57,59,-1,58,59,60,-1,61,62,63,-1,63,62,64,-1,65,66,67,-1,67,66,68,-1,64,69,63,-1,63,69,66,-1,63,66,70,-1,70,66,65,-1,71,72,73,-1,73,72,59,-1,57,49,59,-1,59,49,48,-1,59,48,73,-1,57,55,49,-1,49,55,53,-1,49,53,51,-1,71,62,72,-1,72,62,61,-1,71,73,62,-1,62,73,64,-1,74,75,76,-1,76,75,77,-1,76,77,78,-1,78,77,79,-1,78,79,80,-1,80,79,81,-1,80,81,74,-1,74,81,75,-1,82,75,83,-1,83,75,81,-1,84,77,82,-1,82,77,75,-1,79,85,81,-1,81,85,83,-1,85,79,84,-1,84,79,77,-1,78,80,86,-1,86,80,87,-1,86,87,88,-1,89,76,86,-1,86,76,78,-1,90,91,89,-1,89,91,74,-1,89,74,76,-1,91,90,87,-1,87,90,88,-1,92,93,94,-1,94,93,95,-1,96,97,98,-1,98,97,99,-1,97,100,101,-1,100,97,102,-1,102,97,95,-1,102,95,103,-1,103,95,93,-1,103,93,101,-1,101,93,99,-1,101,99,97,-1,89,104,90,-1,90,104,105,-1,90,105,88,-1,88,105,106,-1,88,106,86,-1,86,106,107,-1,101,100,104,-1,104,100,105,-1,107,103,86,-1,86,103,101,-1,86,101,89,-1,89,101,104,-1,102,103,106,-1,106,103,107,-1,100,102,105,-1,105,102,106,-1,25,108,26,-1,109,110,111,-1,111,110,112,-1,111,112,113,-1,113,112,114,-1,114,112,115,-1,114,115,116,-1,116,115,117,-1,117,115,118,-1,117,118,119,-1,120,121,118,-1,118,121,122,-1,118,122,119,-1,123,124,125,-1,125,124,126,-1,125,126,25,-1,25,126,127,-1,25,127,108,-1,108,127,128,-1,108,128,26,-1,26,128,129,-1,26,129,120,-1,120,129,130,-1,120,130,121,-1,131,132,133,-1,133,132,134,-1,133,134,123,-1,123,134,135,-1,123,135,124,-1,131,133,136,-1,136,133,137,-1,136,137,138,-1,138,137,139,-1,139,137,140,-1,139,140,141,-1,142,143,144,-1,144,143,145,-1,144,145,146,-1,146,145,147,-1,147,145,148,-1,147,148,149,-1,149,148,150,-1,150,148,151,-1,150,151,152,-1,153,154,151,-1,151,154,155,-1,151,155,152,-1,156,157,153,-1,153,157,158,-1,153,158,154,-1,159,160,156,-1,156,160,161,-1,156,161,157,-1,162,163,159,-1,159,163,164,-1,159,164,160,-1,165,166,167,-1,167,166,168,-1,167,168,162,-1,162,168,169,-1,162,169,163,-1,165,167,170,-1,170,167,171,-1,170,171,172,-1,172,171,173,-1,173,171,174,-1,173,174,175,-1,176,177,178,-1,178,177,179,-1,178,179,180,-1,180,179,181,-1,180,181,182,-1,182,181,183,-1,182,183,184,-1,184,183,185,-1,184,185,186,-1,186,185,187,-1,186,187,188,-1,188,187,189,-1,188,189,190,-1,190,189,191,-1,190,191,192,-1,192,191,193,-1,192,193,194,-1,194,193,195,-1,194,195,196,-1,196,195,197,-1,196,197,198,-1,198,197,199,-1,198,199,200,-1,200,199,201,-1,200,201,202,-1,202,201,203,-1,202,203,204,-1,204,203,205,-1,204,205,206,-1,206,205,207,-1,206,207,208,-1,208,207,209,-1,208,209,210,-1,210,209,211,-1,210,211,212,-1,212,211,213,-1,212,213,214,-1,214,213,215,-1,214,215,216,-1,216,215,217,-1,216,217,218,-1,218,217,219,-1,218,219,220,-1,220,219,221,-1,220,221,222,-1,222,221,223,-1,222,223,224,-1,224,223,225,-1,224,225,176,-1,176,225,177,-1,198,200,226,-1,226,200,202,-1,226,202,227,-1,227,202,204,-1,227,204,228,-1,228,204,206,-1,228,206,229,-1,229,206,208,-1,229,208,230,-1,230,208,210,-1,230,210,231,-1,231,210,212,-1,231,212,232,-1,232,212,214,-1,232,214,233,-1,233,214,216,-1,233,216,234,-1,234,216,218,-1,234,218,235,-1,235,218,220,-1,235,220,236,-1,236,220,222,-1,236,222,237,-1,237,222,224,-1,237,224,238,-1,238,224,176,-1,238,176,239,-1,239,176,178,-1,239,178,240,-1,240,178,180,-1,240,180,241,-1,241,180,182,-1,241,182,242,-1,242,182,184,-1,242,184,243,-1,243,184,186,-1,243,186,244,-1,244,186,188,-1,244,188,245,-1,245,188,190,-1,245,190,246,-1,246,190,192,-1,246,192,247,-1,247,192,194,-1,247,194,248,-1,248,194,196,-1,248,196,249,-1,249,196,198,-1,249,198,226,-1,250,251,252,-1,252,251,253,-1,252,253,254,-1,254,253,255,-1,254,255,256,-1,256,255,257,-1,256,257,142,-1,142,257,143,-1,175,174,258,-1,258,174,259,-1,258,259,260,-1,260,259,261,-1,260,261,262,-1,262,261,263,-1,262,263,264,-1,264,263,265,-1,266,267,268,-1,268,267,269,-1,268,269,270,-1,270,269,271,-1,270,271,272,-1,272,271,273,-1,272,273,109,-1,109,273,110,-1,141,140,274,-1,274,140,275,-1,274,275,276,-1,276,275,277,-1,276,277,278,-1,278,277,279,-1,278,279,280,-1,280,279,281,-1,92,94,282,-1,92,282,283,-1,283,282,284,-1,283,284,285,-1,285,284,286,-1,285,286,287,-1,287,286,288,-1,287,288,289,-1,289,288,290,-1,289,290,291,-1,291,290,292,-1,291,292,293,-1,96,98,294,-1,96,294,295,-1,295,294,296,-1,295,296,297,-1,297,296,298,-1,297,298,299,-1,299,298,300,-1,299,300,301,-1,301,300,302,-1,301,302,303,-1,303,302,304,-1,303,304,305,-1,306,307,308,-1,308,307,309,-1,310,311,312,-1,312,311,313,-1,309,314,308,-1,308,314,311,-1,308,311,315,-1,315,311,310,-1,316,317,318,-1,318,317,319,-1,320,321,319,-1,319,321,322,-1,319,322,318,-1,320,323,321,-1,321,323,324,-1,321,324,325,-1,316,307,317,-1,317,307,306,-1,316,318,307,-1,307,318,309,-1,326,327,328,-1,328,327,329,-1,327,330,329,-1,329,330,331,-1,330,332,331,-1,331,332,333,-1,330,327,332,-1,332,327,326,-1,334,335,336,-1,336,335,337,-1,335,338,337,-1,337,338,339,-1,338,340,339,-1,339,340,341,-1,338,335,340,-1,340,335,334,-1,
        ]
    }
}
Shape{
    appearance Appearance {
        material  Material {
            diffuseColor 0.9686274509803922 0.9686274509803922 0.9686274509803922
            specularColor 0.8509803921568627 0.8509803921568627 0.8509803921568627
            ambientIntensity 0.9686
            transparency 0.0
            shininess 0.5
        }
    }
    geometry IndexedFaceSet {
        ccw TRUE
        solid FALSE
        coord DEF co Coordinate {
            point [
                1.203 -0.5315 2.4803, 1.2593 -0.5315 2.5537, 1.0177 -0.5315 3.2283, 1.4181 -0.5315 1.9609, 1.0177 -0.5315 1.8504, 1.5098 -0.5315 1.9488, 2.002 -0.5315 1.8504, 1.6016 -0.5315 1.9609, 1.3327 -0.5315 1.9963, 1.2593 -0.5315 2.0526, 1.203 -0.5315 2.126, 1.3327 -0.5315 2.61, 1.4181 -0.5315 2.6454, 2.002 -0.5315 3.2283, 1.5098 -0.5315 2.6575, 1.6016 -0.5315 2.6454, 1.687 -0.5315 2.61, 1.7604 -0.5315 2.5537, 1.8167 -0.5315 2.4803, 1.1676 -0.5315 2.2114, 1.1555 -0.5315 2.3031, 1.1676 -0.5315 2.3949, 1.8521 -0.5315 2.3949, 1.8642 -0.5315 2.3031, 1.8521 -0.5315 2.2114, 1.8167 -0.5315 2.126, 1.7604 -0.5315 2.0526, 1.687 -0.5315 1.9963, 1.0177 0.0591 1.8504, 1.5098 0.0591 1.9488, 2.002 0.0591 1.8504, 1.6016 0.0591 1.9609, 1.687 0.0591 2.61, 2.002 0.0591 3.2283, 1.7604 0.0591 2.5537, 1.8167 0.0591 2.4803, 1.4181 0.0591 2.6454, 1.0177 0.0591 3.2283, 1.5098 0.0591 2.6575, 1.6016 0.0591 2.6454, 1.3327 0.0591 2.61, 1.2593 0.0591 2.5537, 1.203 0.0591 2.4803, 1.203 0.0591 2.126, 1.2593 0.0591 2.0526, 1.687 0.0591 1.9963, 1.7604 0.0591 2.0526, 1.8167 0.0591 2.126, 1.3327 0.0591 1.9963, 1.4181 0.0591 1.9609, 1.8521 0.0591 2.2114, 1.8642 0.0591 2.3031, 1.8521 0.0591 2.3949, 1.1676 0.0591 2.3949, 1.1555 0.0591 2.3031, 1.1676 0.0591 2.2114, 1.2933 -0.3937 -1.378, 1.2933 -0.3937 1.8504, 1.2933 -0.0787 -1.378, 1.2933 -0.0787 1.8504, 1.6476 -0.0787 -1.7717, 1.3721 -0.0787 -1.7717, 1.7264 -0.0787 -1.378, 1.7264 -0.0787 1.8504, 1.7264 -0.3937 -1.378, 1.7264 -0.3937 1.8504, 1.6476 -0.3937 -1.7717, 1.3721 -0.3937 -1.7717, 1.3524 -1.3442 7.4803, 1.2806 -1.3281 6.2205, 1.5098 -1.3583 7.4803, 1.5098 -1.3583 6.2205, 1.6673 -1.3442 7.4803, 1.7391 -1.3281 6.2205, 1.6673 0.3993 7.4803, 1.7391 0.3832 6.2205, 1.5098 0.4134 7.4803, 1.5098 0.4134 6.2205, 1.3524 0.3993 7.4803, 1.2806 0.3832 6.2205, 0.6557 -0.7014 7.7559, 0.6279 -0.5555 7.7559, 0.6542 -0.7017 6.2205, 0.624 -0.4724 6.2205, 0.6589 -0.7187 7.7559, 0.7427 -0.9154 6.2205, 0.7199 -0.8733 7.7559, 0.8835 -1.0988 6.2205, 0.8087 -1.0138 7.7559, 0.7454 -0.9136 7.7559, 1.0674 -1.2386 7.7559, 1.0562 -1.2333 7.7559, 1.0669 -1.2396 6.2205, 0.9221 -1.1352 7.7559, 0.886 -1.0965 7.7559, 1.2062 -1.3046 7.7559, 1.2814 -1.325 7.7559, 1.3524 -1.3442 7.7559, 1.6673 -1.3442 7.7559, 1.7383 -1.325 7.7559, 1.8135 -1.3046 7.7559, 1.9528 -1.2396 6.2205, 1.9523 -1.2386 7.7559, 1.9635 -1.2333 7.7559, 2.1362 -1.0988 6.2205, 2.0976 -1.1352 7.7559, 2.277 -0.9154 6.2205, 2.211 -1.0138 7.7559, 2.1337 -1.0965 7.7559, 2.364 -0.7014 7.7559, 2.3607 -0.7187 7.7559, 2.3655 -0.7017 6.2205, 2.2998 -0.8733 7.7559, 2.2743 -0.9136 7.7559, 2.3918 -0.5555 7.7559, 2.3957 -0.4724 6.2205, 2.3918 -0.4724 7.7559, 2.3918 -0.3894 7.7559, 2.3655 -0.2432 6.2205, 2.364 -0.2434 7.7559, 2.3607 -0.2261 7.7559, 2.277 -0.0295 6.2205, 2.2998 -0.0716 7.7559, 2.1362 0.1539 6.2205, 2.211 0.0689 7.7559, 2.2743 -0.0312 7.7559, 1.9523 0.2937 7.7559, 1.9635 0.2884 7.7559, 1.9528 0.2947 6.2205, 2.0976 0.1903 7.7559, 2.1337 0.1516 7.7559, 1.8135 0.3597 7.7559, 1.7383 0.3801 7.7559, 1.6673 0.3993 7.7559, 1.3524 0.3993 7.7559, 1.2814 0.3801 7.7559, 1.2062 0.3597 7.7559, 1.0669 0.2947 6.2205, 0.886 0.1516 7.7559, 0.9221 0.1903 7.7559, 0.8835 0.1539 6.2205, 1.0562 0.2884 7.7559, 1.0674 0.2937 7.7559, 0.8087 0.0689 7.7559, 0.7427 -0.0295 6.2205, 0.7454 -0.0312 7.7559, 0.7199 -0.0716 7.7559, 0.6542 -0.2432 6.2205, 0.6589 -0.2261 7.7559, 0.6279 -0.4724 7.7559, 0.6279 -0.3894 7.7559, 0.6557 -0.2434 7.7559, 2.1799 0.0448 7.7953, 2.0715 0.1608 7.7953, 1.6673 -0.315 7.7953, 1.9434 0.2546 7.7953, 1.8 0.3227 7.7953, 1.6673 0.3592 7.7953, 2.1988 -0.6299 7.7953, 2.3526 -0.5518 7.7953, 2.3526 -0.3931 7.7953, 2.1988 -0.315 7.7953, 2.3229 -0.2371 7.7953, 2.2647 -0.0894 7.7953, 1.6673 -1.3041 7.7953, 1.8 -1.2676 7.7953, 1.6673 -0.6299 7.7953, 1.9434 -1.1995 7.7953, 2.0715 -1.1057 7.7953, 2.1799 -0.9897 7.7953, 2.2647 -0.8555 7.7953, 2.3229 -0.7078 7.7953, 2.21 -1.0129 7.7661, 2.2986 -0.8727 7.7661, 2.3904 -0.5554 7.7661, 2.3904 -0.3895 7.7661, 2.21 0.0681 7.7661, 2.0967 0.1893 7.7661, 1.6673 -1.3428 7.7661, 1.813 -1.3033 7.7661, 1.8117 -1.2997 7.7756, 1.6673 0.3679 7.7944, 1.8035 0.3323 7.7939, 1.6673 0.3695 7.7938, 1.6673 0.3769 7.7912, 1.8067 0.3412 7.79, 1.6673 0.3806 7.7892, 1.8095 0.3489 7.7837, 1.6673 0.3875 7.7837, 1.6673 0.3879 7.7834, 1.8117 0.3548 7.7756, 1.6673 0.3907 7.7802, 1.813 0.3585 7.7661, 1.6673 0.3956 7.7724, 1.6673 0.3937 7.7755, 1.6673 0.3991 7.7596, 1.6673 0.3977 7.7661, 1.6673 0.3972 7.7685, 1.6673 -1.3428 7.766, 1.6673 -1.3431 7.765, 1.8095 -1.2938 7.7837, 1.6673 -1.3349 7.7811, 1.6673 -1.34 7.7734, 1.8067 -1.2861 7.79, 1.6673 -1.3321 7.784, 1.6673 -1.3324 7.7837, 1.8035 -1.2772 7.7939, 1.6673 -1.3212 7.7915, 1.6673 -1.3246 7.7898, 1.6673 -1.3082 7.7951, 1.6673 -1.312 7.7945, 1.6673 -1.3144 7.7937, 2.3327 -0.2343 7.7939, 2.3627 -0.3921 7.7939, 2.3418 -0.2316 7.79, 2.3722 -0.3912 7.79, 2.3497 -0.2294 7.7837, 2.3803 -0.3904 7.7837, 2.3557 -0.2276 7.7756, 2.3865 -0.3899 7.7756, 2.3595 -0.2265 7.7661, 1.9486 -1.2082 7.7939, 1.9534 -1.2164 7.79, 1.9576 -1.2234 7.7837, 1.9608 -1.2287 7.7756, 1.9628 -1.2321 7.7661, 1.9628 0.2872 7.7661, 1.9608 0.2839 7.7756, 1.9576 0.2785 7.7837, 1.9534 0.2715 7.79, 1.9486 0.2633 7.7939, 2.0783 0.1685 7.7939, 2.0846 0.1756 7.79, 2.09 0.1817 7.7837, 2.0941 0.1863 7.7756, 2.1879 0.051 7.7939, 2.1955 0.0568 7.79, 2.2019 0.0618 7.7837, 2.2069 0.0656 7.7756, 2.2986 -0.0722 7.7661, 2.2951 -0.074 7.7756, 2.2895 -0.0768 7.7837, 2.2822 -0.0805 7.79, 2.2738 -0.0848 7.7939, 2.3865 -0.555 7.7756, 2.3803 -0.5544 7.7837, 2.3722 -0.5537 7.79, 2.3627 -0.5528 7.7939, 2.3595 -0.7184 7.7661, 2.3557 -0.7173 7.7756, 2.3497 -0.7155 7.7837, 2.3418 -0.7133 7.79, 2.3327 -0.7106 7.7939, 2.2738 -0.8601 7.7939, 2.2822 -0.8644 7.79, 2.2895 -0.8681 7.7837, 2.2951 -0.8709 7.7756, 2.1879 -0.9959 7.7939, 2.1955 -1.0017 7.79, 2.2019 -1.0067 7.7837, 2.2069 -1.0105 7.7756, 2.0967 -1.1342 7.7661, 2.0941 -1.1312 7.7756, 2.09 -1.1265 7.7837, 2.0846 -1.1204 7.79, 2.0783 -1.1133 7.7939, 1.6673 -0.6299 7.4803, 1.3524 -0.315 7.4803, 2.1988 -0.6299 7.4803, 2.1988 -0.315 7.4803, 1.6673 -0.315 7.4803, 0.8209 -0.315 7.4803, 0.8209 -0.6299 7.4803, 1.3524 -0.6299 7.4803, 1.3524 0.3592 7.7953, 1.3524 -0.315 7.7953, 1.3524 0.399 7.7608, 1.3524 0.398 7.7646, 1.3524 0.3967 7.7697, 1.3524 0.3952 7.7732, 1.3524 0.3905 7.7804, 1.3524 0.3901 7.781, 1.3524 0.3875 7.7838, 1.3524 0.384 7.7865, 1.3524 0.38 7.7896, 1.3524 0.3767 7.7913, 1.3524 0.3681 7.7942, 1.3524 0.3676 7.7944, 1.3524 0.3638 7.795, 0.8209 -0.6299 7.7953, 1.3524 -0.6299 7.7953, 0.8209 -0.315 7.7953
            ]
        }
        coordIndex [
            0,1,2,-1,3,4,5,-1,5,4,6,-1,5,6,7,-1,3,8,4,-1,4,8,9,-1,4,9,10,-1,1,11,2,-1,2,11,12,-1,2,12,13,-1,13,12,14,-1,13,14,15,-1,15,16,13,-1,13,16,17,-1,13,17,18,-1,10,19,4,-1,4,19,20,-1,4,20,2,-1,2,20,21,-1,2,21,0,-1,18,22,13,-1,13,22,23,-1,13,23,6,-1,6,23,24,-1,6,24,25,-1,25,26,6,-1,6,26,27,-1,6,27,7,-1,28,29,30,-1,30,29,31,-1,32,33,34,-1,34,33,35,-1,36,37,38,-1,38,37,33,-1,38,33,39,-1,39,33,32,-1,36,40,37,-1,37,40,41,-1,37,41,42,-1,43,44,28,-1,31,45,30,-1,30,45,46,-1,30,46,47,-1,44,48,28,-1,28,48,49,-1,28,49,29,-1,47,50,30,-1,30,50,51,-1,30,51,33,-1,33,51,52,-1,33,52,35,-1,42,53,37,-1,37,53,54,-1,37,54,28,-1,28,54,55,-1,28,55,43,-1,13,6,33,-1,33,6,30,-1,4,2,28,-1,28,2,37,-1,14,38,15,-1,15,38,39,-1,15,39,16,-1,16,39,32,-1,16,32,17,-1,17,32,34,-1,17,34,18,-1,18,34,35,-1,18,35,22,-1,22,35,52,-1,22,52,23,-1,23,52,51,-1,23,51,24,-1,24,51,50,-1,24,50,25,-1,25,50,47,-1,25,47,26,-1,26,47,46,-1,26,46,27,-1,27,46,45,-1,27,45,7,-1,7,45,31,-1,7,31,5,-1,5,31,29,-1,5,29,3,-1,3,29,49,-1,3,49,8,-1,8,49,48,-1,8,48,9,-1,9,48,44,-1,9,44,10,-1,10,44,43,-1,10,43,19,-1,19,43,55,-1,19,55,20,-1,20,55,54,-1,20,54,21,-1,21,54,53,-1,21,53,0,-1,0,53,42,-1,0,42,1,-1,1,42,41,-1,1,41,11,-1,11,41,40,-1,11,40,12,-1,12,40,36,-1,12,36,14,-1,14,36,38,-1,56,57,58,-1,58,57,59,-1,60,61,62,-1,62,61,58,-1,62,58,63,-1,63,58,59,-1,62,63,64,-1,64,63,65,-1,65,57,64,-1,64,57,56,-1,64,56,66,-1,66,56,67,-1,61,60,67,-1,67,60,66,-1,68,69,70,-1,70,69,71,-1,70,71,72,-1,72,71,73,-1,74,75,76,-1,76,75,77,-1,76,77,78,-1,78,77,79,-1,80,81,82,-1,82,81,83,-1,80,82,84,-1,84,82,85,-1,84,85,86,-1,87,88,85,-1,85,88,89,-1,85,89,86,-1,90,91,92,-1,92,91,93,-1,92,93,87,-1,87,93,94,-1,87,94,88,-1,90,92,95,-1,95,92,69,-1,95,69,96,-1,96,69,68,-1,96,68,97,-1,98,72,99,-1,99,72,73,-1,99,73,100,-1,100,73,101,-1,100,101,102,-1,102,101,103,-1,103,101,104,-1,103,104,105,-1,106,107,104,-1,104,107,108,-1,104,108,105,-1,109,110,111,-1,111,110,112,-1,111,112,106,-1,106,112,113,-1,106,113,107,-1,109,111,114,-1,114,111,115,-1,114,115,116,-1,116,115,117,-1,117,115,118,-1,117,118,119,-1,119,118,120,-1,120,118,121,-1,120,121,122,-1,123,124,121,-1,121,124,125,-1,121,125,122,-1,126,127,128,-1,128,127,129,-1,128,129,123,-1,123,129,130,-1,123,130,124,-1,126,128,131,-1,131,128,75,-1,131,75,132,-1,132,75,74,-1,132,74,133,-1,134,78,135,-1,135,78,79,-1,135,79,136,-1,136,79,137,-1,138,139,140,-1,140,139,141,-1,140,141,137,-1,137,141,142,-1,137,142,136,-1,138,140,143,-1,143,140,144,-1,143,144,145,-1,145,144,146,-1,146,144,147,-1,146,147,148,-1,81,149,83,-1,83,149,150,-1,83,150,147,-1,147,150,151,-1,147,151,148,-1,152,153,154,-1,153,155,154,-1,154,155,156,-1,154,156,157,-1,158,159,160,-1,158,160,161,-1,161,160,162,-1,161,162,154,-1,154,162,163,-1,154,163,152,-1,164,165,166,-1,166,165,167,-1,166,167,168,-1,168,169,166,-1,166,169,170,-1,166,170,158,-1,158,170,171,-1,158,171,159,-1,108,107,172,-1,113,112,173,-1,109,114,174,-1,116,117,175,-1,125,124,176,-1,130,129,177,-1,178,179,180,-1,157,156,181,-1,181,156,182,-1,181,182,183,-1,183,182,184,-1,184,182,185,-1,184,185,186,-1,186,185,187,-1,186,187,188,-1,188,187,189,-1,189,187,190,-1,189,190,191,-1,192,193,190,-1,190,193,194,-1,190,194,191,-1,126,131,192,-1,192,131,132,-1,133,195,132,-1,132,195,196,-1,132,196,192,-1,192,196,197,-1,192,197,193,-1,178,198,99,-1,99,198,199,-1,99,199,98,-1,200,201,180,-1,180,201,202,-1,180,202,178,-1,203,204,200,-1,200,204,205,-1,200,205,201,-1,206,207,203,-1,203,207,208,-1,203,208,204,-1,165,164,206,-1,206,164,209,-1,209,210,206,-1,206,210,211,-1,206,211,207,-1,162,160,212,-1,212,160,213,-1,212,213,214,-1,214,213,215,-1,214,215,216,-1,216,215,217,-1,216,217,218,-1,218,217,219,-1,218,219,220,-1,220,219,175,-1,167,165,221,-1,221,165,206,-1,221,206,222,-1,222,206,203,-1,222,203,223,-1,223,203,200,-1,223,200,224,-1,224,200,180,-1,224,180,225,-1,225,180,179,-1,127,126,226,-1,226,126,192,-1,226,192,227,-1,227,192,190,-1,227,190,228,-1,228,190,187,-1,228,187,229,-1,229,187,185,-1,229,185,230,-1,230,185,182,-1,230,182,155,-1,155,182,156,-1,155,153,230,-1,230,153,231,-1,230,231,229,-1,229,231,232,-1,229,232,228,-1,228,232,233,-1,228,233,227,-1,227,233,234,-1,227,234,226,-1,226,234,177,-1,226,177,127,-1,127,177,129,-1,153,152,231,-1,231,152,235,-1,231,235,232,-1,232,235,236,-1,232,236,233,-1,233,236,237,-1,233,237,234,-1,234,237,238,-1,234,238,177,-1,177,238,176,-1,177,176,130,-1,130,176,124,-1,122,125,239,-1,239,125,176,-1,239,176,240,-1,240,176,238,-1,240,238,241,-1,241,238,237,-1,241,237,242,-1,242,237,236,-1,242,236,243,-1,243,236,235,-1,243,235,163,-1,163,235,152,-1,163,162,243,-1,243,162,212,-1,243,212,242,-1,242,212,214,-1,242,214,241,-1,241,214,216,-1,241,216,240,-1,240,216,218,-1,240,218,239,-1,239,218,220,-1,239,220,122,-1,122,220,120,-1,175,117,220,-1,220,117,119,-1,220,119,120,-1,114,116,174,-1,174,116,175,-1,174,175,244,-1,244,175,219,-1,244,219,245,-1,245,219,217,-1,245,217,246,-1,246,217,215,-1,246,215,247,-1,247,215,213,-1,247,213,159,-1,159,213,160,-1,110,109,248,-1,248,109,174,-1,248,174,249,-1,249,174,244,-1,249,244,250,-1,250,244,245,-1,250,245,251,-1,251,245,246,-1,251,246,252,-1,252,246,247,-1,252,247,171,-1,171,247,159,-1,171,170,252,-1,252,170,253,-1,252,253,251,-1,251,253,254,-1,251,254,250,-1,250,254,255,-1,250,255,249,-1,249,255,256,-1,249,256,248,-1,248,256,173,-1,248,173,110,-1,110,173,112,-1,170,169,253,-1,253,169,257,-1,253,257,254,-1,254,257,258,-1,254,258,255,-1,255,258,259,-1,255,259,256,-1,256,259,260,-1,256,260,173,-1,173,260,172,-1,173,172,113,-1,113,172,107,-1,105,108,261,-1,261,108,172,-1,261,172,262,-1,262,172,260,-1,262,260,263,-1,263,260,259,-1,263,259,264,-1,264,259,258,-1,264,258,265,-1,265,258,257,-1,265,257,168,-1,168,257,169,-1,168,167,265,-1,265,167,221,-1,265,221,264,-1,264,221,222,-1,264,222,263,-1,263,222,223,-1,263,223,262,-1,262,223,224,-1,262,224,261,-1,261,224,225,-1,261,225,105,-1,105,225,103,-1,178,99,179,-1,179,99,100,-1,179,100,225,-1,225,100,102,-1,225,102,103,-1,70,72,266,-1,76,78,267,-1,268,269,266,-1,266,269,270,-1,271,272,267,-1,267,272,273,-1,68,70,273,-1,273,70,266,-1,273,266,267,-1,267,266,270,-1,267,270,76,-1,76,270,74,-1,274,275,267,-1,78,134,267,-1,267,134,276,-1,267,276,277,-1,277,278,267,-1,267,278,279,-1,267,279,280,-1,280,281,267,-1,267,281,282,-1,267,282,283,-1,283,284,267,-1,267,284,285,-1,267,285,286,-1,286,287,267,-1,267,287,288,-1,267,288,274,-1,154,157,270,-1,270,157,181,-1,270,181,183,-1,183,184,270,-1,270,184,186,-1,270,186,188,-1,188,189,270,-1,270,189,191,-1,270,191,194,-1,194,193,270,-1,270,193,197,-1,270,197,196,-1,196,195,270,-1,270,195,133,-1,270,133,74,-1,161,154,269,-1,269,154,270,-1,268,266,158,-1,158,266,166,-1,158,161,268,-1,268,161,269,-1,289,290,272,-1,272,290,273,-1,271,267,291,-1,291,267,275,-1,291,289,271,-1,271,289,272,-1,58,61,56,-1,56,61,67,-1,64,66,62,-1,62,66,60,-1,
        ]
    }
}
Shape{
    appearance Appearance {
        material  Material {
            diffuseColor 0.37254901960784315 1.0 0.7137254901960784
            specularColor 0.32941176470588235 0.8784313725490196 0.6274509803921569
            ambientIntensity 0.7798
            transparency 0.0
            shininess 0.5
        }
    }
    geometry IndexedFaceSet {
        ccw TRUE
        solid FALSE
        coord DEF co Coordinate {
            point [
                -2.8083 0.1181 8.1102, -2.9902 0.1181 8.1102, -2.9902 0.1154 8.1306, -2.8083 0.1154 8.1306, -2.9902 0.1076 8.1496, -2.8083 0.1076 8.1496, -2.9902 0.095 8.1659, -2.8083 0.095 8.1659, -2.9902 0.0787 8.1784, -2.8083 0.0787 8.1784, -2.9902 0.0597 8.1863, -2.8083 0.0597 8.1863, -2.9902 0.0394 8.189, -2.8083 0.0394 8.189, -2.738 0.0485 8.189, -2.7432 0.0682 8.1863, -2.748 0.0866 8.1784, -2.7522 0.1023 8.1659, -2.7554 0.1144 8.1496, -2.7574 0.122 8.1306, -2.7581 0.1246 8.1102, -2.6723 0.0753 8.189, -2.6824 0.093 8.1863, -2.6917 0.1095 8.1784, -2.6998 0.1237 8.1659, -2.706 0.1346 8.1496, -2.7098 0.1414 8.1306, -2.7112 0.1438 8.1102, -2.6156 0.1179 8.189, -2.6299 0.1325 8.1863, -2.6432 0.1461 8.1784, -2.6546 0.1577 8.1659, -2.6633 0.1667 8.1496, -2.6688 0.1723 8.1306, -2.6707 0.1742 8.1102, -2.5717 0.1736 8.189, -2.5892 0.1841 8.1863, -2.6055 0.1938 8.1784, -2.6195 0.2022 8.1659, -2.6303 0.2086 8.1496, -2.637 0.2126 8.1306, -2.6393 0.214 8.1102, -0.4086 0.1736 8.189, -0.3911 0.1841 8.1863, -0.4995 0.3385 8.1863, -0.3748 0.1938 8.1784, -0.4848 0.3505 8.1784, -0.3608 0.2022 8.1659, -0.4722 0.3608 8.1659, -0.35 0.2086 8.1496, -0.4625 0.3687 8.1496, -0.3433 0.2126 8.1306, -0.4564 0.3737 8.1306, -0.7145 0.6156 8.1102, -0.747 0.6377 8.1306, -0.5902 0.5184 8.1102, -0.592 0.5164 8.1306, -0.5086 0.4326 8.1102, -0.4543 0.3754 8.1102, -0.341 0.214 8.1102, -1.2165 0.8343 8.1102, -1.2939 0.849 8.1306, -1.1018 0.8058 8.1306, -0.7455 0.6399 8.1102, -0.9171 0.7373 8.1102, -0.9182 0.7348 8.1306, -0.9538 0.7515 8.1102, -1.101 0.8083 8.1102, -1.2935 0.8516 8.1102, -1.4902 0.8661 8.1102, -1.4902 0.8635 8.1306, -1.6868 0.8516 8.1102, -1.6865 0.849 8.1306, -1.7638 0.8343 8.1102, -1.8785 0.8058 8.1306, -1.8793 0.8083 8.1102, -2.0621 0.7348 8.1306, -2.0265 0.7515 8.1102, -2.4717 0.4326 8.1102, -2.5239 0.3737 8.1306, -2.3883 0.5164 8.1306, -2.0632 0.7373 8.1102, -2.2348 0.6399 8.1102, -2.2333 0.6377 8.1306, -2.2658 0.6156 8.1102, -2.3901 0.5184 8.1102, -2.526 0.3754 8.1102, -0.5973 0.5106 8.1496, -0.7514 0.6311 8.1496, -0.9216 0.7277 8.1496, -1.1041 0.7982 8.1496, -1.295 0.8412 8.1496, -1.4902 0.8556 8.1496, -1.6853 0.8412 8.1496, -1.8762 0.7982 8.1496, -2.0587 0.7277 8.1496, -2.2289 0.6311 8.1496, -2.3831 0.5106 8.1496, -2.5178 0.3687 8.1496, -0.6057 0.5014 8.1659, -0.7584 0.6207 8.1659, -0.9269 0.7164 8.1659, -1.1077 0.7863 8.1659, -1.2968 0.8288 8.1659, -1.4902 0.8431 8.1659, -1.6835 0.8288 8.1659, -1.8726 0.7863 8.1659, -2.0534 0.7164 8.1659, -2.222 0.6207 8.1659, -2.3746 0.5014 8.1659, -2.5081 0.3608 8.1659, -0.6166 0.4893 8.1784, -0.7674 0.6072 8.1784, -0.9339 0.7017 8.1784, -1.1125 0.7707 8.1784, -1.2992 0.8127 8.1784, -1.4902 0.8268 8.1784, -1.6811 0.8127 8.1784, -1.8678 0.7707 8.1784, -2.0464 0.7017 8.1784, -2.2129 0.6072 8.1784, -2.3637 0.4893 8.1784, -2.4955 0.3505 8.1784, -0.6294 0.4752 8.1863, -0.778 0.5914 8.1863, -0.942 0.6845 8.1863, -1.118 0.7525 8.1863, -1.302 0.7939 8.1863, -1.4902 0.8078 8.1863, -1.6783 0.7939 8.1863, -1.8623 0.7525 8.1863, -2.0383 0.6845 8.1863, -2.2023 0.5914 8.1863, -2.3509 0.4752 8.1863, -2.4808 0.3385 8.1863, -0.5153 0.3255 8.189, -0.6431 0.4601 8.189, -0.7893 0.5745 8.189, -0.9508 0.6661 8.189, -1.1239 0.733 8.189, -1.305 0.7737 8.189, -1.4902 0.7874 8.189, -1.6753 0.7737 8.189, -1.8564 0.733 8.189, -2.0295 0.6661 8.189, -2.191 0.5745 8.189, -2.3372 0.4601 8.189, -2.465 0.3255 8.189, -0.3647 0.1179 8.189, -0.3504 0.1325 8.1863, -0.3371 0.1461 8.1784, -0.3257 0.1577 8.1659, -0.317 0.1667 8.1496, -0.3115 0.1723 8.1306, -0.3096 0.1742 8.1102, -0.308 0.0753 8.189, -0.2979 0.093 8.1863, -0.2886 0.1095 8.1784, -0.2805 0.1237 8.1659, -0.2744 0.1346 8.1496, -0.2705 0.1414 8.1306, -0.2691 0.1438 8.1102, -0.2423 0.0485 8.189, -0.2371 0.0682 8.1863, -0.2323 0.0866 8.1784, -0.2281 0.1023 8.1659, -0.2249 0.1144 8.1496, -0.2229 0.122 8.1306, -0.2222 0.1246 8.1102, -0.172 0.0394 8.189, -0.172 0.0597 8.1863, -0.172 0.0787 8.1784, -0.172 0.095 8.1659, -0.172 0.1076 8.1496, -0.172 0.1154 8.1306, -0.172 0.1181 8.1102, 0.1917 0.1181 8.1102, 0.1917 0.1154 8.1306, 0.1917 0.1076 8.1496, 0.1917 0.095 8.1659, 0.1917 0.0787 8.1784, 0.1917 0.0597 8.1863, 0.1917 0.0394 8.189, 0.262 0.0485 8.189, 0.2568 0.0682 8.1863, 0.252 0.0866 8.1784, 0.2478 0.1023 8.1659, 0.2446 0.1144 8.1496, 0.2426 0.122 8.1306, 0.2419 0.1246 8.1102, 0.3277 0.0753 8.189, 0.3176 0.093 8.1863, 0.3083 0.1095 8.1784, 0.3002 0.1237 8.1659, 0.294 0.1346 8.1496, 0.2902 0.1414 8.1306, 0.2888 0.1438 8.1102, 0.3844 0.1179 8.189, 0.3701 0.1325 8.1863, 0.3568 0.1461 8.1784, 0.3454 0.1577 8.1659, 0.3367 0.1667 8.1496, 0.3312 0.1723 8.1306, 0.3293 0.1742 8.1102, 0.4283 0.1736 8.189, 0.4108 0.1841 8.1863, 0.3945 0.1938 8.1784, 0.3805 0.2022 8.1659, 0.3697 0.2086 8.1496, 0.363 0.2126 8.1306, 0.3607 0.214 8.1102, 2.5914 0.1736 8.189, 2.6089 0.1841 8.1863, 2.5005 0.3385 8.1863, 2.6252 0.1938 8.1784, 2.5152 0.3505 8.1784, 2.6392 0.2022 8.1659, 2.5278 0.3608 8.1659, 2.65 0.2086 8.1496, 2.5375 0.3687 8.1496, 2.6567 0.2126 8.1306, 2.5436 0.3737 8.1306, 2.2855 0.6156 8.1102, 2.253 0.6377 8.1306, 2.4098 0.5184 8.1102, 2.408 0.5164 8.1306, 2.4914 0.4326 8.1102, 2.5457 0.3754 8.1102, 2.659 0.214 8.1102, 1.7835 0.8343 8.1102, 1.7061 0.849 8.1306, 1.8982 0.8058 8.1306, 2.2545 0.6399 8.1102, 2.0829 0.7373 8.1102, 2.0818 0.7348 8.1306, 2.0462 0.7515 8.1102, 1.899 0.8083 8.1102, 1.7065 0.8516 8.1102, 1.5098 0.8661 8.1102, 1.5098 0.8635 8.1306, 1.3132 0.8516 8.1102, 1.3135 0.849 8.1306, 1.2362 0.8343 8.1102, 1.1215 0.8058 8.1306, 1.1207 0.8083 8.1102, 0.9379 0.7348 8.1306, 0.9735 0.7515 8.1102, 0.5283 0.4326 8.1102, 0.4761 0.3737 8.1306, 0.6117 0.5164 8.1306, 0.9368 0.7373 8.1102, 0.7652 0.6399 8.1102, 0.7667 0.6377 8.1306, 0.7342 0.6156 8.1102, 0.6099 0.5184 8.1102, 0.474 0.3754 8.1102, 2.4027 0.5106 8.1496, 2.2486 0.6311 8.1496, 2.0784 0.7277 8.1496, 1.8959 0.7982 8.1496, 1.705 0.8412 8.1496, 1.5098 0.8556 8.1496, 1.3147 0.8412 8.1496, 1.1238 0.7982 8.1496, 0.9413 0.7277 8.1496, 0.7711 0.6311 8.1496, 0.6169 0.5106 8.1496, 0.4822 0.3687 8.1496, 2.3943 0.5014 8.1659, 2.2416 0.6207 8.1659, 2.0731 0.7164 8.1659, 1.8923 0.7863 8.1659, 1.7032 0.8288 8.1659, 1.5098 0.8431 8.1659, 1.3165 0.8288 8.1659, 1.1274 0.7863 8.1659, 0.9466 0.7164 8.1659, 0.778 0.6207 8.1659, 0.6254 0.5014 8.1659, 0.4919 0.3608 8.1659, 2.3834 0.4893 8.1784, 2.2326 0.6072 8.1784, 2.0661 0.7017 8.1784, 1.8875 0.7707 8.1784, 1.7008 0.8127 8.1784, 1.5098 0.8268 8.1784, 1.3189 0.8127 8.1784, 1.1322 0.7707 8.1784, 0.9536 0.7017 8.1784, 0.7871 0.6072 8.1784, 0.6363 0.4893 8.1784, 0.5045 0.3505 8.1784, 2.3706 0.4752 8.1863, 2.222 0.5914 8.1863, 2.058 0.6845 8.1863, 1.882 0.7525 8.1863, 1.698 0.7939 8.1863, 1.5098 0.8078 8.1863, 1.3217 0.7939 8.1863, 1.1377 0.7525 8.1863, 0.9617 0.6845 8.1863, 0.7977 0.5914 8.1863, 0.6491 0.4752 8.1863, 0.5192 0.3385 8.1863, 2.4847 0.3255 8.189, 2.3569 0.4601 8.189, 2.2107 0.5745 8.189, 2.0492 0.6661 8.189, 1.8761 0.733 8.189, 1.695 0.7737 8.189, 1.5098 0.7874 8.189, 1.3247 0.7737 8.189, 1.1436 0.733 8.189, 0.9705 0.6661 8.189, 0.809 0.5745 8.189, 0.6628 0.4601 8.189, 0.535 0.3255 8.189, 2.6353 0.1179 8.189, 2.6496 0.1325 8.1863, 2.6629 0.1461 8.1784, 2.6743 0.1577 8.1659, 2.683 0.1667 8.1496, 2.6885 0.1723 8.1306, 2.6904 0.1742 8.1102, 2.692 0.0753 8.189, 2.7021 0.093 8.1863, 2.7114 0.1095 8.1784, 2.7195 0.1237 8.1659, 2.7256 0.1346 8.1496, 2.7295 0.1414 8.1306, 2.7309 0.1438 8.1102, 2.7577 0.0485 8.189, 2.7629 0.0682 8.1863, 2.7677 0.0866 8.1784, 2.7719 0.1023 8.1659, 2.7751 0.1144 8.1496, 2.7771 0.122 8.1306, 2.7778 0.1246 8.1102, 2.828 0.0394 8.189, 2.828 0.0597 8.1863, 2.828 0.0787 8.1784, 2.828 0.095 8.1659, 2.828 0.1076 8.1496, 2.828 0.1154 8.1306, 2.828 0.1181 8.1102, 3.0098 0.1181 8.1102, 3.0098 0.1154 8.1306, 3.0098 0.1076 8.1496, 3.0098 0.095 8.1659, 3.0098 0.0787 8.1784, 3.0098 0.0597 8.1863, 3.0098 0.0394 8.189, -2.9902 -1.063 8.1102, -2.8083 -1.063 8.1102, -2.8083 -1.0603 8.1306, -2.9902 -1.0603 8.1306, -2.8083 -1.0524 8.1496, -2.9902 -1.0524 8.1496, -2.8083 -1.0399 8.1659, -2.9902 -1.0399 8.1659, -2.8083 -1.0236 8.1784, -2.9902 -1.0236 8.1784, -2.8083 -1.0046 8.1863, -2.9902 -1.0046 8.1863, -2.8083 -0.9843 8.189, -2.9902 -0.9843 8.189, -2.5717 -1.1185 8.189, -2.6156 -1.0628 8.189, -2.5892 -1.129 8.1863, -2.6299 -1.0774 8.1863, -2.6055 -1.1387 8.1784, -2.6432 -1.091 8.1784, -2.6195 -1.1471 8.1659, -2.6546 -1.1026 8.1659, -2.6303 -1.1535 8.1496, -2.6633 -1.1116 8.1496, -2.637 -1.1575 8.1306, -2.6688 -1.1172 8.1306, -2.6393 -1.1589 8.1102, -2.6707 -1.1191 8.1102, -2.6723 -1.0202 8.189, -2.6824 -1.0379 8.1863, -2.6917 -1.0544 8.1784, -2.6998 -1.0686 8.1659, -2.706 -1.0795 8.1496, -2.7098 -1.0863 8.1306, -2.7112 -1.0886 8.1102, -2.738 -0.9934 8.189, -2.7432 -1.0131 8.1863, -2.748 -1.0314 8.1784, -2.7522 -1.0472 8.1659, -2.7554 -1.0593 8.1496, -2.7574 -1.0669 8.1306, -2.7581 -1.0695 8.1102, -2.4808 -1.2833 8.1863, -2.4955 -1.2954 8.1784, -2.5081 -1.3057 8.1659, -2.5178 -1.3136 8.1496, -2.5239 -1.3186 8.1306, -2.2658 -1.5605 8.1102, -2.2333 -1.5826 8.1306, -2.3901 -1.4633 8.1102, -2.3883 -1.4613 8.1306, -2.4717 -1.3775 8.1102, -2.526 -1.3203 8.1102, -1.7638 -1.7792 8.1102, -1.6865 -1.7938 8.1306, -1.8785 -1.7507 8.1306, -2.2348 -1.5848 8.1102, -2.0632 -1.6821 8.1102, -2.0621 -1.6797 8.1306, -2.0265 -1.6963 8.1102, -1.8793 -1.7532 8.1102, -1.6868 -1.7965 8.1102, -1.4902 -1.811 8.1102, -1.4902 -1.8083 8.1306, -1.2935 -1.7965 8.1102, -1.2939 -1.7938 8.1306, -1.2165 -1.7792 8.1102, -1.1018 -1.7507 8.1306, -1.101 -1.7532 8.1102, -0.9182 -1.6797 8.1306, -0.9538 -1.6963 8.1102, -0.5086 -1.3775 8.1102, -0.4564 -1.3186 8.1306, -0.592 -1.4613 8.1306, -0.9171 -1.6821 8.1102, -0.7455 -1.5848 8.1102, -0.747 -1.5826 8.1306, -0.7145 -1.5605 8.1102, -0.5902 -1.4633 8.1102, -0.4543 -1.3203 8.1102, -0.341 -1.1589 8.1102, -0.3433 -1.1575 8.1306, -2.3831 -1.4555 8.1496, -2.2289 -1.576 8.1496, -2.0587 -1.6726 8.1496, -1.8762 -1.7431 8.1496, -1.6853 -1.7861 8.1496, -1.4902 -1.8005 8.1496, -1.295 -1.7861 8.1496, -1.1041 -1.7431 8.1496, -0.9216 -1.6726 8.1496, -0.7514 -1.576 8.1496, -0.5973 -1.4555 8.1496, -0.4625 -1.3136 8.1496, -0.35 -1.1535 8.1496, -2.3746 -1.4462 8.1659, -2.222 -1.5656 8.1659, -2.0534 -1.6613 8.1659, -1.8726 -1.7312 8.1659, -1.6835 -1.7737 8.1659, -1.4902 -1.788 8.1659, -1.2968 -1.7737 8.1659, -1.1077 -1.7312 8.1659, -0.9269 -1.6613 8.1659, -0.7584 -1.5656 8.1659, -0.6057 -1.4462 8.1659, -0.4722 -1.3057 8.1659, -0.3608 -1.1471 8.1659, -2.3637 -1.4342 8.1784, -2.2129 -1.5521 8.1784, -2.0464 -1.6466 8.1784, -1.8678 -1.7155 8.1784, -1.6811 -1.7576 8.1784, -1.4902 -1.7717 8.1784, -1.2992 -1.7576 8.1784, -1.1125 -1.7155 8.1784, -0.9339 -1.6466 8.1784, -0.7674 -1.5521 8.1784, -0.6166 -1.4342 8.1784, -0.4848 -1.2954 8.1784, -0.3748 -1.1387 8.1784, -2.3509 -1.4201 8.1863, -2.2023 -1.5363 8.1863, -2.0383 -1.6294 8.1863, -1.8623 -1.6974 8.1863, -1.6783 -1.7388 8.1863, -1.4902 -1.7527 8.1863, -1.302 -1.7388 8.1863, -1.118 -1.6974 8.1863, -0.942 -1.6294 8.1863, -0.778 -1.5363 8.1863, -0.6294 -1.4201 8.1863, -0.4995 -1.2833 8.1863, -0.3911 -1.129 8.1863, -2.465 -1.2704 8.189, -2.3372 -1.405 8.189, -2.191 -1.5194 8.189, -2.0295 -1.611 8.189, -1.8564 -1.6779 8.189, -1.6753 -1.7186 8.189, -1.4902 -1.7323 8.189, -1.305 -1.7186 8.189, -1.1239 -1.6779 8.189, -0.9508 -1.611 8.189, -0.7893 -1.5194 8.189, -0.6431 -1.405 8.189, -0.5153 -1.2704 8.189, -0.4086 -1.1185 8.189, -0.172 -0.9843 8.189, -0.2423 -0.9934 8.189, -0.172 -1.0046 8.1863, -0.2371 -1.0131 8.1863, -0.172 -1.0236 8.1784, -0.2323 -1.0314 8.1784, -0.172 -1.0399 8.1659, -0.2281 -1.0472 8.1659, -0.172 -1.0524 8.1496, -0.2249 -1.0593 8.1496, -0.172 -1.0603 8.1306, -0.2229 -1.0669 8.1306, -0.172 -1.063 8.1102, -0.2222 -1.0695 8.1102, -0.308 -1.0202 8.189, -0.2979 -1.0379 8.1863, -0.2886 -1.0544 8.1784, -0.2805 -1.0686 8.1659, -0.2744 -1.0795 8.1496, -0.2705 -1.0863 8.1306, -0.2691 -1.0886 8.1102, -0.3647 -1.0628 8.189, -0.3504 -1.0774 8.1863, -0.3371 -1.091 8.1784, -0.3257 -1.1026 8.1659, -0.317 -1.1116 8.1496, -0.3115 -1.1172 8.1306, -0.3096 -1.1191 8.1102, 0.1917 -1.063 8.1102, 0.1917 -1.0603 8.1306, 0.1917 -1.0524 8.1496, 0.1917 -1.0399 8.1659, 0.1917 -1.0236 8.1784, 0.1917 -1.0046 8.1863, 0.1917 -0.9843 8.189, 0.4283 -1.1185 8.189, 0.3844 -1.0628 8.189, 0.4108 -1.129 8.1863, 0.3701 -1.0774 8.1863, 0.3945 -1.1387 8.1784, 0.3568 -1.091 8.1784, 0.3805 -1.1471 8.1659, 0.3454 -1.1026 8.1659, 0.3697 -1.1535 8.1496, 0.3367 -1.1116 8.1496, 0.363 -1.1575 8.1306, 0.3312 -1.1172 8.1306, 0.3607 -1.1589 8.1102, 0.3293 -1.1191 8.1102, 0.3277 -1.0202 8.189, 0.3176 -1.0379 8.1863, 0.3083 -1.0544 8.1784, 0.3002 -1.0686 8.1659, 0.294 -1.0795 8.1496, 0.2902 -1.0863 8.1306, 0.2888 -1.0886 8.1102, 0.262 -0.9934 8.189, 0.2568 -1.0131 8.1863, 0.252 -1.0314 8.1784, 0.2478 -1.0472 8.1659, 0.2446 -1.0593 8.1496, 0.2426 -1.0669 8.1306, 0.2419 -1.0695 8.1102, 0.5192 -1.2833 8.1863, 0.5045 -1.2954 8.1784, 0.4919 -1.3057 8.1659, 0.4822 -1.3136 8.1496, 0.4761 -1.3186 8.1306, 0.7342 -1.5605 8.1102, 0.7667 -1.5826 8.1306, 0.6099 -1.4633 8.1102, 0.6117 -1.4613 8.1306, 0.5283 -1.3775 8.1102, 0.474 -1.3203 8.1102, 1.2362 -1.7792 8.1102, 1.3135 -1.7938 8.1306, 1.1215 -1.7507 8.1306, 0.7652 -1.5848 8.1102, 0.9368 -1.6821 8.1102, 0.9379 -1.6797 8.1306, 0.9735 -1.6963 8.1102, 1.1207 -1.7532 8.1102, 1.3132 -1.7965 8.1102, 1.5098 -1.811 8.1102, 1.5098 -1.8083 8.1306, 1.7065 -1.7965 8.1102, 1.7061 -1.7938 8.1306, 1.7835 -1.7792 8.1102, 1.8982 -1.7507 8.1306, 1.899 -1.7532 8.1102, 2.0818 -1.6797 8.1306, 2.0462 -1.6963 8.1102, 2.4914 -1.3775 8.1102, 2.5436 -1.3186 8.1306, 2.408 -1.4613 8.1306, 2.0829 -1.6821 8.1102, 2.2545 -1.5848 8.1102, 2.253 -1.5826 8.1306, 2.2855 -1.5605 8.1102, 2.4098 -1.4633 8.1102, 2.5457 -1.3203 8.1102, 2.659 -1.1589 8.1102, 2.6567 -1.1575 8.1306, 0.6169 -1.4555 8.1496, 0.7711 -1.576 8.1496, 0.9413 -1.6726 8.1496, 1.1238 -1.7431 8.1496, 1.3147 -1.7861 8.1496, 1.5098 -1.8005 8.1496, 1.705 -1.7861 8.1496, 1.8959 -1.7431 8.1496, 2.0784 -1.6726 8.1496, 2.2486 -1.576 8.1496, 2.4027 -1.4555 8.1496, 2.5375 -1.3136 8.1496, 2.65 -1.1535 8.1496, 0.6254 -1.4462 8.1659, 0.778 -1.5656 8.1659, 0.9466 -1.6613 8.1659, 1.1274 -1.7312 8.1659, 1.3165 -1.7737 8.1659, 1.5098 -1.788 8.1659, 1.7032 -1.7737 8.1659, 1.8923 -1.7312 8.1659, 2.0731 -1.6613 8.1659, 2.2416 -1.5656 8.1659, 2.3943 -1.4462 8.1659, 2.5278 -1.3057 8.1659, 2.6392 -1.1471 8.1659, 0.6363 -1.4342 8.1784, 0.7871 -1.5521 8.1784, 0.9536 -1.6466 8.1784, 1.1322 -1.7155 8.1784, 1.3189 -1.7576 8.1784, 1.5098 -1.7717 8.1784, 1.7008 -1.7576 8.1784, 1.8875 -1.7155 8.1784, 2.0661 -1.6466 8.1784, 2.2326 -1.5521 8.1784, 2.3834 -1.4342 8.1784, 2.5152 -1.2954 8.1784, 2.6252 -1.1387 8.1784, 0.6491 -1.4201 8.1863, 0.7977 -1.5363 8.1863, 0.9617 -1.6294 8.1863, 1.1377 -1.6974 8.1863, 1.3217 -1.7388 8.1863, 1.5098 -1.7527 8.1863, 1.698 -1.7388 8.1863, 1.882 -1.6974 8.1863, 2.058 -1.6294 8.1863, 2.222 -1.5363 8.1863, 2.3706 -1.4201 8.1863, 2.5005 -1.2833 8.1863, 2.6089 -1.129 8.1863, 0.535 -1.2704 8.189, 0.6628 -1.405 8.189, 0.809 -1.5194 8.189, 0.9705 -1.611 8.189, 1.1436 -1.6779 8.189, 1.3247 -1.7186 8.189, 1.5098 -1.7323 8.189, 1.695 -1.7186 8.189, 1.8761 -1.6779 8.189, 2.0492 -1.611 8.189, 2.2107 -1.5194 8.189, 2.3569 -1.405 8.189, 2.4847 -1.2704 8.189, 2.5914 -1.1185 8.189, 2.828 -0.9843 8.189, 2.7577 -0.9934 8.189, 2.828 -1.0046 8.1863, 2.7629 -1.0131 8.1863, 2.828 -1.0236 8.1784, 2.7677 -1.0314 8.1784, 2.828 -1.0399 8.1659, 2.7719 -1.0472 8.1659, 2.828 -1.0524 8.1496, 2.7751 -1.0593 8.1496, 2.828 -1.0603 8.1306, 2.7771 -1.0669 8.1306, 2.828 -1.063 8.1102, 2.7778 -1.0695 8.1102, 2.692 -1.0202 8.189, 2.7021 -1.0379 8.1863, 2.7114 -1.0544 8.1784, 2.7195 -1.0686 8.1659, 2.7256 -1.0795 8.1496, 2.7295 -1.0863 8.1306, 2.7309 -1.0886 8.1102, 2.6353 -1.0628 8.189, 2.6496 -1.0774 8.1863, 2.6629 -1.091 8.1784, 2.6743 -1.1026 8.1659, 2.683 -1.1116 8.1496, 2.6885 -1.1172 8.1306, 2.6904 -1.1191 8.1102, 3.0098 -1.063 8.1102, 3.0098 -1.0603 8.1306, 3.0098 -1.0524 8.1496, 3.0098 -1.0399 8.1659, 3.0098 -1.0236 8.1784, 3.0098 -1.0046 8.1863, 3.0098 -0.9843 8.189
            ]
        }
        coordIndex [
            0,1,2,-1,0,2,3,-1,3,2,4,-1,3,4,5,-1,5,4,6,-1,5,6,7,-1,7,6,8,-1,7,8,9,-1,9,8,10,-1,9,10,11,-1,11,10,12,-1,11,12,13,-1,13,14,11,-1,11,14,15,-1,11,15,9,-1,9,15,16,-1,9,16,7,-1,7,16,17,-1,7,17,5,-1,5,17,18,-1,5,18,3,-1,3,18,19,-1,3,19,0,-1,0,19,20,-1,14,21,15,-1,15,21,22,-1,15,22,16,-1,16,22,23,-1,16,23,17,-1,17,23,24,-1,17,24,18,-1,18,24,25,-1,18,25,19,-1,19,25,26,-1,19,26,20,-1,20,26,27,-1,21,28,22,-1,22,28,29,-1,22,29,23,-1,23,29,30,-1,23,30,24,-1,24,30,31,-1,24,31,25,-1,25,31,32,-1,25,32,26,-1,26,32,33,-1,26,33,27,-1,27,33,34,-1,28,35,29,-1,29,35,36,-1,29,36,30,-1,30,36,37,-1,30,37,31,-1,31,37,38,-1,31,38,32,-1,32,38,39,-1,32,39,33,-1,33,39,40,-1,33,40,34,-1,34,40,41,-1,42,43,44,-1,43,45,46,-1,45,47,48,-1,47,49,50,-1,49,51,52,-1,53,54,55,-1,55,54,56,-1,55,56,57,-1,57,56,52,-1,57,52,58,-1,58,52,51,-1,58,51,59,-1,60,61,62,-1,53,63,54,-1,54,63,64,-1,54,64,65,-1,65,64,66,-1,65,66,62,-1,62,66,67,-1,62,67,60,-1,60,68,61,-1,61,68,69,-1,61,69,70,-1,70,69,71,-1,70,71,72,-1,72,71,73,-1,72,73,74,-1,74,73,75,-1,74,75,76,-1,76,75,77,-1,78,79,80,-1,77,81,76,-1,76,81,82,-1,76,82,83,-1,83,82,84,-1,83,84,80,-1,80,84,85,-1,80,85,78,-1,78,86,79,-1,79,86,41,-1,79,41,40,-1,49,52,50,-1,50,52,56,-1,50,56,87,-1,87,56,54,-1,87,54,88,-1,88,54,65,-1,88,65,89,-1,89,65,62,-1,89,62,90,-1,90,62,61,-1,90,61,91,-1,91,61,70,-1,91,70,92,-1,92,70,72,-1,92,72,93,-1,93,72,74,-1,93,74,94,-1,94,74,76,-1,94,76,95,-1,95,76,83,-1,95,83,96,-1,96,83,80,-1,96,80,97,-1,97,80,79,-1,97,79,98,-1,98,79,40,-1,98,40,39,-1,47,50,48,-1,48,50,87,-1,48,87,99,-1,99,87,88,-1,99,88,100,-1,100,88,89,-1,100,89,101,-1,101,89,90,-1,101,90,102,-1,102,90,91,-1,102,91,103,-1,103,91,92,-1,103,92,104,-1,104,92,93,-1,104,93,105,-1,105,93,94,-1,105,94,106,-1,106,94,95,-1,106,95,107,-1,107,95,96,-1,107,96,108,-1,108,96,97,-1,108,97,109,-1,109,97,98,-1,109,98,110,-1,110,98,39,-1,110,39,38,-1,45,48,46,-1,46,48,99,-1,46,99,111,-1,111,99,100,-1,111,100,112,-1,112,100,101,-1,112,101,113,-1,113,101,102,-1,113,102,114,-1,114,102,103,-1,114,103,115,-1,115,103,104,-1,115,104,116,-1,116,104,105,-1,116,105,117,-1,117,105,106,-1,117,106,118,-1,118,106,107,-1,118,107,119,-1,119,107,108,-1,119,108,120,-1,120,108,109,-1,120,109,121,-1,121,109,110,-1,121,110,122,-1,122,110,38,-1,122,38,37,-1,43,46,44,-1,44,46,111,-1,44,111,123,-1,123,111,112,-1,123,112,124,-1,124,112,113,-1,124,113,125,-1,125,113,114,-1,125,114,126,-1,126,114,115,-1,126,115,127,-1,127,115,116,-1,127,116,128,-1,128,116,117,-1,128,117,129,-1,129,117,118,-1,129,118,130,-1,130,118,119,-1,130,119,131,-1,131,119,120,-1,131,120,132,-1,132,120,121,-1,132,121,133,-1,133,121,122,-1,133,122,134,-1,134,122,37,-1,134,37,36,-1,42,44,135,-1,135,44,123,-1,135,123,136,-1,136,123,124,-1,136,124,137,-1,137,124,125,-1,137,125,138,-1,138,125,126,-1,138,126,139,-1,139,126,127,-1,139,127,140,-1,140,127,128,-1,140,128,141,-1,141,128,129,-1,141,129,142,-1,142,129,130,-1,142,130,143,-1,143,130,131,-1,143,131,144,-1,144,131,132,-1,144,132,145,-1,145,132,133,-1,145,133,146,-1,146,133,134,-1,146,134,147,-1,147,134,36,-1,147,36,35,-1,42,148,43,-1,43,148,149,-1,43,149,45,-1,45,149,150,-1,45,150,47,-1,47,150,151,-1,47,151,49,-1,49,151,152,-1,49,152,51,-1,51,152,153,-1,51,153,59,-1,59,153,154,-1,148,155,149,-1,149,155,156,-1,149,156,150,-1,150,156,157,-1,150,157,151,-1,151,157,158,-1,151,158,152,-1,152,158,159,-1,152,159,153,-1,153,159,160,-1,153,160,154,-1,154,160,161,-1,155,162,156,-1,156,162,163,-1,156,163,157,-1,157,163,164,-1,157,164,158,-1,158,164,165,-1,158,165,159,-1,159,165,166,-1,159,166,160,-1,160,166,167,-1,160,167,161,-1,161,167,168,-1,162,169,163,-1,163,169,170,-1,163,170,164,-1,164,170,171,-1,164,171,165,-1,165,171,172,-1,165,172,166,-1,166,172,173,-1,166,173,167,-1,167,173,174,-1,167,174,168,-1,168,174,175,-1,176,175,174,-1,176,174,177,-1,177,174,173,-1,177,173,178,-1,178,173,172,-1,178,172,179,-1,179,172,171,-1,179,171,180,-1,180,171,170,-1,180,170,181,-1,181,170,169,-1,181,169,182,-1,182,183,181,-1,181,183,184,-1,181,184,180,-1,180,184,185,-1,180,185,179,-1,179,185,186,-1,179,186,178,-1,178,186,187,-1,178,187,177,-1,177,187,188,-1,177,188,176,-1,176,188,189,-1,183,190,184,-1,184,190,191,-1,184,191,185,-1,185,191,192,-1,185,192,186,-1,186,192,193,-1,186,193,187,-1,187,193,194,-1,187,194,188,-1,188,194,195,-1,188,195,189,-1,189,195,196,-1,190,197,191,-1,191,197,198,-1,191,198,192,-1,192,198,199,-1,192,199,193,-1,193,199,200,-1,193,200,194,-1,194,200,201,-1,194,201,195,-1,195,201,202,-1,195,202,196,-1,196,202,203,-1,197,204,198,-1,198,204,205,-1,198,205,199,-1,199,205,206,-1,199,206,200,-1,200,206,207,-1,200,207,201,-1,201,207,208,-1,201,208,202,-1,202,208,209,-1,202,209,203,-1,203,209,210,-1,211,212,213,-1,212,214,215,-1,214,216,217,-1,216,218,219,-1,218,220,221,-1,222,223,224,-1,224,223,225,-1,224,225,226,-1,226,225,221,-1,226,221,227,-1,227,221,220,-1,227,220,228,-1,229,230,231,-1,222,232,223,-1,223,232,233,-1,223,233,234,-1,234,233,235,-1,234,235,231,-1,231,235,236,-1,231,236,229,-1,229,237,230,-1,230,237,238,-1,230,238,239,-1,239,238,240,-1,239,240,241,-1,241,240,242,-1,241,242,243,-1,243,242,244,-1,243,244,245,-1,245,244,246,-1,247,248,249,-1,246,250,245,-1,245,250,251,-1,245,251,252,-1,252,251,253,-1,252,253,249,-1,249,253,254,-1,249,254,247,-1,247,255,248,-1,248,255,210,-1,248,210,209,-1,218,221,219,-1,219,221,225,-1,219,225,256,-1,256,225,223,-1,256,223,257,-1,257,223,234,-1,257,234,258,-1,258,234,231,-1,258,231,259,-1,259,231,230,-1,259,230,260,-1,260,230,239,-1,260,239,261,-1,261,239,241,-1,261,241,262,-1,262,241,243,-1,262,243,263,-1,263,243,245,-1,263,245,264,-1,264,245,252,-1,264,252,265,-1,265,252,249,-1,265,249,266,-1,266,249,248,-1,266,248,267,-1,267,248,209,-1,267,209,208,-1,216,219,217,-1,217,219,256,-1,217,256,268,-1,268,256,257,-1,268,257,269,-1,269,257,258,-1,269,258,270,-1,270,258,259,-1,270,259,271,-1,271,259,260,-1,271,260,272,-1,272,260,261,-1,272,261,273,-1,273,261,262,-1,273,262,274,-1,274,262,263,-1,274,263,275,-1,275,263,264,-1,275,264,276,-1,276,264,265,-1,276,265,277,-1,277,265,266,-1,277,266,278,-1,278,266,267,-1,278,267,279,-1,279,267,208,-1,279,208,207,-1,214,217,215,-1,215,217,268,-1,215,268,280,-1,280,268,269,-1,280,269,281,-1,281,269,270,-1,281,270,282,-1,282,270,271,-1,282,271,283,-1,283,271,272,-1,283,272,284,-1,284,272,273,-1,284,273,285,-1,285,273,274,-1,285,274,286,-1,286,274,275,-1,286,275,287,-1,287,275,276,-1,287,276,288,-1,288,276,277,-1,288,277,289,-1,289,277,278,-1,289,278,290,-1,290,278,279,-1,290,279,291,-1,291,279,207,-1,291,207,206,-1,212,215,213,-1,213,215,280,-1,213,280,292,-1,292,280,281,-1,292,281,293,-1,293,281,282,-1,293,282,294,-1,294,282,283,-1,294,283,295,-1,295,283,284,-1,295,284,296,-1,296,284,285,-1,296,285,297,-1,297,285,286,-1,297,286,298,-1,298,286,287,-1,298,287,299,-1,299,287,288,-1,299,288,300,-1,300,288,289,-1,300,289,301,-1,301,289,290,-1,301,290,302,-1,302,290,291,-1,302,291,303,-1,303,291,206,-1,303,206,205,-1,211,213,304,-1,304,213,292,-1,304,292,305,-1,305,292,293,-1,305,293,306,-1,306,293,294,-1,306,294,307,-1,307,294,295,-1,307,295,308,-1,308,295,296,-1,308,296,309,-1,309,296,297,-1,309,297,310,-1,310,297,298,-1,310,298,311,-1,311,298,299,-1,311,299,312,-1,312,299,300,-1,312,300,313,-1,313,300,301,-1,313,301,314,-1,314,301,302,-1,314,302,315,-1,315,302,303,-1,315,303,316,-1,316,303,205,-1,316,205,204,-1,211,317,212,-1,212,317,318,-1,212,318,214,-1,214,318,319,-1,214,319,216,-1,216,319,320,-1,216,320,218,-1,218,320,321,-1,218,321,220,-1,220,321,322,-1,220,322,228,-1,228,322,323,-1,317,324,318,-1,318,324,325,-1,318,325,319,-1,319,325,326,-1,319,326,320,-1,320,326,327,-1,320,327,321,-1,321,327,328,-1,321,328,322,-1,322,328,329,-1,322,329,323,-1,323,329,330,-1,324,331,325,-1,325,331,332,-1,325,332,326,-1,326,332,333,-1,326,333,327,-1,327,333,334,-1,327,334,328,-1,328,334,335,-1,328,335,329,-1,329,335,336,-1,329,336,330,-1,330,336,337,-1,331,338,332,-1,332,338,339,-1,332,339,333,-1,333,339,340,-1,333,340,334,-1,334,340,341,-1,334,341,335,-1,335,341,342,-1,335,342,336,-1,336,342,343,-1,336,343,337,-1,337,343,344,-1,345,344,343,-1,345,343,346,-1,346,343,342,-1,346,342,347,-1,347,342,341,-1,347,341,348,-1,348,341,340,-1,348,340,349,-1,349,340,339,-1,349,339,350,-1,350,339,338,-1,350,338,351,-1,352,353,354,-1,352,354,355,-1,355,354,356,-1,355,356,357,-1,357,356,358,-1,357,358,359,-1,359,358,360,-1,359,360,361,-1,361,360,362,-1,361,362,363,-1,363,362,364,-1,363,364,365,-1,366,367,368,-1,368,367,369,-1,368,369,370,-1,370,369,371,-1,370,371,372,-1,372,371,373,-1,372,373,374,-1,374,373,375,-1,374,375,376,-1,376,375,377,-1,376,377,378,-1,378,377,379,-1,367,380,369,-1,369,380,381,-1,369,381,371,-1,371,381,382,-1,371,382,373,-1,373,382,383,-1,373,383,375,-1,375,383,384,-1,375,384,377,-1,377,384,385,-1,377,385,379,-1,379,385,386,-1,380,387,381,-1,381,387,388,-1,381,388,382,-1,382,388,389,-1,382,389,383,-1,383,389,390,-1,383,390,384,-1,384,390,391,-1,384,391,385,-1,385,391,392,-1,385,392,386,-1,386,392,393,-1,387,364,388,-1,388,364,362,-1,388,362,389,-1,389,362,360,-1,389,360,390,-1,390,360,358,-1,390,358,391,-1,391,358,356,-1,391,356,392,-1,392,356,354,-1,392,354,393,-1,393,354,353,-1,366,368,394,-1,368,370,395,-1,370,372,396,-1,372,374,397,-1,374,376,398,-1,399,400,401,-1,401,400,402,-1,401,402,403,-1,403,402,398,-1,403,398,404,-1,404,398,376,-1,404,376,378,-1,405,406,407,-1,399,408,400,-1,400,408,409,-1,400,409,410,-1,410,409,411,-1,410,411,407,-1,407,411,412,-1,407,412,405,-1,405,413,406,-1,406,413,414,-1,406,414,415,-1,415,414,416,-1,415,416,417,-1,417,416,418,-1,417,418,419,-1,419,418,420,-1,419,420,421,-1,421,420,422,-1,423,424,425,-1,422,426,421,-1,421,426,427,-1,421,427,428,-1,428,427,429,-1,428,429,425,-1,425,429,430,-1,425,430,423,-1,423,431,424,-1,424,431,432,-1,424,432,433,-1,374,398,397,-1,397,398,402,-1,397,402,434,-1,434,402,400,-1,434,400,435,-1,435,400,410,-1,435,410,436,-1,436,410,407,-1,436,407,437,-1,437,407,406,-1,437,406,438,-1,438,406,415,-1,438,415,439,-1,439,415,417,-1,439,417,440,-1,440,417,419,-1,440,419,441,-1,441,419,421,-1,441,421,442,-1,442,421,428,-1,442,428,443,-1,443,428,425,-1,443,425,444,-1,444,425,424,-1,444,424,445,-1,445,424,433,-1,445,433,446,-1,372,397,396,-1,396,397,434,-1,396,434,447,-1,447,434,435,-1,447,435,448,-1,448,435,436,-1,448,436,449,-1,449,436,437,-1,449,437,450,-1,450,437,438,-1,450,438,451,-1,451,438,439,-1,451,439,452,-1,452,439,440,-1,452,440,453,-1,453,440,441,-1,453,441,454,-1,454,441,442,-1,454,442,455,-1,455,442,443,-1,455,443,456,-1,456,443,444,-1,456,444,457,-1,457,444,445,-1,457,445,458,-1,458,445,446,-1,458,446,459,-1,370,396,395,-1,395,396,447,-1,395,447,460,-1,460,447,448,-1,460,448,461,-1,461,448,449,-1,461,449,462,-1,462,449,450,-1,462,450,463,-1,463,450,451,-1,463,451,464,-1,464,451,452,-1,464,452,465,-1,465,452,453,-1,465,453,466,-1,466,453,454,-1,466,454,467,-1,467,454,455,-1,467,455,468,-1,468,455,456,-1,468,456,469,-1,469,456,457,-1,469,457,470,-1,470,457,458,-1,470,458,471,-1,471,458,459,-1,471,459,472,-1,368,395,394,-1,394,395,460,-1,394,460,473,-1,473,460,461,-1,473,461,474,-1,474,461,462,-1,474,462,475,-1,475,462,463,-1,475,463,476,-1,476,463,464,-1,476,464,477,-1,477,464,465,-1,477,465,478,-1,478,465,466,-1,478,466,479,-1,479,466,467,-1,479,467,480,-1,480,467,468,-1,480,468,481,-1,481,468,469,-1,481,469,482,-1,482,469,470,-1,482,470,483,-1,483,470,471,-1,483,471,484,-1,484,471,472,-1,484,472,485,-1,366,394,486,-1,486,394,473,-1,486,473,487,-1,487,473,474,-1,487,474,488,-1,488,474,475,-1,488,475,489,-1,489,475,476,-1,489,476,490,-1,490,476,477,-1,490,477,491,-1,491,477,478,-1,491,478,492,-1,492,478,479,-1,492,479,493,-1,493,479,480,-1,493,480,494,-1,494,480,481,-1,494,481,495,-1,495,481,482,-1,495,482,496,-1,496,482,483,-1,496,483,497,-1,497,483,484,-1,497,484,498,-1,498,484,485,-1,498,485,499,-1,500,501,502,-1,502,501,503,-1,502,503,504,-1,504,503,505,-1,504,505,506,-1,506,505,507,-1,506,507,508,-1,508,507,509,-1,508,509,510,-1,510,509,511,-1,510,511,512,-1,512,511,513,-1,501,514,503,-1,503,514,515,-1,503,515,505,-1,505,515,516,-1,505,516,507,-1,507,516,517,-1,507,517,509,-1,509,517,518,-1,509,518,511,-1,511,518,519,-1,511,519,513,-1,513,519,520,-1,514,521,515,-1,515,521,522,-1,515,522,516,-1,516,522,523,-1,516,523,517,-1,517,523,524,-1,517,524,518,-1,518,524,525,-1,518,525,519,-1,519,525,526,-1,519,526,520,-1,520,526,527,-1,521,499,522,-1,522,499,485,-1,522,485,523,-1,523,485,472,-1,523,472,524,-1,524,472,459,-1,524,459,525,-1,525,459,446,-1,525,446,526,-1,526,446,433,-1,526,433,527,-1,527,433,432,-1,512,528,529,-1,512,529,510,-1,510,529,530,-1,510,530,508,-1,508,530,531,-1,508,531,506,-1,506,531,532,-1,506,532,504,-1,504,532,533,-1,504,533,502,-1,502,533,534,-1,502,534,500,-1,535,536,537,-1,537,536,538,-1,537,538,539,-1,539,538,540,-1,539,540,541,-1,541,540,542,-1,541,542,543,-1,543,542,544,-1,543,544,545,-1,545,544,546,-1,545,546,547,-1,547,546,548,-1,536,549,538,-1,538,549,550,-1,538,550,540,-1,540,550,551,-1,540,551,542,-1,542,551,552,-1,542,552,544,-1,544,552,553,-1,544,553,546,-1,546,553,554,-1,546,554,548,-1,548,554,555,-1,549,556,550,-1,550,556,557,-1,550,557,551,-1,551,557,558,-1,551,558,552,-1,552,558,559,-1,552,559,553,-1,553,559,560,-1,553,560,554,-1,554,560,561,-1,554,561,555,-1,555,561,562,-1,556,534,557,-1,557,534,533,-1,557,533,558,-1,558,533,532,-1,558,532,559,-1,559,532,531,-1,559,531,560,-1,560,531,530,-1,560,530,561,-1,561,530,529,-1,561,529,562,-1,562,529,528,-1,535,537,563,-1,537,539,564,-1,539,541,565,-1,541,543,566,-1,543,545,567,-1,568,569,570,-1,570,569,571,-1,570,571,572,-1,572,571,567,-1,572,567,573,-1,573,567,545,-1,573,545,547,-1,574,575,576,-1,568,577,569,-1,569,577,578,-1,569,578,579,-1,579,578,580,-1,579,580,576,-1,576,580,581,-1,576,581,574,-1,574,582,575,-1,575,582,583,-1,575,583,584,-1,584,583,585,-1,584,585,586,-1,586,585,587,-1,586,587,588,-1,588,587,589,-1,588,589,590,-1,590,589,591,-1,592,593,594,-1,591,595,590,-1,590,595,596,-1,590,596,597,-1,597,596,598,-1,597,598,594,-1,594,598,599,-1,594,599,592,-1,592,600,593,-1,593,600,601,-1,593,601,602,-1,543,567,566,-1,566,567,571,-1,566,571,603,-1,603,571,569,-1,603,569,604,-1,604,569,579,-1,604,579,605,-1,605,579,576,-1,605,576,606,-1,606,576,575,-1,606,575,607,-1,607,575,584,-1,607,584,608,-1,608,584,586,-1,608,586,609,-1,609,586,588,-1,609,588,610,-1,610,588,590,-1,610,590,611,-1,611,590,597,-1,611,597,612,-1,612,597,594,-1,612,594,613,-1,613,594,593,-1,613,593,614,-1,614,593,602,-1,614,602,615,-1,541,566,565,-1,565,566,603,-1,565,603,616,-1,616,603,604,-1,616,604,617,-1,617,604,605,-1,617,605,618,-1,618,605,606,-1,618,606,619,-1,619,606,607,-1,619,607,620,-1,620,607,608,-1,620,608,621,-1,621,608,609,-1,621,609,622,-1,622,609,610,-1,622,610,623,-1,623,610,611,-1,623,611,624,-1,624,611,612,-1,624,612,625,-1,625,612,613,-1,625,613,626,-1,626,613,614,-1,626,614,627,-1,627,614,615,-1,627,615,628,-1,539,565,564,-1,564,565,616,-1,564,616,629,-1,629,616,617,-1,629,617,630,-1,630,617,618,-1,630,618,631,-1,631,618,619,-1,631,619,632,-1,632,619,620,-1,632,620,633,-1,633,620,621,-1,633,621,634,-1,634,621,622,-1,634,622,635,-1,635,622,623,-1,635,623,636,-1,636,623,624,-1,636,624,637,-1,637,624,625,-1,637,625,638,-1,638,625,626,-1,638,626,639,-1,639,626,627,-1,639,627,640,-1,640,627,628,-1,640,628,641,-1,537,564,563,-1,563,564,629,-1,563,629,642,-1,642,629,630,-1,642,630,643,-1,643,630,631,-1,643,631,644,-1,644,631,632,-1,644,632,645,-1,645,632,633,-1,645,633,646,-1,646,633,634,-1,646,634,647,-1,647,634,635,-1,647,635,648,-1,648,635,636,-1,648,636,649,-1,649,636,637,-1,649,637,650,-1,650,637,638,-1,650,638,651,-1,651,638,639,-1,651,639,652,-1,652,639,640,-1,652,640,653,-1,653,640,641,-1,653,641,654,-1,535,563,655,-1,655,563,642,-1,655,642,656,-1,656,642,643,-1,656,643,657,-1,657,643,644,-1,657,644,658,-1,658,644,645,-1,658,645,659,-1,659,645,646,-1,659,646,660,-1,660,646,647,-1,660,647,661,-1,661,647,648,-1,661,648,662,-1,662,648,649,-1,662,649,663,-1,663,649,650,-1,663,650,664,-1,664,650,651,-1,664,651,665,-1,665,651,652,-1,665,652,666,-1,666,652,653,-1,666,653,667,-1,667,653,654,-1,667,654,668,-1,669,670,671,-1,671,670,672,-1,671,672,673,-1,673,672,674,-1,673,674,675,-1,675,674,676,-1,675,676,677,-1,677,676,678,-1,677,678,679,-1,679,678,680,-1,679,680,681,-1,681,680,682,-1,670,683,672,-1,672,683,684,-1,672,684,674,-1,674,684,685,-1,674,685,676,-1,676,685,686,-1,676,686,678,-1,678,686,687,-1,678,687,680,-1,680,687,688,-1,680,688,682,-1,682,688,689,-1,683,690,684,-1,684,690,691,-1,684,691,685,-1,685,691,692,-1,685,692,686,-1,686,692,693,-1,686,693,687,-1,687,693,694,-1,687,694,688,-1,688,694,695,-1,688,695,689,-1,689,695,696,-1,690,668,691,-1,691,668,654,-1,691,654,692,-1,692,654,641,-1,692,641,693,-1,693,641,628,-1,693,628,694,-1,694,628,615,-1,694,615,695,-1,695,615,602,-1,695,602,696,-1,696,602,601,-1,681,697,698,-1,681,698,679,-1,679,698,699,-1,679,699,677,-1,677,699,700,-1,677,700,675,-1,675,700,701,-1,675,701,673,-1,673,701,702,-1,673,702,671,-1,671,702,703,-1,671,703,669,-1,
        ]
    }
}