#VRML V2.0 utf8
# 3D model generated by kicad-lcsc-manager
# Based on easyeda2kicad.py v1.0.1

Shape{
    appearance Appearance {
        material  Material {
            diffuseColor 0.24705882352941178 0.49411764705882355 0.27450980392156865
            specularColor 0.01568627450980392 0.03529411764705882 0.0196078431372549
            ambientIntensity 0.5646
            transparency 0.0
            shininess 0.5
        }
    }
    geometry IndexedFaceSet {
        ccw TRUE
        solid FALSE
        coord DEF co Coordinate {
            point [
                -0.5079 -4.2811 3.0709, -0.5079 -4.2811 2.7559, 0.5079 -4.2811 3.0709, 0.5079 -4.2811 2.7559, 1.0034 -3.2736 -0.0394, 0.9931 -3.2654 -0.0394, 0.9931 -3.1296 -0.0394, 0.9931 -0.2654 -0.0394, 0.9931 -2.4142 -0.0394, 0.9898 -2.4135 -0.0394, 3.8031 -0.2654 -0.0394, 4.315 -0.2654 -0.0394, 4.315 -2.5188 -0.0394, 3.0034 -3.2736 -0.0394, 2.9931 -3.2654 -0.0394, 2.9931 -3.1296 -0.0394, 2.6213 -2.6826 -0.0394, 2.6215 -2.6831 -0.0394, 2.6215 -2.7296 -0.0394, 3.2362 -0.2654 -0.0394, 3.2362 0.522 -0.0394, 3.6592 0.522 -0.0394, -0.9966 -3.2736 -0.0394, -1.0069 -3.2654 -0.0394, -1.0069 -3.1296 -0.0394, -1.3787 -2.6826 -0.0394, -1.3785 -2.6831 -0.0394, -1.3785 -2.7296 -0.0394, -2.9966 -3.2736 -0.0394, -3.0069 -3.2654 -0.0394, -3.0069 -3.1296 -0.0394, -3.3787 -2.6826 -0.0394, -3.3785 -2.6831 -0.0394, -3.3785 -2.7296 -0.0394, -3.2266 -2.3813 -0.0394, -3.2452 -2.4583 -0.0394, -3.3641 -2.3479 -0.0394, -3.3296 -2.4764 -0.0394, -3.3785 -2.3454 -0.0394, -3.3916 -2.4919 -0.0394, -3.3917 -2.4923 -0.0394, -4.315 -2.5188 -0.0394, -3.3916 -2.4928 -0.0394, -3.3915 -2.4931 -0.0394, -3.3785 -2.5188 -0.0394, -3.3912 -2.4935 -0.0394, -3.3908 -2.4939 -0.0394, -3.39 -2.4943 -0.0394, -3.3887 -2.4947 -0.0394, -3.3827 -2.4955 -0.0394, -3.3906 -2.4906 -0.0394, -3.3912 -2.4911 -0.0394, -3.3891 -2.3431 -0.0394, -3.3906 -2.34 -0.0394, -3.3908 -2.3404 -0.0394, -3.3785 -2.3373 -0.0394, -3.3817 -2.3377 -0.0394, -3.3847 -2.3379 -0.0394, -3.3883 -2.3385 -0.0394, -3.3892 -2.3388 -0.0394, -4.315 -0.2654 -0.0394, -3.3898 -2.3391 -0.0394, -3.3903 -2.3396 -0.0394, -3.3915 -2.4915 -0.0394, -3.39 -2.3425 -0.0394, -3.3904 -2.342 -0.0394, -3.3907 -2.3416 -0.0394, -3.3862 -2.4883 -0.0394, -3.3882 -2.4891 -0.0394, -3.3896 -2.4898 -0.0394, -3.8031 -0.2654 -0.0394, -3.3726 -2.485 -0.0394, -3.3785 -2.4864 -0.0394, -3.3868 -2.3439 -0.0394, -3.3872 -2.3438 -0.0394, -3.3868 -2.3383 -0.0394, -3.3908 -2.3407 -0.0394, -3.3908 -2.3411 -0.0394, -3.3785 0.522 -0.0394, -3.2362 0.522 -0.0394, -3.2362 -0.2654 -0.0394, -3.345 -2.3342 -0.0394, -3.3466 -2.3343 -0.0394, -3.2475 -2.3598 -0.0394, -3.2758 -2.353 -0.0394, -3.0102 -0.2654 -0.0394, -3.3367 -2.3337 -0.0394, -3.372 -2.3366 -0.0394, -3.8031 0.522 -0.0394, -3.3292 -2.3343 -0.0394, -3.3301 -2.3337 -0.0394, -3.3309 -2.3334 -0.0394, -3.332 -2.3333 -0.0394, -3.2892 -2.35 -0.0394, -3.3024 -2.3462 -0.0394, -3.3131 -2.3423 -0.0394, -3.3233 -2.3386 -0.0394, -3.3268 -2.3363 -0.0394, -3.0102 -2.4135 -0.0394, -3.0069 -0.2654 -0.0394, -3.0069 -2.4142 -0.0394, -2.7638 0.522 -0.0394, -2.1969 0.522 -0.0394, -2.7638 -0.2654 -0.0394, -2.1969 -0.2654 -0.0394, -3.0069 -2.4231 -0.0394, -3.0046 -2.4226 -0.0394, -2.1942 -2.5188 -0.0394, -3.0046 -2.4147 -0.0394, -2.1942 -0.2654 -0.0394, -3.3245 -2.4945 -0.0394, -3.2997 -2.4871 -0.0394, -3.3296 -2.4974 -0.0394, -3.3318 -2.4985 -0.0394, -3.3785 -2.4959 -0.0394, -3.3749 -2.4963 -0.0394, -3.3511 -2.4991 -0.0394, -3.2746 -2.4809 -0.0394, -3.0102 -2.5188 -0.0394, -3.3349 -2.4996 -0.0394, -3.3401 -2.4998 -0.0394, -3.3501 -2.7076 -0.0394, -3.3497 -2.7074 -0.0394, -3.0102 -2.7296 -0.0394, -3.0181 -2.5989 -0.0394, -3.0212 -2.5862 -0.0394, -3.0265 -2.5759 -0.0394, -3.3535 -2.7082 -0.0394, -3.3529 -2.7085 -0.0394, -3.017 -2.6165 -0.0394, -3.018 -2.6291 -0.0394, -3.0345 -2.5668 -0.0394, -3.0469 -2.558 -0.0394, -3.0677 -2.5496 -0.0394, -3.3524 -2.7085 -0.0394, -3.352 -2.7085 -0.0394, -3.3511 -2.7082 -0.0394, -3.0296 -2.7083 -0.0394, -3.0308 -2.7088 -0.0394, -3.0321 -2.709 -0.0394, -3.3495 -2.7071 -0.0394, -3.3494 -2.7066 -0.0394, -3.0527 -2.6861 -0.0394, -3.3493 -2.7065 -0.0394, -3.3492 -2.7053 -0.0394, -3.3494 -2.7031 -0.0394, -3.3494 -2.6952 -0.0394, -3.3494 -2.6861 -0.0394, -3.3496 -2.5755 -0.0394, -3.3376 -2.5657 -0.0394, -3.3172 -2.5543 -0.0394, -3.3783 -2.6836 -0.0394, -3.3756 -2.6873 -0.0394, -3.3681 -2.6955 -0.0394, -3.0277 -2.6748 -0.0394, -3.0267 -2.6629 -0.0394, -3.0204 -2.6414 -0.0394, -3.3573 -2.5855 -0.0394, -3.3601 -2.5909 -0.0394, -3.3635 -2.6026 -0.0394, -3.3564 -2.7062 -0.0394, -3.3553 -2.7072 -0.0394, -3.3543 -2.7078 -0.0394, -3.0288 -2.7077 -0.0394, -3.0277 -2.7065 -0.0394, -3.0295 -2.6963 -0.0394, -3.0383 -2.7061 -0.0394, -3.0402 -2.7037 -0.0394, -3.0487 -2.6935 -0.0394, -3.0366 -2.7076 -0.0394, -3.0349 -2.7085 -0.0394, -3.0336 -2.7089 -0.0394, -3.0295 -2.6845 -0.0394, -3.0286 -2.6796 -0.0394, -3.1293 -2.5406 -0.0394, -3.213 -2.5377 -0.0394, -3.2808 -2.5437 -0.0394, -3.0509 -2.6899 -0.0394, -3.3652 -2.698 -0.0394, -3.3579 -2.7048 -0.0394, -3.3687 -2.6386 -0.0394, -3.3715 -2.6635 -0.0394, -3.374 -2.6727 -0.0394, -4.315 -2.7296 -0.0394, -3.3788 -2.681 -0.0394, -3.3776 -2.6787 -0.0394, -3.3785 -2.6802 -0.0394, -3.3787 -2.6805 -0.0394, -3.1761 -2.8737 -0.0394, -3.1699 -2.8261 -0.0394, -3.0516 -2.8737 -0.0394, -3.166 -2.8065 -0.0394, -3.1552 -2.7831 -0.0394, -3.0351 -2.7667 -0.0394, -3.0363 -2.7757 -0.0394, -3.0091 -2.7803 -0.0394, -3.0102 -2.7792 -0.0394, -3.0261 -2.7639 -0.0394, -3.3521 -2.7503 -0.0394, -3.3532 -2.7507 -0.0394, -3.3758 -2.8907 -0.0394, -3.3752 -2.8921 -0.0394, -3.3785 -2.9277 -0.0394, -3.3742 -2.8934 -0.0394, -3.3729 -2.8944 -0.0394, -3.0381 -2.7891 -0.0394, -3.0397 -2.8024 -0.0394, -3.158 -2.7882 -0.0394, -3.1615 -2.7939 -0.0394, -3.1787 -2.7646 -0.0394, -3.1795 -2.7652 -0.0394, -3.329 -2.7684 -0.0394, -3.1804 -2.7663 -0.0394, -3.1809 -2.7672 -0.0394, -3.3543 -2.7513 -0.0394, -3.3548 -2.7518 -0.0394, -3.3551 -2.7524 -0.0394, -3.028 -2.9042 -0.0394, -3.0277 -2.904 -0.0394, -3.0102 -2.9277 -0.0394, -3.0274 -2.9038 -0.0394, -3.0266 -2.9026 -0.0394, -3.0264 -2.9016 -0.0394, -3.0303 -2.7618 -0.0394, -3.0312 -2.7616 -0.0394, -3.0319 -2.7617 -0.0394, -3.0326 -2.7619 -0.0394, -3.3466 -2.7526 -0.0394, -3.3486 -2.751 -0.0394, -3.3498 -2.7505 -0.0394, -3.351 -2.7503 -0.0394, -3.0332 -2.7623 -0.0394, -3.034 -2.7631 -0.0394, -3.1768 -2.7641 -0.0394, -3.0347 -2.7641 -0.0394, -3.035 -2.7651 -0.0394, -3.1959 -2.8737 -0.0394, -3.3494 -2.8737 -0.0394, -3.3376 -2.7893 -0.0394, -3.027 -2.9034 -0.0394, -3.027 -2.9033 -0.0394, -3.0279 -2.7628 -0.0394, -3.0293 -2.7621 -0.0394, -3.1778 -2.7643 -0.0394, -3.1732 -2.7655 -0.0394, -3.1745 -2.7647 -0.0394, -3.1758 -2.7643 -0.0394, -3.1812 -2.7682 -0.0394, -3.1813 -2.7695 -0.0394, -3.3318 -2.7735 -0.0394, -3.3354 -2.7811 -0.0394, -3.376 -2.8893 -0.0394, -3.3759 -2.8864 -0.0394, -3.3713 -2.8952 -0.0394, -3.3691 -2.8956 -0.0394, -3.3647 -2.8953 -0.0394, -3.0344 -2.9035 -0.0394, -3.0322 -2.9041 -0.0394, -3.0307 -2.9041 -0.0394, -3.0265 -2.9001 -0.0394, -3.0267 -2.8992 -0.0394, -3.0283 -2.8885 -0.0394, -3.1716 -2.7667 -0.0394, -3.04 -2.8999 -0.0394, -3.0369 -2.9022 -0.0394, -3.0296 -2.9042 -0.0394, -3.0284 -2.9042 -0.0394, -3.0295 -2.8789 -0.0394, -3.0295 -2.8692 -0.0394, -3.0295 -2.8675 -0.0394, -3.3681 -2.85 -0.0394, -3.3726 -2.876 -0.0394, -3.375 -2.8823 -0.0394, -3.0445 -2.8961 -0.0394, -3.0292 -2.8564 -0.0394, -3.0277 -2.8454 -0.0394, -3.0238 -2.8233 -0.0394, -3.0199 -2.8038 -0.0394, -3.0142 -2.7883 -0.0394, -3.0125 -2.7854 -0.0394, -3.3554 -2.7533 -0.0394, -3.3557 -2.7555 -0.0394, -3.3557 -2.7559 -0.0394, -3.3562 -2.7644 -0.0394, -3.3614 -2.8073 -0.0394, -3.3505 -2.8916 -0.0394, -3.3358 -2.8902 -0.0394, -3.3251 -2.8902 -0.0394, -3.0516 -2.8902 -0.0394, -3.3109 -2.8896 -0.0394, -3.318 -2.8898 -0.0394, -3.0341 -3.2723 -0.0394, -3.0102 -3.276 -0.0394, -3.0102 -3.7793 -0.0394, -3.0069 -3.2765 -0.0394, -3.0069 -3.7793 -0.0394, -3.0012 -3.2776 -0.0394, -3.0635 -3.2572 -0.0394, -3.3364 -3.1754 -0.0394, -3.3353 -3.1729 -0.0394, -3.0102 -3.1296 -0.0394, -3.0102 -3.2628 -0.0394, -3.0277 -3.2487 -0.0394, -3.3785 -3.1296 -0.0394, -3.3607 -3.1496 -0.0394, -3.362 -3.1503 -0.0394, -3.0404 -3.2547 -0.0394, -3.0565 -3.257 -0.0394, -3.3527 -3.1535 -0.0394, -3.3546 -3.1515 -0.0394, -3.3561 -3.1507 -0.0394, -3.3585 -3.1499 -0.0394, -3.3469 -3.1597 -0.0394, -3.3522 -3.2572 -0.0394, -3.3486 -3.2136 -0.0394, -3.3454 -3.1928 -0.0394, -3.3438 -3.1859 -0.0394, -3.3705 -3.2749 -0.0394, -3.3677 -3.2749 -0.0394, -3.3785 -3.7793 -0.0394, -3.355 -3.2734 -0.0394, -3.3419 -3.1818 -0.0394, -3.3389 -3.1782 -0.0394, -3.3751 -3.2715 -0.0394, -3.3748 -3.2723 -0.0394, -3.3743 -3.273 -0.0394, -3.35 -3.273 -0.0394, -3.3166 -3.2719 -0.0394, -3.0617 -3.2719 -0.0394, -3.3625 -3.1508 -0.0394, -3.3631 -3.1516 -0.0394, -3.3635 -3.1528 -0.0394, -3.3734 -3.2737 -0.0394, -3.3719 -3.2746 -0.0394, -3.3638 -3.1549 -0.0394, -3.3641 -3.1653 -0.0394, -3.3659 -3.1783 -0.0394, -3.3701 -3.2186 -0.0394, -3.3709 -3.2289 -0.0394, -3.3732 -3.2526 -0.0394, -3.3753 -3.2704 -0.0394, -3.3752 -3.2687 -0.0394, -3.3743 -3.2657 -0.0394, -1.2266 -2.3813 -0.0394, -1.2452 -2.4583 -0.0394, -1.3641 -2.3479 -0.0394, -1.3296 -2.4764 -0.0394, -1.3785 -2.3454 -0.0394, -1.3916 -2.4919 -0.0394, -1.3917 -2.4923 -0.0394, -1.3916 -2.4928 -0.0394, -1.3915 -2.4931 -0.0394, -1.3785 -2.5188 -0.0394, -1.3912 -2.4935 -0.0394, -1.3908 -2.4939 -0.0394, -1.39 -2.4943 -0.0394, -1.3887 -2.4947 -0.0394, -1.3827 -2.4955 -0.0394, -1.3906 -2.4906 -0.0394, -1.3912 -2.4911 -0.0394, -1.3891 -2.3431 -0.0394, -1.3906 -2.34 -0.0394, -1.3908 -2.3404 -0.0394, -1.3785 -2.3373 -0.0394, -1.3817 -2.3377 -0.0394, -1.3847 -2.3379 -0.0394, -1.3883 -2.3385 -0.0394, -1.3892 -2.3388 -0.0394, -1.3898 -2.3391 -0.0394, -1.3903 -2.3396 -0.0394, -1.3915 -2.4915 -0.0394, -1.39 -2.3425 -0.0394, -1.3904 -2.342 -0.0394, -1.3907 -2.3416 -0.0394, -1.3862 -2.4883 -0.0394, -1.3882 -2.4891 -0.0394, -1.3896 -2.4898 -0.0394, -1.8031 -0.2654 -0.0394, -1.3726 -2.485 -0.0394, -1.3785 -2.4864 -0.0394, -1.3868 -2.3439 -0.0394, -1.3872 -2.3438 -0.0394, -1.3868 -2.3383 -0.0394, -1.3908 -2.3407 -0.0394, -1.3908 -2.3411 -0.0394, -1.3785 0.522 -0.0394, -1.2362 0.522 -0.0394, -1.2362 -0.2654 -0.0394, -1.345 -2.3342 -0.0394, -1.3466 -2.3343 -0.0394, -1.2475 -2.3598 -0.0394, -1.2758 -2.353 -0.0394, -1.0102 -0.2654 -0.0394, -1.3367 -2.3337 -0.0394, -1.372 -2.3366 -0.0394, -1.8031 0.522 -0.0394, -1.3292 -2.3343 -0.0394, -1.3301 -2.3337 -0.0394, -1.3309 -2.3334 -0.0394, -1.332 -2.3333 -0.0394, -1.2892 -2.35 -0.0394, -1.3024 -2.3462 -0.0394, -1.3131 -2.3423 -0.0394, -1.3233 -2.3386 -0.0394, -1.3268 -2.3363 -0.0394, -1.0102 -2.4135 -0.0394, -1.0069 -0.2654 -0.0394, -1.0069 -2.4142 -0.0394, -1.0069 -2.4231 -0.0394, -1.0046 -2.4226 -0.0394, -0.1942 -2.5188 -0.0394, -1.0046 -2.4147 -0.0394, -0.7638 -0.2654 -0.0394, -1.3245 -2.4945 -0.0394, -1.2997 -2.4871 -0.0394, -1.3296 -2.4974 -0.0394, -1.3318 -2.4985 -0.0394, -1.3785 -2.4959 -0.0394, -1.3749 -2.4963 -0.0394, -1.3511 -2.4991 -0.0394, -1.2746 -2.4809 -0.0394, -1.0102 -2.5188 -0.0394, -1.3349 -2.4996 -0.0394, -1.3401 -2.4998 -0.0394, -1.3501 -2.7076 -0.0394, -1.3497 -2.7074 -0.0394, -1.0102 -2.7296 -0.0394, -1.0181 -2.5989 -0.0394, -1.0212 -2.5862 -0.0394, -1.0265 -2.5759 -0.0394, -1.3535 -2.7082 -0.0394, -1.3529 -2.7085 -0.0394, -1.017 -2.6165 -0.0394, -1.018 -2.6291 -0.0394, -1.0345 -2.5668 -0.0394, -1.0469 -2.558 -0.0394, -1.0677 -2.5496 -0.0394, -1.3524 -2.7085 -0.0394, -1.352 -2.7085 -0.0394, -1.3511 -2.7082 -0.0394, -1.0296 -2.7083 -0.0394, -1.0308 -2.7088 -0.0394, -1.0321 -2.709 -0.0394, -1.3495 -2.7071 -0.0394, -1.3494 -2.7066 -0.0394, -1.0527 -2.6861 -0.0394, -1.3493 -2.7065 -0.0394, -1.3492 -2.7053 -0.0394, -1.3494 -2.7031 -0.0394, -1.3494 -2.6952 -0.0394, -1.3494 -2.6861 -0.0394, -1.3496 -2.5755 -0.0394, -1.3376 -2.5657 -0.0394, -1.3172 -2.5543 -0.0394, -1.3783 -2.6836 -0.0394, -1.3756 -2.6873 -0.0394, -1.3681 -2.6955 -0.0394, -1.0277 -2.6748 -0.0394, -1.0267 -2.6629 -0.0394, -1.0204 -2.6414 -0.0394, -1.3573 -2.5855 -0.0394, -1.3601 -2.5909 -0.0394, -1.3635 -2.6026 -0.0394, -1.3564 -2.7062 -0.0394, -1.3553 -2.7072 -0.0394, -1.3543 -2.7078 -0.0394, -1.0288 -2.7077 -0.0394, -1.0277 -2.7065 -0.0394, -1.0295 -2.6963 -0.0394, -1.0383 -2.7061 -0.0394, -1.0402 -2.7037 -0.0394, -1.0487 -2.6935 -0.0394, -1.0366 -2.7076 -0.0394, -1.0349 -2.7085 -0.0394, -1.0336 -2.7089 -0.0394, -1.0295 -2.6845 -0.0394, -1.0286 -2.6796 -0.0394, -1.1293 -2.5406 -0.0394, -1.213 -2.5377 -0.0394, -1.2808 -2.5437 -0.0394, -1.0509 -2.6899 -0.0394, -1.3652 -2.698 -0.0394, -1.3579 -2.7048 -0.0394, -1.3687 -2.6386 -0.0394, -1.3715 -2.6635 -0.0394, -1.374 -2.6727 -0.0394, -2.1942 -2.7296 -0.0394, -1.3788 -2.681 -0.0394, -1.3776 -2.6787 -0.0394, -1.3785 -2.6802 -0.0394, -1.3787 -2.6805 -0.0394, -1.1761 -2.8737 -0.0394, -1.1699 -2.8261 -0.0394, -1.0516 -2.8737 -0.0394, -1.166 -2.8065 -0.0394, -1.1552 -2.7831 -0.0394, -1.0351 -2.7667 -0.0394, -1.0363 -2.7757 -0.0394, -1.0091 -2.7803 -0.0394, -1.0102 -2.7792 -0.0394, -1.0261 -2.7639 -0.0394, -1.3521 -2.7503 -0.0394, -1.3532 -2.7507 -0.0394, -1.3758 -2.8907 -0.0394, -1.3752 -2.8921 -0.0394, -1.3785 -2.9277 -0.0394, -1.3742 -2.8934 -0.0394, -1.3729 -2.8944 -0.0394, -1.0381 -2.7891 -0.0394, -1.0397 -2.8024 -0.0394, -1.158 -2.7882 -0.0394, -1.1615 -2.7939 -0.0394, -1.1787 -2.7646 -0.0394, -1.1795 -2.7652 -0.0394, -1.329 -2.7684 -0.0394, -1.1804 -2.7663 -0.0394, -1.1809 -2.7672 -0.0394, -1.3543 -2.7513 -0.0394, -1.3548 -2.7518 -0.0394, -1.3551 -2.7524 -0.0394, -1.028 -2.9042 -0.0394, -1.0277 -2.904 -0.0394, -1.0102 -2.9277 -0.0394, -1.0274 -2.9038 -0.0394, -1.0266 -2.9026 -0.0394, -1.0264 -2.9016 -0.0394, -1.0303 -2.7618 -0.0394, -1.0312 -2.7616 -0.0394, -1.0319 -2.7617 -0.0394, -1.0326 -2.7619 -0.0394, -1.3466 -2.7526 -0.0394, -1.3486 -2.751 -0.0394, -1.3498 -2.7505 -0.0394, -1.351 -2.7503 -0.0394, -1.0332 -2.7623 -0.0394, -1.034 -2.7631 -0.0394, -1.1768 -2.7641 -0.0394, -1.0347 -2.7641 -0.0394, -1.035 -2.7651 -0.0394, -1.1959 -2.8737 -0.0394, -1.3494 -2.8737 -0.0394, -1.3376 -2.7893 -0.0394, -1.027 -2.9034 -0.0394, -1.027 -2.9033 -0.0394, -1.0279 -2.7628 -0.0394, -1.0293 -2.7621 -0.0394, -1.1778 -2.7643 -0.0394, -1.1732 -2.7655 -0.0394, -1.1745 -2.7647 -0.0394, -1.1758 -2.7643 -0.0394, -1.1812 -2.7682 -0.0394, -1.1813 -2.7695 -0.0394, -1.3318 -2.7735 -0.0394, -1.3354 -2.7811 -0.0394, -1.376 -2.8893 -0.0394, -1.3759 -2.8864 -0.0394, -1.3713 -2.8952 -0.0394, -1.3691 -2.8956 -0.0394, -1.3647 -2.8953 -0.0394, -1.0344 -2.9035 -0.0394, -1.0322 -2.9041 -0.0394, -1.0307 -2.9041 -0.0394, -1.0265 -2.9001 -0.0394, -1.0267 -2.8992 -0.0394, -1.0283 -2.8885 -0.0394, -1.1716 -2.7667 -0.0394, -1.04 -2.8999 -0.0394, -1.0369 -2.9022 -0.0394, -1.0296 -2.9042 -0.0394, -1.0284 -2.9042 -0.0394, -1.0295 -2.8789 -0.0394, -1.0295 -2.8692 -0.0394, -1.0295 -2.8675 -0.0394, -1.3681 -2.85 -0.0394, -1.3726 -2.876 -0.0394, -1.375 -2.8823 -0.0394, -1.0445 -2.8961 -0.0394, -1.0292 -2.8564 -0.0394, -1.0277 -2.8454 -0.0394, -1.0238 -2.8233 -0.0394, -1.0199 -2.8038 -0.0394, -1.0142 -2.7883 -0.0394, -1.0125 -2.7854 -0.0394, -1.3554 -2.7533 -0.0394, -1.3557 -2.7555 -0.0394, -1.3557 -2.7559 -0.0394, -1.3562 -2.7644 -0.0394, -1.3614 -2.8073 -0.0394, -1.3505 -2.8916 -0.0394, -1.3358 -2.8902 -0.0394, -1.3251 -2.8902 -0.0394, -1.0516 -2.8902 -0.0394, -1.3109 -2.8896 -0.0394, -1.318 -2.8898 -0.0394, -1.0341 -3.2723 -0.0394, -1.0102 -3.276 -0.0394, -1.0102 -3.7793 -0.0394, -1.0069 -3.2765 -0.0394, -1.0069 -3.7793 -0.0394, -1.0012 -3.2776 -0.0394, -1.0635 -3.2572 -0.0394, -1.3364 -3.1754 -0.0394, -1.3353 -3.1729 -0.0394, -1.0102 -3.1296 -0.0394, -1.0102 -3.2628 -0.0394, -1.0277 -3.2487 -0.0394, -1.3785 -3.1296 -0.0394, -1.3607 -3.1496 -0.0394, -1.362 -3.1503 -0.0394, -1.0404 -3.2547 -0.0394, -1.0565 -3.257 -0.0394, -1.3527 -3.1535 -0.0394, -1.3546 -3.1515 -0.0394, -1.3561 -3.1507 -0.0394, -1.3585 -3.1499 -0.0394, -1.3469 -3.1597 -0.0394, -1.3522 -3.2572 -0.0394, -1.3486 -3.2136 -0.0394, -1.3454 -3.1928 -0.0394, -1.3438 -3.1859 -0.0394, -1.3705 -3.2749 -0.0394, -1.3677 -3.2749 -0.0394, -1.3785 -3.7793 -0.0394, -1.355 -3.2734 -0.0394, -1.3419 -3.1818 -0.0394, -1.3389 -3.1782 -0.0394, -1.3751 -3.2715 -0.0394, -1.3748 -3.2723 -0.0394, -1.3743 -3.273 -0.0394, -1.35 -3.273 -0.0394, -1.3166 -3.2719 -0.0394, -1.0617 -3.2719 -0.0394, -1.3625 -3.1508 -0.0394, -1.3631 -3.1516 -0.0394, -1.3635 -3.1528 -0.0394, -1.3734 -3.2737 -0.0394, -1.3719 -3.2746 -0.0394, -1.3638 -3.1549 -0.0394, -1.3641 -3.1653 -0.0394, -1.3659 -3.1783 -0.0394, -1.3701 -3.2186 -0.0394, -1.3709 -3.2289 -0.0394, -1.3732 -3.2526 -0.0394, -1.3753 -3.2704 -0.0394, -1.3752 -3.2687 -0.0394, -1.3743 -3.2657 -0.0394, 2.7734 -2.3813 -0.0394, 2.7548 -2.4583 -0.0394, 2.6359 -2.3479 -0.0394, 2.6704 -2.4764 -0.0394, 2.6215 -2.3454 -0.0394, 2.6084 -2.4919 -0.0394, 2.6083 -2.4923 -0.0394, 1.8058 -2.5188 -0.0394, 2.6084 -2.4928 -0.0394, 2.6085 -2.4931 -0.0394, 2.6215 -2.5188 -0.0394, 2.6088 -2.4935 -0.0394, 2.6092 -2.4939 -0.0394, 2.61 -2.4943 -0.0394, 2.6113 -2.4947 -0.0394, 2.6173 -2.4955 -0.0394, 2.6094 -2.4906 -0.0394, 2.6088 -2.4911 -0.0394, 2.6109 -2.3431 -0.0394, 2.6094 -2.34 -0.0394, 2.6092 -2.3404 -0.0394, 2.6215 -2.3373 -0.0394, 2.6183 -2.3377 -0.0394, 2.6153 -2.3379 -0.0394, 2.6117 -2.3385 -0.0394, 2.6108 -2.3388 -0.0394, 1.8058 -0.2654 -0.0394, 2.6102 -2.3391 -0.0394, 2.6097 -2.3396 -0.0394, 2.6085 -2.4915 -0.0394, 2.61 -2.3425 -0.0394, 2.6096 -2.342 -0.0394, 2.6093 -2.3416 -0.0394, 2.6138 -2.4883 -0.0394, 2.6118 -2.4891 -0.0394, 2.6104 -2.4898 -0.0394, 2.1969 -0.2654 -0.0394, 2.6274 -2.485 -0.0394, 2.6215 -2.4864 -0.0394, 2.6132 -2.3439 -0.0394, 2.6128 -2.3438 -0.0394, 2.6132 -2.3383 -0.0394, 2.6092 -2.3407 -0.0394, 2.6092 -2.3411 -0.0394, 2.6215 0.522 -0.0394, 2.7638 0.522 -0.0394, 2.7638 -0.2654 -0.0394, 2.655 -2.3342 -0.0394, 2.6534 -2.3343 -0.0394, 2.6633 -2.3337 -0.0394, 2.628 -2.3366 -0.0394, 2.1969 0.522 -0.0394, 2.9931 -0.2654 -0.0394, 2.9898 -2.4135 -0.0394, 2.9898 -0.2654 -0.0394, 2.7525 -2.3598 -0.0394, 2.7242 -2.353 -0.0394, 2.6708 -2.3343 -0.0394, 2.6699 -2.3337 -0.0394, 2.6691 -2.3334 -0.0394, 2.668 -2.3333 -0.0394, 2.7108 -2.35 -0.0394, 2.6976 -2.3462 -0.0394, 2.6869 -2.3423 -0.0394, 2.6767 -2.3386 -0.0394, 2.6732 -2.3363 -0.0394, 2.9931 -2.4231 -0.0394, 2.9954 -2.4226 -0.0394, 3.6592 -2.5188 -0.0394, 2.9954 -2.4147 -0.0394, 2.9931 -2.4142 -0.0394, 2.6755 -2.4945 -0.0394, 2.7003 -2.4871 -0.0394, 2.6704 -2.4974 -0.0394, 2.6682 -2.4985 -0.0394, 2.6215 -2.4959 -0.0394, 2.6251 -2.4963 -0.0394, 2.6489 -2.4991 -0.0394, 2.7254 -2.4809 -0.0394, 2.9898 -2.5188 -0.0394, 2.6651 -2.4996 -0.0394, 2.6599 -2.4998 -0.0394, 2.6499 -2.7076 -0.0394, 2.6503 -2.7074 -0.0394, 2.9898 -2.7296 -0.0394, 2.9819 -2.5989 -0.0394, 2.9788 -2.5862 -0.0394, 2.9735 -2.5759 -0.0394, 2.6465 -2.7082 -0.0394, 2.6471 -2.7085 -0.0394, 2.983 -2.6165 -0.0394, 2.982 -2.6291 -0.0394, 2.9655 -2.5668 -0.0394, 2.9531 -2.558 -0.0394, 2.9323 -2.5496 -0.0394, 2.6476 -2.7085 -0.0394, 2.648 -2.7085 -0.0394, 2.6489 -2.7082 -0.0394, 2.9704 -2.7083 -0.0394, 2.9692 -2.7088 -0.0394, 2.9679 -2.709 -0.0394, 2.6505 -2.7071 -0.0394, 2.6506 -2.7066 -0.0394, 2.9473 -2.6861 -0.0394, 2.6507 -2.7065 -0.0394, 2.6508 -2.7053 -0.0394, 2.6506 -2.7031 -0.0394, 2.6506 -2.6952 -0.0394, 2.6506 -2.6861 -0.0394, 2.6504 -2.5755 -0.0394, 2.6624 -2.5657 -0.0394, 2.6828 -2.5543 -0.0394, 2.6217 -2.6836 -0.0394, 2.6244 -2.6873 -0.0394, 2.6319 -2.6955 -0.0394, 2.9723 -2.6748 -0.0394, 2.9733 -2.6629 -0.0394, 2.9796 -2.6414 -0.0394, 2.6427 -2.5855 -0.0394, 2.6399 -2.5909 -0.0394, 2.6365 -2.6026 -0.0394, 2.6436 -2.7062 -0.0394, 2.6447 -2.7072 -0.0394, 2.6457 -2.7078 -0.0394, 2.9712 -2.7077 -0.0394, 2.9723 -2.7065 -0.0394, 2.9705 -2.6963 -0.0394, 2.9617 -2.7061 -0.0394, 2.9598 -2.7037 -0.0394, 2.9513 -2.6935 -0.0394, 2.9634 -2.7076 -0.0394, 2.9651 -2.7085 -0.0394, 2.9664 -2.7089 -0.0394, 2.9705 -2.6845 -0.0394, 2.9714 -2.6796 -0.0394, 2.8707 -2.5406 -0.0394, 2.787 -2.5377 -0.0394, 2.7192 -2.5437 -0.0394, 2.9491 -2.6899 -0.0394, 2.6348 -2.698 -0.0394, 2.6421 -2.7048 -0.0394, 2.6313 -2.6386 -0.0394, 2.6285 -2.6635 -0.0394, 2.626 -2.6727 -0.0394, 1.8058 -2.7296 -0.0394, 2.6212 -2.681 -0.0394, 2.6224 -2.6787 -0.0394, 2.6215 -2.6802 -0.0394, 2.6213 -2.6805 -0.0394, 2.8239 -2.8737 -0.0394, 2.8301 -2.8261 -0.0394, 2.9484 -2.8737 -0.0394, 2.834 -2.8065 -0.0394, 2.8448 -2.7831 -0.0394, 2.9649 -2.7667 -0.0394, 2.9637 -2.7757 -0.0394, 2.9909 -2.7803 -0.0394, 2.9898 -2.7792 -0.0394, 2.9739 -2.7639 -0.0394, 2.6479 -2.7503 -0.0394, 2.6468 -2.7507 -0.0394, 2.6242 -2.8907 -0.0394, 2.6248 -2.8921 -0.0394, 2.6215 -2.9277 -0.0394, 2.6258 -2.8934 -0.0394, 2.6271 -2.8944 -0.0394, 2.9619 -2.7891 -0.0394, 2.9603 -2.8024 -0.0394, 2.842 -2.7882 -0.0394, 2.8385 -2.7939 -0.0394, 2.8213 -2.7646 -0.0394, 2.8205 -2.7652 -0.0394, 2.671 -2.7684 -0.0394, 2.8196 -2.7663 -0.0394, 2.8191 -2.7672 -0.0394, 2.6457 -2.7513 -0.0394, 2.6452 -2.7518 -0.0394, 2.6449 -2.7524 -0.0394, 2.972 -2.9042 -0.0394, 2.9723 -2.904 -0.0394, 2.9898 -2.9277 -0.0394, 2.9726 -2.9038 -0.0394, 2.9734 -2.9026 -0.0394, 2.9736 -2.9016 -0.0394, 2.9697 -2.7618 -0.0394, 2.9688 -2.7616 -0.0394, 2.9681 -2.7617 -0.0394, 2.9674 -2.7619 -0.0394, 2.6534 -2.7526 -0.0394, 2.6514 -2.751 -0.0394, 2.6502 -2.7505 -0.0394, 2.649 -2.7503 -0.0394, 2.9668 -2.7623 -0.0394, 2.966 -2.7631 -0.0394, 2.8232 -2.7641 -0.0394, 2.9653 -2.7641 -0.0394, 2.965 -2.7651 -0.0394, 2.8041 -2.8737 -0.0394, 2.6506 -2.8737 -0.0394, 2.6624 -2.7893 -0.0394, 2.973 -2.9034 -0.0394, 2.973 -2.9033 -0.0394, 2.9721 -2.7628 -0.0394, 2.9707 -2.7621 -0.0394, 2.8222 -2.7643 -0.0394, 2.8268 -2.7655 -0.0394, 2.8255 -2.7647 -0.0394, 2.8242 -2.7643 -0.0394, 2.8188 -2.7682 -0.0394, 2.8187 -2.7695 -0.0394, 2.6682 -2.7735 -0.0394, 2.6646 -2.7811 -0.0394, 2.624 -2.8893 -0.0394, 2.6241 -2.8864 -0.0394, 2.6287 -2.8952 -0.0394, 2.6309 -2.8956 -0.0394, 2.6353 -2.8953 -0.0394, 2.9656 -2.9035 -0.0394, 2.9678 -2.9041 -0.0394, 2.9693 -2.9041 -0.0394, 2.9735 -2.9001 -0.0394, 2.9733 -2.8992 -0.0394, 2.9717 -2.8885 -0.0394, 2.8284 -2.7667 -0.0394, 2.96 -2.8999 -0.0394, 2.9631 -2.9022 -0.0394, 2.9704 -2.9042 -0.0394, 2.9716 -2.9042 -0.0394, 2.9705 -2.8789 -0.0394, 2.9705 -2.8692 -0.0394, 2.9705 -2.8675 -0.0394, 2.6319 -2.85 -0.0394, 2.6274 -2.876 -0.0394, 2.625 -2.8823 -0.0394, 2.9555 -2.8961 -0.0394, 2.9708 -2.8564 -0.0394, 2.9723 -2.8454 -0.0394, 2.9762 -2.8233 -0.0394, 2.9801 -2.8038 -0.0394, 2.9858 -2.7883 -0.0394, 2.9875 -2.7854 -0.0394, 2.6446 -2.7533 -0.0394, 2.6443 -2.7555 -0.0394, 2.6443 -2.7559 -0.0394, 2.6438 -2.7644 -0.0394, 2.6386 -2.8073 -0.0394, 2.6495 -2.8916 -0.0394, 2.6642 -2.8902 -0.0394, 2.6749 -2.8902 -0.0394, 2.9484 -2.8902 -0.0394, 2.6891 -2.8896 -0.0394, 2.682 -2.8898 -0.0394, 2.9365 -3.2572 -0.0394, 2.6636 -3.1754 -0.0394, 2.6647 -3.1729 -0.0394, 2.9898 -3.1296 -0.0394, 2.9898 -3.2628 -0.0394, 2.9723 -3.2487 -0.0394, 2.6215 -3.1296 -0.0394, 2.6393 -3.1496 -0.0394, 2.638 -3.1503 -0.0394, 2.9596 -3.2547 -0.0394, 2.9435 -3.257 -0.0394, 2.6473 -3.1535 -0.0394, 2.6454 -3.1515 -0.0394, 2.6439 -3.1507 -0.0394, 2.6415 -3.1499 -0.0394, 2.6531 -3.1597 -0.0394, 2.6478 -3.2572 -0.0394, 2.6514 -3.2136 -0.0394, 2.6546 -3.1928 -0.0394, 2.6562 -3.1859 -0.0394, 2.6295 -3.2749 -0.0394, 2.6323 -3.2749 -0.0394, 2.6215 -3.7793 -0.0394, 2.645 -3.2734 -0.0394, 2.6581 -3.1818 -0.0394, 2.6611 -3.1782 -0.0394, 2.6249 -3.2715 -0.0394, 2.6252 -3.2723 -0.0394, 2.6257 -3.273 -0.0394, 2.65 -3.273 -0.0394, 2.6834 -3.2719 -0.0394, 2.9898 -3.7793 -0.0394, 2.9383 -3.2719 -0.0394, 2.9659 -3.2723 -0.0394, 2.6375 -3.1508 -0.0394, 2.6369 -3.1516 -0.0394, 2.6365 -3.1528 -0.0394, 2.6266 -3.2737 -0.0394, 2.6281 -3.2746 -0.0394, 2.6362 -3.1549 -0.0394, 2.6359 -3.1653 -0.0394, 2.6341 -3.1783 -0.0394, 2.6299 -3.2186 -0.0394, 2.6291 -3.2289 -0.0394, 2.6268 -3.2526 -0.0394, 2.6247 -3.2704 -0.0394, 2.6248 -3.2687 -0.0394, 2.6257 -3.2657 -0.0394, 0.6704 -2.4974 -0.0394, 0.6755 -2.4945 -0.0394, 0.7003 -2.4871 -0.0394, 0.9898 -2.5188 -0.0394, 0.6651 -2.4996 -0.0394, 0.6682 -2.4985 -0.0394, 0.7254 -2.4809 -0.0394, 0.7242 -2.353 -0.0394, 0.1969 -0.2654 -0.0394, 0.7525 -2.3598 -0.0394, 0.6084 -2.4919 -0.0394, 0.6083 -2.4923 -0.0394, 0.6084 -2.4928 -0.0394, 0.6085 -2.4931 -0.0394, 0.6599 -2.4998 -0.0394, 0.6489 -2.4991 -0.0394, 0.7108 -2.35 -0.0394, 0.6976 -2.3462 -0.0394, 0.6869 -2.3423 -0.0394, 0.6767 -2.3386 -0.0394, 0.6732 -2.3363 -0.0394, 0.6708 -2.3343 -0.0394, 0.6088 -2.4935 -0.0394, 0.6092 -2.4939 -0.0394, 0.61 -2.4943 -0.0394, 0.6113 -2.4947 -0.0394, 0.6173 -2.4955 -0.0394, 0.6251 -2.4963 -0.0394, 0.668 -2.3333 -0.0394, 0.6633 -2.3337 -0.0394, 0.655 -2.3342 -0.0394, -0.7638 0.522 -0.0394, -0.1969 0.522 -0.0394, -0.1969 -0.2654 -0.0394, -0.1942 -0.2654 -0.0394, 0.6102 -2.3391 -0.0394, 0.6118 -2.4891 -0.0394, 0.6104 -2.4898 -0.0394, 0.6109 -2.3431 -0.0394, 0.6094 -2.4906 -0.0394, 0.6088 -2.4911 -0.0394, 0.6097 -2.3396 -0.0394, 0.6094 -2.34 -0.0394, 0.6092 -2.3404 -0.0394, 0.6085 -2.4915 -0.0394, 0.61 -2.3425 -0.0394, 0.6096 -2.342 -0.0394, 0.6093 -2.3416 -0.0394, 0.6699 -2.3337 -0.0394, 0.6691 -2.3334 -0.0394, 0.6132 -2.3383 -0.0394, 0.6117 -2.3385 -0.0394, 0.6108 -2.3388 -0.0394, 0.6138 -2.4883 -0.0394, 0.6128 -2.3438 -0.0394, 0.6132 -2.3439 -0.0394, 0.6092 -2.3407 -0.0394, 0.6092 -2.3411 -0.0394, 0.7734 -2.3813 -0.0394, 0.7548 -2.4583 -0.0394, 0.6359 -2.3479 -0.0394, 0.6704 -2.4764 -0.0394, 0.6274 -2.485 -0.0394, 0.6534 -2.3343 -0.0394, 0.628 -2.3366 -0.0394, 0.6183 -2.3377 -0.0394, 0.6153 -2.3379 -0.0394, 1.2362 0.522 -0.0394, 1.8031 0.522 -0.0394, 1.2362 -0.2654 -0.0394, 1.8031 -0.2654 -0.0394, 0.9931 -2.4231 -0.0394, 0.9954 -2.4226 -0.0394, 0.9954 -2.4147 -0.0394, 0.1969 0.522 -0.0394, 0.7638 0.522 -0.0394, 0.7638 -0.2654 -0.0394, 0.9898 -0.2654 -0.0394, 0.8239 -2.8737 -0.0394, 0.8301 -2.8261 -0.0394, 0.9484 -2.8737 -0.0394, 0.834 -2.8065 -0.0394, 0.8448 -2.7831 -0.0394, 0.9649 -2.7667 -0.0394, 0.9637 -2.7757 -0.0394, 0.9909 -2.7803 -0.0394, 0.9898 -2.7792 -0.0394, 0.9898 -2.7296 -0.0394, 0.9739 -2.7639 -0.0394, 0.6242 -2.8907 -0.0394, 0.6248 -2.8921 -0.0394, -0.1942 -2.9277 -0.0394, 0.9619 -2.7891 -0.0394, 0.9603 -2.8024 -0.0394, 0.842 -2.7882 -0.0394, 0.8385 -2.7939 -0.0394, 0.8213 -2.7646 -0.0394, 0.8205 -2.7652 -0.0394, 0.671 -2.7684 -0.0394, 0.8196 -2.7663 -0.0394, 0.8191 -2.7672 -0.0394, 0.9898 -2.9277 -0.0394, 0.9723 -2.904 -0.0394, 0.9726 -2.9038 -0.0394, 0.9734 -2.9026 -0.0394, 0.9736 -2.9016 -0.0394, 0.9697 -2.7618 -0.0394, 0.9688 -2.7616 -0.0394, 0.9681 -2.7617 -0.0394, 0.9674 -2.7619 -0.0394, 0.6514 -2.751 -0.0394, 0.6534 -2.7526 -0.0394, 0.6502 -2.7505 -0.0394, 0.649 -2.7503 -0.0394, -0.1942 -2.7296 -0.0394, 0.6479 -2.7503 -0.0394, 0.6468 -2.7507 -0.0394, 0.624 -2.8893 -0.0394, 0.9668 -2.7623 -0.0394, 0.966 -2.7631 -0.0394, 0.8232 -2.7641 -0.0394, 0.9653 -2.7641 -0.0394, 0.965 -2.7651 -0.0394, 0.8041 -2.8737 -0.0394, 0.6506 -2.8737 -0.0394, 0.6624 -2.7893 -0.0394, 0.6309 -2.8956 -0.0394, 0.96 -2.8999 -0.0394, 0.9631 -2.9022 -0.0394, 0.6495 -2.8916 -0.0394, 0.6642 -2.8902 -0.0394, 0.6353 -2.8953 -0.0394, 0.6749 -2.8902 -0.0394, 0.682 -2.8898 -0.0394, 0.973 -2.9034 -0.0394, 0.973 -2.9033 -0.0394, 0.9721 -2.7628 -0.0394, 0.9707 -2.7621 -0.0394, 0.8222 -2.7643 -0.0394, 0.8268 -2.7655 -0.0394, 0.8255 -2.7647 -0.0394, 0.8242 -2.7643 -0.0394, 0.8188 -2.7682 -0.0394, 0.8187 -2.7695 -0.0394, 0.6682 -2.7735 -0.0394, 0.6646 -2.7811 -0.0394, 0.6443 -2.7559 -0.0394, 0.6438 -2.7644 -0.0394, 0.6443 -2.7555 -0.0394, 0.6386 -2.8073 -0.0394, 0.6446 -2.7533 -0.0394, 0.6319 -2.85 -0.0394, 0.6891 -2.8896 -0.0394, 0.9484 -2.8902 -0.0394, 0.9555 -2.8961 -0.0394, 0.9735 -2.9001 -0.0394, 0.9733 -2.8992 -0.0394, 0.9717 -2.8885 -0.0394, 0.8284 -2.7667 -0.0394, 0.9705 -2.8789 -0.0394, 0.9705 -2.8692 -0.0394, 0.9705 -2.8675 -0.0394, 0.6258 -2.8934 -0.0394, 0.6271 -2.8944 -0.0394, 0.6287 -2.8952 -0.0394, 0.9704 -2.9042 -0.0394, 0.9716 -2.9042 -0.0394, 0.972 -2.9042 -0.0394, 0.9708 -2.8564 -0.0394, 0.9723 -2.8454 -0.0394, 0.9762 -2.8233 -0.0394, 0.9801 -2.8038 -0.0394, 0.9858 -2.7883 -0.0394, 0.9875 -2.7854 -0.0394, 0.6274 -2.876 -0.0394, 0.625 -2.8823 -0.0394, 0.6241 -2.8864 -0.0394, 0.6457 -2.7513 -0.0394, 0.6452 -2.7518 -0.0394, 0.6449 -2.7524 -0.0394, 0.9656 -2.9035 -0.0394, 0.9678 -2.9041 -0.0394, 0.9693 -2.9041 -0.0394, 0.9365 -3.2572 -0.0394, 0.6636 -3.1754 -0.0394, 0.6647 -3.1729 -0.0394, 0.9898 -3.1296 -0.0394, 0.9898 -3.2628 -0.0394, 0.9723 -3.2487 -0.0394, 0.6454 -3.1515 -0.0394, 0.6439 -3.1507 -0.0394, 0.6473 -3.1535 -0.0394, 0.9596 -3.2547 -0.0394, 0.9435 -3.257 -0.0394, 0.645 -3.2734 -0.0394, 0.65 -3.273 -0.0394, 0.6323 -3.2749 -0.0394, 0.6834 -3.2719 -0.0394, 0.6531 -3.1597 -0.0394, 0.6478 -3.2572 -0.0394, 0.6514 -3.2136 -0.0394, 0.6546 -3.1928 -0.0394, 0.6562 -3.1859 -0.0394, 0.9383 -3.2719 -0.0394, 0.9659 -3.2723 -0.0394, 0.9898 -3.276 -0.0394, 0.6581 -3.1818 -0.0394, 0.6611 -3.1782 -0.0394, 0.6415 -3.1499 -0.0394, 0.6393 -3.1496 -0.0394, -0.1942 -3.1296 -0.0394, 0.638 -3.1503 -0.0394, -0.1942 -3.7793 -0.0394, 0.6375 -3.1508 -0.0394, 0.9898 -3.7793 -0.0394, 0.9931 -3.2765 -0.0394, 0.9931 -3.7793 -0.0394, 0.9988 -3.2776 -0.0394, 0.6369 -3.1516 -0.0394, 0.6365 -3.1528 -0.0394, 0.6362 -3.1549 -0.0394, 0.6257 -3.273 -0.0394, 0.6266 -3.2737 -0.0394, 0.6281 -3.2746 -0.0394, 0.6295 -3.2749 -0.0394, 0.6359 -3.1653 -0.0394, 0.6341 -3.1783 -0.0394, 0.6299 -3.2186 -0.0394, 0.6291 -3.2289 -0.0394, 0.6268 -3.2526 -0.0394, 0.6257 -3.2657 -0.0394, 0.6248 -3.2687 -0.0394, 0.6247 -3.2704 -0.0394, 0.6249 -3.2715 -0.0394, 0.6252 -3.2723 -0.0394, -3.0069 -2.5188 -0.0394, -3.0069 -2.7296 -0.0394, -3.0069 -2.9277 -0.0394, -3.0102 -2.7819 -0.0394, -1.0069 -2.5188 -0.0394, -1.0069 -2.7296 -0.0394, -1.0069 -2.9277 -0.0394, -1.0102 -2.7819 -0.0394, 0.6213 -2.6826 -0.0394, 0.6212 -2.681 -0.0394, 0.6213 -2.6805 -0.0394, 0.9819 -2.5989 -0.0394, 0.9788 -2.5862 -0.0394, 0.9735 -2.5759 -0.0394, 0.9692 -2.7088 -0.0394, 0.9704 -2.7083 -0.0394, 0.983 -2.6165 -0.0394, 0.982 -2.6291 -0.0394, 0.9655 -2.5668 -0.0394, 0.9531 -2.558 -0.0394, 0.9323 -2.5496 -0.0394, 0.9473 -2.6861 -0.0394, 0.6503 -2.7074 -0.0394, 0.6505 -2.7071 -0.0394, 0.6508 -2.7053 -0.0394, 0.6506 -2.7031 -0.0394, 0.6506 -2.6952 -0.0394, 0.6506 -2.6861 -0.0394, 0.6828 -2.5543 -0.0394, 0.6624 -2.5657 -0.0394, 0.6506 -2.7066 -0.0394, 0.6507 -2.7065 -0.0394, 0.9723 -2.6748 -0.0394, 0.9733 -2.6629 -0.0394, 0.9796 -2.6414 -0.0394, 0.6504 -2.5755 -0.0394, 0.6427 -2.5855 -0.0394, 0.6399 -2.5909 -0.0394, 0.6217 -2.6836 -0.0394, 0.6244 -2.6873 -0.0394, 0.6319 -2.6955 -0.0394, 0.9651 -2.7085 -0.0394, 0.9664 -2.7089 -0.0394, 0.9679 -2.709 -0.0394, 0.9712 -2.7077 -0.0394, 0.9723 -2.7065 -0.0394, 0.9705 -2.6963 -0.0394, 0.8707 -2.5406 -0.0394, 0.787 -2.5377 -0.0394, 0.7192 -2.5437 -0.0394, 0.6436 -2.7062 -0.0394, 0.6447 -2.7072 -0.0394, 0.6457 -2.7078 -0.0394, 0.6465 -2.7082 -0.0394, 0.6471 -2.7085 -0.0394, 0.6476 -2.7085 -0.0394, 0.648 -2.7085 -0.0394, 0.9634 -2.7076 -0.0394, 0.9705 -2.6845 -0.0394, 0.9714 -2.6796 -0.0394, 0.9513 -2.6935 -0.0394, 0.9598 -2.7037 -0.0394, 0.9617 -2.7061 -0.0394, 0.6365 -2.6026 -0.0394, 0.6313 -2.6386 -0.0394, 0.6285 -2.6635 -0.0394, 0.6348 -2.698 -0.0394, 0.6421 -2.7048 -0.0394, 0.9491 -2.6899 -0.0394, 0.6489 -2.7082 -0.0394, 0.6499 -2.7076 -0.0394, 0.626 -2.6727 -0.0394, 0.6224 -2.6787 -0.0394, 0.9931 -2.5188 -0.0394, 0.9931 -2.7296 -0.0394, 0.9931 -2.9277 -0.0394, 0.9898 -2.7819 -0.0394, 2.9931 -2.5188 -0.0394, 2.9931 -2.7296 -0.0394, 2.9931 -2.9277 -0.0394, 2.9898 -2.7819 -0.0394, -3.372 -3.048 -0.0394, -3.3639 -3.061 -0.0394, -3.0176 -2.9599 -0.0394, -3.1688 -2.9599 -0.0394, -3.3506 -2.9718 -0.0394, -3.3624 -2.9814 -0.0394, -3.3705 -2.9926 -0.0394, -3.0114 -3.025 -0.0394, -3.0156 -3.0086 -0.0394, -3.0176 -2.9684 -0.0394, -3.0227 -2.9957 -0.0394, -3.0724 -3.0906 -0.0394, -3.0429 -3.0768 -0.0394, -3.2384 -2.9515 -0.0394, -3.3055 -2.9558 -0.0394, -3.3319 -2.9624 -0.0394, -3.376 -3.0058 -0.0394, -3.3777 -3.0172 -0.0394, -3.3769 -3.0333 -0.0394, -3.0336 -2.9837 -0.0394, -3.0419 -2.9775 -0.0394, -3.051 -2.9724 -0.0394, -3.222 -3.0913 -0.0394, -3.2678 -2.9634 -0.0394, -3.1243 -3.0882 -0.0394, -3.2379 -2.9605 -0.0394, -3.1049 -3.0848 -0.0394, -3.0283 -3.0645 -0.0394, -3.0178 -3.0505 -0.0394, -3.0133 -3.0419 -0.0394, -3.359 -3.025 -0.0394, -3.303 -3.0773 -0.0394, -3.1688 -2.9707 -0.0394, -3.089 -2.9755 -0.0394, -3.0116 -3.0346 -0.0394, -3.3466 -2.9901 -0.0394, -3.3373 -2.9818 -0.0394, -3.0654 -3.0714 -0.0394, -3.0492 -3.0612 -0.0394, -3.0401 -3.052 -0.0394, -3.351 -3.0486 -0.0394, -3.3432 -3.0568 -0.0394, -3.3266 -3.0684 -0.0394, -3.3581 -3.0124 -0.0394, -3.3535 -3.0001 -0.0394, -3.3227 -2.9742 -0.0394, -3.2851 -2.9659 -0.0394, -3.3531 -3.0708 -0.0394, -3.3293 -3.0843 -0.0394, -3.2784 -3.0998 -0.0394, -3.2736 -3.1007 -0.0394, -3.1665 -3.1074 -0.0394, -3.1342 -3.1043 -0.0394, -3.3556 -3.0412 -0.0394, -3.3581 -3.0339 -0.0394, -3.0632 -2.9826 -0.0394, -3.0487 -2.9901 -0.0394, -3.0406 -2.9971 -0.0394, -3.03 -3.0205 -0.0394, -3.0307 -3.0323 -0.0394, -3.0341 -3.0424 -0.0394, -3.0343 -3.0061 -0.0394, -3.0311 -3.0148 -0.0394, -3.0102 -2.4238 -0.0394, -2.1942 -2.9277 -0.0394, -2.1942 -3.1296 -0.0394, -2.1942 -3.7793 -0.0394, -1.372 -3.048 -0.0394, -1.3639 -3.061 -0.0394, -1.0176 -2.9599 -0.0394, -1.1688 -2.9599 -0.0394, -1.3506 -2.9718 -0.0394, -1.3624 -2.9814 -0.0394, -1.3705 -2.9926 -0.0394, -1.0114 -3.025 -0.0394, -1.0156 -3.0086 -0.0394, -1.0176 -2.9684 -0.0394, -1.0227 -2.9957 -0.0394, -1.0724 -3.0906 -0.0394, -1.043 -3.0768 -0.0394, -1.2384 -2.9515 -0.0394, -1.3055 -2.9558 -0.0394, -1.3319 -2.9624 -0.0394, -1.376 -3.0058 -0.0394, -1.3777 -3.0172 -0.0394, -1.3769 -3.0333 -0.0394, -1.0336 -2.9837 -0.0394, -1.0419 -2.9775 -0.0394, -1.051 -2.9724 -0.0394, -1.222 -3.0913 -0.0394, -1.2678 -2.9634 -0.0394, -1.1243 -3.0882 -0.0394, -1.2379 -2.9605 -0.0394, -1.1049 -3.0848 -0.0394, -1.0283 -3.0645 -0.0394, -1.0178 -3.0505 -0.0394, -1.0133 -3.0419 -0.0394, -1.359 -3.025 -0.0394, -1.303 -3.0773 -0.0394, -1.1688 -2.9707 -0.0394, -1.089 -2.9755 -0.0394, -1.0116 -3.0346 -0.0394, -1.3466 -2.9901 -0.0394, -1.3373 -2.9818 -0.0394, -1.0654 -3.0714 -0.0394, -1.0492 -3.0612 -0.0394, -1.0401 -3.052 -0.0394, -1.351 -3.0486 -0.0394, -1.3432 -3.0568 -0.0394, -1.3266 -3.0684 -0.0394, -1.3581 -3.0124 -0.0394, -1.3535 -3.0001 -0.0394, -1.3227 -2.9742 -0.0394, -1.2851 -2.9659 -0.0394, -1.3531 -3.0708 -0.0394, -1.3293 -3.0843 -0.0394, -1.2784 -3.0998 -0.0394, -1.2736 -3.1007 -0.0394, -1.1665 -3.1074 -0.0394, -1.1342 -3.1043 -0.0394, -1.3556 -3.0412 -0.0394, -1.3581 -3.0339 -0.0394, -1.0632 -2.9826 -0.0394, -1.0487 -2.9901 -0.0394, -1.0406 -2.9971 -0.0394, -1.03 -3.0205 -0.0394, -1.0307 -3.0323 -0.0394, -1.0341 -3.0424 -0.0394, -1.0343 -3.0061 -0.0394, -1.0311 -3.0148 -0.0394, -1.0102 -2.4238 -0.0394, 0.628 -3.048 -0.0394, 0.6361 -3.061 -0.0394, 0.9824 -2.9599 -0.0394, 0.8312 -2.9599 -0.0394, 0.6494 -2.9718 -0.0394, 0.6376 -2.9814 -0.0394, 0.6295 -2.9926 -0.0394, 0.9886 -3.025 -0.0394, 0.9844 -3.0086 -0.0394, 0.9824 -2.9684 -0.0394, 0.9773 -2.9957 -0.0394, 0.9276 -3.0906 -0.0394, 0.957 -3.0768 -0.0394, 0.7616 -2.9515 -0.0394, 0.6945 -2.9558 -0.0394, 0.6681 -2.9624 -0.0394, 0.624 -3.0058 -0.0394, 0.6223 -3.0172 -0.0394, 0.6231 -3.0333 -0.0394, 0.9664 -2.9837 -0.0394, 0.9581 -2.9775 -0.0394, 0.949 -2.9724 -0.0394, 0.778 -3.0913 -0.0394, 0.7322 -2.9634 -0.0394, 0.8757 -3.0882 -0.0394, 0.7621 -2.9605 -0.0394, 0.8951 -3.0848 -0.0394, 0.9717 -3.0645 -0.0394, 0.9822 -3.0505 -0.0394, 0.9867 -3.0419 -0.0394, 0.641 -3.025 -0.0394, 0.697 -3.0773 -0.0394, 0.8312 -2.9707 -0.0394, 0.911 -2.9755 -0.0394, 0.9884 -3.0346 -0.0394, 0.6534 -2.9901 -0.0394, 0.6627 -2.9818 -0.0394, 0.9346 -3.0714 -0.0394, 0.9508 -3.0612 -0.0394, 0.9599 -3.052 -0.0394, 0.649 -3.0486 -0.0394, 0.6568 -3.0568 -0.0394, 0.6734 -3.0684 -0.0394, 0.6419 -3.0124 -0.0394, 0.6465 -3.0001 -0.0394, 0.6773 -2.9742 -0.0394, 0.7149 -2.9659 -0.0394, 0.6469 -3.0708 -0.0394, 0.6707 -3.0843 -0.0394, 0.7216 -3.0998 -0.0394, 0.7264 -3.1007 -0.0394, 0.8335 -3.1074 -0.0394, 0.8658 -3.1043 -0.0394, 0.6444 -3.0412 -0.0394, 0.6419 -3.0339 -0.0394, 0.9368 -2.9826 -0.0394, 0.9513 -2.9901 -0.0394, 0.9594 -2.9971 -0.0394, 0.97 -3.0205 -0.0394, 0.9693 -3.0323 -0.0394, 0.9659 -3.0424 -0.0394, 0.9657 -3.0061 -0.0394, 0.9689 -3.0148 -0.0394, 0.9898 -2.4238 -0.0394, 1.8058 -2.9277 -0.0394, 1.8058 -3.1296 -0.0394, 1.8058 -3.7793 -0.0394, 2.628 -3.048 -0.0394, 2.6361 -3.061 -0.0394, 2.9824 -2.9599 -0.0394, 2.8312 -2.9599 -0.0394, 2.6494 -2.9718 -0.0394, 2.6376 -2.9814 -0.0394, 2.6295 -2.9926 -0.0394, 2.9886 -3.025 -0.0394, 2.9844 -3.0086 -0.0394, 2.9824 -2.9684 -0.0394, 2.9773 -2.9957 -0.0394, 2.9276 -3.0906 -0.0394, 2.957 -3.0768 -0.0394, 2.7616 -2.9515 -0.0394, 2.6945 -2.9558 -0.0394, 2.6681 -2.9624 -0.0394, 2.624 -3.0058 -0.0394, 2.6223 -3.0172 -0.0394, 2.6231 -3.0333 -0.0394, 2.9664 -2.9837 -0.0394, 2.9581 -2.9775 -0.0394, 2.949 -2.9724 -0.0394, 2.778 -3.0913 -0.0394, 2.7322 -2.9634 -0.0394, 2.8757 -3.0882 -0.0394, 2.7621 -2.9605 -0.0394, 2.8951 -3.0848 -0.0394, 2.9717 -3.0645 -0.0394, 2.9822 -3.0505 -0.0394, 2.9867 -3.0419 -0.0394, 2.641 -3.025 -0.0394, 2.697 -3.0773 -0.0394, 2.8312 -2.9707 -0.0394, 2.911 -2.9755 -0.0394, 2.9884 -3.0346 -0.0394, 2.6534 -2.9901 -0.0394, 2.6627 -2.9818 -0.0394, 2.9346 -3.0714 -0.0394, 2.9508 -3.0612 -0.0394, 2.9599 -3.052 -0.0394, 2.649 -3.0486 -0.0394, 2.6568 -3.0568 -0.0394, 2.6734 -3.0684 -0.0394, 2.6419 -3.0124 -0.0394, 2.6465 -3.0001 -0.0394, 2.6773 -2.9742 -0.0394, 2.7149 -2.9659 -0.0394, 2.6469 -3.0708 -0.0394, 2.6707 -3.0843 -0.0394, 2.7216 -3.0998 -0.0394, 2.7264 -3.1007 -0.0394, 2.8335 -3.1074 -0.0394, 2.8658 -3.1043 -0.0394, 2.6444 -3.0412 -0.0394, 2.6419 -3.0339 -0.0394, 2.9368 -2.9826 -0.0394, 2.9513 -2.9901 -0.0394, 2.9594 -2.9971 -0.0394, 2.97 -3.0205 -0.0394, 2.9693 -3.0323 -0.0394, 2.9659 -3.0424 -0.0394, 2.9657 -3.0061 -0.0394, 2.9689 -3.0148 -0.0394, 2.9898 -2.4238 -0.0394, 3.6592 -2.7296 -0.0394, 3.6592 -2.9277 -0.0394, 3.6592 -3.1296 -0.0394, 3.6592 -3.7793 -0.0394, 2.9988 -3.2776 -0.0394, 2.9931 -3.7793 -0.0394, 2.9931 -3.2765 -0.0394, 2.9898 -3.276 -0.0394, -4.315 -2.9277 -0.0394, -4.315 -3.1296 -0.0394, -4.315 -3.7793 -0.0394, -4.315 -4.2811 -0.0394, 4.315 -3.7793 -0.0394, 4.315 -3.1296 -0.0394, 4.315 -2.9277 -0.0394, 4.315 -2.7296 -0.0394, 3.8031 0.522 -0.0394, -3.3785 -4.2811 -0.0394, -3.0102 -4.2811 -0.0394, -3.0069 -4.2811 -0.0394, -2.1942 -4.2811 -0.0394, -1.3785 -4.2811 -0.0394, -1.0102 -4.2811 -0.0394, -1.0069 -4.2811 -0.0394, -0.1942 -4.2811 -0.0394, 0.9898 -4.2811 -0.0394, 0.9931 -4.2811 -0.0394, 1.8058 -4.2811 -0.0394, 2.6215 -4.2811 -0.0394, 2.9898 -4.2811 -0.0394, 2.9931 -4.2811 -0.0394, 3.6592 -4.2811 -0.0394, 4.315 -4.2811 -0.0394, 0.7638 0.522 2.7559, -0.7638 0.522 2.7559, -4.315 0.522 3.0709, 4.315 0.522 3.0709, 4.315 0.522 2.7559, 3.2362 0.522 2.7559, 3.2362 0.522 2.126, -1.2362 0.522 2.126, -0.1969 0.522 2.4409, -0.7638 0.522 2.126, -0.7638 0.522 2.4409, 1.2362 0.522 2.7559, 2.7638 0.522 2.7559, 2.7638 0.522 2.4409, 1.8031 0.522 2.4409, 1.2362 0.522 2.126, 1.2362 0.522 2.4409, 2.7638 0.522 2.126, 3.8031 0.522 2.4409, 3.2362 0.522 2.4409, -1.8031 0.522 2.4409, -1.2362 0.522 2.4409, 0.7638 0.522 2.126, 0.1969 0.522 2.4409, 0.7638 0.522 2.4409, 2.1969 0.522 2.4409, -2.7638 0.522 2.7559, -1.2362 0.522 2.7559, -3.2362 0.522 2.126, -2.1969 0.522 2.4409, -2.7638 0.522 2.126, -2.7638 0.522 2.4409, -3.8031 0.522 2.4409, -3.2362 0.522 2.4409, -4.315 0.522 2.7559, -3.2362 0.522 2.7559, 2.5079 -4.2811 2.7559, 2.5079 -4.2811 3.0709, 1.4921 -4.2811 2.7559, 1.4921 -4.2811 3.0709, -4.315 -3.1 3.0709, 4.315 -3.1 3.0709, -4.315 -3.1 3.2677, 4.315 -3.1 3.2677, -2.5079 -3.6906 3.1693, -2.5079 -4.2811 3.0709, -1.4921 -4.2811 3.0709, -4.315 -4.2811 3.0709, -3.4921 -4.2811 3.0709, 1.4921 -3.6906 3.1693, -0.5079 -3.6906 3.1693, 0.5079 -3.6906 3.1693, 3.4921 -4.2811 3.0709, 4.315 -4.2811 3.0709, 3.4921 -3.6906 3.1693, 2.5079 -3.6906 3.1693, -1.4921 -3.6906 3.1693, -3.4921 -3.6906 3.1693, -3.4921 -4.2811 2.7559, -4.0 -4.2811 2.7559, -4.0 -4.2811 0.3543, 0.2126 -4.2811 0.3543, -0.2126 -4.2811 0.3543, -0.4631 -4.2811 0.2459, 3.4921 -4.2811 2.7559, 4.0 -4.2811 2.7559, 4.0 -4.2811 0.3543, 3.7874 -4.2811 0.3543, 3.5369 -4.2811 0.2459, 3.2721 -4.2811 0.1797, 3.0 -4.2811 0.1575, 2.7279 -4.2811 0.1797, 2.4631 -4.2811 0.2459, 2.2126 -4.2811 0.3543, 1.7874 -4.2811 0.3543, 1.5369 -4.2811 0.2459, 1.2721 -4.2811 0.1797, 1.0 -4.2811 0.1575, 0.7279 -4.2811 0.1797, 0.4631 -4.2811 0.2459, -2.2126 -4.2811 0.3543, -2.4631 -4.2811 0.2459, -2.7279 -4.2811 0.1797, -3.0 -4.2811 0.1575, -3.2721 -4.2811 0.1797, -3.5369 -4.2811 0.2459, -3.7874 -4.2811 0.3543, -0.7279 -4.2811 0.1797, -1.0 -4.2811 0.1575, -1.2721 -4.2811 0.1797, -1.5369 -4.2811 0.2459, -1.7874 -4.2811 0.3543, 0.2126 -0.7378 0.3543, 0.4631 -0.7378 0.2459, 0.7279 -0.7378 0.1797, 1.0 -0.7378 0.1575, 1.2721 -0.7378 0.1797, 1.5369 -0.7378 0.2459, 1.7874 -0.7378 0.3543, -0.2126 -0.7378 0.3543, 2.5079 -3.6906 2.7559, -1.4921 -3.6906 2.7559, -1.4921 -4.2811 2.7559, -2.5079 -4.2811 2.7559, 0.5079 -3.6906 2.7559, -0.5079 -3.6906 2.7559, -3.4921 -3.6906 2.7559, -4.0 -0.7378 2.7559, -2.5079 -3.6906 2.7559, 1.4921 -3.6906 2.7559, 4.0 -0.7378 2.7559, 3.4921 -3.6906 2.7559, 2.2126 -0.7378 0.3543, 1.1274 -0.7378 1.0798, 1.0 -0.7378 1.063, 2.5738 -0.7378 1.3091, 2.5246 -0.7378 1.4277, -2.2126 -0.7378 0.3543, -2.5246 -0.7378 1.4277, -2.5738 -0.7378 1.3091, 0.5738 -0.7378 1.3091, 0.5246 -0.7378 1.4277, 2.652 -0.7378 1.2071, -2.652 -0.7378 1.2071, -2.7539 -0.7378 1.1289, -2.4631 -0.7378 0.2459, -2.8726 -0.7378 1.0798, -2.7279 -0.7378 0.1797, -1.4262 -0.7378 1.3091, -1.4754 -0.7378 1.4277, -1.7874 -0.7378 0.3543, 1.4754 -0.7378 1.4277, 1.4262 -0.7378 1.3091, 0.8726 -0.7378 1.0798, 0.7539 -0.7378 1.1289, 0.652 -0.7378 1.2071, 1.348 -0.7378 1.2071, 1.2461 -0.7378 1.1289, -0.5246 -0.7378 1.4277, -0.5738 -0.7378 1.3091, -0.652 -0.7378 1.2071, -0.7539 -0.7378 1.1289, -0.4631 -0.7378 0.2459, -0.8726 -0.7378 1.0798, -0.7279 -0.7378 0.1797, 3.4921 -0.7378 1.5551, 3.4754 -0.7378 1.4277, 3.7874 -0.7378 0.3543, 3.4262 -0.7378 1.3091, 1.1274 -0.7378 2.0305, 1.2461 -0.7378 1.9813, 3.348 -0.7378 1.2071, 3.2461 -0.7378 1.1289, 3.5369 -0.7378 0.2459, 3.1274 -0.7378 1.0798, 2.7539 -0.7378 1.1289, 2.4631 -0.7378 0.2459, 2.8726 -0.7378 1.0798, 2.7279 -0.7378 0.1797, 3.0 -0.7378 1.063, 3.0 -0.7378 0.1575, 3.2721 -0.7378 0.1797, 3.4754 -0.7378 1.6825, 4.0 -0.7378 0.3543, -3.7874 -0.7378 0.3543, -3.4262 -0.7378 1.3091, -3.4754 -0.7378 1.4277, -1.0 -0.7378 0.1575, -1.0 -0.7378 1.063, -1.2721 -0.7378 0.1797, -1.1274 -0.7378 1.0798, -1.5369 -0.7378 0.2459, -1.2461 -0.7378 1.1289, -1.348 -0.7378 1.2071, -4.0 -0.7378 0.3543, 3.1274 -0.7378 2.0305, 3.2461 -0.7378 1.9813, -3.0 -0.7378 0.1575, -3.0 -0.7378 1.063, -3.2721 -0.7378 0.1797, -3.1274 -0.7378 1.0798, -3.5369 -0.7378 0.2459, -3.2461 -0.7378 1.1289, -3.348 -0.7378 1.2071, -3.4262 -0.7378 1.8012, -3.4754 -0.7378 1.6825, -3.4921 -0.7378 1.5551, 2.652 -0.7378 1.9031, 2.5738 -0.7378 1.8012, 1.348 -0.7378 1.9031, 3.348 -0.7378 1.9031, 3.4262 -0.7378 1.8012, -3.348 -0.7378 1.9031, -3.2461 -0.7378 1.9813, -3.1274 -0.7378 2.0305, 1.4754 -0.7378 1.6825, 1.4921 -0.7378 1.5551, 2.7539 -0.7378 1.9813, 2.8726 -0.7378 2.0305, 3.0 -0.7378 2.0472, -3.0 -0.7378 2.0472, -2.8726 -0.7378 2.0305, -2.7539 -0.7378 1.9813, -2.652 -0.7378 1.9031, -1.4262 -0.7378 1.8012, -1.348 -0.7378 1.9031, -1.2461 -0.7378 1.9813, 1.4262 -0.7378 1.8012, 2.5246 -0.7378 1.6825, 2.5079 -0.7378 1.5551, 0.652 -0.7378 1.9031, 0.7539 -0.7378 1.9813, -0.7539 -0.7378 1.9813, 0.8726 -0.7378 2.0305, 1.0 -0.7378 2.0472, -2.5246 -0.7378 1.6825, -2.5079 -0.7378 1.5551, -1.1274 -0.7378 2.0305, -1.0 -0.7378 2.0472, -0.8726 -0.7378 2.0305, -0.5246 -0.7378 1.6825, -0.5079 -0.7378 1.5551, -2.5738 -0.7378 1.8012, -1.4754 -0.7378 1.6825, -1.4921 -0.7378 1.5551, -0.652 -0.7378 1.9031, -0.5738 -0.7378 1.8012, 0.5738 -0.7378 1.8012, 0.5246 -0.7378 1.6825, 0.5079 -0.7378 1.5551, 0.7638 -0.2654 2.4409, 0.7638 -0.2654 2.7559, -0.7638 -0.2654 2.7559, 0.1969 -0.2654 2.4409, -0.1969 -0.2654 2.4409, -0.7638 -0.2654 2.4409, 1.8031 -0.2654 2.4409, 2.7638 -0.2654 2.7559, 1.2362 -0.2654 2.7559, 1.2362 -0.2654 2.4409, 2.7638 -0.2654 2.4409, 2.1969 -0.2654 2.4409, 1.2362 -0.2654 2.126, 0.7638 -0.2654 2.126, 1.1969 -0.2654 1.3189, 1.1969 -0.2654 1.74, 0.8031 -0.2654 1.3189, 0.8031 -0.2654 1.74
            ]
        }
        coordIndex [
            0,1,2,-1,2,1,3,-1,4,5,6,-1,7,8,9,-1,10,11,12,-1,13,14,15,-1,16,17,18,-1,19,20,21,-1,22,23,24,-1,25,26,27,-1,28,29,30,-1,31,32,33,-1,34,35,36,-1,36,35,37,-1,36,37,38,-1,39,40,41,-1,40,42,41,-1,41,42,43,-1,41,43,44,-1,44,43,45,-1,44,45,46,-1,46,47,44,-1,44,47,48,-1,44,48,49,-1,50,51,52,-1,53,54,41,-1,55,56,57,-1,58,59,60,-1,60,59,61,-1,60,61,41,-1,41,61,62,-1,41,62,53,-1,51,63,52,-1,52,63,39,-1,52,39,64,-1,64,39,41,-1,64,41,65,-1,65,41,66,-1,67,68,52,-1,52,68,69,-1,52,69,50,-1,60,70,55,-1,37,71,38,-1,38,71,72,-1,38,72,73,-1,73,72,67,-1,73,67,74,-1,74,67,52,-1,55,57,60,-1,60,57,75,-1,60,75,58,-1,54,76,41,-1,41,76,77,-1,41,77,66,-1,78,79,80,-1,81,82,80,-1,83,84,85,-1,81,80,86,-1,82,87,80,-1,80,87,55,-1,80,55,78,-1,78,55,70,-1,78,70,88,-1,89,90,85,-1,85,90,91,-1,85,91,80,-1,80,91,92,-1,80,92,86,-1,84,93,85,-1,85,93,94,-1,85,94,95,-1,95,96,85,-1,85,96,97,-1,85,97,89,-1,83,85,98,-1,98,85,99,-1,98,99,100,-1,101,102,103,-1,103,102,104,-1,105,106,107,-1,107,106,108,-1,100,99,108,-1,108,99,103,-1,108,103,107,-1,107,103,104,-1,107,104,109,-1,110,111,112,-1,112,111,113,-1,49,114,44,-1,44,114,115,-1,44,115,116,-1,111,117,113,-1,113,117,118,-1,113,118,119,-1,119,118,44,-1,119,44,120,-1,120,44,116,-1,121,122,123,-1,124,125,118,-1,118,125,126,-1,127,128,33,-1,124,118,129,-1,129,118,123,-1,129,123,130,-1,126,131,118,-1,118,131,132,-1,118,132,133,-1,128,134,33,-1,33,134,135,-1,33,135,123,-1,123,135,136,-1,123,136,121,-1,137,123,138,-1,138,123,139,-1,140,141,142,-1,142,141,143,-1,142,143,144,-1,144,145,142,-1,142,145,146,-1,142,146,147,-1,148,44,149,-1,149,44,150,-1,32,151,33,-1,33,151,152,-1,33,152,153,-1,154,155,123,-1,123,155,156,-1,123,156,130,-1,148,157,44,-1,44,157,158,-1,44,158,159,-1,160,161,33,-1,33,161,162,-1,33,162,127,-1,137,163,123,-1,123,163,164,-1,123,164,165,-1,166,122,167,-1,167,122,168,-1,166,169,122,-1,122,169,170,-1,122,170,123,-1,123,170,171,-1,123,171,139,-1,165,172,123,-1,123,172,173,-1,123,173,154,-1,133,174,118,-1,118,174,175,-1,118,175,44,-1,44,175,176,-1,44,176,150,-1,140,142,122,-1,122,142,177,-1,122,177,168,-1,153,178,33,-1,33,178,179,-1,33,179,160,-1,159,180,44,-1,44,180,181,-1,44,181,182,-1,183,41,184,-1,182,185,44,-1,44,185,186,-1,44,186,41,-1,41,186,187,-1,41,187,184,-1,188,189,190,-1,190,189,191,-1,192,193,194,-1,195,196,123,-1,123,196,197,-1,33,198,199,-1,200,201,202,-1,202,201,203,-1,202,203,204,-1,194,205,192,-1,192,205,206,-1,192,206,207,-1,207,206,190,-1,207,190,208,-1,208,190,191,-1,209,210,211,-1,211,210,212,-1,211,212,213,-1,199,214,33,-1,33,214,215,-1,33,215,216,-1,217,218,219,-1,219,218,220,-1,219,221,222,-1,223,224,123,-1,123,224,225,-1,123,225,226,-1,123,211,227,-1,227,228,123,-1,123,228,229,-1,123,229,33,-1,33,229,230,-1,33,230,198,-1,231,232,233,-1,233,232,234,-1,233,234,235,-1,236,237,238,-1,220,239,219,-1,219,239,240,-1,219,240,221,-1,197,241,123,-1,123,241,242,-1,123,242,223,-1,226,231,123,-1,123,231,233,-1,123,233,211,-1,211,233,243,-1,211,243,209,-1,244,245,235,-1,235,245,246,-1,235,246,233,-1,213,247,211,-1,211,247,248,-1,211,248,249,-1,249,248,236,-1,249,236,250,-1,250,236,238,-1,200,202,251,-1,251,202,33,-1,251,33,252,-1,204,253,202,-1,202,253,254,-1,202,254,255,-1,256,257,219,-1,219,257,258,-1,222,259,219,-1,219,259,260,-1,219,260,261,-1,193,192,235,-1,235,192,262,-1,235,262,244,-1,263,264,202,-1,258,265,219,-1,219,265,266,-1,219,266,217,-1,261,267,219,-1,219,267,268,-1,219,268,269,-1,270,271,33,-1,33,271,272,-1,33,272,252,-1,263,202,273,-1,269,274,219,-1,219,274,275,-1,219,275,276,-1,276,277,219,-1,219,277,278,-1,219,278,279,-1,216,280,33,-1,33,280,281,-1,33,281,282,-1,282,283,33,-1,33,283,284,-1,33,284,270,-1,255,285,202,-1,202,285,286,-1,202,286,287,-1,288,273,289,-1,289,273,202,-1,289,202,290,-1,290,202,287,-1,291,292,293,-1,293,292,294,-1,293,294,295,-1,295,294,296,-1,295,296,28,-1,297,298,299,-1,300,301,302,-1,303,304,305,-1,302,306,300,-1,300,306,307,-1,300,307,297,-1,308,309,300,-1,300,309,310,-1,300,310,303,-1,303,310,311,-1,303,311,304,-1,297,299,300,-1,300,299,312,-1,300,312,308,-1,313,314,297,-1,297,314,315,-1,297,315,316,-1,317,318,319,-1,319,318,320,-1,316,321,297,-1,297,321,322,-1,297,322,298,-1,323,324,319,-1,319,324,325,-1,320,326,319,-1,319,326,327,-1,319,327,293,-1,293,327,328,-1,293,328,291,-1,305,329,303,-1,303,329,330,-1,303,330,331,-1,325,332,319,-1,319,332,333,-1,319,333,317,-1,331,334,303,-1,303,334,335,-1,303,335,336,-1,336,337,303,-1,303,337,338,-1,303,338,339,-1,323,319,340,-1,340,319,303,-1,340,303,341,-1,341,303,339,-1,341,339,342,-1,343,344,345,-1,345,344,346,-1,345,346,347,-1,348,349,107,-1,349,350,107,-1,107,350,351,-1,107,351,352,-1,352,351,353,-1,352,353,354,-1,354,355,352,-1,352,355,356,-1,352,356,357,-1,358,359,360,-1,361,362,107,-1,363,364,365,-1,366,367,109,-1,109,367,368,-1,109,368,107,-1,107,368,369,-1,107,369,361,-1,359,370,360,-1,360,370,348,-1,360,348,371,-1,371,348,107,-1,371,107,372,-1,372,107,373,-1,374,375,360,-1,360,375,376,-1,360,376,358,-1,109,377,363,-1,346,378,347,-1,347,378,379,-1,347,379,380,-1,380,379,374,-1,380,374,381,-1,381,374,360,-1,363,365,109,-1,109,365,382,-1,109,382,366,-1,362,383,107,-1,107,383,384,-1,107,384,373,-1,385,386,387,-1,388,389,387,-1,390,391,392,-1,388,387,393,-1,389,394,387,-1,387,394,363,-1,387,363,385,-1,385,363,377,-1,385,377,395,-1,396,397,392,-1,392,397,398,-1,392,398,387,-1,387,398,399,-1,387,399,393,-1,391,400,392,-1,392,400,401,-1,392,401,402,-1,402,403,392,-1,392,403,404,-1,392,404,396,-1,390,392,405,-1,405,392,406,-1,405,406,407,-1,408,409,410,-1,410,409,411,-1,407,406,411,-1,411,406,412,-1,411,412,410,-1,413,414,415,-1,415,414,416,-1,357,417,352,-1,352,417,418,-1,352,418,419,-1,414,420,416,-1,416,420,421,-1,416,421,422,-1,422,421,352,-1,422,352,423,-1,423,352,419,-1,424,425,426,-1,427,428,421,-1,421,428,429,-1,430,431,27,-1,427,421,432,-1,432,421,426,-1,432,426,433,-1,429,434,421,-1,421,434,435,-1,421,435,436,-1,431,437,27,-1,27,437,438,-1,27,438,426,-1,426,438,439,-1,426,439,424,-1,440,426,441,-1,441,426,442,-1,443,444,445,-1,445,444,446,-1,445,446,447,-1,447,448,445,-1,445,448,449,-1,445,449,450,-1,451,352,452,-1,452,352,453,-1,26,454,27,-1,27,454,455,-1,27,455,456,-1,457,458,426,-1,426,458,459,-1,426,459,433,-1,451,460,352,-1,352,460,461,-1,352,461,462,-1,463,464,27,-1,27,464,465,-1,27,465,430,-1,440,466,426,-1,426,466,467,-1,426,467,468,-1,469,425,470,-1,470,425,471,-1,469,472,425,-1,425,472,473,-1,425,473,426,-1,426,473,474,-1,426,474,442,-1,468,475,426,-1,426,475,476,-1,426,476,457,-1,436,477,421,-1,421,477,478,-1,421,478,352,-1,352,478,479,-1,352,479,453,-1,443,445,425,-1,425,445,480,-1,425,480,471,-1,456,481,27,-1,27,481,482,-1,27,482,463,-1,462,483,352,-1,352,483,484,-1,352,484,485,-1,486,107,487,-1,485,488,352,-1,352,488,489,-1,352,489,107,-1,107,489,490,-1,107,490,487,-1,491,492,493,-1,493,492,494,-1,495,496,497,-1,498,499,426,-1,426,499,500,-1,27,501,502,-1,503,504,505,-1,505,504,506,-1,505,506,507,-1,497,508,495,-1,495,508,509,-1,495,509,510,-1,510,509,493,-1,510,493,511,-1,511,493,494,-1,512,513,514,-1,514,513,515,-1,514,515,516,-1,502,517,27,-1,27,517,518,-1,27,518,519,-1,520,521,522,-1,522,521,523,-1,522,524,525,-1,526,527,426,-1,426,527,528,-1,426,528,529,-1,426,514,530,-1,530,531,426,-1,426,531,532,-1,426,532,27,-1,27,532,533,-1,27,533,501,-1,534,535,536,-1,536,535,537,-1,536,537,538,-1,539,540,541,-1,523,542,522,-1,522,542,543,-1,522,543,524,-1,500,544,426,-1,426,544,545,-1,426,545,526,-1,529,534,426,-1,426,534,536,-1,426,536,514,-1,514,536,546,-1,514,546,512,-1,547,548,538,-1,538,548,549,-1,538,549,536,-1,516,550,514,-1,514,550,551,-1,514,551,552,-1,552,551,539,-1,552,539,553,-1,553,539,541,-1,503,505,554,-1,554,505,27,-1,554,27,555,-1,507,556,505,-1,505,556,557,-1,505,557,558,-1,559,560,522,-1,522,560,561,-1,525,562,522,-1,522,562,563,-1,522,563,564,-1,496,495,538,-1,538,495,565,-1,538,565,547,-1,566,567,505,-1,561,568,522,-1,522,568,569,-1,522,569,520,-1,564,570,522,-1,522,570,571,-1,522,571,572,-1,573,574,27,-1,27,574,575,-1,27,575,555,-1,566,505,576,-1,572,577,522,-1,522,577,578,-1,522,578,579,-1,579,580,522,-1,522,580,581,-1,522,581,582,-1,519,583,27,-1,27,583,584,-1,27,584,585,-1,585,586,27,-1,27,586,587,-1,27,587,573,-1,558,588,505,-1,505,588,589,-1,505,589,590,-1,591,576,592,-1,592,576,505,-1,592,505,593,-1,593,505,590,-1,594,595,596,-1,596,595,597,-1,596,597,598,-1,598,597,599,-1,598,599,22,-1,600,601,602,-1,603,604,605,-1,606,607,608,-1,605,609,603,-1,603,609,610,-1,603,610,600,-1,611,612,603,-1,603,612,613,-1,603,613,606,-1,606,613,614,-1,606,614,607,-1,600,602,603,-1,603,602,615,-1,603,615,611,-1,616,617,600,-1,600,617,618,-1,600,618,619,-1,620,621,622,-1,622,621,623,-1,619,624,600,-1,600,624,625,-1,600,625,601,-1,626,627,622,-1,622,627,628,-1,623,629,622,-1,622,629,630,-1,622,630,596,-1,596,630,631,-1,596,631,594,-1,608,632,606,-1,606,632,633,-1,606,633,634,-1,628,635,622,-1,622,635,636,-1,622,636,620,-1,634,637,606,-1,606,637,638,-1,606,638,639,-1,639,640,606,-1,606,640,641,-1,606,641,642,-1,626,622,643,-1,643,622,606,-1,643,606,644,-1,644,606,642,-1,644,642,645,-1,646,647,648,-1,648,647,649,-1,648,649,650,-1,651,652,653,-1,652,654,653,-1,653,654,655,-1,653,655,656,-1,656,655,657,-1,656,657,658,-1,658,659,656,-1,656,659,660,-1,656,660,661,-1,662,663,664,-1,665,666,653,-1,667,668,669,-1,670,671,672,-1,672,671,673,-1,672,673,653,-1,653,673,674,-1,653,674,665,-1,663,675,664,-1,664,675,651,-1,664,651,676,-1,676,651,653,-1,676,653,677,-1,677,653,678,-1,679,680,664,-1,664,680,681,-1,664,681,662,-1,672,682,667,-1,649,683,650,-1,650,683,684,-1,650,684,685,-1,685,684,679,-1,685,679,686,-1,686,679,664,-1,667,669,672,-1,672,669,687,-1,672,687,670,-1,666,688,653,-1,653,688,689,-1,653,689,678,-1,690,691,692,-1,693,694,692,-1,693,692,695,-1,694,696,692,-1,692,696,667,-1,692,667,690,-1,690,667,682,-1,690,682,697,-1,698,699,700,-1,700,699,701,-1,700,701,702,-1,703,704,700,-1,700,704,705,-1,700,705,692,-1,692,705,706,-1,692,706,695,-1,702,707,700,-1,700,707,708,-1,700,708,709,-1,709,710,700,-1,700,710,711,-1,700,711,703,-1,712,713,714,-1,714,713,715,-1,21,714,19,-1,19,714,715,-1,19,715,698,-1,698,715,716,-1,698,716,699,-1,717,718,719,-1,719,718,720,-1,661,721,656,-1,656,721,722,-1,656,722,723,-1,718,724,720,-1,720,724,725,-1,720,725,726,-1,726,725,656,-1,726,656,727,-1,727,656,723,-1,728,729,730,-1,731,732,725,-1,725,732,733,-1,734,735,18,-1,731,725,736,-1,736,725,730,-1,736,730,737,-1,733,738,725,-1,725,738,739,-1,725,739,740,-1,735,741,18,-1,18,741,742,-1,18,742,730,-1,730,742,743,-1,730,743,728,-1,744,730,745,-1,745,730,746,-1,747,748,749,-1,749,748,750,-1,749,750,751,-1,751,752,749,-1,749,752,753,-1,749,753,754,-1,755,656,756,-1,756,656,757,-1,17,758,18,-1,18,758,759,-1,18,759,760,-1,761,762,730,-1,730,762,763,-1,730,763,737,-1,755,764,656,-1,656,764,765,-1,656,765,766,-1,767,768,18,-1,18,768,769,-1,18,769,734,-1,744,770,730,-1,730,770,771,-1,730,771,772,-1,773,729,774,-1,774,729,775,-1,773,776,729,-1,729,776,777,-1,729,777,730,-1,730,777,778,-1,730,778,746,-1,772,779,730,-1,730,779,780,-1,730,780,761,-1,740,781,725,-1,725,781,782,-1,725,782,656,-1,656,782,783,-1,656,783,757,-1,747,749,729,-1,729,749,784,-1,729,784,775,-1,760,785,18,-1,18,785,786,-1,18,786,767,-1,766,787,656,-1,656,787,788,-1,656,788,789,-1,790,653,791,-1,789,792,656,-1,656,792,793,-1,656,793,653,-1,653,793,794,-1,653,794,791,-1,795,796,797,-1,797,796,798,-1,799,800,801,-1,802,803,730,-1,730,803,804,-1,18,805,806,-1,807,808,809,-1,809,808,810,-1,809,810,811,-1,801,812,799,-1,799,812,813,-1,799,813,814,-1,814,813,797,-1,814,797,815,-1,815,797,798,-1,816,817,818,-1,818,817,819,-1,818,819,820,-1,806,821,18,-1,18,821,822,-1,18,822,823,-1,824,825,826,-1,826,825,827,-1,826,828,829,-1,830,831,730,-1,730,831,832,-1,730,832,833,-1,730,818,834,-1,834,835,730,-1,730,835,836,-1,730,836,18,-1,18,836,837,-1,18,837,805,-1,838,839,840,-1,840,839,841,-1,840,841,842,-1,843,844,845,-1,827,846,826,-1,826,846,847,-1,826,847,828,-1,804,848,730,-1,730,848,849,-1,730,849,830,-1,833,838,730,-1,730,838,840,-1,730,840,818,-1,818,840,850,-1,818,850,816,-1,851,852,842,-1,842,852,853,-1,842,853,840,-1,820,854,818,-1,818,854,855,-1,818,855,856,-1,856,855,843,-1,856,843,857,-1,857,843,845,-1,807,809,858,-1,858,809,18,-1,858,18,859,-1,811,860,809,-1,809,860,861,-1,809,861,862,-1,863,864,826,-1,826,864,865,-1,829,866,826,-1,826,866,867,-1,826,867,868,-1,800,799,842,-1,842,799,869,-1,842,869,851,-1,870,871,809,-1,865,872,826,-1,826,872,873,-1,826,873,824,-1,868,874,826,-1,826,874,875,-1,826,875,876,-1,877,878,18,-1,18,878,879,-1,18,879,859,-1,870,809,880,-1,876,881,826,-1,826,881,882,-1,826,882,883,-1,883,884,826,-1,826,884,885,-1,826,885,886,-1,823,887,18,-1,18,887,888,-1,18,888,889,-1,889,890,18,-1,18,890,891,-1,18,891,877,-1,862,892,809,-1,809,892,893,-1,809,893,894,-1,895,880,896,-1,896,880,809,-1,896,809,897,-1,897,809,894,-1,898,899,900,-1,901,902,903,-1,904,905,906,-1,903,907,901,-1,901,907,908,-1,901,908,898,-1,909,910,901,-1,901,910,911,-1,901,911,904,-1,904,911,912,-1,904,912,905,-1,898,900,901,-1,901,900,913,-1,901,913,909,-1,914,915,898,-1,898,915,916,-1,898,916,917,-1,918,919,920,-1,920,919,921,-1,917,922,898,-1,898,922,923,-1,898,923,899,-1,924,925,920,-1,920,925,926,-1,921,927,920,-1,920,927,928,-1,920,928,929,-1,929,928,930,-1,929,930,931,-1,906,932,904,-1,904,932,933,-1,904,933,934,-1,926,935,920,-1,920,935,936,-1,920,936,918,-1,934,937,904,-1,904,937,938,-1,904,938,939,-1,939,940,904,-1,904,940,941,-1,904,941,942,-1,924,920,943,-1,943,920,904,-1,943,904,944,-1,944,904,942,-1,944,942,945,-1,946,947,948,-1,949,950,951,-1,946,948,951,-1,951,948,952,-1,951,952,949,-1,953,954,955,-1,955,954,9,-1,956,957,410,-1,410,957,958,-1,410,958,959,-1,950,949,960,-1,960,949,410,-1,960,410,961,-1,953,962,954,-1,954,962,963,-1,954,963,964,-1,964,965,954,-1,954,965,966,-1,954,966,967,-1,959,968,410,-1,410,968,969,-1,410,969,970,-1,970,971,410,-1,410,971,972,-1,410,972,961,-1,961,972,973,-1,974,975,976,-1,977,978,412,-1,412,978,979,-1,412,979,410,-1,410,979,980,-1,410,980,981,-1,982,983,984,-1,984,983,985,-1,984,985,986,-1,981,987,410,-1,410,987,988,-1,410,988,989,-1,986,990,984,-1,984,990,956,-1,984,956,991,-1,991,956,410,-1,991,410,992,-1,992,410,993,-1,967,994,954,-1,954,994,995,-1,954,995,980,-1,980,995,974,-1,996,997,980,-1,980,997,998,-1,980,998,981,-1,982,984,999,-1,999,984,1000,-1,999,1000,1001,-1,989,1002,410,-1,410,1002,1003,-1,410,1003,993,-1,1004,1005,1006,-1,1006,1005,1007,-1,1006,1007,1001,-1,1001,1007,1008,-1,1001,1008,999,-1,974,976,980,-1,980,976,1009,-1,980,1009,1010,-1,1010,1011,980,-1,980,1011,1012,-1,980,1012,996,-1,1013,1014,1015,-1,1015,1014,1016,-1,1017,1018,653,-1,653,1018,1019,-1,8,7,1019,-1,1019,7,1015,-1,1019,1015,653,-1,653,1015,1016,-1,653,1016,672,-1,1020,1021,954,-1,954,1021,1022,-1,954,1022,9,-1,9,1022,1023,-1,9,1023,7,-1,1024,1025,1026,-1,1026,1025,1027,-1,1028,1029,1030,-1,1031,1032,1033,-1,1033,1032,1034,-1,1035,1036,1037,-1,1030,1038,1028,-1,1028,1038,1039,-1,1028,1039,1040,-1,1040,1039,1026,-1,1040,1026,1041,-1,1041,1026,1027,-1,1042,1043,1044,-1,1044,1043,1045,-1,1044,1045,1046,-1,1047,1048,1049,-1,1047,1050,1051,-1,1052,1053,1033,-1,1033,1053,1054,-1,1033,1054,1055,-1,1056,1033,1057,-1,1057,1033,1044,-1,1056,1058,1033,-1,1033,1058,1059,-1,1033,1059,1060,-1,1060,1059,1061,-1,1060,1061,1062,-1,1035,1037,1063,-1,1064,1065,1066,-1,1066,1065,1067,-1,1066,1067,1068,-1,1069,1070,1071,-1,1072,1073,1074,-1,1075,1076,1077,-1,1077,1076,1078,-1,1077,1078,1079,-1,1049,1080,1047,-1,1047,1080,1081,-1,1047,1081,1050,-1,1034,1082,1033,-1,1033,1082,1083,-1,1033,1083,1052,-1,1055,1064,1033,-1,1033,1064,1066,-1,1033,1066,1044,-1,1044,1066,1084,-1,1044,1084,1042,-1,1085,1086,1068,-1,1068,1086,1087,-1,1068,1087,1066,-1,1046,1088,1044,-1,1044,1088,1089,-1,1044,1089,1090,-1,1090,1089,1069,-1,1090,1069,1091,-1,1091,1069,1071,-1,1092,1093,1094,-1,1094,1093,1095,-1,1094,1095,1096,-1,1096,1095,1097,-1,1079,1098,1077,-1,1077,1098,1099,-1,1077,1099,1072,-1,1072,1099,1100,-1,1072,1100,1073,-1,1051,1101,1047,-1,1047,1101,1102,-1,1047,1102,1103,-1,1029,1028,1068,-1,1068,1028,1104,-1,1068,1104,1085,-1,1103,1105,1047,-1,1047,1105,1106,-1,1047,1106,1107,-1,1036,1108,1037,-1,1037,1108,1109,-1,1037,1109,1110,-1,1111,1112,1047,-1,1047,1112,1113,-1,1047,1113,1048,-1,1107,1114,1047,-1,1047,1114,1115,-1,1047,1115,1116,-1,1116,1117,1047,-1,1047,1117,1118,-1,1047,1118,1119,-1,1097,1120,1096,-1,1096,1120,1121,-1,1096,1121,1037,-1,1037,1121,1122,-1,1037,1122,1063,-1,1062,1123,1060,-1,1060,1123,1124,-1,1060,1124,1037,-1,1037,1124,1125,-1,1037,1125,1096,-1,1074,1126,1072,-1,1072,1126,1127,-1,1072,1127,1047,-1,1047,1127,1128,-1,1047,1128,1111,-1,1129,1130,1131,-1,1132,1133,1134,-1,1135,1136,1132,-1,1135,1132,1137,-1,1134,1138,1132,-1,1132,1138,1139,-1,1132,1139,1129,-1,1140,1141,1142,-1,1142,1141,1143,-1,1129,1131,1132,-1,1132,1131,1144,-1,1132,1144,1137,-1,1145,1146,1129,-1,1129,1146,1147,-1,1129,1147,1148,-1,1149,1150,1151,-1,1148,1152,1129,-1,1129,1152,1153,-1,1129,1153,1130,-1,1136,1154,1132,-1,1132,1154,1155,-1,1132,1155,1156,-1,1156,1155,1157,-1,1156,1157,1158,-1,1158,1157,1159,-1,1143,1149,1142,-1,1142,1149,1151,-1,1142,1151,1160,-1,1160,1151,1161,-1,1160,1161,1162,-1,1162,1161,1163,-1,1162,1163,4,-1,1159,1164,1158,-1,1158,1164,1165,-1,1158,1165,1166,-1,1167,1168,1158,-1,1158,1168,1169,-1,1158,1169,1160,-1,1160,1169,1170,-1,1160,1170,1142,-1,1171,1172,1166,-1,1166,1172,1173,-1,1166,1173,1158,-1,1158,1173,1174,-1,1158,1174,1175,-1,1175,1176,1158,-1,1158,1176,1177,-1,1158,1177,1178,-1,1178,1179,1158,-1,1158,1179,1180,-1,1158,1180,1167,-1,118,1181,123,-1,123,1181,1182,-1,123,1182,195,-1,195,1182,1183,-1,195,1183,1184,-1,421,1185,426,-1,426,1185,1186,-1,426,1186,498,-1,498,1186,1187,-1,498,1187,1188,-1,1189,1060,1190,-1,1190,1060,410,-1,1190,410,1191,-1,1192,1193,949,-1,949,1193,1194,-1,1195,1196,1033,-1,1192,949,1197,-1,1197,949,1033,-1,1197,1033,1198,-1,1194,1199,949,-1,949,1199,1200,-1,949,1200,1201,-1,1202,1203,1204,-1,1205,1206,1202,-1,1202,1206,1207,-1,1202,1207,1208,-1,410,1209,1210,-1,1204,1211,1202,-1,1202,1211,1212,-1,1202,1212,1205,-1,1213,1214,1033,-1,1033,1214,1215,-1,1033,1215,1198,-1,1210,1216,410,-1,410,1216,1217,-1,410,1217,1218,-1,1189,1219,1060,-1,1060,1219,1220,-1,1060,1220,1221,-1,1222,1223,1033,-1,1033,1223,1224,-1,1033,1224,1195,-1,1196,1225,1033,-1,1033,1225,1226,-1,1033,1226,1227,-1,1201,1228,949,-1,949,1228,1229,-1,949,1229,410,-1,410,1229,1230,-1,410,1230,1209,-1,1231,1232,1060,-1,1060,1232,1233,-1,1060,1233,1234,-1,1234,1235,1060,-1,1060,1235,1236,-1,1060,1236,1033,-1,1033,1236,1237,-1,1033,1237,1222,-1,1222,1237,1238,-1,1227,1239,1033,-1,1033,1239,1240,-1,1033,1240,1213,-1,1241,1242,1237,-1,1237,1242,1243,-1,1237,1243,1238,-1,1218,1244,410,-1,410,1244,1245,-1,410,1245,1246,-1,1221,1247,1060,-1,1060,1247,1248,-1,1060,1248,1231,-1,1241,1237,1249,-1,1249,1237,1250,-1,1249,1250,1202,-1,1202,1250,1251,-1,1202,1251,1203,-1,1246,1252,410,-1,410,1252,1253,-1,410,1253,1191,-1,949,1254,1033,-1,1033,1254,1255,-1,1033,1255,1031,-1,1031,1255,1256,-1,1031,1256,1257,-1,725,1258,730,-1,730,1258,1259,-1,730,1259,802,-1,802,1259,1260,-1,802,1260,1261,-1,1262,1263,303,-1,219,1264,1265,-1,1266,1267,202,-1,202,1267,1268,-1,1269,1270,1271,-1,1271,1270,1272,-1,1273,1274,300,-1,1275,1276,202,-1,202,1276,1277,-1,202,1277,1266,-1,1268,1278,202,-1,202,1278,1279,-1,202,1279,303,-1,303,1279,1280,-1,303,1280,1262,-1,1272,1281,1271,-1,1271,1281,1282,-1,1271,1282,1283,-1,1284,1285,1286,-1,1286,1285,1287,-1,1286,1287,1288,-1,1274,1289,300,-1,300,1289,1290,-1,300,1290,1291,-1,1292,1284,1293,-1,264,256,202,-1,202,256,219,-1,202,219,1275,-1,1275,219,1265,-1,1275,1265,1287,-1,1287,1265,1294,-1,1287,1294,1288,-1,1288,1294,1295,-1,1291,1296,300,-1,300,1296,1269,-1,300,1269,219,-1,219,1269,1271,-1,219,1271,1264,-1,1284,1297,1298,-1,1299,1288,1300,-1,1300,1288,1301,-1,1302,1293,1303,-1,1303,1293,1304,-1,1292,1305,1284,-1,1284,1305,1306,-1,1284,1306,1297,-1,1298,1307,1284,-1,1284,1307,1308,-1,1284,1308,1285,-1,1263,1309,303,-1,303,1309,1310,-1,303,1310,1311,-1,1311,1312,303,-1,303,1312,1313,-1,303,1313,300,-1,300,1313,1314,-1,300,1314,1273,-1,1302,1315,1293,-1,1293,1315,1316,-1,1293,1316,1292,-1,1295,1317,1288,-1,1288,1317,1318,-1,1288,1318,1319,-1,1320,1321,1288,-1,1288,1321,1322,-1,1288,1322,1301,-1,1319,1323,1288,-1,1288,1323,1324,-1,1288,1324,1320,-1,279,1184,219,-1,219,1184,1183,-1,219,1183,300,-1,300,1183,30,-1,300,30,301,-1,301,30,29,-1,117,1325,118,-1,118,1325,105,-1,118,105,1181,-1,1181,105,107,-1,1181,107,1182,-1,1182,107,486,-1,1182,486,1183,-1,1183,486,1326,-1,1183,1326,30,-1,30,1326,1327,-1,30,1327,28,-1,28,1327,1328,-1,28,1328,295,-1,1329,1330,606,-1,522,1331,1332,-1,1333,1334,505,-1,505,1334,1335,-1,1336,1337,1338,-1,1338,1337,1339,-1,1340,1341,603,-1,1342,1343,505,-1,505,1343,1344,-1,505,1344,1333,-1,1335,1345,505,-1,505,1345,1346,-1,505,1346,606,-1,606,1346,1347,-1,606,1347,1329,-1,1339,1348,1338,-1,1338,1348,1349,-1,1338,1349,1350,-1,1351,1352,1353,-1,1353,1352,1354,-1,1353,1354,1355,-1,1341,1356,603,-1,603,1356,1357,-1,603,1357,1358,-1,1359,1351,1360,-1,567,559,505,-1,505,559,522,-1,505,522,1342,-1,1342,522,1332,-1,1342,1332,1354,-1,1354,1332,1361,-1,1354,1361,1355,-1,1355,1361,1362,-1,1358,1363,603,-1,603,1363,1336,-1,603,1336,522,-1,522,1336,1338,-1,522,1338,1331,-1,1351,1364,1365,-1,1366,1355,1367,-1,1367,1355,1368,-1,1369,1360,1370,-1,1370,1360,1371,-1,1359,1372,1351,-1,1351,1372,1373,-1,1351,1373,1364,-1,1365,1374,1351,-1,1351,1374,1375,-1,1351,1375,1352,-1,1330,1376,606,-1,606,1376,1377,-1,606,1377,1378,-1,1378,1379,606,-1,606,1379,1380,-1,606,1380,603,-1,603,1380,1381,-1,603,1381,1340,-1,1369,1382,1360,-1,1360,1382,1383,-1,1360,1383,1359,-1,1362,1384,1355,-1,1355,1384,1385,-1,1355,1385,1386,-1,1387,1388,1355,-1,1355,1388,1389,-1,1355,1389,1368,-1,1386,1390,1355,-1,1355,1390,1391,-1,1355,1391,1387,-1,582,1188,522,-1,522,1188,1187,-1,522,1187,603,-1,603,1187,24,-1,603,24,604,-1,604,24,23,-1,420,1392,421,-1,421,1392,408,-1,421,408,1185,-1,1185,408,410,-1,1185,410,1186,-1,1186,410,1060,-1,1186,1060,1187,-1,1187,1060,1037,-1,1187,1037,24,-1,24,1037,1156,-1,24,1156,22,-1,22,1156,1158,-1,22,1158,598,-1,1393,1394,1156,-1,1047,1395,1396,-1,1397,1398,1037,-1,1037,1398,1399,-1,1400,1401,1402,-1,1402,1401,1403,-1,1404,1405,1132,-1,1406,1407,1037,-1,1037,1407,1408,-1,1037,1408,1397,-1,1399,1409,1037,-1,1037,1409,1410,-1,1037,1410,1156,-1,1156,1410,1411,-1,1156,1411,1393,-1,1403,1412,1402,-1,1402,1412,1413,-1,1402,1413,1414,-1,1415,1416,1417,-1,1417,1416,1418,-1,1417,1418,1419,-1,1405,1420,1132,-1,1132,1420,1421,-1,1132,1421,1422,-1,1423,1415,1424,-1,1110,1072,1037,-1,1037,1072,1047,-1,1037,1047,1406,-1,1406,1047,1396,-1,1406,1396,1418,-1,1418,1396,1425,-1,1418,1425,1419,-1,1419,1425,1426,-1,1422,1427,1132,-1,1132,1427,1400,-1,1132,1400,1047,-1,1047,1400,1402,-1,1047,1402,1395,-1,1415,1428,1429,-1,1430,1419,1431,-1,1431,1419,1432,-1,1433,1424,1434,-1,1434,1424,1435,-1,1423,1436,1415,-1,1415,1436,1437,-1,1415,1437,1428,-1,1429,1438,1415,-1,1415,1438,1439,-1,1415,1439,1416,-1,1394,1440,1156,-1,1156,1440,1441,-1,1156,1441,1442,-1,1442,1443,1156,-1,1156,1443,1444,-1,1156,1444,1132,-1,1132,1444,1445,-1,1132,1445,1404,-1,1433,1446,1424,-1,1424,1446,1447,-1,1424,1447,1423,-1,1426,1448,1419,-1,1419,1448,1449,-1,1419,1449,1450,-1,1451,1452,1419,-1,1419,1452,1453,-1,1419,1453,1432,-1,1450,1454,1419,-1,1419,1454,1455,-1,1419,1455,1451,-1,1119,1257,1047,-1,1047,1257,1256,-1,1047,1256,1132,-1,1132,1256,6,-1,1132,6,1133,-1,1133,6,5,-1,952,1456,949,-1,949,1456,1017,-1,949,1017,1254,-1,1254,1017,653,-1,1254,653,1255,-1,1255,653,790,-1,1255,790,1256,-1,1256,790,1457,-1,1256,1457,6,-1,6,1457,1458,-1,6,1458,4,-1,4,1458,1459,-1,4,1459,1162,-1,1460,1461,904,-1,826,1462,1463,-1,1464,1465,809,-1,809,1465,1466,-1,1467,1468,1469,-1,1469,1468,1470,-1,1471,1472,901,-1,1473,1474,809,-1,809,1474,1475,-1,809,1475,1464,-1,1466,1476,809,-1,809,1476,1477,-1,809,1477,904,-1,904,1477,1478,-1,904,1478,1460,-1,1470,1479,1469,-1,1469,1479,1480,-1,1469,1480,1481,-1,1482,1483,1484,-1,1484,1483,1485,-1,1484,1485,1486,-1,1472,1487,901,-1,901,1487,1488,-1,901,1488,1489,-1,1490,1482,1491,-1,871,863,809,-1,809,863,826,-1,809,826,1473,-1,1473,826,1463,-1,1473,1463,1485,-1,1485,1463,1492,-1,1485,1492,1486,-1,1486,1492,1493,-1,1489,1494,901,-1,901,1494,1467,-1,901,1467,826,-1,826,1467,1469,-1,826,1469,1462,-1,1482,1495,1496,-1,1497,1486,1498,-1,1498,1486,1499,-1,1500,1491,1501,-1,1501,1491,1502,-1,1490,1503,1482,-1,1482,1503,1504,-1,1482,1504,1495,-1,1496,1505,1482,-1,1482,1505,1506,-1,1482,1506,1483,-1,1461,1507,904,-1,904,1507,1508,-1,904,1508,1509,-1,1509,1510,904,-1,904,1510,1511,-1,904,1511,901,-1,901,1511,1512,-1,901,1512,1471,-1,1500,1513,1491,-1,1491,1513,1514,-1,1491,1514,1490,-1,1493,1515,1486,-1,1486,1515,1516,-1,1486,1516,1517,-1,1518,1519,1486,-1,1486,1519,1520,-1,1486,1520,1499,-1,1517,1521,1486,-1,1486,1521,1522,-1,1486,1522,1518,-1,886,1261,826,-1,826,1261,1260,-1,826,1260,901,-1,901,1260,15,-1,901,15,902,-1,902,15,14,-1,724,1523,725,-1,725,1523,712,-1,725,712,1258,-1,1258,712,714,-1,1258,714,1259,-1,1259,714,1524,-1,1259,1524,1260,-1,1260,1524,1525,-1,1260,1525,15,-1,15,1525,1526,-1,15,1526,13,-1,13,1526,1527,-1,13,1527,1528,-1,1528,1527,1529,-1,1528,1529,1530,-1,1530,1529,929,-1,1530,929,1531,-1,1531,929,931,-1,184,31,183,-1,183,31,33,-1,183,33,1532,-1,1532,33,202,-1,1532,202,1533,-1,1533,202,303,-1,1533,303,1534,-1,1534,303,319,-1,1534,319,1535,-1,487,25,486,-1,486,25,27,-1,486,27,1326,-1,1326,27,505,-1,1326,505,1327,-1,1327,505,606,-1,1327,606,1328,-1,1328,606,622,-1,791,16,790,-1,790,16,18,-1,790,18,1457,-1,1457,18,809,-1,1457,809,1458,-1,1458,809,904,-1,1458,904,1459,-1,1459,904,920,-1,1536,1527,1537,-1,1537,1527,1526,-1,1537,1526,1538,-1,1538,1526,1525,-1,1538,1525,1539,-1,1539,1525,1524,-1,1539,1524,12,-1,12,1524,714,-1,12,714,10,-1,10,714,21,-1,10,21,1540,-1,1535,319,1541,-1,1541,319,293,-1,1541,293,1542,-1,1542,293,295,-1,1542,295,1543,-1,1543,295,1328,-1,1543,1328,1544,-1,1544,1328,622,-1,1544,622,1545,-1,1545,622,596,-1,1545,596,1546,-1,1546,596,598,-1,1546,598,1547,-1,1547,598,1158,-1,1547,1158,1548,-1,1548,1158,1160,-1,1548,1160,1549,-1,1549,1160,1162,-1,1549,1162,1550,-1,1550,1162,1459,-1,1550,1459,1551,-1,1551,1459,920,-1,1551,920,1552,-1,1552,920,929,-1,1552,929,1553,-1,1553,929,1529,-1,1553,1529,1554,-1,1554,1529,1527,-1,1554,1527,1555,-1,1555,1527,1536,-1,1555,1536,1556,-1,1557,1558,1559,-1,1560,1561,1562,-1,21,20,1563,-1,1564,386,385,-1,978,977,1565,-1,1565,977,1566,-1,1565,1566,1567,-1,1568,1560,1569,-1,1569,1560,1562,-1,1569,1562,1570,-1,1014,1013,1571,-1,1571,1013,1572,-1,1571,1572,1573,-1,1574,691,690,-1,1540,21,1575,-1,1575,21,1563,-1,1575,1563,1576,-1,1576,1563,1574,-1,395,1577,385,-1,385,1577,1578,-1,385,1578,1564,-1,1021,1020,1579,-1,1579,1020,1580,-1,1579,1580,1581,-1,1559,1560,1557,-1,1557,1560,1568,-1,1557,1568,1581,-1,1581,1568,1573,-1,1581,1573,1579,-1,1579,1573,1572,-1,1562,1576,1570,-1,1570,1576,1574,-1,1570,1574,1582,-1,1582,1574,690,-1,1582,690,697,-1,1583,1559,1584,-1,1584,1559,1558,-1,1584,1558,1578,-1,1578,1558,1567,-1,1578,1567,1564,-1,1564,1567,1566,-1,1585,79,78,-1,102,101,1586,-1,1586,101,1587,-1,1586,1587,1588,-1,88,1589,78,-1,78,1589,1590,-1,78,1590,1585,-1,1591,1559,1592,-1,1592,1559,1583,-1,1592,1583,1590,-1,1590,1583,1588,-1,1590,1588,1585,-1,1585,1588,1587,-1,1593,1594,1595,-1,1595,1594,1596,-1,1597,1598,1559,-1,1559,1598,1560,-1,1599,1600,1597,-1,1597,1600,1598,-1,1601,1602,1603,-1,1599,1604,1605,-1,1606,1596,1594,-1,0,2,1607,-1,1607,2,1608,-1,1609,1610,1611,-1,1611,1610,1600,-1,1611,1600,1612,-1,1603,1613,1601,-1,1601,1613,1599,-1,1601,1599,1614,-1,1614,1599,1605,-1,1594,1612,1606,-1,1606,1612,1600,-1,1606,1600,1608,-1,1608,1600,1599,-1,1608,1599,1607,-1,1607,1599,1613,-1,1615,1605,1616,-1,1616,1605,1604,-1,1616,1604,1617,-1,1617,1604,1535,-1,1618,1619,1620,-1,1609,1621,1610,-1,1610,1621,1622,-1,1610,1622,1556,-1,1556,1622,1623,-1,1556,1623,1555,-1,1555,1623,1624,-1,1624,1625,1555,-1,1555,1625,1626,-1,1555,1626,1554,-1,1554,1626,1627,-1,1554,1627,1553,-1,1553,1627,1628,-1,1553,1628,1552,-1,1552,1628,1629,-1,1552,1629,1551,-1,1551,1629,1630,-1,1551,1630,1631,-1,1631,1632,1551,-1,1551,1632,1633,-1,1551,1633,1550,-1,1550,1633,1634,-1,1550,1634,1549,-1,1549,1634,1635,-1,1549,1635,1548,-1,1548,1635,1636,-1,1548,1636,1618,-1,1637,1638,1544,-1,1544,1638,1639,-1,1544,1639,1543,-1,1543,1639,1640,-1,1543,1640,1542,-1,1542,1640,1641,-1,1542,1641,1541,-1,1541,1641,1642,-1,1541,1642,1535,-1,1535,1642,1643,-1,1535,1643,1617,-1,1618,1620,1548,-1,1548,1620,1644,-1,1548,1644,1547,-1,1547,1644,1645,-1,1547,1645,1546,-1,1546,1645,1646,-1,1546,1646,1545,-1,1545,1646,1647,-1,1545,1647,1544,-1,1544,1647,1648,-1,1544,1648,1637,-1,1649,1618,1650,-1,1650,1618,1636,-1,1650,1636,1651,-1,1651,1636,1635,-1,1651,1635,1652,-1,1652,1635,1634,-1,1652,1634,1653,-1,1653,1634,1633,-1,1653,1633,1654,-1,1654,1633,1632,-1,1654,1632,1655,-1,1655,1632,1631,-1,1649,1656,1618,-1,1618,1656,1619,-1,1657,1593,1595,-1,1658,1659,1660,-1,3,1,1661,-1,1661,1,1662,-1,1615,1616,1663,-1,1663,1616,1664,-1,1663,1664,1665,-1,1595,1666,1657,-1,1657,1666,1667,-1,1657,1667,1668,-1,1668,1667,1622,-1,1668,1622,1621,-1,1660,1665,1658,-1,1658,1665,1664,-1,1658,1664,1662,-1,1662,1664,1667,-1,1662,1667,1661,-1,1661,1667,1666,-1,1669,1655,1630,-1,1630,1655,1631,-1,1670,1671,1652,-1,1672,1673,1669,-1,1674,1675,1676,-1,1649,1677,1678,-1,1672,1669,1679,-1,1676,1680,1674,-1,1674,1680,1681,-1,1674,1681,1682,-1,1682,1681,1683,-1,1682,1683,1684,-1,1685,1686,1687,-1,1655,1688,1689,-1,1652,1671,1651,-1,1651,1671,1690,-1,1651,1690,1650,-1,1650,1690,1691,-1,1650,1691,1649,-1,1649,1691,1692,-1,1649,1692,1677,-1,1689,1693,1655,-1,1655,1693,1694,-1,1655,1694,1654,-1,1654,1694,1670,-1,1654,1670,1653,-1,1653,1670,1652,-1,1656,1695,1696,-1,1696,1697,1656,-1,1656,1697,1698,-1,1656,1698,1699,-1,1699,1698,1700,-1,1699,1700,1701,-1,1702,1703,1704,-1,1704,1703,1705,-1,1706,1707,1667,-1,1705,1708,1704,-1,1704,1708,1709,-1,1704,1709,1710,-1,1710,1709,1711,-1,1679,1669,1712,-1,1712,1669,1713,-1,1712,1713,1714,-1,1714,1713,1715,-1,1714,1715,1716,-1,1716,1715,1717,-1,1716,1717,1711,-1,1711,1717,1718,-1,1711,1718,1710,-1,1702,1704,1719,-1,1719,1704,1720,-1,1719,1720,1667,-1,1721,1722,1723,-1,1701,1700,1724,-1,1724,1700,1725,-1,1724,1725,1726,-1,1726,1725,1727,-1,1726,1727,1728,-1,1728,1727,1729,-1,1728,1729,1687,-1,1687,1729,1730,-1,1687,1730,1685,-1,1664,1731,1721,-1,1732,1733,1667,-1,1684,1683,1734,-1,1734,1683,1735,-1,1734,1735,1736,-1,1736,1735,1737,-1,1736,1737,1738,-1,1738,1737,1739,-1,1738,1739,1721,-1,1721,1739,1740,-1,1721,1740,1722,-1,1741,1664,1742,-1,1742,1664,1721,-1,1742,1721,1743,-1,1743,1721,1723,-1,1744,1707,1745,-1,1745,1707,1746,-1,1733,1747,1667,-1,1667,1747,1748,-1,1667,1748,1719,-1,1741,1749,1664,-1,1664,1749,1750,-1,1664,1750,1751,-1,1669,1752,1655,-1,1655,1752,1753,-1,1655,1753,1688,-1,1744,1754,1707,-1,1707,1754,1755,-1,1707,1755,1667,-1,1667,1755,1756,-1,1667,1756,1732,-1,1751,1757,1664,-1,1664,1757,1758,-1,1664,1758,1667,-1,1667,1758,1759,-1,1667,1759,1760,-1,1761,1762,1760,-1,1760,1762,1763,-1,1746,1764,1745,-1,1745,1764,1752,-1,1745,1752,1765,-1,1765,1752,1669,-1,1765,1669,1766,-1,1766,1669,1673,-1,1767,1768,1769,-1,1769,1768,1770,-1,1769,1770,1667,-1,1667,1770,1771,-1,1667,1771,1706,-1,1687,1772,1674,-1,1674,1772,1773,-1,1674,1773,1675,-1,1763,1774,1760,-1,1760,1774,1775,-1,1760,1775,1667,-1,1667,1775,1776,-1,1667,1776,1769,-1,1649,1777,1656,-1,1656,1777,1778,-1,1656,1778,1695,-1,1760,1779,1761,-1,1761,1779,1772,-1,1761,1772,1780,-1,1780,1772,1687,-1,1780,1687,1781,-1,1781,1687,1686,-1,1769,1782,1767,-1,1767,1782,1783,-1,1767,1783,1784,-1,1784,1783,1777,-1,1784,1777,1785,-1,1785,1777,1649,-1,1785,1649,1786,-1,1786,1649,1678,-1,1787,1788,1581,-1,1581,1788,1557,-1,1788,1789,1557,-1,1557,1789,1558,-1,954,1790,1020,-1,1020,1790,1580,-1,1790,1787,1580,-1,1580,1787,1581,-1,1791,1792,1789,-1,1790,954,980,-1,1788,1787,1789,-1,1789,1787,1790,-1,1789,1790,1791,-1,1791,1790,980,-1,1791,980,979,-1,1793,1016,1571,-1,1571,1016,1014,-1,1794,1795,1569,-1,1569,1795,1568,-1,1795,1796,1568,-1,1568,1796,1573,-1,1796,1793,1573,-1,1573,1793,1571,-1,1793,1796,1795,-1,672,1016,1793,-1,1794,1797,1798,-1,682,672,1798,-1,1798,672,1793,-1,1798,1793,1794,-1,1794,1793,1795,-1,1799,1800,1572,-1,1572,1800,1579,-1,1800,1022,1579,-1,1579,1022,1021,-1,1015,1799,1013,-1,1013,1799,1572,-1,1801,1802,1799,-1,1803,1022,1800,-1,1799,1802,1800,-1,1800,1802,1804,-1,1800,1804,1803,-1,1799,1015,1801,-1,1801,1015,7,-1,1801,7,1803,-1,1803,7,1023,-1,1803,1023,1022,-1,3,1661,2,-1,2,1661,1608,-1,1666,1595,1606,-1,1606,1595,1596,-1,1661,1666,1608,-1,1608,1666,1606,-1,
        ]
    }
}
Shape{
    appearance Appearance {
        material  Material {
            diffuseColor 0.6470588235294118 0.6196078431372549 0.5882352941176471
            specularColor 0.45098039215686275 0.43529411764705883 0.4117647058823529
            ambientIntensity 0.6242
            transparency 0.0
            shininess 0.5
        }
    }
    geometry IndexedFaceSet {
        ccw TRUE
        solid FALSE
        coord DEF co Coordinate {
            point [
                1.1969 -0.1866 -1.063, 1.1969 -0.1866 1.1614, 0.8031 -0.1866 -1.063, 0.8031 -0.1866 1.1614, 0.9213 -0.0685 -1.6535, 0.9213 0.089 -1.6535, 1.0787 -0.0685 -1.6535, 1.0787 0.089 -1.6535, 0.8031 0.2071 -1.063, 0.8031 0.2071 1.1614, 1.1969 0.2071 -1.063, 1.1969 0.2071 1.1614, 1.1969 -0.1375 1.6983, 1.1969 -0.2654 1.74, 1.1969 -0.2654 1.3189, 1.1969 -0.1919 1.2066, 1.1969 0.1918 1.295, 1.1969 -0.2074 1.2495, 1.1969 0.1466 1.4217, 1.1969 -0.2323 1.2875, 1.1969 0.074 1.5349, 1.1969 -0.0224 1.6287, 0.8031 -0.2654 1.74, 0.8031 -0.1375 1.6983, 0.8031 -0.2654 1.3189, 0.8031 -0.0224 1.6287, 0.8031 -0.2323 1.2875, 0.8031 0.074 1.5349, 0.8031 -0.2074 1.2495, 0.8031 0.1466 1.4217, 0.8031 -0.1919 1.2066, 0.8031 0.1918 1.295
            ]
        }
        coordIndex [
            0,1,2,-1,2,1,3,-1,4,5,6,-1,6,5,7,-1,8,9,10,-1,10,9,11,-1,12,13,14,-1,0,10,1,-1,1,10,11,-1,1,11,15,-1,15,11,16,-1,15,16,17,-1,17,16,18,-1,17,18,19,-1,19,18,20,-1,19,20,14,-1,14,20,21,-1,14,21,12,-1,22,23,24,-1,24,23,25,-1,24,25,26,-1,26,25,27,-1,26,27,28,-1,28,27,29,-1,28,29,30,-1,30,29,31,-1,30,31,3,-1,3,31,9,-1,3,9,2,-1,2,9,8,-1,14,24,19,-1,19,24,26,-1,19,26,17,-1,17,26,28,-1,17,28,15,-1,15,28,30,-1,15,30,1,-1,1,30,3,-1,11,9,31,-1,11,31,16,-1,16,31,29,-1,16,29,18,-1,18,29,27,-1,18,27,20,-1,20,27,25,-1,20,25,21,-1,21,25,23,-1,21,23,12,-1,12,23,22,-1,12,22,13,-1,
        ]
    }
}
Shape{
    appearance Appearance {
        material  Material {
            diffuseColor 0.24705882352941178 0.49411764705882355 0.27450980392156865
            specularColor 0.01568627450980392 0.03529411764705882 0.0196078431372549
            ambientIntensity 0.5646
            transparency 0.0
            shininess 0.5
        }
    }
    geometry IndexedFaceSet {
        ccw TRUE
        solid FALSE
        coord DEF co Coordinate {
            point [
                1.0 -0.7378 2.0472, 1.1274 -1.1315 2.0305, 1.1274 -0.7378 2.0305, 1.2461 -1.1315 1.9813, 1.2461 -0.7378 1.9813, 1.348 -1.1315 1.9031, 1.348 -0.7378 1.9031, 1.4262 -1.1315 1.8012, 1.4262 -0.7378 1.8012, 1.4754 -1.1315 1.6825, 1.4754 -0.7378 1.6825, 1.4921 -1.1315 1.5551, 1.4921 -0.7378 1.5551, 1.4754 -1.1315 1.4277, 1.4754 -0.7378 1.4277, 1.4262 -1.1315 1.3091, 1.4262 -0.7378 1.3091, 1.348 -1.1315 1.2071, 1.348 -0.7378 1.2071, 1.2461 -1.1315 1.1289, 1.2461 -0.7378 1.1289, 1.1274 -1.1315 1.0798, 1.1274 -0.7378 1.0798, 1.0 -1.1315 1.063, 1.0 -0.7378 1.063, 0.8726 -1.1315 1.0798, 0.8726 -0.7378 1.0798, 0.7539 -1.1315 1.1289, 0.7539 -0.7378 1.1289, 0.652 -1.1315 1.2071, 0.652 -0.7378 1.2071, 0.5738 -1.1315 1.3091, 0.5738 -0.7378 1.3091, 0.5246 -1.1315 1.4277, 0.5246 -0.7378 1.4277, 0.5079 -1.1315 1.5551, 0.5079 -0.7378 1.5551, 0.5246 -1.1315 1.6825, 0.5246 -0.7378 1.6825, 0.5738 -1.1315 1.8012, 0.5738 -0.7378 1.8012, 0.652 -1.1315 1.9031, 0.652 -0.7378 1.9031, 0.7539 -1.1315 1.9813, 0.7539 -0.7378 1.9813, 0.8726 -1.1315 2.0305, 0.8726 -0.7378 2.0305, 1.0 -1.1315 2.0472, 0.8031 -1.1315 1.3583, 1.1969 -1.1315 1.3583, 1.1969 -1.1315 1.752, 0.8031 -1.1315 1.752
            ]
        }
        coordIndex [
            0,1,2,-1,2,1,3,-1,2,3,4,-1,4,3,5,-1,4,5,6,-1,6,5,7,-1,6,7,8,-1,8,7,9,-1,8,9,10,-1,10,9,11,-1,10,11,12,-1,12,11,13,-1,12,13,14,-1,14,13,15,-1,14,15,16,-1,16,15,17,-1,16,17,18,-1,18,17,19,-1,18,19,20,-1,20,19,21,-1,20,21,22,-1,22,21,23,-1,22,23,24,-1,24,23,25,-1,24,25,26,-1,26,25,27,-1,26,27,28,-1,28,27,29,-1,28,29,30,-1,30,29,31,-1,30,31,32,-1,32,31,33,-1,32,33,34,-1,34,33,35,-1,34,35,36,-1,36,35,37,-1,36,37,38,-1,38,37,39,-1,38,39,40,-1,40,39,41,-1,40,41,42,-1,42,41,43,-1,42,43,44,-1,44,43,45,-1,44,45,46,-1,46,45,47,-1,46,47,0,-1,0,47,1,-1,31,29,48,-1,19,17,49,-1,19,49,21,-1,9,7,50,-1,31,48,33,-1,7,5,50,-1,50,5,3,-1,50,3,1,-1,41,39,51,-1,51,39,37,-1,51,37,48,-1,48,37,35,-1,48,35,33,-1,1,47,50,-1,50,47,45,-1,50,45,51,-1,51,45,43,-1,51,43,41,-1,17,15,49,-1,49,15,13,-1,49,13,50,-1,50,13,11,-1,50,11,9,-1,29,27,48,-1,48,27,25,-1,48,25,49,-1,49,25,23,-1,49,23,21,-1,
        ]
    }
}
Shape{
    appearance Appearance {
        material  Material {
            diffuseColor 0.6470588235294118 0.6196078431372549 0.5882352941176471
            specularColor 0.45098039215686275 0.43529411764705883 0.4117647058823529
            ambientIntensity 0.6242
            transparency 0.0
            shininess 0.5
        }
    }
    geometry IndexedFaceSet {
        ccw TRUE
        solid FALSE
        coord DEF co Coordinate {
            point [
                0.9213 -3.8874 1.6339, 0.9213 -3.8874 1.4764, 1.0787 -3.8874 1.6339, 1.0787 -3.8874 1.4764, 0.8031 -3.2969 1.3583, 0.8031 -1.1315 1.3583, 1.1969 -3.2969 1.3583, 1.1969 -1.1315 1.3583, 1.1969 -3.2969 1.752, 1.1969 -1.1315 1.752, 0.8031 -3.2969 1.752, 0.8031 -1.1315 1.752, 1.1969 0.2071 -1.063, 1.0787 0.089 -1.6535, 0.8031 0.2071 -1.063, 0.9213 0.089 -1.6535, 1.1969 -0.1866 -1.063, 1.0787 -0.0685 -1.6535, 0.9213 -0.0685 -1.6535, 0.8031 -0.1866 -1.063
            ]
        }
        coordIndex [
            0,1,2,-1,2,1,3,-1,4,5,6,-1,6,5,7,-1,8,9,10,-1,10,9,11,-1,10,11,4,-1,4,11,5,-1,6,7,8,-1,8,7,9,-1,12,13,14,-1,14,13,15,-1,16,17,12,-1,12,17,13,-1,18,19,15,-1,15,19,14,-1,19,18,16,-1,16,18,17,-1,6,3,4,-1,4,3,1,-1,8,2,6,-1,6,2,3,-1,0,10,1,-1,1,10,4,-1,10,0,8,-1,8,0,2,-1,
        ]
    }
}
Shape{
    appearance Appearance {
        material  Material {
            diffuseColor 0.24705882352941178 0.49411764705882355 0.27450980392156865
            specularColor 0.01568627450980392 0.03529411764705882 0.0196078431372549
            ambientIntensity 0.5646
            transparency 0.0
            shininess 0.5
        }
    }
    geometry IndexedFaceSet {
        ccw TRUE
        solid FALSE
        coord DEF co Coordinate {
            point [
                0.6704 -2.4764 -0.0354, 0.6704 -2.4764 -0.0394, 0.7548 -2.4583 -0.0354, 0.7548 -2.4583 -0.0394, 0.6274 -2.485 -0.0354, 0.6274 -2.485 -0.0394, 0.6138 -2.4883 -0.0354, 0.6138 -2.4883 -0.0394, 0.6251 -2.4963 -0.0354, 0.6251 -2.4963 -0.0394, 0.6173 -2.4955 -0.0394, 0.6173 -2.4955 -0.0354, 0.6113 -2.4947 -0.0394, 0.6113 -2.4947 -0.0354, 0.61 -2.4943 -0.0394, 0.61 -2.4943 -0.0354, 0.6092 -2.4939 -0.0394, 0.6092 -2.4939 -0.0354, 0.6088 -2.4935 -0.0394, 0.6088 -2.4935 -0.0354, 0.6085 -2.4931 -0.0394, 0.6085 -2.4931 -0.0354, 0.6084 -2.4928 -0.0394, 0.6084 -2.4928 -0.0354, 0.6083 -2.4923 -0.0394, 0.6083 -2.4923 -0.0354, 0.6084 -2.4919 -0.0394, 0.6084 -2.4919 -0.0354, 0.6085 -2.4915 -0.0394, 0.6085 -2.4915 -0.0354, 0.6088 -2.4911 -0.0394, 0.6088 -2.4911 -0.0354, 0.6094 -2.4906 -0.0394, 0.6094 -2.4906 -0.0354, 0.6104 -2.4898 -0.0394, 0.6104 -2.4898 -0.0354, 0.6118 -2.4891 -0.0394, 0.6118 -2.4891 -0.0354, 0.6489 -2.4991 -0.0354, 0.6489 -2.4991 -0.0394, 0.6704 -2.4974 -0.0354, 0.6704 -2.4974 -0.0394, 0.6682 -2.4985 -0.0394, 0.6682 -2.4985 -0.0354, 0.6651 -2.4996 -0.0394, 0.6651 -2.4996 -0.0354, 0.6599 -2.4998 -0.0394, 0.6599 -2.4998 -0.0354, 0.6755 -2.4945 -0.0354, 0.6755 -2.4945 -0.0394, 0.7254 -2.4809 -0.0354, 0.7254 -2.4809 -0.0394, 0.7003 -2.4871 -0.0394, 0.7003 -2.4871 -0.0354, 0.9898 -2.4238 -0.0394, 0.9954 -2.4226 -0.0354, 0.9931 -2.4231 -0.0394, 0.9954 -2.4226 -0.0394, 0.9954 -2.4147 -0.0354, 0.9954 -2.4147 -0.0394, 0.7525 -2.3598 -0.0354, 0.7525 -2.3598 -0.0394, 0.9898 -2.4135 -0.0394, 0.9931 -2.4142 -0.0394, 0.7242 -2.353 -0.0354, 0.7242 -2.353 -0.0394, 0.6976 -2.3462 -0.0354, 0.6976 -2.3462 -0.0394, 0.7108 -2.35 -0.0394, 0.7108 -2.35 -0.0354, 0.6869 -2.3423 -0.0354, 0.6869 -2.3423 -0.0394, 0.6534 -2.3343 -0.0354, 0.6534 -2.3343 -0.0394, 0.655 -2.3342 -0.0394, 0.655 -2.3342 -0.0354, 0.6633 -2.3337 -0.0394, 0.6633 -2.3337 -0.0354, 0.668 -2.3333 -0.0394, 0.668 -2.3333 -0.0354, 0.6691 -2.3334 -0.0394, 0.6691 -2.3334 -0.0354, 0.6699 -2.3337 -0.0394, 0.6699 -2.3337 -0.0354, 0.6708 -2.3343 -0.0394, 0.6708 -2.3343 -0.0354, 0.6732 -2.3363 -0.0394, 0.6732 -2.3363 -0.0354, 0.6767 -2.3386 -0.0394, 0.6767 -2.3386 -0.0354, 0.628 -2.3366 -0.0354, 0.628 -2.3366 -0.0394, 0.6183 -2.3377 -0.0354, 0.6183 -2.3377 -0.0394, 0.6132 -2.3439 -0.0354, 0.6132 -2.3439 -0.0394, 0.6128 -2.3438 -0.0394, 0.6128 -2.3438 -0.0354, 0.6109 -2.3431 -0.0394, 0.6109 -2.3431 -0.0354, 0.61 -2.3425 -0.0394, 0.61 -2.3425 -0.0354, 0.6096 -2.342 -0.0394, 0.6096 -2.342 -0.0354, 0.6093 -2.3416 -0.0394, 0.6093 -2.3416 -0.0354, 0.6092 -2.3411 -0.0394, 0.6092 -2.3411 -0.0354, 0.6092 -2.3407 -0.0394, 0.6092 -2.3407 -0.0354, 0.6092 -2.3404 -0.0394, 0.6092 -2.3404 -0.0354, 0.6094 -2.34 -0.0394, 0.6094 -2.34 -0.0354, 0.6097 -2.3396 -0.0394, 0.6097 -2.3396 -0.0354, 0.6102 -2.3391 -0.0394, 0.6102 -2.3391 -0.0354, 0.6108 -2.3388 -0.0394, 0.6108 -2.3388 -0.0354, 0.6117 -2.3385 -0.0394, 0.6117 -2.3385 -0.0354, 0.6132 -2.3383 -0.0394, 0.6132 -2.3383 -0.0354, 0.6153 -2.3379 -0.0394, 0.6153 -2.3379 -0.0354, 0.6359 -2.3479 -0.0354, 0.6359 -2.3479 -0.0394, 0.7734 -2.3813 -0.0354, 0.7734 -2.3813 -0.0394, 0.941 -2.4187 -0.0354, 0.7746 -2.4555 -0.0354, 0.782 -2.3824 -0.0354, 0.7967 -2.3977 -0.0354, 0.787 -2.4119 -0.0354, 0.7844 -2.4169 -0.0354, 0.7793 -2.4332 -0.0354, 0.7746 -2.4555 -0.0394, 0.941 -2.4187 -0.0394, 0.787 -2.4119 -0.0394, 0.7844 -2.4169 -0.0394, 0.7793 -2.4332 -0.0394, 0.7967 -2.3977 -0.0394, 0.782 -2.3824 -0.0394, 0.9598 -2.7037 -0.0354, 0.9598 -2.7037 -0.0394, 0.9513 -2.6935 -0.0354, 0.9513 -2.6935 -0.0394, 0.9723 -2.7065 -0.0354, 0.9723 -2.7065 -0.0394, 0.9712 -2.7077 -0.0394, 0.9712 -2.7077 -0.0354, 0.9704 -2.7083 -0.0394, 0.9704 -2.7083 -0.0354, 0.9692 -2.7088 -0.0394, 0.9692 -2.7088 -0.0354, 0.9679 -2.709 -0.0394, 0.9679 -2.709 -0.0354, 0.9664 -2.7089 -0.0394, 0.9664 -2.7089 -0.0354, 0.9651 -2.7085 -0.0394, 0.9651 -2.7085 -0.0354, 0.9634 -2.7076 -0.0394, 0.9634 -2.7076 -0.0354, 0.9617 -2.7061 -0.0394, 0.9617 -2.7061 -0.0354, 0.9705 -2.6963 -0.0354, 0.9705 -2.6963 -0.0394, 0.9705 -2.6845 -0.0354, 0.9705 -2.6845 -0.0394, 0.9723 -2.6748 -0.0354, 0.9723 -2.6748 -0.0394, 0.9714 -2.6796 -0.0394, 0.9714 -2.6796 -0.0354, 0.9733 -2.6629 -0.0354, 0.9733 -2.6629 -0.0394, 0.9796 -2.6414 -0.0354, 0.9796 -2.6414 -0.0394, 0.983 -2.6165 -0.0354, 0.983 -2.6165 -0.0394, 0.982 -2.6291 -0.0394, 0.982 -2.6291 -0.0354, 0.787 -2.5377 -0.0354, 0.787 -2.5377 -0.0394, 0.8707 -2.5406 -0.0394, 0.8707 -2.5406 -0.0354, 0.9323 -2.5496 -0.0394, 0.9323 -2.5496 -0.0354, 0.9531 -2.558 -0.0394, 0.9531 -2.558 -0.0354, 0.9655 -2.5668 -0.0394, 0.9655 -2.5668 -0.0354, 0.9735 -2.5759 -0.0394, 0.9735 -2.5759 -0.0354, 0.9788 -2.5862 -0.0394, 0.9788 -2.5862 -0.0354, 0.9819 -2.5989 -0.0394, 0.9819 -2.5989 -0.0354, 0.6313 -2.6386 -0.0354, 0.6313 -2.6386 -0.0394, 0.6365 -2.6026 -0.0394, 0.6365 -2.6026 -0.0354, 0.6399 -2.5909 -0.0394, 0.6399 -2.5909 -0.0354, 0.6427 -2.5855 -0.0394, 0.6427 -2.5855 -0.0354, 0.6504 -2.5755 -0.0394, 0.6504 -2.5755 -0.0354, 0.6624 -2.5657 -0.0394, 0.6624 -2.5657 -0.0354, 0.6828 -2.5543 -0.0394, 0.6828 -2.5543 -0.0354, 0.7192 -2.5437 -0.0394, 0.7192 -2.5437 -0.0354, 0.6285 -2.6635 -0.0354, 0.6285 -2.6635 -0.0394, 0.6212 -2.681 -0.0354, 0.6212 -2.681 -0.0394, 0.6213 -2.6805 -0.0394, 0.6213 -2.6805 -0.0354, 0.6224 -2.6787 -0.0394, 0.6224 -2.6787 -0.0354, 0.626 -2.6727 -0.0394, 0.626 -2.6727 -0.0354, 0.6348 -2.698 -0.0354, 0.6348 -2.698 -0.0394, 0.6319 -2.6955 -0.0394, 0.6319 -2.6955 -0.0354, 0.6244 -2.6873 -0.0394, 0.6244 -2.6873 -0.0354, 0.6217 -2.6836 -0.0394, 0.6217 -2.6836 -0.0354, 0.6213 -2.6826 -0.0394, 0.6213 -2.6826 -0.0354, 0.6421 -2.7048 -0.0354, 0.6421 -2.7048 -0.0394, 0.6506 -2.7031 -0.0354, 0.6506 -2.7031 -0.0394, 0.6508 -2.7053 -0.0394, 0.6508 -2.7053 -0.0354, 0.6507 -2.7065 -0.0394, 0.6507 -2.7065 -0.0354, 0.6506 -2.7066 -0.0394, 0.6506 -2.7066 -0.0354, 0.6505 -2.7071 -0.0394, 0.6505 -2.7071 -0.0354, 0.6503 -2.7074 -0.0394, 0.6503 -2.7074 -0.0354, 0.6499 -2.7076 -0.0394, 0.6499 -2.7076 -0.0354, 0.6489 -2.7082 -0.0394, 0.6489 -2.7082 -0.0354, 0.648 -2.7085 -0.0394, 0.648 -2.7085 -0.0354, 0.6476 -2.7085 -0.0394, 0.6476 -2.7085 -0.0354, 0.6471 -2.7085 -0.0394, 0.6471 -2.7085 -0.0354, 0.6465 -2.7082 -0.0394, 0.6465 -2.7082 -0.0354, 0.6457 -2.7078 -0.0394, 0.6457 -2.7078 -0.0354, 0.6447 -2.7072 -0.0394, 0.6447 -2.7072 -0.0354, 0.6436 -2.7062 -0.0394, 0.6436 -2.7062 -0.0354, 0.6506 -2.6952 -0.0354, 0.6506 -2.6952 -0.0394, 0.6506 -2.6861 -0.0354, 0.6506 -2.6861 -0.0394, 0.9473 -2.6861 -0.0354, 0.9473 -2.6861 -0.0394, 0.9491 -2.6899 -0.0394, 0.9491 -2.6899 -0.0354, 0.6517 -2.6527 -0.0354, 0.6514 -2.6615 -0.0354, 0.6517 -2.6703 -0.0354, 0.9513 -2.6703 -0.0354, 0.9558 -2.6595 -0.0354, 0.9614 -2.6354 -0.0354, 0.9632 -2.6108 -0.0354, 0.9603 -2.5959 -0.0354, 0.66 -2.5977 -0.0354, 0.6641 -2.5886 -0.0354, 0.6695 -2.5818 -0.0354, 0.6778 -2.5753 -0.0354, 0.7047 -2.5635 -0.0354, 0.6546 -2.6278 -0.0354, 0.6568 -2.6104 -0.0354, 0.956 -2.585 -0.0354, 0.9512 -2.5783 -0.0354, 0.943 -2.5715 -0.0354, 0.9309 -2.5652 -0.0354, 0.9138 -2.5602 -0.0354, 0.8369 -2.5536 -0.0354, 0.7619 -2.5543 -0.0354, 0.6546 -2.6278 -0.0394, 0.6517 -2.6527 -0.0394, 0.8369 -2.5536 -0.0394, 0.7619 -2.5543 -0.0394, 0.7047 -2.5635 -0.0394, 0.6778 -2.5753 -0.0394, 0.6695 -2.5818 -0.0394, 0.6641 -2.5886 -0.0394, 0.66 -2.5977 -0.0394, 0.6568 -2.6104 -0.0394, 0.9632 -2.6108 -0.0394, 0.9603 -2.5959 -0.0394, 0.956 -2.585 -0.0394, 0.9512 -2.5783 -0.0394, 0.943 -2.5715 -0.0394, 0.9309 -2.5652 -0.0394, 0.9138 -2.5602 -0.0394, 0.9558 -2.6595 -0.0394, 0.9614 -2.6354 -0.0394, 0.9513 -2.6703 -0.0394, 0.6517 -2.6703 -0.0394, 0.6514 -2.6615 -0.0394, 0.8301 -2.8261 -0.0354, 0.8301 -2.8261 -0.0394, 0.8239 -2.8737 -0.0354, 0.8239 -2.8737 -0.0394, 0.842 -2.7882 -0.0354, 0.842 -2.7882 -0.0394, 0.8385 -2.7939 -0.0394, 0.8385 -2.7939 -0.0354, 0.834 -2.8065 -0.0394, 0.834 -2.8065 -0.0354, 0.8448 -2.7831 -0.0354, 0.8448 -2.7831 -0.0394, 0.8284 -2.7667 -0.0354, 0.8284 -2.7667 -0.0394, 0.8187 -2.7695 -0.0354, 0.8187 -2.7695 -0.0394, 0.8188 -2.7682 -0.0394, 0.8188 -2.7682 -0.0354, 0.8191 -2.7672 -0.0394, 0.8191 -2.7672 -0.0354, 0.8196 -2.7663 -0.0394, 0.8196 -2.7663 -0.0354, 0.8205 -2.7652 -0.0394, 0.8205 -2.7652 -0.0354, 0.8213 -2.7646 -0.0394, 0.8213 -2.7646 -0.0354, 0.8222 -2.7643 -0.0394, 0.8222 -2.7643 -0.0354, 0.8232 -2.7641 -0.0394, 0.8232 -2.7641 -0.0354, 0.8242 -2.7643 -0.0394, 0.8242 -2.7643 -0.0354, 0.8255 -2.7647 -0.0394, 0.8255 -2.7647 -0.0354, 0.8268 -2.7655 -0.0394, 0.8268 -2.7655 -0.0354, 0.8041 -2.8737 -0.0354, 0.8041 -2.8737 -0.0394, 0.6506 -2.8737 -0.0354, 0.6506 -2.8737 -0.0394, 0.6624 -2.7893 -0.0354, 0.6624 -2.7893 -0.0394, 0.6682 -2.7735 -0.0354, 0.6682 -2.7735 -0.0394, 0.6646 -2.7811 -0.0394, 0.6646 -2.7811 -0.0354, 0.671 -2.7684 -0.0354, 0.671 -2.7684 -0.0394, 0.6534 -2.7526 -0.0354, 0.6534 -2.7526 -0.0394, 0.6443 -2.7559 -0.0354, 0.6443 -2.7559 -0.0394, 0.6443 -2.7555 -0.0394, 0.6443 -2.7555 -0.0354, 0.6446 -2.7533 -0.0394, 0.6446 -2.7533 -0.0354, 0.6449 -2.7524 -0.0394, 0.6449 -2.7524 -0.0354, 0.6452 -2.7518 -0.0394, 0.6452 -2.7518 -0.0354, 0.6457 -2.7513 -0.0394, 0.6457 -2.7513 -0.0354, 0.6468 -2.7507 -0.0394, 0.6468 -2.7507 -0.0354, 0.6479 -2.7503 -0.0394, 0.6479 -2.7503 -0.0354, 0.649 -2.7503 -0.0394, 0.649 -2.7503 -0.0354, 0.6502 -2.7505 -0.0394, 0.6502 -2.7505 -0.0354, 0.6514 -2.751 -0.0394, 0.6514 -2.751 -0.0354, 0.6438 -2.7644 -0.0354, 0.6438 -2.7644 -0.0394, 0.6319 -2.85 -0.0354, 0.6319 -2.85 -0.0394, 0.6386 -2.8073 -0.0394, 0.6386 -2.8073 -0.0354, 0.6274 -2.876 -0.0354, 0.6274 -2.876 -0.0394, 0.6353 -2.8953 -0.0354, 0.6353 -2.8953 -0.0394, 0.6309 -2.8956 -0.0394, 0.6309 -2.8956 -0.0354, 0.6287 -2.8952 -0.0394, 0.6287 -2.8952 -0.0354, 0.6271 -2.8944 -0.0394, 0.6271 -2.8944 -0.0354, 0.6258 -2.8934 -0.0394, 0.6258 -2.8934 -0.0354, 0.6248 -2.8921 -0.0394, 0.6248 -2.8921 -0.0354, 0.6242 -2.8907 -0.0394, 0.6242 -2.8907 -0.0354, 0.624 -2.8893 -0.0394, 0.624 -2.8893 -0.0354, 0.6241 -2.8864 -0.0394, 0.6241 -2.8864 -0.0354, 0.625 -2.8823 -0.0394, 0.625 -2.8823 -0.0354, 0.6642 -2.8902 -0.0354, 0.6642 -2.8902 -0.0394, 0.6495 -2.8916 -0.0394, 0.6495 -2.8916 -0.0354, 0.6749 -2.8902 -0.0354, 0.6749 -2.8902 -0.0394, 0.6891 -2.8896 -0.0354, 0.6891 -2.8896 -0.0394, 0.682 -2.8898 -0.0394, 0.682 -2.8898 -0.0354, 0.9484 -2.8902 -0.0354, 0.9484 -2.8902 -0.0394, 0.9733 -2.8992 -0.0354, 0.9733 -2.8992 -0.0394, 0.9735 -2.9001 -0.0394, 0.9735 -2.9001 -0.0354, 0.9736 -2.9016 -0.0394, 0.9736 -2.9016 -0.0354, 0.9734 -2.9026 -0.0394, 0.9734 -2.9026 -0.0354, 0.973 -2.9033 -0.0394, 0.973 -2.9033 -0.0354, 0.973 -2.9034 -0.0394, 0.973 -2.9034 -0.0354, 0.9726 -2.9038 -0.0394, 0.9726 -2.9038 -0.0354, 0.9723 -2.904 -0.0394, 0.9723 -2.904 -0.0354, 0.972 -2.9042 -0.0394, 0.972 -2.9042 -0.0354, 0.9716 -2.9042 -0.0394, 0.9716 -2.9042 -0.0354, 0.9704 -2.9042 -0.0394, 0.9704 -2.9042 -0.0354, 0.9693 -2.9041 -0.0394, 0.9693 -2.9041 -0.0354, 0.9678 -2.9041 -0.0394, 0.9678 -2.9041 -0.0354, 0.9656 -2.9035 -0.0394, 0.9656 -2.9035 -0.0354, 0.9631 -2.9022 -0.0394, 0.9631 -2.9022 -0.0354, 0.96 -2.8999 -0.0394, 0.96 -2.8999 -0.0354, 0.9555 -2.8961 -0.0394, 0.9555 -2.8961 -0.0354, 0.9717 -2.8885 -0.0354, 0.9717 -2.8885 -0.0394, 0.9705 -2.8692 -0.0354, 0.9705 -2.8692 -0.0394, 0.9705 -2.8789 -0.0394, 0.9705 -2.8789 -0.0354, 0.9705 -2.8675 -0.0354, 0.9705 -2.8675 -0.0394, 0.9723 -2.8454 -0.0354, 0.9723 -2.8454 -0.0394, 0.9708 -2.8564 -0.0394, 0.9708 -2.8564 -0.0354, 0.9762 -2.8233 -0.0354, 0.9762 -2.8233 -0.0394, 0.9875 -2.7854 -0.0354, 0.9875 -2.7854 -0.0394, 0.9858 -2.7883 -0.0394, 0.9858 -2.7883 -0.0354, 0.9801 -2.8038 -0.0394, 0.9801 -2.8038 -0.0354, 0.9898 -2.7819 -0.0394, 0.9909 -2.7803 -0.0354, 0.9909 -2.7803 -0.0394, 0.9898 -2.7792 -0.0394, 0.9739 -2.7639 -0.0354, 0.9739 -2.7639 -0.0394, 0.9649 -2.7667 -0.0354, 0.9649 -2.7667 -0.0394, 0.965 -2.7651 -0.0394, 0.965 -2.7651 -0.0354, 0.9653 -2.7641 -0.0394, 0.9653 -2.7641 -0.0354, 0.966 -2.7631 -0.0394, 0.966 -2.7631 -0.0354, 0.9668 -2.7623 -0.0394, 0.9668 -2.7623 -0.0354, 0.9674 -2.7619 -0.0394, 0.9674 -2.7619 -0.0354, 0.9681 -2.7617 -0.0394, 0.9681 -2.7617 -0.0354, 0.9688 -2.7616 -0.0394, 0.9688 -2.7616 -0.0354, 0.9697 -2.7618 -0.0394, 0.9697 -2.7618 -0.0354, 0.9707 -2.7621 -0.0394, 0.9707 -2.7621 -0.0354, 0.9721 -2.7628 -0.0394, 0.9721 -2.7628 -0.0354, 0.9637 -2.7757 -0.0354, 0.9637 -2.7757 -0.0394, 0.9603 -2.8024 -0.0354, 0.9603 -2.8024 -0.0394, 0.9619 -2.7891 -0.0394, 0.9619 -2.7891 -0.0354, 0.9484 -2.8737 -0.0354, 0.9484 -2.8737 -0.0394, 0.9824 -2.9599 -0.0354, 0.9824 -2.9599 -0.0394, 0.9824 -2.9684 -0.0354, 0.9824 -2.9684 -0.0394, 0.8312 -2.9599 -0.0354, 0.8312 -2.9599 -0.0394, 0.8312 -2.9707 -0.0354, 0.8312 -2.9707 -0.0394, 0.97 -3.0205 -0.0354, 0.97 -3.0205 -0.0394, 0.9689 -3.0148 -0.0394, 0.9689 -3.0148 -0.0354, 0.9657 -3.0061 -0.0394, 0.9657 -3.0061 -0.0354, 0.9594 -2.9971 -0.0394, 0.9594 -2.9971 -0.0354, 0.9513 -2.9901 -0.0394, 0.9513 -2.9901 -0.0354, 0.9368 -2.9826 -0.0394, 0.9368 -2.9826 -0.0354, 0.911 -2.9755 -0.0394, 0.911 -2.9755 -0.0354, 0.778 -3.0913 -0.0354, 0.778 -3.0913 -0.0394, 0.8757 -3.0882 -0.0394, 0.8757 -3.0882 -0.0354, 0.8951 -3.0848 -0.0394, 0.8951 -3.0848 -0.0354, 0.9346 -3.0714 -0.0394, 0.9346 -3.0714 -0.0354, 0.9508 -3.0612 -0.0394, 0.9508 -3.0612 -0.0354, 0.9599 -3.052 -0.0394, 0.9599 -3.052 -0.0354, 0.9659 -3.0424 -0.0394, 0.9659 -3.0424 -0.0354, 0.9693 -3.0323 -0.0394, 0.9693 -3.0323 -0.0354, 0.641 -3.025 -0.0354, 0.641 -3.025 -0.0394, 0.6419 -3.0339 -0.0394, 0.6419 -3.0339 -0.0354, 0.6444 -3.0412 -0.0394, 0.6444 -3.0412 -0.0354, 0.649 -3.0486 -0.0394, 0.649 -3.0486 -0.0354, 0.6568 -3.0568 -0.0394, 0.6568 -3.0568 -0.0354, 0.6734 -3.0684 -0.0394, 0.6734 -3.0684 -0.0354, 0.697 -3.0773 -0.0394, 0.697 -3.0773 -0.0354, 0.7322 -2.9634 -0.0354, 0.7322 -2.9634 -0.0394, 0.7149 -2.9659 -0.0394, 0.7149 -2.9659 -0.0354, 0.6773 -2.9742 -0.0394, 0.6773 -2.9742 -0.0354, 0.6627 -2.9818 -0.0394, 0.6627 -2.9818 -0.0354, 0.6534 -2.9901 -0.0394, 0.6534 -2.9901 -0.0354, 0.6465 -3.0001 -0.0394, 0.6465 -3.0001 -0.0354, 0.6419 -3.0124 -0.0394, 0.6419 -3.0124 -0.0354, 0.7621 -2.9605 -0.0354, 0.7621 -2.9605 -0.0394, 0.7616 -2.9515 -0.0354, 0.7616 -2.9515 -0.0394, 0.6223 -3.0172 -0.0354, 0.6223 -3.0172 -0.0394, 0.624 -3.0058 -0.0394, 0.624 -3.0058 -0.0354, 0.6295 -2.9926 -0.0394, 0.6295 -2.9926 -0.0354, 0.6376 -2.9814 -0.0394, 0.6376 -2.9814 -0.0354, 0.6494 -2.9718 -0.0394, 0.6494 -2.9718 -0.0354, 0.6681 -2.9624 -0.0394, 0.6681 -2.9624 -0.0354, 0.6945 -2.9558 -0.0394, 0.6945 -2.9558 -0.0354, 0.8658 -3.1043 -0.0354, 0.8658 -3.1043 -0.0394, 0.8335 -3.1074 -0.0394, 0.8335 -3.1074 -0.0354, 0.7264 -3.1007 -0.0394, 0.7264 -3.1007 -0.0354, 0.7216 -3.0998 -0.0394, 0.7216 -3.0998 -0.0354, 0.6707 -3.0843 -0.0394, 0.6707 -3.0843 -0.0354, 0.6469 -3.0708 -0.0394, 0.6469 -3.0708 -0.0354, 0.6361 -3.061 -0.0394, 0.6361 -3.061 -0.0354, 0.628 -3.048 -0.0394, 0.628 -3.048 -0.0354, 0.6231 -3.0333 -0.0394, 0.6231 -3.0333 -0.0354, 0.9886 -3.025 -0.0354, 0.9886 -3.025 -0.0394, 0.9884 -3.0346 -0.0394, 0.9884 -3.0346 -0.0354, 0.9867 -3.0419 -0.0394, 0.9867 -3.0419 -0.0354, 0.9822 -3.0505 -0.0394, 0.9822 -3.0505 -0.0354, 0.9717 -3.0645 -0.0394, 0.9717 -3.0645 -0.0354, 0.957 -3.0768 -0.0394, 0.957 -3.0768 -0.0354, 0.9276 -3.0906 -0.0394, 0.9276 -3.0906 -0.0354, 0.9581 -2.9775 -0.0354, 0.9581 -2.9775 -0.0394, 0.9664 -2.9837 -0.0394, 0.9664 -2.9837 -0.0354, 0.9773 -2.9957 -0.0394, 0.9773 -2.9957 -0.0354, 0.9844 -3.0086 -0.0394, 0.9844 -3.0086 -0.0354, 0.949 -2.9724 -0.0354, 0.949 -2.9724 -0.0394, 0.9723 -3.2487 -0.0354, 0.9723 -3.2487 -0.0394, 0.9898 -3.2628 -0.0394, 1.0034 -3.2736 -0.0354, 0.9931 -3.2654 -0.0394, 1.0034 -3.2736 -0.0394, 0.9365 -3.2572 -0.0354, 0.9365 -3.2572 -0.0394, 0.9435 -3.257 -0.0394, 0.9435 -3.257 -0.0354, 0.9596 -3.2547 -0.0394, 0.9596 -3.2547 -0.0354, 0.6478 -3.2572 -0.0354, 0.6478 -3.2572 -0.0394, 0.6647 -3.1729 -0.0354, 0.6647 -3.1729 -0.0394, 0.6636 -3.1754 -0.0394, 0.6636 -3.1754 -0.0354, 0.6611 -3.1782 -0.0394, 0.6611 -3.1782 -0.0354, 0.6581 -3.1818 -0.0394, 0.6581 -3.1818 -0.0354, 0.6562 -3.1859 -0.0394, 0.6562 -3.1859 -0.0354, 0.6546 -3.1928 -0.0394, 0.6546 -3.1928 -0.0354, 0.6514 -3.2136 -0.0394, 0.6514 -3.2136 -0.0354, 0.6393 -3.1496 -0.0354, 0.6393 -3.1496 -0.0394, 0.6415 -3.1499 -0.0394, 0.6415 -3.1499 -0.0354, 0.6439 -3.1507 -0.0394, 0.6439 -3.1507 -0.0354, 0.6454 -3.1515 -0.0394, 0.6454 -3.1515 -0.0354, 0.6473 -3.1535 -0.0394, 0.6473 -3.1535 -0.0354, 0.6531 -3.1597 -0.0394, 0.6531 -3.1597 -0.0354, 0.6291 -3.2289 -0.0354, 0.6291 -3.2289 -0.0394, 0.6299 -3.2186 -0.0394, 0.6299 -3.2186 -0.0354, 0.6341 -3.1783 -0.0394, 0.6341 -3.1783 -0.0354, 0.6359 -3.1653 -0.0394, 0.6359 -3.1653 -0.0354, 0.6362 -3.1549 -0.0394, 0.6362 -3.1549 -0.0354, 0.6365 -3.1528 -0.0394, 0.6365 -3.1528 -0.0354, 0.6369 -3.1516 -0.0394, 0.6369 -3.1516 -0.0354, 0.6375 -3.1508 -0.0394, 0.6375 -3.1508 -0.0354, 0.638 -3.1503 -0.0394, 0.638 -3.1503 -0.0354, 0.6268 -3.2526 -0.0354, 0.6268 -3.2526 -0.0394, 0.6257 -3.2657 -0.0354, 0.6257 -3.2657 -0.0394, 0.65 -3.273 -0.0354, 0.65 -3.273 -0.0394, 0.645 -3.2734 -0.0394, 0.645 -3.2734 -0.0354, 0.6323 -3.2749 -0.0394, 0.6323 -3.2749 -0.0354, 0.6295 -3.2749 -0.0394, 0.6295 -3.2749 -0.0354, 0.6281 -3.2746 -0.0394, 0.6281 -3.2746 -0.0354, 0.6266 -3.2737 -0.0394, 0.6266 -3.2737 -0.0354, 0.6257 -3.273 -0.0394, 0.6257 -3.273 -0.0354, 0.6252 -3.2723 -0.0394, 0.6252 -3.2723 -0.0354, 0.6249 -3.2715 -0.0394, 0.6249 -3.2715 -0.0354, 0.6247 -3.2704 -0.0394, 0.6247 -3.2704 -0.0354, 0.6248 -3.2687 -0.0394, 0.6248 -3.2687 -0.0354, 0.6834 -3.2719 -0.0354, 0.6834 -3.2719 -0.0394, 0.9383 -3.2719 -0.0354, 0.9383 -3.2719 -0.0394, 0.9659 -3.2723 -0.0354, 0.9931 -3.2765 -0.0354, 0.9931 -3.2765 -0.0394, 0.9898 -3.276 -0.0394, 0.9659 -3.2723 -0.0394, 0.9988 -3.2776 -0.0354, 0.9988 -3.2776 -0.0394, 2.2126 -0.7378 0.3543, 2.2126 -4.2811 0.3543, 2.4631 -0.7378 0.2459, 2.4631 -4.2811 0.2459, 2.7279 -0.7378 0.1797, 2.7279 -4.2811 0.1797, 3.0 -0.7378 0.1575, 3.0 -4.2811 0.1575, 3.2721 -0.7378 0.1797, 3.2721 -4.2811 0.1797, 3.5369 -0.7378 0.2459, 3.5369 -4.2811 0.2459, 3.7874 -0.7378 0.3543, 3.7874 -4.2811 0.3543, 4.0 -0.7378 0.3543, 4.0 -4.2811 0.3543, 2.7638 -0.2654 2.4409, 2.7638 -0.2654 2.7559, 2.7638 0.522 2.4409, 2.7638 0.522 2.7559, 2.1969 -0.2654 -0.0394, 2.1969 -0.2654 2.4409, 2.1969 0.522 -0.0394, 2.1969 0.522 2.4409, 3.8031 -0.2654 2.4409, 3.8031 -0.2654 -0.0394, 3.8031 0.522 2.4409, 3.8031 0.522 -0.0394, 4.315 -0.2654 2.7559, 3.2362 -0.2654 2.7559, 4.315 0.522 2.7559, 3.2362 0.522 2.7559, 3.2362 -0.2654 2.4409, 3.2362 0.522 2.4409, 4.315 -0.2654 -0.0394, 3.2362 -0.2654 2.126, 2.7638 -0.2654 2.126, 3.2362 0.522 2.126, 2.7638 0.522 2.126, 2.7638 -0.2654 -0.0394, 2.7638 0.522 -0.0394, 3.2362 -0.2654 -0.0394, 3.2362 0.522 -0.0394, 2.9898 -0.2654 -0.0394, 2.8031 -0.2654 1.3189, 2.8031 -0.2654 1.74, 3.1969 -0.2654 1.74, 3.1969 -0.2654 1.3189, 2.9931 -0.2654 -0.0394, 2.5079 -4.2811 2.7559, 2.5079 -3.6906 2.7559, 2.5079 -4.2811 3.0709, 2.5079 -3.6906 3.1693, 3.4921 -3.6906 2.7559, 3.4921 -4.2811 2.7559, 3.4921 -3.6906 3.1693, 3.4921 -4.2811 3.0709
            ]
        }
        coordIndex [
            0,1,2,-1,2,1,3,-1,4,5,0,-1,0,5,1,-1,6,7,4,-1,4,7,5,-1,8,9,10,-1,8,10,11,-1,11,10,12,-1,11,12,13,-1,13,12,14,-1,13,14,15,-1,15,14,16,-1,15,16,17,-1,17,16,18,-1,17,18,19,-1,19,18,20,-1,19,20,21,-1,21,20,22,-1,21,22,23,-1,23,22,24,-1,23,24,25,-1,25,24,26,-1,25,26,27,-1,27,26,28,-1,27,28,29,-1,29,28,30,-1,29,30,31,-1,31,30,32,-1,31,32,33,-1,33,32,34,-1,33,34,35,-1,35,34,36,-1,35,36,37,-1,37,36,7,-1,37,7,6,-1,38,39,8,-1,8,39,9,-1,40,41,42,-1,40,42,43,-1,43,42,44,-1,43,44,45,-1,45,44,46,-1,45,46,47,-1,47,46,39,-1,47,39,38,-1,48,49,40,-1,40,49,41,-1,50,51,52,-1,50,52,53,-1,53,52,49,-1,53,49,48,-1,51,50,54,-1,54,50,55,-1,54,55,56,-1,56,55,57,-1,58,59,55,-1,55,59,57,-1,58,60,61,-1,61,62,58,-1,58,62,63,-1,58,63,59,-1,64,65,60,-1,60,65,61,-1,66,67,68,-1,66,68,69,-1,69,68,65,-1,69,65,64,-1,70,71,66,-1,66,71,67,-1,72,73,74,-1,72,74,75,-1,75,74,76,-1,75,76,77,-1,77,76,78,-1,77,78,79,-1,79,78,80,-1,79,80,81,-1,81,80,82,-1,81,82,83,-1,83,82,84,-1,83,84,85,-1,85,84,86,-1,85,86,87,-1,87,86,88,-1,87,88,89,-1,89,88,71,-1,89,71,70,-1,90,91,72,-1,72,91,73,-1,92,93,90,-1,90,93,91,-1,94,95,96,-1,94,96,97,-1,97,96,98,-1,97,98,99,-1,99,98,100,-1,99,100,101,-1,101,100,102,-1,101,102,103,-1,103,102,104,-1,103,104,105,-1,105,104,106,-1,105,106,107,-1,107,106,108,-1,107,108,109,-1,109,108,110,-1,109,110,111,-1,111,110,112,-1,111,112,113,-1,113,112,114,-1,113,114,115,-1,115,114,116,-1,115,116,117,-1,117,116,118,-1,117,118,119,-1,119,118,120,-1,119,120,121,-1,121,120,122,-1,121,122,123,-1,123,122,124,-1,123,124,125,-1,125,124,93,-1,125,93,92,-1,126,127,94,-1,94,127,95,-1,128,129,126,-1,126,129,127,-1,128,2,129,-1,129,2,3,-1,130,55,131,-1,131,55,50,-1,128,132,133,-1,85,87,126,-1,126,87,89,-1,126,89,70,-1,133,134,128,-1,128,134,135,-1,128,135,2,-1,2,135,136,-1,53,0,50,-1,50,0,2,-1,50,2,131,-1,131,2,136,-1,121,123,97,-1,97,123,94,-1,70,66,126,-1,126,66,69,-1,126,69,128,-1,128,69,64,-1,128,64,132,-1,132,64,60,-1,132,60,130,-1,130,60,58,-1,130,58,55,-1,0,38,4,-1,4,38,8,-1,4,8,6,-1,6,8,11,-1,6,11,37,-1,37,11,13,-1,37,13,35,-1,72,75,126,-1,126,75,77,-1,126,77,79,-1,53,48,0,-1,0,48,40,-1,0,40,43,-1,123,125,94,-1,94,125,92,-1,94,92,126,-1,126,92,90,-1,126,90,72,-1,43,45,0,-1,0,45,47,-1,0,47,38,-1,107,109,97,-1,79,81,126,-1,126,81,83,-1,126,83,85,-1,107,97,105,-1,15,31,13,-1,13,31,33,-1,13,33,35,-1,109,111,97,-1,97,111,113,-1,97,113,115,-1,15,17,31,-1,31,17,19,-1,31,19,29,-1,29,19,27,-1,115,117,97,-1,97,117,119,-1,97,119,121,-1,99,101,97,-1,97,101,103,-1,97,103,105,-1,27,19,25,-1,25,19,21,-1,25,21,23,-1,131,137,130,-1,130,137,138,-1,134,139,140,-1,134,140,135,-1,135,140,141,-1,135,141,136,-1,136,141,137,-1,136,137,131,-1,133,142,134,-1,134,142,139,-1,132,143,133,-1,133,143,142,-1,138,143,130,-1,130,143,132,-1,144,145,146,-1,146,145,147,-1,148,149,150,-1,148,150,151,-1,151,150,152,-1,151,152,153,-1,153,152,154,-1,153,154,155,-1,155,154,156,-1,155,156,157,-1,157,156,158,-1,157,158,159,-1,159,158,160,-1,159,160,161,-1,161,160,162,-1,161,162,163,-1,163,162,164,-1,163,164,165,-1,165,164,145,-1,165,145,144,-1,166,167,148,-1,148,167,149,-1,168,169,166,-1,166,169,167,-1,170,171,172,-1,170,172,173,-1,173,172,169,-1,173,169,168,-1,174,175,170,-1,170,175,171,-1,176,177,174,-1,174,177,175,-1,178,179,180,-1,178,180,181,-1,181,180,177,-1,181,177,176,-1,182,183,184,-1,182,184,185,-1,185,184,186,-1,185,186,187,-1,187,186,188,-1,187,188,189,-1,189,188,190,-1,189,190,191,-1,191,190,192,-1,191,192,193,-1,193,192,194,-1,193,194,195,-1,195,194,196,-1,195,196,197,-1,197,196,179,-1,197,179,178,-1,198,199,200,-1,198,200,201,-1,201,200,202,-1,201,202,203,-1,203,202,204,-1,203,204,205,-1,205,204,206,-1,205,206,207,-1,207,206,208,-1,207,208,209,-1,209,208,210,-1,209,210,211,-1,211,210,212,-1,211,212,213,-1,213,212,183,-1,213,183,182,-1,214,215,198,-1,198,215,199,-1,216,217,218,-1,216,218,219,-1,219,218,220,-1,219,220,221,-1,221,220,222,-1,221,222,223,-1,223,222,215,-1,223,215,214,-1,224,225,226,-1,224,226,227,-1,227,226,228,-1,227,228,229,-1,229,228,230,-1,229,230,231,-1,231,230,232,-1,231,232,233,-1,233,232,217,-1,233,217,216,-1,234,235,224,-1,224,235,225,-1,236,237,238,-1,236,238,239,-1,239,238,240,-1,239,240,241,-1,241,240,242,-1,241,242,243,-1,243,242,244,-1,243,244,245,-1,245,244,246,-1,245,246,247,-1,247,246,248,-1,247,248,249,-1,249,248,250,-1,249,250,251,-1,251,250,252,-1,251,252,253,-1,253,252,254,-1,253,254,255,-1,255,254,256,-1,255,256,257,-1,257,256,258,-1,257,258,259,-1,259,258,260,-1,259,260,261,-1,261,260,262,-1,261,262,263,-1,263,262,264,-1,263,264,265,-1,265,264,235,-1,265,235,234,-1,266,267,236,-1,236,267,237,-1,268,269,266,-1,266,269,267,-1,270,271,268,-1,268,271,269,-1,146,147,272,-1,146,272,273,-1,273,272,271,-1,273,271,270,-1,274,275,214,-1,214,275,276,-1,221,223,268,-1,168,166,277,-1,221,268,219,-1,261,263,236,-1,223,214,268,-1,268,214,276,-1,268,276,270,-1,270,276,277,-1,270,277,273,-1,273,277,166,-1,273,166,146,-1,146,166,144,-1,278,279,176,-1,176,279,181,-1,181,279,280,-1,181,280,178,-1,263,265,236,-1,236,265,234,-1,236,234,266,-1,266,234,224,-1,266,224,268,-1,268,224,227,-1,268,227,229,-1,161,163,166,-1,166,163,165,-1,166,165,144,-1,176,174,278,-1,278,174,170,-1,278,170,277,-1,277,170,173,-1,277,173,168,-1,178,280,197,-1,197,280,281,-1,197,281,195,-1,255,257,236,-1,236,257,259,-1,236,259,261,-1,282,205,283,-1,283,205,207,-1,283,207,284,-1,284,207,209,-1,284,209,285,-1,285,209,286,-1,274,214,287,-1,287,214,198,-1,287,198,288,-1,288,198,201,-1,288,201,282,-1,282,201,203,-1,282,203,205,-1,239,241,251,-1,251,241,243,-1,251,243,249,-1,249,243,245,-1,249,245,247,-1,148,151,166,-1,166,151,153,-1,166,153,155,-1,155,157,166,-1,166,157,159,-1,166,159,161,-1,195,281,193,-1,193,281,289,-1,193,289,191,-1,191,289,290,-1,191,290,189,-1,189,290,291,-1,189,291,187,-1,216,219,233,-1,233,219,268,-1,233,268,231,-1,231,268,229,-1,239,251,236,-1,236,251,253,-1,236,253,255,-1,291,292,187,-1,187,292,293,-1,187,293,185,-1,185,293,294,-1,185,294,182,-1,182,294,295,-1,182,295,213,-1,213,295,286,-1,213,286,211,-1,211,286,209,-1,287,296,274,-1,274,296,297,-1,294,298,299,-1,294,299,295,-1,295,299,300,-1,295,300,286,-1,286,300,301,-1,286,301,285,-1,285,301,302,-1,285,302,284,-1,284,302,303,-1,284,303,283,-1,283,303,304,-1,283,304,282,-1,282,304,305,-1,282,305,288,-1,288,305,296,-1,288,296,287,-1,280,306,307,-1,280,307,281,-1,281,307,308,-1,281,308,289,-1,289,308,309,-1,289,309,290,-1,290,309,310,-1,290,310,291,-1,291,310,311,-1,291,311,292,-1,292,311,312,-1,292,312,293,-1,293,312,298,-1,293,298,294,-1,278,313,314,-1,278,314,279,-1,279,314,306,-1,279,306,280,-1,277,315,278,-1,278,315,313,-1,276,316,277,-1,277,316,315,-1,274,297,317,-1,274,317,275,-1,275,317,316,-1,275,316,276,-1,318,319,320,-1,320,319,321,-1,322,323,324,-1,322,324,325,-1,325,324,326,-1,325,326,327,-1,327,326,319,-1,327,319,318,-1,328,329,322,-1,322,329,323,-1,330,331,328,-1,328,331,329,-1,332,333,334,-1,332,334,335,-1,335,334,336,-1,335,336,337,-1,337,336,338,-1,337,338,339,-1,339,338,340,-1,339,340,341,-1,341,340,342,-1,341,342,343,-1,343,342,344,-1,343,344,345,-1,345,344,346,-1,345,346,347,-1,347,346,348,-1,347,348,349,-1,349,348,350,-1,349,350,351,-1,351,350,352,-1,351,352,353,-1,353,352,331,-1,353,331,330,-1,354,355,332,-1,332,355,333,-1,356,357,354,-1,354,357,355,-1,358,359,356,-1,356,359,357,-1,360,361,362,-1,360,362,363,-1,363,362,359,-1,363,359,358,-1,364,365,360,-1,360,365,361,-1,366,367,364,-1,364,367,365,-1,368,369,370,-1,368,370,371,-1,371,370,372,-1,371,372,373,-1,373,372,374,-1,373,374,375,-1,375,374,376,-1,375,376,377,-1,377,376,378,-1,377,378,379,-1,379,378,380,-1,379,380,381,-1,381,380,382,-1,381,382,383,-1,383,382,384,-1,383,384,385,-1,385,384,386,-1,385,386,387,-1,387,386,388,-1,387,388,389,-1,389,388,367,-1,389,367,366,-1,390,391,368,-1,368,391,369,-1,392,393,394,-1,392,394,395,-1,395,394,391,-1,395,391,390,-1,396,397,392,-1,392,397,393,-1,398,399,400,-1,398,400,401,-1,401,400,402,-1,401,402,403,-1,403,402,404,-1,403,404,405,-1,405,404,406,-1,405,406,407,-1,407,406,408,-1,407,408,409,-1,409,408,410,-1,409,410,411,-1,411,410,412,-1,411,412,413,-1,413,412,414,-1,413,414,415,-1,415,414,416,-1,415,416,417,-1,417,416,397,-1,417,397,396,-1,418,419,420,-1,418,420,421,-1,421,420,399,-1,421,399,398,-1,422,423,418,-1,418,423,419,-1,424,425,426,-1,424,426,427,-1,427,426,423,-1,427,423,422,-1,428,429,424,-1,424,429,425,-1,430,431,432,-1,430,432,433,-1,433,432,434,-1,433,434,435,-1,435,434,436,-1,435,436,437,-1,437,436,438,-1,437,438,439,-1,439,438,440,-1,439,440,441,-1,441,440,442,-1,441,442,443,-1,443,442,444,-1,443,444,445,-1,445,444,446,-1,445,446,447,-1,447,446,448,-1,447,448,449,-1,449,448,450,-1,449,450,451,-1,451,450,452,-1,451,452,453,-1,453,452,454,-1,453,454,455,-1,455,454,456,-1,455,456,457,-1,457,456,458,-1,457,458,459,-1,459,458,460,-1,459,460,461,-1,461,460,462,-1,461,462,463,-1,463,462,429,-1,463,429,428,-1,464,465,430,-1,430,465,431,-1,466,467,468,-1,466,468,469,-1,469,468,465,-1,469,465,464,-1,470,471,466,-1,466,471,467,-1,472,473,474,-1,472,474,475,-1,475,474,471,-1,475,471,470,-1,476,477,472,-1,472,477,473,-1,478,479,480,-1,478,480,481,-1,481,480,482,-1,481,482,483,-1,483,482,477,-1,483,477,476,-1,479,478,484,-1,484,478,485,-1,484,485,486,-1,486,485,487,-1,487,485,488,-1,487,488,489,-1,490,491,492,-1,490,492,493,-1,493,492,494,-1,493,494,495,-1,495,494,496,-1,495,496,497,-1,497,496,498,-1,497,498,499,-1,499,498,500,-1,499,500,501,-1,501,500,502,-1,501,502,503,-1,503,502,504,-1,503,504,505,-1,505,504,506,-1,505,506,507,-1,507,506,508,-1,507,508,509,-1,509,508,510,-1,509,510,511,-1,511,510,489,-1,511,489,488,-1,512,513,490,-1,490,513,491,-1,514,515,516,-1,514,516,517,-1,517,516,513,-1,517,513,512,-1,518,519,514,-1,514,519,515,-1,518,320,519,-1,519,320,321,-1,390,363,358,-1,322,325,332,-1,390,368,366,-1,366,368,371,-1,422,418,356,-1,356,418,421,-1,356,421,398,-1,518,428,320,-1,320,428,424,-1,363,390,360,-1,360,390,366,-1,360,366,364,-1,411,413,356,-1,356,413,415,-1,356,415,417,-1,449,451,518,-1,518,451,453,-1,417,396,356,-1,356,396,392,-1,356,392,358,-1,358,392,395,-1,358,395,390,-1,398,401,356,-1,356,401,403,-1,356,403,405,-1,325,327,332,-1,332,327,318,-1,332,318,354,-1,507,509,497,-1,490,511,488,-1,385,387,389,-1,318,320,354,-1,354,320,424,-1,354,424,356,-1,356,424,427,-1,356,427,422,-1,349,351,335,-1,335,351,332,-1,328,322,330,-1,330,322,332,-1,330,332,353,-1,353,332,351,-1,518,441,443,-1,459,461,518,-1,518,461,463,-1,518,463,428,-1,497,509,495,-1,518,475,470,-1,371,373,366,-1,366,373,375,-1,366,375,377,-1,405,407,356,-1,356,407,409,-1,356,409,411,-1,470,466,518,-1,518,466,469,-1,518,469,464,-1,377,379,366,-1,366,379,381,-1,366,381,389,-1,389,381,383,-1,389,383,385,-1,443,445,518,-1,518,445,447,-1,518,447,449,-1,511,490,509,-1,509,490,493,-1,509,493,495,-1,499,501,503,-1,488,485,490,-1,490,485,478,-1,490,478,512,-1,512,478,481,-1,512,481,517,-1,517,481,483,-1,517,483,514,-1,514,483,476,-1,514,476,518,-1,518,476,472,-1,518,472,475,-1,464,430,518,-1,518,430,433,-1,518,433,435,-1,335,337,349,-1,349,337,339,-1,349,339,341,-1,453,455,518,-1,518,455,457,-1,518,457,459,-1,499,503,497,-1,497,503,505,-1,497,505,507,-1,435,437,518,-1,518,437,439,-1,518,439,441,-1,343,345,341,-1,341,345,347,-1,341,347,349,-1,520,521,522,-1,522,521,523,-1,524,525,520,-1,520,525,521,-1,526,527,524,-1,524,527,525,-1,528,529,530,-1,528,530,531,-1,531,530,532,-1,531,532,533,-1,533,532,534,-1,533,534,535,-1,535,534,536,-1,535,536,537,-1,537,536,538,-1,537,538,539,-1,539,538,540,-1,539,540,541,-1,541,540,527,-1,541,527,526,-1,542,543,544,-1,542,544,545,-1,545,544,546,-1,545,546,547,-1,547,546,548,-1,547,548,549,-1,549,548,550,-1,549,550,551,-1,551,550,552,-1,551,552,553,-1,553,552,554,-1,553,554,555,-1,555,554,556,-1,555,556,557,-1,557,556,529,-1,557,529,528,-1,558,559,560,-1,558,560,561,-1,561,560,562,-1,561,562,563,-1,563,562,564,-1,563,564,565,-1,565,564,566,-1,565,566,567,-1,567,566,568,-1,567,568,569,-1,569,568,570,-1,569,570,571,-1,571,570,543,-1,571,543,542,-1,572,573,574,-1,572,574,575,-1,575,574,576,-1,575,576,577,-1,577,576,578,-1,577,578,579,-1,579,578,580,-1,579,580,581,-1,581,580,582,-1,581,582,583,-1,583,582,584,-1,583,584,585,-1,585,584,559,-1,585,559,558,-1,586,587,572,-1,572,587,573,-1,588,589,586,-1,586,589,587,-1,590,591,592,-1,590,592,593,-1,593,592,594,-1,593,594,595,-1,595,594,596,-1,595,596,597,-1,597,596,598,-1,597,598,599,-1,599,598,600,-1,599,600,601,-1,601,600,602,-1,601,602,603,-1,603,602,589,-1,603,589,588,-1,604,605,606,-1,604,606,607,-1,607,606,608,-1,607,608,609,-1,609,608,610,-1,609,610,611,-1,611,610,612,-1,611,612,613,-1,613,612,614,-1,613,614,615,-1,615,614,616,-1,615,616,617,-1,617,616,618,-1,617,618,619,-1,619,618,620,-1,619,620,621,-1,621,620,591,-1,621,591,590,-1,622,623,624,-1,622,624,625,-1,625,624,626,-1,625,626,627,-1,627,626,628,-1,627,628,629,-1,629,628,630,-1,629,630,631,-1,631,630,632,-1,631,632,633,-1,633,632,634,-1,633,634,635,-1,635,634,605,-1,635,605,604,-1,636,637,638,-1,636,638,639,-1,639,638,640,-1,639,640,641,-1,641,640,642,-1,641,642,643,-1,643,642,623,-1,643,623,622,-1,644,645,636,-1,636,645,637,-1,644,522,645,-1,645,522,523,-1,524,520,644,-1,644,520,522,-1,526,524,541,-1,541,524,644,-1,541,644,539,-1,539,644,537,-1,613,615,567,-1,636,533,644,-1,644,533,535,-1,644,535,537,-1,567,615,565,-1,565,615,617,-1,565,617,563,-1,563,617,619,-1,563,619,561,-1,561,619,621,-1,561,621,558,-1,558,621,590,-1,558,590,585,-1,585,590,593,-1,585,593,583,-1,583,593,595,-1,583,595,581,-1,581,595,597,-1,581,597,579,-1,579,597,599,-1,579,599,577,-1,577,599,601,-1,577,601,575,-1,575,601,603,-1,575,603,572,-1,572,603,588,-1,572,588,586,-1,571,542,609,-1,636,639,533,-1,533,639,641,-1,533,641,531,-1,531,641,643,-1,531,643,528,-1,528,643,622,-1,528,622,557,-1,567,569,613,-1,613,569,571,-1,613,571,611,-1,611,571,609,-1,622,625,557,-1,557,625,627,-1,557,627,555,-1,555,627,629,-1,555,629,553,-1,553,629,631,-1,553,631,551,-1,551,631,633,-1,551,633,549,-1,549,633,635,-1,549,635,547,-1,547,635,545,-1,545,635,604,-1,545,604,542,-1,542,604,607,-1,542,607,609,-1,646,647,648,-1,646,648,649,-1,649,648,650,-1,649,650,651,-1,652,653,654,-1,652,654,655,-1,655,654,656,-1,655,656,657,-1,657,656,647,-1,657,647,646,-1,658,659,652,-1,652,659,653,-1,660,661,662,-1,660,662,663,-1,663,662,664,-1,663,664,665,-1,665,664,666,-1,665,666,667,-1,667,666,668,-1,667,668,669,-1,669,668,670,-1,669,670,671,-1,671,670,672,-1,671,672,673,-1,673,672,659,-1,673,659,658,-1,674,675,676,-1,674,676,677,-1,677,676,678,-1,677,678,679,-1,679,678,680,-1,679,680,681,-1,681,680,682,-1,681,682,683,-1,683,682,684,-1,683,684,685,-1,685,684,661,-1,685,661,660,-1,686,687,688,-1,686,688,689,-1,689,688,690,-1,689,690,691,-1,691,690,692,-1,691,692,693,-1,693,692,694,-1,693,694,695,-1,695,694,696,-1,695,696,697,-1,697,696,698,-1,697,698,699,-1,699,698,700,-1,699,700,701,-1,701,700,702,-1,701,702,703,-1,703,702,675,-1,703,675,674,-1,704,705,686,-1,686,705,687,-1,706,707,704,-1,704,707,705,-1,708,709,710,-1,708,710,711,-1,711,710,712,-1,711,712,713,-1,713,712,714,-1,713,714,715,-1,715,714,716,-1,715,716,717,-1,717,716,718,-1,717,718,719,-1,719,718,720,-1,719,720,721,-1,721,720,722,-1,721,722,723,-1,723,722,724,-1,723,724,725,-1,725,724,726,-1,725,726,727,-1,727,726,728,-1,727,728,729,-1,729,728,707,-1,729,707,706,-1,730,731,708,-1,708,731,709,-1,732,733,730,-1,730,733,731,-1,733,732,734,-1,735,736,737,-1,735,737,734,-1,734,737,738,-1,734,738,733,-1,739,740,735,-1,735,740,736,-1,739,649,740,-1,740,649,651,-1,681,683,695,-1,695,683,685,-1,695,685,660,-1,660,663,695,-1,695,663,665,-1,695,665,693,-1,693,665,667,-1,693,667,691,-1,732,730,658,-1,658,730,708,-1,658,708,711,-1,667,669,691,-1,691,669,671,-1,691,671,689,-1,689,671,673,-1,649,739,646,-1,646,739,735,-1,646,735,657,-1,657,735,734,-1,657,734,655,-1,655,734,732,-1,655,732,652,-1,652,732,658,-1,711,713,658,-1,658,713,715,-1,658,715,717,-1,677,697,699,-1,697,677,695,-1,695,677,679,-1,695,679,681,-1,717,719,658,-1,658,719,721,-1,658,721,723,-1,723,725,658,-1,658,725,727,-1,658,727,729,-1,729,706,658,-1,658,706,704,-1,658,704,673,-1,673,704,686,-1,673,686,689,-1,699,701,677,-1,677,701,703,-1,677,703,674,-1,142,143,138,-1,138,137,141,-1,141,140,138,-1,138,140,139,-1,138,139,142,-1,314,313,298,-1,315,316,313,-1,313,316,317,-1,313,317,297,-1,314,298,306,-1,297,296,313,-1,313,296,305,-1,313,305,304,-1,306,298,307,-1,307,298,312,-1,307,312,311,-1,304,303,313,-1,313,303,302,-1,313,302,301,-1,311,310,307,-1,307,310,309,-1,307,309,308,-1,301,300,313,-1,313,300,299,-1,313,299,298,-1,741,742,743,-1,743,742,744,-1,743,744,745,-1,745,744,746,-1,745,746,747,-1,747,746,748,-1,747,748,749,-1,749,748,750,-1,749,750,751,-1,751,750,752,-1,751,752,753,-1,753,752,754,-1,755,753,756,-1,756,753,754,-1,757,758,759,-1,759,758,760,-1,761,762,763,-1,763,762,764,-1,762,757,764,-1,764,757,759,-1,765,766,767,-1,767,766,768,-1,769,770,771,-1,771,770,772,-1,770,773,772,-1,772,773,774,-1,773,765,774,-1,774,765,767,-1,773,770,765,-1,765,770,769,-1,765,769,766,-1,766,769,775,-1,776,777,778,-1,778,777,779,-1,777,780,779,-1,779,780,781,-1,782,776,783,-1,783,776,778,-1,784,780,785,-1,785,780,777,-1,785,777,786,-1,786,777,787,-1,787,777,776,-1,787,776,788,-1,788,776,782,-1,788,782,785,-1,785,782,789,-1,785,789,784,-1,790,791,792,-1,792,791,793,-1,794,795,796,-1,796,795,797,-1,791,794,793,-1,793,794,796,-1,
        ]
    }
}
Shape{
    appearance Appearance {
        material  Material {
            diffuseColor 0.6470588235294118 0.6196078431372549 0.5882352941176471
            specularColor 0.45098039215686275 0.43529411764705883 0.4117647058823529
            ambientIntensity 0.6242
            transparency 0.0
            shininess 0.5
        }
    }
    geometry IndexedFaceSet {
        ccw TRUE
        solid FALSE
        coord DEF co Coordinate {
            point [
                3.1969 -0.1866 -1.063, 3.1969 -0.1866 1.1614, 2.8031 -0.1866 -1.063, 2.8031 -0.1866 1.1614, 2.9213 -0.0685 -1.6535, 2.9213 0.089 -1.6535, 3.0787 -0.0685 -1.6535, 3.0787 0.089 -1.6535, 2.8031 0.2071 -1.063, 2.8031 0.2071 1.1614, 3.1969 0.2071 -1.063, 3.1969 0.2071 1.1614, 3.1969 -0.1375 1.6983, 3.1969 -0.2654 1.74, 3.1969 -0.2654 1.3189, 3.1969 -0.1919 1.2066, 3.1969 0.1918 1.295, 3.1969 -0.2074 1.2495, 3.1969 0.1466 1.4217, 3.1969 -0.2323 1.2875, 3.1969 0.074 1.5349, 3.1969 -0.0224 1.6287, 2.8031 -0.2654 1.74, 2.8031 -0.1375 1.6983, 2.8031 -0.2654 1.3189, 2.8031 -0.0224 1.6287, 2.8031 -0.2323 1.2875, 2.8031 0.074 1.5349, 2.8031 -0.2074 1.2495, 2.8031 0.1466 1.4217, 2.8031 -0.1919 1.2066, 2.8031 0.1918 1.295
            ]
        }
        coordIndex [
            0,1,2,-1,2,1,3,-1,4,5,6,-1,6,5,7,-1,8,9,10,-1,10,9,11,-1,12,13,14,-1,0,10,1,-1,1,10,11,-1,1,11,15,-1,15,11,16,-1,15,16,17,-1,17,16,18,-1,17,18,19,-1,19,18,20,-1,19,20,14,-1,14,20,21,-1,14,21,12,-1,22,23,24,-1,24,23,25,-1,24,25,26,-1,26,25,27,-1,26,27,28,-1,28,27,29,-1,28,29,30,-1,30,29,31,-1,30,31,3,-1,3,31,9,-1,3,9,2,-1,2,9,8,-1,14,24,19,-1,19,24,26,-1,19,26,17,-1,17,26,28,-1,17,28,15,-1,15,28,30,-1,15,30,1,-1,1,30,3,-1,11,9,31,-1,11,31,16,-1,16,31,29,-1,16,29,18,-1,18,29,27,-1,18,27,20,-1,20,27,25,-1,20,25,21,-1,21,25,23,-1,21,23,12,-1,12,23,22,-1,12,22,13,-1,
        ]
    }
}
Shape{
    appearance Appearance {
        material  Material {
            diffuseColor 0.24705882352941178 0.49411764705882355 0.27450980392156865
            specularColor 0.01568627450980392 0.03529411764705882 0.0196078431372549
            ambientIntensity 0.5646
            transparency 0.0
            shininess 0.5
        }
    }
    geometry IndexedFaceSet {
        ccw TRUE
        solid FALSE
        coord DEF co Coordinate {
            point [
                3.0 -0.7378 2.0472, 3.1274 -1.1315 2.0305, 3.1274 -0.7378 2.0305, 3.2461 -1.1315 1.9813, 3.2461 -0.7378 1.9813, 3.348 -1.1315 1.9031, 3.348 -0.7378 1.9031, 3.4262 -1.1315 1.8012, 3.4262 -0.7378 1.8012, 3.4754 -1.1315 1.6825, 3.4754 -0.7378 1.6825, 3.4921 -1.1315 1.5551, 3.4921 -0.7378 1.5551, 3.4754 -1.1315 1.4277, 3.4754 -0.7378 1.4277, 3.4262 -1.1315 1.3091, 3.4262 -0.7378 1.3091, 3.348 -1.1315 1.2071, 3.348 -0.7378 1.2071, 3.2461 -1.1315 1.1289, 3.2461 -0.7378 1.1289, 3.1274 -1.1315 1.0798, 3.1274 -0.7378 1.0798, 3.0 -1.1315 1.063, 3.0 -0.7378 1.063, 2.8726 -1.1315 1.0798, 2.8726 -0.7378 1.0798, 2.7539 -1.1315 1.1289, 2.7539 -0.7378 1.1289, 2.652 -1.1315 1.2071, 2.652 -0.7378 1.2071, 2.5738 -1.1315 1.3091, 2.5738 -0.7378 1.3091, 2.5246 -1.1315 1.4277, 2.5246 -0.7378 1.4277, 2.5079 -1.1315 1.5551, 2.5079 -0.7378 1.5551, 2.5246 -1.1315 1.6825, 2.5246 -0.7378 1.6825, 2.5738 -1.1315 1.8012, 2.5738 -0.7378 1.8012, 2.652 -1.1315 1.9031, 2.652 -0.7378 1.9031, 2.7539 -1.1315 1.9813, 2.7539 -0.7378 1.9813, 2.8726 -1.1315 2.0305, 2.8726 -0.7378 2.0305, 3.0 -1.1315 2.0472, 3.1969 -1.1315 1.3583, 2.8031 -1.1315 1.3583, 3.1969 -1.1315 1.752, 2.8031 -1.1315 1.752
            ]
        }
        coordIndex [
            0,1,2,-1,2,1,3,-1,2,3,4,-1,4,3,5,-1,4,5,6,-1,6,5,7,-1,6,7,8,-1,8,7,9,-1,8,9,10,-1,10,9,11,-1,10,11,12,-1,12,11,13,-1,12,13,14,-1,14,13,15,-1,14,15,16,-1,16,15,17,-1,16,17,18,-1,18,17,19,-1,18,19,20,-1,20,19,21,-1,20,21,22,-1,22,21,23,-1,22,23,24,-1,24,23,25,-1,24,25,26,-1,26,25,27,-1,26,27,28,-1,28,27,29,-1,28,29,30,-1,30,29,31,-1,30,31,32,-1,32,31,33,-1,32,33,34,-1,34,33,35,-1,34,35,36,-1,36,35,37,-1,36,37,38,-1,38,37,39,-1,38,39,40,-1,40,39,41,-1,40,41,42,-1,42,41,43,-1,42,43,44,-1,44,43,45,-1,44,45,46,-1,46,45,47,-1,46,47,0,-1,0,47,1,-1,21,19,48,-1,48,19,17,-1,48,17,15,-1,29,49,31,-1,31,49,33,-1,7,5,50,-1,50,5,3,-1,50,45,51,-1,51,45,43,-1,51,43,41,-1,29,27,49,-1,49,27,25,-1,49,25,48,-1,48,25,23,-1,48,23,21,-1,41,39,51,-1,51,39,37,-1,51,37,49,-1,49,37,35,-1,49,35,33,-1,3,1,50,-1,50,1,47,-1,50,47,45,-1,15,13,48,-1,48,13,11,-1,48,11,50,-1,50,11,9,-1,50,9,7,-1,
        ]
    }
}
Shape{
    appearance Appearance {
        material  Material {
            diffuseColor 0.6470588235294118 0.6196078431372549 0.5882352941176471
            specularColor 0.45098039215686275 0.43529411764705883 0.4117647058823529
            ambientIntensity 0.6242
            transparency 0.0
            shininess 0.5
        }
    }
    geometry IndexedFaceSet {
        ccw TRUE
        solid FALSE
        coord DEF co Coordinate {
            point [
                2.9213 -3.8874 1.6339, 2.9213 -3.8874 1.4764, 3.0787 -3.8874 1.6339, 3.0787 -3.8874 1.4764, 2.8031 -3.2969 1.3583, 2.8031 -1.1315 1.3583, 3.1969 -3.2969 1.3583, 3.1969 -1.1315 1.3583, 3.1969 -3.2969 1.752, 3.1969 -1.1315 1.752, 2.8031 -3.2969 1.752, 2.8031 -1.1315 1.752, 3.1969 0.2071 -1.063, 3.0787 0.089 -1.6535, 2.8031 0.2071 -1.063, 2.9213 0.089 -1.6535, 3.1969 -0.1866 -1.063, 3.0787 -0.0685 -1.6535, 2.9213 -0.0685 -1.6535, 2.8031 -0.1866 -1.063
            ]
        }
        coordIndex [
            0,1,2,-1,2,1,3,-1,4,5,6,-1,6,5,7,-1,8,9,10,-1,10,9,11,-1,10,11,4,-1,4,11,5,-1,6,7,8,-1,8,7,9,-1,12,13,14,-1,14,13,15,-1,16,17,12,-1,12,17,13,-1,18,19,15,-1,15,19,14,-1,19,18,16,-1,16,18,17,-1,6,3,4,-1,4,3,1,-1,8,2,6,-1,6,2,3,-1,0,10,1,-1,1,10,4,-1,10,0,8,-1,8,0,2,-1,
        ]
    }
}
Shape{
    appearance Appearance {
        material  Material {
            diffuseColor 0.792156862745098 0.8196078431372549 0.9333333333333333
            specularColor 0.396078431372549 0.4117647058823529 0.4666666666666667
            ambientIntensity 0.8244
            transparency 0.0
            shininess 0.5
        }
    }
    geometry IndexedFaceSet {
        ccw TRUE
        solid FALSE
        coord DEF co Coordinate {
            point [
                2.6704 -2.4764 -0.0354, 2.6704 -2.4764 -0.0394, 2.7548 -2.4583 -0.0354, 2.7548 -2.4583 -0.0394, 2.6274 -2.485 -0.0354, 2.6274 -2.485 -0.0394, 2.6138 -2.4883 -0.0354, 2.6138 -2.4883 -0.0394, 2.6215 -2.4864 -0.0394, 2.6251 -2.4963 -0.0354, 2.6251 -2.4963 -0.0394, 2.6215 -2.4959 -0.0394, 2.6173 -2.4955 -0.0354, 2.6173 -2.4955 -0.0394, 2.6113 -2.4947 -0.0394, 2.6113 -2.4947 -0.0354, 2.61 -2.4943 -0.0394, 2.61 -2.4943 -0.0354, 2.6092 -2.4939 -0.0394, 2.6092 -2.4939 -0.0354, 2.6088 -2.4935 -0.0394, 2.6088 -2.4935 -0.0354, 2.6085 -2.4931 -0.0394, 2.6085 -2.4931 -0.0354, 2.6084 -2.4928 -0.0394, 2.6084 -2.4928 -0.0354, 2.6083 -2.4923 -0.0394, 2.6083 -2.4923 -0.0354, 2.6084 -2.4919 -0.0394, 2.6084 -2.4919 -0.0354, 2.6085 -2.4915 -0.0394, 2.6085 -2.4915 -0.0354, 2.6088 -2.4911 -0.0394, 2.6088 -2.4911 -0.0354, 2.6094 -2.4906 -0.0394, 2.6094 -2.4906 -0.0354, 2.6104 -2.4898 -0.0394, 2.6104 -2.4898 -0.0354, 2.6118 -2.4891 -0.0394, 2.6118 -2.4891 -0.0354, 2.6489 -2.4991 -0.0354, 2.6489 -2.4991 -0.0394, 2.6704 -2.4974 -0.0354, 2.6704 -2.4974 -0.0394, 2.6682 -2.4985 -0.0394, 2.6682 -2.4985 -0.0354, 2.6651 -2.4996 -0.0394, 2.6651 -2.4996 -0.0354, 2.6599 -2.4998 -0.0394, 2.6599 -2.4998 -0.0354, 2.6755 -2.4945 -0.0354, 2.6755 -2.4945 -0.0394, 2.7254 -2.4809 -0.0354, 2.7254 -2.4809 -0.0394, 2.7003 -2.4871 -0.0394, 2.7003 -2.4871 -0.0354, 2.9898 -2.4238 -0.0394, 2.9954 -2.4226 -0.0354, 2.9931 -2.4231 -0.0394, 2.9954 -2.4226 -0.0394, 2.9954 -2.4147 -0.0354, 2.9954 -2.4147 -0.0394, 2.7525 -2.3598 -0.0354, 2.7525 -2.3598 -0.0394, 2.9898 -2.4135 -0.0394, 2.9931 -2.4142 -0.0394, 2.7242 -2.353 -0.0354, 2.7242 -2.353 -0.0394, 2.6976 -2.3462 -0.0354, 2.6976 -2.3462 -0.0394, 2.7108 -2.35 -0.0394, 2.7108 -2.35 -0.0354, 2.6869 -2.3423 -0.0354, 2.6869 -2.3423 -0.0394, 2.6534 -2.3343 -0.0354, 2.6534 -2.3343 -0.0394, 2.655 -2.3342 -0.0394, 2.655 -2.3342 -0.0354, 2.6633 -2.3337 -0.0394, 2.6633 -2.3337 -0.0354, 2.668 -2.3333 -0.0394, 2.668 -2.3333 -0.0354, 2.6691 -2.3334 -0.0394, 2.6691 -2.3334 -0.0354, 2.6699 -2.3337 -0.0394, 2.6699 -2.3337 -0.0354, 2.6708 -2.3343 -0.0394, 2.6708 -2.3343 -0.0354, 2.6732 -2.3363 -0.0394, 2.6732 -2.3363 -0.0354, 2.6767 -2.3386 -0.0394, 2.6767 -2.3386 -0.0354, 2.628 -2.3366 -0.0354, 2.628 -2.3366 -0.0394, 2.6215 -2.3373 -0.0394, 2.6183 -2.3377 -0.0354, 2.6183 -2.3377 -0.0394, 2.6132 -2.3439 -0.0354, 2.6132 -2.3439 -0.0394, 2.6128 -2.3438 -0.0394, 2.6128 -2.3438 -0.0354, 2.6109 -2.3431 -0.0394, 2.6109 -2.3431 -0.0354, 2.61 -2.3425 -0.0394, 2.61 -2.3425 -0.0354, 2.6096 -2.342 -0.0394, 2.6096 -2.342 -0.0354, 2.6093 -2.3416 -0.0394, 2.6093 -2.3416 -0.0354, 2.6092 -2.3411 -0.0394, 2.6092 -2.3411 -0.0354, 2.6092 -2.3407 -0.0394, 2.6092 -2.3407 -0.0354, 2.6092 -2.3404 -0.0394, 2.6092 -2.3404 -0.0354, 2.6094 -2.34 -0.0394, 2.6094 -2.34 -0.0354, 2.6097 -2.3396 -0.0394, 2.6097 -2.3396 -0.0354, 2.6102 -2.3391 -0.0394, 2.6102 -2.3391 -0.0354, 2.6108 -2.3388 -0.0394, 2.6108 -2.3388 -0.0354, 2.6117 -2.3385 -0.0394, 2.6117 -2.3385 -0.0354, 2.6132 -2.3383 -0.0394, 2.6132 -2.3383 -0.0354, 2.6153 -2.3379 -0.0394, 2.6153 -2.3379 -0.0354, 2.6359 -2.3479 -0.0354, 2.6359 -2.3479 -0.0394, 2.6215 -2.3454 -0.0394, 2.7734 -2.3813 -0.0354, 2.7734 -2.3813 -0.0394, 2.941 -2.4187 -0.0354, 2.7746 -2.4555 -0.0354, 2.782 -2.3824 -0.0354, 2.7967 -2.3977 -0.0354, 2.787 -2.4119 -0.0354, 2.7844 -2.4169 -0.0354, 2.7793 -2.4332 -0.0354, 2.7746 -2.4555 -0.0394, 2.941 -2.4187 -0.0394, 2.787 -2.4119 -0.0394, 2.7844 -2.4169 -0.0394, 2.7793 -2.4332 -0.0394, 2.7967 -2.3977 -0.0394, 2.782 -2.3824 -0.0394, 2.9598 -2.7037 -0.0354, 2.9598 -2.7037 -0.0394, 2.9513 -2.6935 -0.0354, 2.9513 -2.6935 -0.0394, 2.9723 -2.7065 -0.0354, 2.9723 -2.7065 -0.0394, 2.9712 -2.7077 -0.0394, 2.9712 -2.7077 -0.0354, 2.9704 -2.7083 -0.0394, 2.9704 -2.7083 -0.0354, 2.9692 -2.7088 -0.0394, 2.9692 -2.7088 -0.0354, 2.9679 -2.709 -0.0394, 2.9679 -2.709 -0.0354, 2.9664 -2.7089 -0.0394, 2.9664 -2.7089 -0.0354, 2.9651 -2.7085 -0.0394, 2.9651 -2.7085 -0.0354, 2.9634 -2.7076 -0.0394, 2.9634 -2.7076 -0.0354, 2.9617 -2.7061 -0.0394, 2.9617 -2.7061 -0.0354, 2.9705 -2.6963 -0.0354, 2.9705 -2.6963 -0.0394, 2.9705 -2.6845 -0.0354, 2.9705 -2.6845 -0.0394, 2.9723 -2.6748 -0.0354, 2.9723 -2.6748 -0.0394, 2.9714 -2.6796 -0.0394, 2.9714 -2.6796 -0.0354, 2.9733 -2.6629 -0.0354, 2.9733 -2.6629 -0.0394, 2.9796 -2.6414 -0.0354, 2.9796 -2.6414 -0.0394, 2.983 -2.6165 -0.0354, 2.983 -2.6165 -0.0394, 2.982 -2.6291 -0.0394, 2.982 -2.6291 -0.0354, 2.787 -2.5377 -0.0354, 2.787 -2.5377 -0.0394, 2.8707 -2.5406 -0.0394, 2.8707 -2.5406 -0.0354, 2.9323 -2.5496 -0.0394, 2.9323 -2.5496 -0.0354, 2.9531 -2.558 -0.0394, 2.9531 -2.558 -0.0354, 2.9655 -2.5668 -0.0394, 2.9655 -2.5668 -0.0354, 2.9735 -2.5759 -0.0394, 2.9735 -2.5759 -0.0354, 2.9788 -2.5862 -0.0394, 2.9788 -2.5862 -0.0354, 2.9819 -2.5989 -0.0394, 2.9819 -2.5989 -0.0354, 2.6313 -2.6386 -0.0354, 2.6313 -2.6386 -0.0394, 2.6365 -2.6026 -0.0394, 2.6365 -2.6026 -0.0354, 2.6399 -2.5909 -0.0394, 2.6399 -2.5909 -0.0354, 2.6427 -2.5855 -0.0394, 2.6427 -2.5855 -0.0354, 2.6504 -2.5755 -0.0394, 2.6504 -2.5755 -0.0354, 2.6624 -2.5657 -0.0394, 2.6624 -2.5657 -0.0354, 2.6828 -2.5543 -0.0394, 2.6828 -2.5543 -0.0354, 2.7192 -2.5437 -0.0394, 2.7192 -2.5437 -0.0354, 2.6285 -2.6635 -0.0354, 2.6285 -2.6635 -0.0394, 2.6212 -2.681 -0.0354, 2.6212 -2.681 -0.0394, 2.6213 -2.6805 -0.0394, 2.6213 -2.6805 -0.0354, 2.6215 -2.6802 -0.0394, 2.6224 -2.6787 -0.0354, 2.6224 -2.6787 -0.0394, 2.626 -2.6727 -0.0394, 2.626 -2.6727 -0.0354, 2.6213 -2.6826 -0.0354, 2.6348 -2.698 -0.0354, 2.6348 -2.698 -0.0394, 2.6319 -2.6955 -0.0394, 2.6319 -2.6955 -0.0354, 2.6244 -2.6873 -0.0394, 2.6244 -2.6873 -0.0354, 2.6217 -2.6836 -0.0394, 2.6217 -2.6836 -0.0354, 2.6215 -2.6831 -0.0394, 2.6213 -2.6826 -0.0394, 2.6421 -2.7048 -0.0354, 2.6421 -2.7048 -0.0394, 2.6506 -2.7031 -0.0354, 2.6506 -2.7031 -0.0394, 2.6508 -2.7053 -0.0394, 2.6508 -2.7053 -0.0354, 2.6507 -2.7065 -0.0394, 2.6507 -2.7065 -0.0354, 2.6506 -2.7066 -0.0394, 2.6506 -2.7066 -0.0354, 2.6505 -2.7071 -0.0394, 2.6505 -2.7071 -0.0354, 2.6503 -2.7074 -0.0394, 2.6503 -2.7074 -0.0354, 2.6499 -2.7076 -0.0394, 2.6499 -2.7076 -0.0354, 2.6489 -2.7082 -0.0394, 2.6489 -2.7082 -0.0354, 2.648 -2.7085 -0.0394, 2.648 -2.7085 -0.0354, 2.6476 -2.7085 -0.0394, 2.6476 -2.7085 -0.0354, 2.6471 -2.7085 -0.0394, 2.6471 -2.7085 -0.0354, 2.6465 -2.7082 -0.0394, 2.6465 -2.7082 -0.0354, 2.6457 -2.7078 -0.0394, 2.6457 -2.7078 -0.0354, 2.6447 -2.7072 -0.0394, 2.6447 -2.7072 -0.0354, 2.6436 -2.7062 -0.0394, 2.6436 -2.7062 -0.0354, 2.6506 -2.6952 -0.0354, 2.6506 -2.6952 -0.0394, 2.6506 -2.6861 -0.0354, 2.6506 -2.6861 -0.0394, 2.9473 -2.6861 -0.0354, 2.9473 -2.6861 -0.0394, 2.9491 -2.6899 -0.0394, 2.9491 -2.6899 -0.0354, 2.6517 -2.6527 -0.0354, 2.6514 -2.6615 -0.0354, 2.6517 -2.6703 -0.0354, 2.9513 -2.6703 -0.0354, 2.9558 -2.6595 -0.0354, 2.9614 -2.6354 -0.0354, 2.9632 -2.6108 -0.0354, 2.9603 -2.5959 -0.0354, 2.66 -2.5977 -0.0354, 2.6641 -2.5886 -0.0354, 2.6695 -2.5818 -0.0354, 2.6778 -2.5753 -0.0354, 2.7047 -2.5635 -0.0354, 2.6546 -2.6278 -0.0354, 2.6568 -2.6104 -0.0354, 2.956 -2.585 -0.0354, 2.9512 -2.5783 -0.0354, 2.943 -2.5715 -0.0354, 2.9309 -2.5652 -0.0354, 2.9138 -2.5602 -0.0354, 2.8369 -2.5536 -0.0354, 2.7619 -2.5543 -0.0354, 2.6546 -2.6278 -0.0394, 2.6517 -2.6527 -0.0394, 2.8369 -2.5536 -0.0394, 2.7619 -2.5543 -0.0394, 2.7047 -2.5635 -0.0394, 2.6778 -2.5753 -0.0394, 2.6695 -2.5818 -0.0394, 2.6641 -2.5886 -0.0394, 2.66 -2.5977 -0.0394, 2.6568 -2.6104 -0.0394, 2.9632 -2.6108 -0.0394, 2.9603 -2.5959 -0.0394, 2.956 -2.585 -0.0394, 2.9512 -2.5783 -0.0394, 2.943 -2.5715 -0.0394, 2.9309 -2.5652 -0.0394, 2.9138 -2.5602 -0.0394, 2.9558 -2.6595 -0.0394, 2.9614 -2.6354 -0.0394, 2.9513 -2.6703 -0.0394, 2.6517 -2.6703 -0.0394, 2.6514 -2.6615 -0.0394, 2.8301 -2.8261 -0.0354, 2.8301 -2.8261 -0.0394, 2.8239 -2.8737 -0.0354, 2.8239 -2.8737 -0.0394, 2.842 -2.7882 -0.0354, 2.842 -2.7882 -0.0394, 2.8385 -2.7939 -0.0394, 2.8385 -2.7939 -0.0354, 2.834 -2.8065 -0.0394, 2.834 -2.8065 -0.0354, 2.8448 -2.7831 -0.0354, 2.8448 -2.7831 -0.0394, 2.8284 -2.7667 -0.0354, 2.8284 -2.7667 -0.0394, 2.8187 -2.7695 -0.0354, 2.8187 -2.7695 -0.0394, 2.8188 -2.7682 -0.0394, 2.8188 -2.7682 -0.0354, 2.8191 -2.7672 -0.0394, 2.8191 -2.7672 -0.0354, 2.8196 -2.7663 -0.0394, 2.8196 -2.7663 -0.0354, 2.8205 -2.7652 -0.0394, 2.8205 -2.7652 -0.0354, 2.8213 -2.7646 -0.0394, 2.8213 -2.7646 -0.0354, 2.8222 -2.7643 -0.0394, 2.8222 -2.7643 -0.0354, 2.8232 -2.7641 -0.0394, 2.8232 -2.7641 -0.0354, 2.8242 -2.7643 -0.0394, 2.8242 -2.7643 -0.0354, 2.8255 -2.7647 -0.0394, 2.8255 -2.7647 -0.0354, 2.8268 -2.7655 -0.0394, 2.8268 -2.7655 -0.0354, 2.8041 -2.8737 -0.0354, 2.8041 -2.8737 -0.0394, 2.6506 -2.8737 -0.0354, 2.6506 -2.8737 -0.0394, 2.6624 -2.7893 -0.0354, 2.6624 -2.7893 -0.0394, 2.6682 -2.7735 -0.0354, 2.6682 -2.7735 -0.0394, 2.6646 -2.7811 -0.0394, 2.6646 -2.7811 -0.0354, 2.671 -2.7684 -0.0354, 2.671 -2.7684 -0.0394, 2.6534 -2.7526 -0.0354, 2.6534 -2.7526 -0.0394, 2.6443 -2.7559 -0.0354, 2.6443 -2.7559 -0.0394, 2.6443 -2.7555 -0.0394, 2.6443 -2.7555 -0.0354, 2.6446 -2.7533 -0.0394, 2.6446 -2.7533 -0.0354, 2.6449 -2.7524 -0.0394, 2.6449 -2.7524 -0.0354, 2.6452 -2.7518 -0.0394, 2.6452 -2.7518 -0.0354, 2.6457 -2.7513 -0.0394, 2.6457 -2.7513 -0.0354, 2.6468 -2.7507 -0.0394, 2.6468 -2.7507 -0.0354, 2.6479 -2.7503 -0.0394, 2.6479 -2.7503 -0.0354, 2.649 -2.7503 -0.0394, 2.649 -2.7503 -0.0354, 2.6502 -2.7505 -0.0394, 2.6502 -2.7505 -0.0354, 2.6514 -2.751 -0.0394, 2.6514 -2.751 -0.0354, 2.6438 -2.7644 -0.0354, 2.6438 -2.7644 -0.0394, 2.6319 -2.85 -0.0354, 2.6319 -2.85 -0.0394, 2.6386 -2.8073 -0.0394, 2.6386 -2.8073 -0.0354, 2.6274 -2.876 -0.0354, 2.6274 -2.876 -0.0394, 2.6353 -2.8953 -0.0354, 2.6353 -2.8953 -0.0394, 2.6309 -2.8956 -0.0394, 2.6309 -2.8956 -0.0354, 2.6287 -2.8952 -0.0394, 2.6287 -2.8952 -0.0354, 2.6271 -2.8944 -0.0394, 2.6271 -2.8944 -0.0354, 2.6258 -2.8934 -0.0394, 2.6258 -2.8934 -0.0354, 2.6248 -2.8921 -0.0394, 2.6248 -2.8921 -0.0354, 2.6242 -2.8907 -0.0394, 2.6242 -2.8907 -0.0354, 2.624 -2.8893 -0.0394, 2.624 -2.8893 -0.0354, 2.6241 -2.8864 -0.0394, 2.6241 -2.8864 -0.0354, 2.625 -2.8823 -0.0394, 2.625 -2.8823 -0.0354, 2.6642 -2.8902 -0.0354, 2.6642 -2.8902 -0.0394, 2.6495 -2.8916 -0.0394, 2.6495 -2.8916 -0.0354, 2.6749 -2.8902 -0.0354, 2.6749 -2.8902 -0.0394, 2.6891 -2.8896 -0.0354, 2.6891 -2.8896 -0.0394, 2.682 -2.8898 -0.0394, 2.682 -2.8898 -0.0354, 2.9484 -2.8902 -0.0354, 2.9484 -2.8902 -0.0394, 2.9733 -2.8992 -0.0354, 2.9733 -2.8992 -0.0394, 2.9735 -2.9001 -0.0394, 2.9735 -2.9001 -0.0354, 2.9736 -2.9016 -0.0394, 2.9736 -2.9016 -0.0354, 2.9734 -2.9026 -0.0394, 2.9734 -2.9026 -0.0354, 2.973 -2.9033 -0.0394, 2.973 -2.9033 -0.0354, 2.973 -2.9034 -0.0394, 2.973 -2.9034 -0.0354, 2.9726 -2.9038 -0.0394, 2.9726 -2.9038 -0.0354, 2.9723 -2.904 -0.0394, 2.9723 -2.904 -0.0354, 2.972 -2.9042 -0.0394, 2.972 -2.9042 -0.0354, 2.9716 -2.9042 -0.0394, 2.9716 -2.9042 -0.0354, 2.9704 -2.9042 -0.0394, 2.9704 -2.9042 -0.0354, 2.9693 -2.9041 -0.0394, 2.9693 -2.9041 -0.0354, 2.9678 -2.9041 -0.0394, 2.9678 -2.9041 -0.0354, 2.9656 -2.9035 -0.0394, 2.9656 -2.9035 -0.0354, 2.9631 -2.9022 -0.0394, 2.9631 -2.9022 -0.0354, 2.96 -2.8999 -0.0394, 2.96 -2.8999 -0.0354, 2.9555 -2.8961 -0.0394, 2.9555 -2.8961 -0.0354, 2.9717 -2.8885 -0.0354, 2.9717 -2.8885 -0.0394, 2.9705 -2.8692 -0.0354, 2.9705 -2.8692 -0.0394, 2.9705 -2.8789 -0.0394, 2.9705 -2.8789 -0.0354, 2.9705 -2.8675 -0.0354, 2.9705 -2.8675 -0.0394, 2.9723 -2.8454 -0.0354, 2.9723 -2.8454 -0.0394, 2.9708 -2.8564 -0.0394, 2.9708 -2.8564 -0.0354, 2.9762 -2.8233 -0.0354, 2.9762 -2.8233 -0.0394, 2.9875 -2.7854 -0.0354, 2.9875 -2.7854 -0.0394, 2.9858 -2.7883 -0.0394, 2.9858 -2.7883 -0.0354, 2.9801 -2.8038 -0.0394, 2.9801 -2.8038 -0.0354, 2.9898 -2.7819 -0.0394, 2.9909 -2.7803 -0.0354, 2.9909 -2.7803 -0.0394, 2.9898 -2.7792 -0.0394, 2.9739 -2.7639 -0.0354, 2.9739 -2.7639 -0.0394, 2.9649 -2.7667 -0.0354, 2.9649 -2.7667 -0.0394, 2.965 -2.7651 -0.0394, 2.965 -2.7651 -0.0354, 2.9653 -2.7641 -0.0394, 2.9653 -2.7641 -0.0354, 2.966 -2.7631 -0.0394, 2.966 -2.7631 -0.0354, 2.9668 -2.7623 -0.0394, 2.9668 -2.7623 -0.0354, 2.9674 -2.7619 -0.0394, 2.9674 -2.7619 -0.0354, 2.9681 -2.7617 -0.0394, 2.9681 -2.7617 -0.0354, 2.9688 -2.7616 -0.0394, 2.9688 -2.7616 -0.0354, 2.9697 -2.7618 -0.0394, 2.9697 -2.7618 -0.0354, 2.9707 -2.7621 -0.0394, 2.9707 -2.7621 -0.0354, 2.9721 -2.7628 -0.0394, 2.9721 -2.7628 -0.0354, 2.9637 -2.7757 -0.0354, 2.9637 -2.7757 -0.0394, 2.9603 -2.8024 -0.0354, 2.9603 -2.8024 -0.0394, 2.9619 -2.7891 -0.0394, 2.9619 -2.7891 -0.0354, 2.9484 -2.8737 -0.0354, 2.9484 -2.8737 -0.0394, 2.9824 -2.9599 -0.0354, 2.9824 -2.9599 -0.0394, 2.9824 -2.9684 -0.0354, 2.9824 -2.9684 -0.0394, 2.8312 -2.9599 -0.0354, 2.8312 -2.9599 -0.0394, 2.8312 -2.9707 -0.0354, 2.8312 -2.9707 -0.0394, 2.97 -3.0205 -0.0354, 2.97 -3.0205 -0.0394, 2.9689 -3.0148 -0.0394, 2.9689 -3.0148 -0.0354, 2.9657 -3.0061 -0.0394, 2.9657 -3.0061 -0.0354, 2.9594 -2.9971 -0.0394, 2.9594 -2.9971 -0.0354, 2.9513 -2.9901 -0.0394, 2.9513 -2.9901 -0.0354, 2.9368 -2.9826 -0.0394, 2.9368 -2.9826 -0.0354, 2.911 -2.9755 -0.0394, 2.911 -2.9755 -0.0354, 2.778 -3.0913 -0.0354, 2.778 -3.0913 -0.0394, 2.8757 -3.0882 -0.0394, 2.8757 -3.0882 -0.0354, 2.8951 -3.0848 -0.0394, 2.8951 -3.0848 -0.0354, 2.9346 -3.0714 -0.0394, 2.9346 -3.0714 -0.0354, 2.9508 -3.0612 -0.0394, 2.9508 -3.0612 -0.0354, 2.9599 -3.052 -0.0394, 2.9599 -3.052 -0.0354, 2.9659 -3.0424 -0.0394, 2.9659 -3.0424 -0.0354, 2.9693 -3.0323 -0.0394, 2.9693 -3.0323 -0.0354, 2.641 -3.025 -0.0354, 2.641 -3.025 -0.0394, 2.6419 -3.0339 -0.0394, 2.6419 -3.0339 -0.0354, 2.6444 -3.0412 -0.0394, 2.6444 -3.0412 -0.0354, 2.649 -3.0486 -0.0394, 2.649 -3.0486 -0.0354, 2.6568 -3.0568 -0.0394, 2.6568 -3.0568 -0.0354, 2.6734 -3.0684 -0.0394, 2.6734 -3.0684 -0.0354, 2.697 -3.0773 -0.0394, 2.697 -3.0773 -0.0354, 2.7322 -2.9634 -0.0354, 2.7322 -2.9634 -0.0394, 2.7149 -2.9659 -0.0394, 2.7149 -2.9659 -0.0354, 2.6773 -2.9742 -0.0394, 2.6773 -2.9742 -0.0354, 2.6627 -2.9818 -0.0394, 2.6627 -2.9818 -0.0354, 2.6534 -2.9901 -0.0394, 2.6534 -2.9901 -0.0354, 2.6465 -3.0001 -0.0394, 2.6465 -3.0001 -0.0354, 2.6419 -3.0124 -0.0394, 2.6419 -3.0124 -0.0354, 2.7621 -2.9605 -0.0354, 2.7621 -2.9605 -0.0394, 2.7616 -2.9515 -0.0354, 2.7616 -2.9515 -0.0394, 2.6223 -3.0172 -0.0354, 2.6223 -3.0172 -0.0394, 2.624 -3.0058 -0.0394, 2.624 -3.0058 -0.0354, 2.6295 -2.9926 -0.0394, 2.6295 -2.9926 -0.0354, 2.6376 -2.9814 -0.0394, 2.6376 -2.9814 -0.0354, 2.6494 -2.9718 -0.0394, 2.6494 -2.9718 -0.0354, 2.6681 -2.9624 -0.0394, 2.6681 -2.9624 -0.0354, 2.6945 -2.9558 -0.0394, 2.6945 -2.9558 -0.0354, 2.8658 -3.1043 -0.0354, 2.8658 -3.1043 -0.0394, 2.8335 -3.1074 -0.0394, 2.8335 -3.1074 -0.0354, 2.7264 -3.1007 -0.0394, 2.7264 -3.1007 -0.0354, 2.7216 -3.0998 -0.0394, 2.7216 -3.0998 -0.0354, 2.6707 -3.0843 -0.0394, 2.6707 -3.0843 -0.0354, 2.6469 -3.0708 -0.0394, 2.6469 -3.0708 -0.0354, 2.6361 -3.061 -0.0394, 2.6361 -3.061 -0.0354, 2.628 -3.048 -0.0394, 2.628 -3.048 -0.0354, 2.6231 -3.0333 -0.0394, 2.6231 -3.0333 -0.0354, 2.9886 -3.025 -0.0354, 2.9886 -3.025 -0.0394, 2.9884 -3.0346 -0.0394, 2.9884 -3.0346 -0.0354, 2.9867 -3.0419 -0.0394, 2.9867 -3.0419 -0.0354, 2.9822 -3.0505 -0.0394, 2.9822 -3.0505 -0.0354, 2.9717 -3.0645 -0.0394, 2.9717 -3.0645 -0.0354, 2.957 -3.0768 -0.0394, 2.957 -3.0768 -0.0354, 2.9276 -3.0906 -0.0394, 2.9276 -3.0906 -0.0354, 2.9581 -2.9775 -0.0354, 2.9581 -2.9775 -0.0394, 2.9664 -2.9837 -0.0394, 2.9664 -2.9837 -0.0354, 2.9773 -2.9957 -0.0394, 2.9773 -2.9957 -0.0354, 2.9844 -3.0086 -0.0394, 2.9844 -3.0086 -0.0354, 2.949 -2.9724 -0.0354, 2.949 -2.9724 -0.0394, 2.9723 -3.2487 -0.0354, 2.9723 -3.2487 -0.0394, 2.9898 -3.2628 -0.0394, 3.0034 -3.2736 -0.0354, 2.9931 -3.2654 -0.0394, 3.0034 -3.2736 -0.0394, 2.9365 -3.2572 -0.0354, 2.9365 -3.2572 -0.0394, 2.9435 -3.257 -0.0394, 2.9435 -3.257 -0.0354, 2.9596 -3.2547 -0.0394, 2.9596 -3.2547 -0.0354, 2.6478 -3.2572 -0.0354, 2.6478 -3.2572 -0.0394, 2.6647 -3.1729 -0.0354, 2.6647 -3.1729 -0.0394, 2.6636 -3.1754 -0.0394, 2.6636 -3.1754 -0.0354, 2.6611 -3.1782 -0.0394, 2.6611 -3.1782 -0.0354, 2.6581 -3.1818 -0.0394, 2.6581 -3.1818 -0.0354, 2.6562 -3.1859 -0.0394, 2.6562 -3.1859 -0.0354, 2.6546 -3.1928 -0.0394, 2.6546 -3.1928 -0.0354, 2.6514 -3.2136 -0.0394, 2.6514 -3.2136 -0.0354, 2.6393 -3.1496 -0.0354, 2.6393 -3.1496 -0.0394, 2.6415 -3.1499 -0.0394, 2.6415 -3.1499 -0.0354, 2.6439 -3.1507 -0.0394, 2.6439 -3.1507 -0.0354, 2.6454 -3.1515 -0.0394, 2.6454 -3.1515 -0.0354, 2.6473 -3.1535 -0.0394, 2.6473 -3.1535 -0.0354, 2.6531 -3.1597 -0.0394, 2.6531 -3.1597 -0.0354, 2.6291 -3.2289 -0.0354, 2.6291 -3.2289 -0.0394, 2.6299 -3.2186 -0.0394, 2.6299 -3.2186 -0.0354, 2.6341 -3.1783 -0.0394, 2.6341 -3.1783 -0.0354, 2.6359 -3.1653 -0.0394, 2.6359 -3.1653 -0.0354, 2.6362 -3.1549 -0.0394, 2.6362 -3.1549 -0.0354, 2.6365 -3.1528 -0.0394, 2.6365 -3.1528 -0.0354, 2.6369 -3.1516 -0.0394, 2.6369 -3.1516 -0.0354, 2.6375 -3.1508 -0.0394, 2.6375 -3.1508 -0.0354, 2.638 -3.1503 -0.0394, 2.638 -3.1503 -0.0354, 2.6268 -3.2526 -0.0354, 2.6268 -3.2526 -0.0394, 2.6257 -3.2657 -0.0354, 2.6257 -3.2657 -0.0394, 2.65 -3.273 -0.0354, 2.65 -3.273 -0.0394, 2.645 -3.2734 -0.0394, 2.645 -3.2734 -0.0354, 2.6323 -3.2749 -0.0394, 2.6323 -3.2749 -0.0354, 2.6295 -3.2749 -0.0394, 2.6295 -3.2749 -0.0354, 2.6281 -3.2746 -0.0394, 2.6281 -3.2746 -0.0354, 2.6266 -3.2737 -0.0394, 2.6266 -3.2737 -0.0354, 2.6257 -3.273 -0.0394, 2.6257 -3.273 -0.0354, 2.6252 -3.2723 -0.0394, 2.6252 -3.2723 -0.0354, 2.6249 -3.2715 -0.0394, 2.6249 -3.2715 -0.0354, 2.6247 -3.2704 -0.0394, 2.6247 -3.2704 -0.0354, 2.6248 -3.2687 -0.0394, 2.6248 -3.2687 -0.0354, 2.6834 -3.2719 -0.0354, 2.6834 -3.2719 -0.0394, 2.9383 -3.2719 -0.0354, 2.9383 -3.2719 -0.0394, 2.9659 -3.2723 -0.0354, 2.9931 -3.2765 -0.0354, 2.9931 -3.2765 -0.0394, 2.9898 -3.276 -0.0394, 2.9659 -3.2723 -0.0394, 2.9988 -3.2776 -0.0354, 2.9988 -3.2776 -0.0394
            ]
        }
        coordIndex [
            0,1,2,-1,2,1,3,-1,4,5,0,-1,0,5,1,-1,6,7,4,-1,4,7,8,-1,4,8,5,-1,9,10,11,-1,9,11,12,-1,11,13,12,-1,12,13,14,-1,12,14,15,-1,15,14,16,-1,15,16,17,-1,17,16,18,-1,17,18,19,-1,19,18,20,-1,19,20,21,-1,21,20,22,-1,21,22,23,-1,23,22,24,-1,23,24,25,-1,25,24,26,-1,25,26,27,-1,27,26,28,-1,27,28,29,-1,29,28,30,-1,29,30,31,-1,31,30,32,-1,31,32,33,-1,33,32,34,-1,33,34,35,-1,35,34,36,-1,35,36,37,-1,37,36,38,-1,37,38,39,-1,39,38,7,-1,39,7,6,-1,40,41,9,-1,9,41,10,-1,42,43,44,-1,42,44,45,-1,45,44,46,-1,45,46,47,-1,47,46,48,-1,47,48,49,-1,49,48,41,-1,49,41,40,-1,50,51,42,-1,42,51,43,-1,52,53,54,-1,52,54,55,-1,55,54,51,-1,55,51,50,-1,53,52,56,-1,56,52,57,-1,56,57,58,-1,58,57,59,-1,60,61,57,-1,57,61,59,-1,60,62,63,-1,63,64,60,-1,60,64,65,-1,60,65,61,-1,66,67,62,-1,62,67,63,-1,68,69,70,-1,68,70,71,-1,71,70,67,-1,71,67,66,-1,72,73,68,-1,68,73,69,-1,74,75,76,-1,74,76,77,-1,77,76,78,-1,77,78,79,-1,79,78,80,-1,79,80,81,-1,81,80,82,-1,81,82,83,-1,83,82,84,-1,83,84,85,-1,85,84,86,-1,85,86,87,-1,87,86,88,-1,87,88,89,-1,89,88,90,-1,89,90,91,-1,91,90,73,-1,91,73,72,-1,92,93,74,-1,74,93,75,-1,93,92,94,-1,94,92,95,-1,94,95,96,-1,97,98,99,-1,97,99,100,-1,100,99,101,-1,100,101,102,-1,102,101,103,-1,102,103,104,-1,104,103,105,-1,104,105,106,-1,106,105,107,-1,106,107,108,-1,108,107,109,-1,108,109,110,-1,110,109,111,-1,110,111,112,-1,112,111,113,-1,112,113,114,-1,114,113,115,-1,114,115,116,-1,116,115,117,-1,116,117,118,-1,118,117,119,-1,118,119,120,-1,120,119,121,-1,120,121,122,-1,122,121,123,-1,122,123,124,-1,124,123,125,-1,124,125,126,-1,126,125,127,-1,126,127,128,-1,128,127,96,-1,128,96,95,-1,129,130,97,-1,97,130,131,-1,97,131,98,-1,132,133,129,-1,129,133,130,-1,132,2,133,-1,133,2,3,-1,134,57,135,-1,135,57,52,-1,132,136,137,-1,87,89,129,-1,129,89,91,-1,129,91,72,-1,137,138,132,-1,132,138,139,-1,132,139,2,-1,2,139,140,-1,55,0,52,-1,52,0,2,-1,52,2,135,-1,135,2,140,-1,124,126,100,-1,100,126,97,-1,72,68,129,-1,129,68,71,-1,129,71,132,-1,132,71,66,-1,132,66,136,-1,136,66,62,-1,136,62,134,-1,134,62,60,-1,134,60,57,-1,0,40,4,-1,4,40,9,-1,4,9,6,-1,6,9,12,-1,6,12,39,-1,39,12,15,-1,39,15,37,-1,74,77,129,-1,129,77,79,-1,129,79,81,-1,55,50,0,-1,0,50,42,-1,0,42,45,-1,126,128,97,-1,97,128,95,-1,97,95,129,-1,129,95,92,-1,129,92,74,-1,45,47,0,-1,0,47,49,-1,0,49,40,-1,110,112,100,-1,81,83,129,-1,129,83,85,-1,129,85,87,-1,110,100,108,-1,17,33,15,-1,15,33,35,-1,15,35,37,-1,112,114,100,-1,100,114,116,-1,100,116,118,-1,17,19,33,-1,33,19,21,-1,33,21,31,-1,31,21,29,-1,118,120,100,-1,100,120,122,-1,100,122,124,-1,102,104,100,-1,100,104,106,-1,100,106,108,-1,29,21,27,-1,27,21,23,-1,27,23,25,-1,135,141,134,-1,134,141,142,-1,138,143,144,-1,138,144,139,-1,139,144,145,-1,139,145,140,-1,140,145,141,-1,140,141,135,-1,137,146,138,-1,138,146,143,-1,136,147,137,-1,137,147,146,-1,142,147,134,-1,134,147,136,-1,148,149,150,-1,150,149,151,-1,152,153,154,-1,152,154,155,-1,155,154,156,-1,155,156,157,-1,157,156,158,-1,157,158,159,-1,159,158,160,-1,159,160,161,-1,161,160,162,-1,161,162,163,-1,163,162,164,-1,163,164,165,-1,165,164,166,-1,165,166,167,-1,167,166,168,-1,167,168,169,-1,169,168,149,-1,169,149,148,-1,170,171,152,-1,152,171,153,-1,172,173,170,-1,170,173,171,-1,174,175,176,-1,174,176,177,-1,177,176,173,-1,177,173,172,-1,178,179,174,-1,174,179,175,-1,180,181,178,-1,178,181,179,-1,182,183,184,-1,182,184,185,-1,185,184,181,-1,185,181,180,-1,186,187,188,-1,186,188,189,-1,189,188,190,-1,189,190,191,-1,191,190,192,-1,191,192,193,-1,193,192,194,-1,193,194,195,-1,195,194,196,-1,195,196,197,-1,197,196,198,-1,197,198,199,-1,199,198,200,-1,199,200,201,-1,201,200,183,-1,201,183,182,-1,202,203,204,-1,202,204,205,-1,205,204,206,-1,205,206,207,-1,207,206,208,-1,207,208,209,-1,209,208,210,-1,209,210,211,-1,211,210,212,-1,211,212,213,-1,213,212,214,-1,213,214,215,-1,215,214,216,-1,215,216,217,-1,217,216,187,-1,217,187,186,-1,218,219,202,-1,202,219,203,-1,220,221,222,-1,220,222,223,-1,223,222,224,-1,223,224,225,-1,224,226,225,-1,225,226,227,-1,225,227,228,-1,228,227,219,-1,228,219,218,-1,221,220,229,-1,230,231,232,-1,230,232,233,-1,233,232,234,-1,233,234,235,-1,235,234,236,-1,235,236,237,-1,237,236,238,-1,237,238,229,-1,229,238,239,-1,229,239,221,-1,240,241,230,-1,230,241,231,-1,242,243,244,-1,242,244,245,-1,245,244,246,-1,245,246,247,-1,247,246,248,-1,247,248,249,-1,249,248,250,-1,249,250,251,-1,251,250,252,-1,251,252,253,-1,253,252,254,-1,253,254,255,-1,255,254,256,-1,255,256,257,-1,257,256,258,-1,257,258,259,-1,259,258,260,-1,259,260,261,-1,261,260,262,-1,261,262,263,-1,263,262,264,-1,263,264,265,-1,265,264,266,-1,265,266,267,-1,267,266,268,-1,267,268,269,-1,269,268,270,-1,269,270,271,-1,271,270,241,-1,271,241,240,-1,272,273,242,-1,242,273,243,-1,274,275,272,-1,272,275,273,-1,276,277,274,-1,274,277,275,-1,150,151,278,-1,150,278,279,-1,279,278,277,-1,279,277,276,-1,280,281,218,-1,218,281,282,-1,225,228,274,-1,172,170,283,-1,225,274,223,-1,267,269,242,-1,228,218,274,-1,274,218,282,-1,274,282,276,-1,276,282,283,-1,276,283,279,-1,279,283,170,-1,279,170,150,-1,150,170,148,-1,284,285,180,-1,180,285,185,-1,185,285,286,-1,185,286,182,-1,269,271,242,-1,242,271,240,-1,242,240,272,-1,272,240,230,-1,272,230,274,-1,274,230,233,-1,274,233,235,-1,165,167,170,-1,170,167,169,-1,170,169,148,-1,180,178,284,-1,284,178,174,-1,284,174,283,-1,283,174,177,-1,283,177,172,-1,182,286,201,-1,201,286,287,-1,201,287,199,-1,261,263,242,-1,242,263,265,-1,242,265,267,-1,288,209,289,-1,289,209,211,-1,289,211,290,-1,290,211,213,-1,290,213,291,-1,291,213,292,-1,280,218,293,-1,293,218,202,-1,293,202,294,-1,294,202,205,-1,294,205,288,-1,288,205,207,-1,288,207,209,-1,245,247,257,-1,257,247,249,-1,257,249,255,-1,255,249,251,-1,255,251,253,-1,152,155,170,-1,170,155,157,-1,170,157,159,-1,159,161,170,-1,170,161,163,-1,170,163,165,-1,199,287,197,-1,197,287,295,-1,197,295,195,-1,195,295,296,-1,195,296,193,-1,193,296,297,-1,193,297,191,-1,220,223,229,-1,229,223,274,-1,229,274,237,-1,237,274,235,-1,245,257,242,-1,242,257,259,-1,242,259,261,-1,297,298,191,-1,191,298,299,-1,191,299,189,-1,189,299,300,-1,189,300,186,-1,186,300,301,-1,186,301,217,-1,217,301,292,-1,217,292,215,-1,215,292,213,-1,293,302,280,-1,280,302,303,-1,300,304,305,-1,300,305,301,-1,301,305,306,-1,301,306,292,-1,292,306,307,-1,292,307,291,-1,291,307,308,-1,291,308,290,-1,290,308,309,-1,290,309,289,-1,289,309,310,-1,289,310,288,-1,288,310,311,-1,288,311,294,-1,294,311,302,-1,294,302,293,-1,286,312,313,-1,286,313,287,-1,287,313,314,-1,287,314,295,-1,295,314,315,-1,295,315,296,-1,296,315,316,-1,296,316,297,-1,297,316,317,-1,297,317,298,-1,298,317,318,-1,298,318,299,-1,299,318,304,-1,299,304,300,-1,284,319,320,-1,284,320,285,-1,285,320,312,-1,285,312,286,-1,283,321,284,-1,284,321,319,-1,282,322,283,-1,283,322,321,-1,280,303,323,-1,280,323,281,-1,281,323,322,-1,281,322,282,-1,324,325,326,-1,326,325,327,-1,328,329,330,-1,328,330,331,-1,331,330,332,-1,331,332,333,-1,333,332,325,-1,333,325,324,-1,334,335,328,-1,328,335,329,-1,336,337,334,-1,334,337,335,-1,338,339,340,-1,338,340,341,-1,341,340,342,-1,341,342,343,-1,343,342,344,-1,343,344,345,-1,345,344,346,-1,345,346,347,-1,347,346,348,-1,347,348,349,-1,349,348,350,-1,349,350,351,-1,351,350,352,-1,351,352,353,-1,353,352,354,-1,353,354,355,-1,355,354,356,-1,355,356,357,-1,357,356,358,-1,357,358,359,-1,359,358,337,-1,359,337,336,-1,360,361,338,-1,338,361,339,-1,362,363,360,-1,360,363,361,-1,364,365,362,-1,362,365,363,-1,366,367,368,-1,366,368,369,-1,369,368,365,-1,369,365,364,-1,370,371,366,-1,366,371,367,-1,372,373,370,-1,370,373,371,-1,374,375,376,-1,374,376,377,-1,377,376,378,-1,377,378,379,-1,379,378,380,-1,379,380,381,-1,381,380,382,-1,381,382,383,-1,383,382,384,-1,383,384,385,-1,385,384,386,-1,385,386,387,-1,387,386,388,-1,387,388,389,-1,389,388,390,-1,389,390,391,-1,391,390,392,-1,391,392,393,-1,393,392,394,-1,393,394,395,-1,395,394,373,-1,395,373,372,-1,396,397,374,-1,374,397,375,-1,398,399,400,-1,398,400,401,-1,401,400,397,-1,401,397,396,-1,402,403,398,-1,398,403,399,-1,404,405,406,-1,404,406,407,-1,407,406,408,-1,407,408,409,-1,409,408,410,-1,409,410,411,-1,411,410,412,-1,411,412,413,-1,413,412,414,-1,413,414,415,-1,415,414,416,-1,415,416,417,-1,417,416,418,-1,417,418,419,-1,419,418,420,-1,419,420,421,-1,421,420,422,-1,421,422,423,-1,423,422,403,-1,423,403,402,-1,424,425,426,-1,424,426,427,-1,427,426,405,-1,427,405,404,-1,428,429,424,-1,424,429,425,-1,430,431,432,-1,430,432,433,-1,433,432,429,-1,433,429,428,-1,434,435,430,-1,430,435,431,-1,436,437,438,-1,436,438,439,-1,439,438,440,-1,439,440,441,-1,441,440,442,-1,441,442,443,-1,443,442,444,-1,443,444,445,-1,445,444,446,-1,445,446,447,-1,447,446,448,-1,447,448,449,-1,449,448,450,-1,449,450,451,-1,451,450,452,-1,451,452,453,-1,453,452,454,-1,453,454,455,-1,455,454,456,-1,455,456,457,-1,457,456,458,-1,457,458,459,-1,459,458,460,-1,459,460,461,-1,461,460,462,-1,461,462,463,-1,463,462,464,-1,463,464,465,-1,465,464,466,-1,465,466,467,-1,467,466,468,-1,467,468,469,-1,469,468,435,-1,469,435,434,-1,470,471,436,-1,436,471,437,-1,472,473,474,-1,472,474,475,-1,475,474,471,-1,475,471,470,-1,476,477,472,-1,472,477,473,-1,478,479,480,-1,478,480,481,-1,481,480,477,-1,481,477,476,-1,482,483,478,-1,478,483,479,-1,484,485,486,-1,484,486,487,-1,487,486,488,-1,487,488,489,-1,489,488,483,-1,489,483,482,-1,485,484,490,-1,490,484,491,-1,490,491,492,-1,492,491,493,-1,493,491,494,-1,493,494,495,-1,496,497,498,-1,496,498,499,-1,499,498,500,-1,499,500,501,-1,501,500,502,-1,501,502,503,-1,503,502,504,-1,503,504,505,-1,505,504,506,-1,505,506,507,-1,507,506,508,-1,507,508,509,-1,509,508,510,-1,509,510,511,-1,511,510,512,-1,511,512,513,-1,513,512,514,-1,513,514,515,-1,515,514,516,-1,515,516,517,-1,517,516,495,-1,517,495,494,-1,518,519,496,-1,496,519,497,-1,520,521,522,-1,520,522,523,-1,523,522,519,-1,523,519,518,-1,524,525,520,-1,520,525,521,-1,524,326,525,-1,525,326,327,-1,396,369,364,-1,328,331,338,-1,396,374,372,-1,372,374,377,-1,428,424,362,-1,362,424,427,-1,362,427,404,-1,524,434,326,-1,326,434,430,-1,369,396,366,-1,366,396,372,-1,366,372,370,-1,417,419,362,-1,362,419,421,-1,362,421,423,-1,455,457,524,-1,524,457,459,-1,423,402,362,-1,362,402,398,-1,362,398,364,-1,364,398,401,-1,364,401,396,-1,404,407,362,-1,362,407,409,-1,362,409,411,-1,331,333,338,-1,338,333,324,-1,338,324,360,-1,513,515,503,-1,496,517,494,-1,391,393,395,-1,324,326,360,-1,360,326,430,-1,360,430,362,-1,362,430,433,-1,362,433,428,-1,355,357,341,-1,341,357,338,-1,334,328,336,-1,336,328,338,-1,336,338,359,-1,359,338,357,-1,524,447,449,-1,465,467,524,-1,524,467,469,-1,524,469,434,-1,503,515,501,-1,524,481,476,-1,377,379,372,-1,372,379,381,-1,372,381,383,-1,411,413,362,-1,362,413,415,-1,362,415,417,-1,476,472,524,-1,524,472,475,-1,524,475,470,-1,383,385,372,-1,372,385,387,-1,372,387,395,-1,395,387,389,-1,395,389,391,-1,449,451,524,-1,524,451,453,-1,524,453,455,-1,517,496,515,-1,515,496,499,-1,515,499,501,-1,505,507,509,-1,494,491,496,-1,496,491,484,-1,496,484,518,-1,518,484,487,-1,518,487,523,-1,523,487,489,-1,523,489,520,-1,520,489,482,-1,520,482,524,-1,524,482,478,-1,524,478,481,-1,470,436,524,-1,524,436,439,-1,524,439,441,-1,341,343,355,-1,355,343,345,-1,355,345,347,-1,459,461,524,-1,524,461,463,-1,524,463,465,-1,505,509,503,-1,503,509,511,-1,503,511,513,-1,441,443,524,-1,524,443,445,-1,524,445,447,-1,349,351,347,-1,347,351,353,-1,347,353,355,-1,526,527,528,-1,528,527,529,-1,530,531,526,-1,526,531,527,-1,532,533,530,-1,530,533,531,-1,534,535,536,-1,534,536,537,-1,537,536,538,-1,537,538,539,-1,539,538,540,-1,539,540,541,-1,541,540,542,-1,541,542,543,-1,543,542,544,-1,543,544,545,-1,545,544,546,-1,545,546,547,-1,547,546,533,-1,547,533,532,-1,548,549,550,-1,548,550,551,-1,551,550,552,-1,551,552,553,-1,553,552,554,-1,553,554,555,-1,555,554,556,-1,555,556,557,-1,557,556,558,-1,557,558,559,-1,559,558,560,-1,559,560,561,-1,561,560,562,-1,561,562,563,-1,563,562,535,-1,563,535,534,-1,564,565,566,-1,564,566,567,-1,567,566,568,-1,567,568,569,-1,569,568,570,-1,569,570,571,-1,571,570,572,-1,571,572,573,-1,573,572,574,-1,573,574,575,-1,575,574,576,-1,575,576,577,-1,577,576,549,-1,577,549,548,-1,578,579,580,-1,578,580,581,-1,581,580,582,-1,581,582,583,-1,583,582,584,-1,583,584,585,-1,585,584,586,-1,585,586,587,-1,587,586,588,-1,587,588,589,-1,589,588,590,-1,589,590,591,-1,591,590,565,-1,591,565,564,-1,592,593,578,-1,578,593,579,-1,594,595,592,-1,592,595,593,-1,596,597,598,-1,596,598,599,-1,599,598,600,-1,599,600,601,-1,601,600,602,-1,601,602,603,-1,603,602,604,-1,603,604,605,-1,605,604,606,-1,605,606,607,-1,607,606,608,-1,607,608,609,-1,609,608,595,-1,609,595,594,-1,610,611,612,-1,610,612,613,-1,613,612,614,-1,613,614,615,-1,615,614,616,-1,615,616,617,-1,617,616,618,-1,617,618,619,-1,619,618,620,-1,619,620,621,-1,621,620,622,-1,621,622,623,-1,623,622,624,-1,623,624,625,-1,625,624,626,-1,625,626,627,-1,627,626,597,-1,627,597,596,-1,628,629,630,-1,628,630,631,-1,631,630,632,-1,631,632,633,-1,633,632,634,-1,633,634,635,-1,635,634,636,-1,635,636,637,-1,637,636,638,-1,637,638,639,-1,639,638,640,-1,639,640,641,-1,641,640,611,-1,641,611,610,-1,642,643,644,-1,642,644,645,-1,645,644,646,-1,645,646,647,-1,647,646,648,-1,647,648,649,-1,649,648,629,-1,649,629,628,-1,650,651,642,-1,642,651,643,-1,650,528,651,-1,651,528,529,-1,530,526,650,-1,650,526,528,-1,532,530,547,-1,547,530,650,-1,547,650,545,-1,545,650,543,-1,619,621,573,-1,642,539,650,-1,650,539,541,-1,650,541,543,-1,573,621,571,-1,571,621,623,-1,571,623,569,-1,569,623,625,-1,569,625,567,-1,567,625,627,-1,567,627,564,-1,564,627,596,-1,564,596,591,-1,591,596,599,-1,591,599,589,-1,589,599,601,-1,589,601,587,-1,587,601,603,-1,587,603,585,-1,585,603,605,-1,585,605,583,-1,583,605,607,-1,583,607,581,-1,581,607,609,-1,581,609,578,-1,578,609,594,-1,578,594,592,-1,577,548,615,-1,642,645,539,-1,539,645,647,-1,539,647,537,-1,537,647,649,-1,537,649,534,-1,534,649,628,-1,534,628,563,-1,573,575,619,-1,619,575,577,-1,619,577,617,-1,617,577,615,-1,628,631,563,-1,563,631,633,-1,563,633,561,-1,561,633,635,-1,561,635,559,-1,559,635,637,-1,559,637,557,-1,557,637,639,-1,557,639,555,-1,555,639,641,-1,555,641,553,-1,553,641,551,-1,551,641,610,-1,551,610,548,-1,548,610,613,-1,548,613,615,-1,652,653,654,-1,652,654,655,-1,655,654,656,-1,655,656,657,-1,658,659,660,-1,658,660,661,-1,661,660,662,-1,661,662,663,-1,663,662,653,-1,663,653,652,-1,664,665,658,-1,658,665,659,-1,666,667,668,-1,666,668,669,-1,669,668,670,-1,669,670,671,-1,671,670,672,-1,671,672,673,-1,673,672,674,-1,673,674,675,-1,675,674,676,-1,675,676,677,-1,677,676,678,-1,677,678,679,-1,679,678,665,-1,679,665,664,-1,680,681,682,-1,680,682,683,-1,683,682,684,-1,683,684,685,-1,685,684,686,-1,685,686,687,-1,687,686,688,-1,687,688,689,-1,689,688,690,-1,689,690,691,-1,691,690,667,-1,691,667,666,-1,692,693,694,-1,692,694,695,-1,695,694,696,-1,695,696,697,-1,697,696,698,-1,697,698,699,-1,699,698,700,-1,699,700,701,-1,701,700,702,-1,701,702,703,-1,703,702,704,-1,703,704,705,-1,705,704,706,-1,705,706,707,-1,707,706,708,-1,707,708,709,-1,709,708,681,-1,709,681,680,-1,710,711,692,-1,692,711,693,-1,712,713,710,-1,710,713,711,-1,714,715,716,-1,714,716,717,-1,717,716,718,-1,717,718,719,-1,719,718,720,-1,719,720,721,-1,721,720,722,-1,721,722,723,-1,723,722,724,-1,723,724,725,-1,725,724,726,-1,725,726,727,-1,727,726,728,-1,727,728,729,-1,729,728,730,-1,729,730,731,-1,731,730,732,-1,731,732,733,-1,733,732,734,-1,733,734,735,-1,735,734,713,-1,735,713,712,-1,736,737,714,-1,714,737,715,-1,738,739,736,-1,736,739,737,-1,739,738,740,-1,741,742,743,-1,741,743,740,-1,740,743,744,-1,740,744,739,-1,745,746,741,-1,741,746,742,-1,745,655,746,-1,746,655,657,-1,687,689,701,-1,701,689,691,-1,701,691,666,-1,666,669,701,-1,701,669,671,-1,701,671,699,-1,699,671,673,-1,699,673,697,-1,738,736,664,-1,664,736,714,-1,664,714,717,-1,673,675,697,-1,697,675,677,-1,697,677,695,-1,695,677,679,-1,655,745,652,-1,652,745,741,-1,652,741,663,-1,663,741,740,-1,663,740,661,-1,661,740,738,-1,661,738,658,-1,658,738,664,-1,717,719,664,-1,664,719,721,-1,664,721,723,-1,683,703,705,-1,703,683,701,-1,701,683,685,-1,701,685,687,-1,723,725,664,-1,664,725,727,-1,664,727,729,-1,729,731,664,-1,664,731,733,-1,664,733,735,-1,735,712,664,-1,664,712,710,-1,664,710,679,-1,679,710,692,-1,679,692,695,-1,705,707,683,-1,683,707,709,-1,683,709,680,-1,
        ]
    }
}
Shape{
    appearance Appearance {
        material  Material {
            diffuseColor 0.24705882352941178 0.49411764705882355 0.27450980392156865
            specularColor 0.01568627450980392 0.03529411764705882 0.0196078431372549
            ambientIntensity 0.5646
            transparency 0.0
            shininess 0.5
        }
    }
    geometry IndexedFaceSet {
        ccw TRUE
        solid FALSE
        coord DEF co Coordinate {
            point [
                2.7967 -2.3977 -0.0394, 2.782 -2.3824 -0.0394, 2.941 -2.4187 -0.0394, 2.7746 -2.4555 -0.0394, 2.7793 -2.4332 -0.0394, 2.7844 -2.4169 -0.0394, 2.787 -2.4119 -0.0394, 2.9614 -2.6354 -0.0394, 2.9558 -2.6595 -0.0394, 2.8369 -2.5536 -0.0394, 2.9513 -2.6703 -0.0394, 2.6517 -2.6703 -0.0394, 2.6514 -2.6615 -0.0394, 2.6517 -2.6527 -0.0394, 2.9632 -2.6108 -0.0394, 2.6546 -2.6278 -0.0394, 2.6568 -2.6104 -0.0394, 2.66 -2.5977 -0.0394, 2.9603 -2.5959 -0.0394, 2.9138 -2.5602 -0.0394, 2.9309 -2.5652 -0.0394, 2.6641 -2.5886 -0.0394, 2.6695 -2.5818 -0.0394, 2.6778 -2.5753 -0.0394, 2.943 -2.5715 -0.0394, 2.9512 -2.5783 -0.0394, 2.956 -2.585 -0.0394, 2.7047 -2.5635 -0.0394, 2.7619 -2.5543 -0.0394, 4.315 -4.2811 -0.0394, 4.315 -3.7793 -0.0394, 4.315 -4.2811 3.0709, 4.315 -3.1296 -0.0394, 4.315 -2.9277 -0.0394, 4.315 0.522 2.7559, 4.315 0.522 3.0709, 4.315 -0.2654 2.7559, 4.315 -3.1 3.0709, 4.315 -3.1 3.2677, 4.315 -0.2654 -0.0394, 4.315 -2.5188 -0.0394, 4.315 -2.7296 -0.0394, 4.0 -0.7378 0.3543, 4.0 -4.2811 0.3543, 4.0 -0.7378 2.7559, 4.0 -4.2811 2.7559, -2.5079 -4.2811 3.0709, -2.5079 -4.2811 2.7559, -1.4921 -4.2811 3.0709, -1.4921 -4.2811 2.7559, -1.7874 -0.7378 0.3543, -1.7874 -4.2811 0.3543, -1.5369 -0.7378 0.2459, -1.5369 -4.2811 0.2459, -1.2721 -0.7378 0.1797, -1.2721 -4.2811 0.1797, -1.0 -0.7378 0.1575, -1.0 -4.2811 0.1575, -0.7279 -0.7378 0.1797, -0.7279 -4.2811 0.1797, -0.4631 -0.7378 0.2459, -0.4631 -4.2811 0.2459, -0.2126 -0.7378 0.3543, -0.2126 -4.2811 0.3543, -2.2126 -0.7378 0.3543, -2.2126 -4.2811 0.3543, -1.2362 -0.2654 2.4409, -1.2362 -0.2654 2.7559, -1.2362 0.522 2.4409, -1.2362 0.522 2.7559, -2.7638 -0.2654 2.7559, -2.7638 0.522 2.7559, -1.8031 -0.2654 -0.0394, -1.8031 -0.2654 2.4409, -1.8031 0.522 -0.0394, -1.8031 0.522 2.4409, -2.1969 -0.2654 2.4409, -2.7638 -0.2654 2.4409, -2.1942 -0.2654 -0.0394, -2.1969 -0.2654 -0.0394, -0.1969 -0.2654 2.4409, -0.1969 -0.2654 -0.0394, -0.1969 0.522 2.4409, -0.1969 0.522 -0.0394, -0.7638 -0.2654 2.7559, -0.7638 -0.2654 2.4409, -0.7638 0.522 2.7559, -0.7638 0.522 2.4409, -0.7638 -0.2654 2.126, -1.2362 -0.2654 2.126, -0.7638 0.522 2.126, -1.2362 0.522 2.126, -1.2362 -0.2654 -0.0394, -1.2362 0.522 -0.0394, -0.7638 -0.2654 -0.0394, -0.7638 0.522 -0.0394, -0.8031 -0.2654 1.3189, -0.8031 -0.2654 1.74, -1.1969 -0.2654 1.3189, -1.1969 -0.2654 1.74, -1.0069 -0.2654 -0.0394, -1.0102 -0.2654 -0.0394, -1.4921 -3.6906 2.7559, -1.4921 -3.6906 3.1693, -0.5079 -3.6906 2.7559, -0.5079 -4.2811 2.7559, -0.5079 -3.6906 3.1693, -0.5079 -4.2811 3.0709
            ]
        }
        coordIndex [
            0,1,2,-1,2,3,4,-1,4,5,2,-1,2,5,6,-1,2,6,0,-1,7,8,9,-1,10,11,8,-1,8,11,12,-1,8,12,13,-1,7,9,14,-1,13,15,8,-1,8,15,16,-1,8,16,17,-1,14,9,18,-1,18,9,19,-1,18,19,20,-1,17,21,8,-1,8,21,22,-1,8,22,23,-1,20,24,18,-1,18,24,25,-1,18,25,26,-1,23,27,8,-1,8,27,28,-1,8,28,9,-1,29,30,31,-1,31,30,32,-1,31,32,33,-1,34,35,36,-1,36,35,37,-1,36,37,31,-1,31,37,38,-1,39,36,40,-1,40,36,31,-1,40,31,41,-1,41,31,33,-1,42,43,44,-1,44,43,45,-1,46,47,48,-1,48,47,49,-1,50,51,52,-1,52,51,53,-1,52,53,54,-1,54,53,55,-1,54,55,56,-1,56,55,57,-1,56,57,58,-1,58,57,59,-1,58,59,60,-1,60,59,61,-1,60,61,62,-1,62,61,63,-1,50,64,51,-1,51,64,65,-1,66,67,68,-1,68,67,69,-1,67,70,69,-1,69,70,71,-1,72,73,74,-1,74,73,75,-1,73,66,75,-1,75,66,68,-1,76,77,70,-1,73,72,78,-1,67,66,70,-1,70,66,73,-1,70,73,76,-1,76,73,78,-1,76,78,79,-1,80,81,82,-1,82,81,83,-1,84,85,86,-1,86,85,87,-1,85,80,87,-1,87,80,82,-1,88,89,90,-1,90,89,91,-1,89,92,91,-1,91,92,93,-1,94,88,95,-1,95,88,90,-1,96,97,88,-1,98,92,89,-1,88,97,89,-1,89,97,99,-1,89,99,98,-1,88,94,96,-1,96,94,100,-1,96,100,98,-1,98,100,101,-1,98,101,92,-1,49,102,48,-1,48,102,103,-1,104,105,106,-1,106,105,107,-1,102,104,103,-1,103,104,106,-1,
        ]
    }
}
Shape{
    appearance Appearance {
        material  Material {
            diffuseColor 0.6470588235294118 0.6196078431372549 0.5882352941176471
            specularColor 0.45098039215686275 0.43529411764705883 0.4117647058823529
            ambientIntensity 0.6242
            transparency 0.0
            shininess 0.5
        }
    }
    geometry IndexedFaceSet {
        ccw TRUE
        solid FALSE
        coord DEF co Coordinate {
            point [
                -0.8031 -0.1866 -1.063, -0.8031 -0.1866 1.1614, -1.1969 -0.1866 -1.063, -1.1969 -0.1866 1.1614, -1.0787 -0.0685 -1.6535, -1.0787 0.089 -1.6535, -0.9213 -0.0685 -1.6535, -0.9213 0.089 -1.6535, -1.1969 0.2071 -1.063, -1.1969 0.2071 1.1614, -0.8031 0.2071 -1.063, -0.8031 0.2071 1.1614, -0.8031 -0.1375 1.6983, -0.8031 -0.2654 1.74, -0.8031 -0.2654 1.3189, -0.8031 -0.1919 1.2066, -0.8031 0.1918 1.295, -0.8031 -0.2074 1.2495, -0.8031 0.1466 1.4217, -0.8031 -0.2323 1.2875, -0.8031 0.074 1.5349, -0.8031 -0.0224 1.6287, -1.1969 -0.2654 1.74, -1.1969 -0.1375 1.6983, -1.1969 -0.2654 1.3189, -1.1969 -0.0224 1.6287, -1.1969 -0.2323 1.2875, -1.1969 0.074 1.5349, -1.1969 -0.2074 1.2495, -1.1969 0.1466 1.4217, -1.1969 -0.1919 1.2066, -1.1969 0.1918 1.295
            ]
        }
        coordIndex [
            0,1,2,-1,2,1,3,-1,4,5,6,-1,6,5,7,-1,8,9,10,-1,10,9,11,-1,12,13,14,-1,0,10,1,-1,1,10,11,-1,1,11,15,-1,15,11,16,-1,15,16,17,-1,17,16,18,-1,17,18,19,-1,19,18,20,-1,19,20,14,-1,14,20,21,-1,14,21,12,-1,22,23,24,-1,24,23,25,-1,24,25,26,-1,26,25,27,-1,26,27,28,-1,28,27,29,-1,28,29,30,-1,30,29,31,-1,30,31,3,-1,3,31,9,-1,3,9,2,-1,2,9,8,-1,14,24,19,-1,19,24,26,-1,19,26,17,-1,17,26,28,-1,17,28,15,-1,15,28,30,-1,15,30,1,-1,1,30,3,-1,11,9,31,-1,11,31,16,-1,16,31,29,-1,16,29,18,-1,18,29,27,-1,18,27,20,-1,20,27,25,-1,20,25,21,-1,21,25,23,-1,21,23,12,-1,12,23,22,-1,12,22,13,-1,
        ]
    }
}
Shape{
    appearance Appearance {
        material  Material {
            diffuseColor 0.24705882352941178 0.49411764705882355 0.27450980392156865
            specularColor 0.01568627450980392 0.03529411764705882 0.0196078431372549
            ambientIntensity 0.5646
            transparency 0.0
            shininess 0.5
        }
    }
    geometry IndexedFaceSet {
        ccw TRUE
        solid FALSE
        coord DEF co Coordinate {
            point [
                -1.0 -0.7378 2.0472, -0.8726 -1.1315 2.0305, -0.8726 -0.7378 2.0305, -0.7539 -1.1315 1.9813, -0.7539 -0.7378 1.9813, -0.652 -1.1315 1.9031, -0.652 -0.7378 1.9031, -0.5738 -1.1315 1.8012, -0.5738 -0.7378 1.8012, -0.5246 -1.1315 1.6825, -0.5246 -0.7378 1.6825, -0.5079 -1.1315 1.5551, -0.5079 -0.7378 1.5551, -0.5246 -1.1315 1.4277, -0.5246 -0.7378 1.4277, -0.5738 -1.1315 1.3091, -0.5738 -0.7378 1.3091, -0.652 -1.1315 1.2071, -0.652 -0.7378 1.2071, -0.7539 -1.1315 1.1289, -0.7539 -0.7378 1.1289, -0.8726 -1.1315 1.0798, -0.8726 -0.7378 1.0798, -1.0 -1.1315 1.063, -1.0 -0.7378 1.063, -1.1274 -1.1315 1.0798, -1.1274 -0.7378 1.0798, -1.2461 -1.1315 1.1289, -1.2461 -0.7378 1.1289, -1.348 -1.1315 1.2071, -1.348 -0.7378 1.2071, -1.4262 -1.1315 1.3091, -1.4262 -0.7378 1.3091, -1.4754 -1.1315 1.4277, -1.4754 -0.7378 1.4277, -1.4921 -1.1315 1.5551, -1.4921 -0.7378 1.5551, -1.4754 -1.1315 1.6825, -1.4754 -0.7378 1.6825, -1.4262 -1.1315 1.8012, -1.4262 -0.7378 1.8012, -1.348 -1.1315 1.9031, -1.348 -0.7378 1.9031, -1.2461 -1.1315 1.9813, -1.2461 -0.7378 1.9813, -1.1274 -1.1315 2.0305, -1.1274 -0.7378 2.0305, -1.0 -1.1315 2.0472, -1.1969 -1.1315 1.3583, -0.8031 -1.1315 1.3583, -1.1969 -1.1315 1.752, -0.8031 -1.1315 1.752
            ]
        }
        coordIndex [
            0,1,2,-1,2,1,3,-1,2,3,4,-1,4,3,5,-1,4,5,6,-1,6,5,7,-1,6,7,8,-1,8,7,9,-1,8,9,10,-1,10,9,11,-1,10,11,12,-1,12,11,13,-1,12,13,14,-1,14,13,15,-1,14,15,16,-1,16,15,17,-1,16,17,18,-1,18,17,19,-1,18,19,20,-1,20,19,21,-1,20,21,22,-1,22,21,23,-1,22,23,24,-1,24,23,25,-1,24,25,26,-1,26,25,27,-1,26,27,28,-1,28,27,29,-1,28,29,30,-1,30,29,31,-1,30,31,32,-1,32,31,33,-1,32,33,34,-1,34,33,35,-1,34,35,36,-1,36,35,37,-1,36,37,38,-1,38,37,39,-1,38,39,40,-1,40,39,41,-1,40,41,42,-1,42,41,43,-1,42,43,44,-1,44,43,45,-1,44,45,46,-1,46,45,47,-1,46,47,0,-1,0,47,1,-1,31,29,48,-1,19,17,49,-1,43,41,50,-1,19,49,21,-1,31,48,33,-1,9,7,51,-1,51,7,5,-1,51,5,3,-1,3,1,51,-1,51,1,47,-1,51,47,50,-1,50,47,45,-1,50,45,43,-1,41,39,50,-1,50,39,37,-1,50,37,48,-1,48,37,35,-1,48,35,33,-1,29,27,48,-1,48,27,25,-1,48,25,49,-1,49,25,23,-1,49,23,21,-1,17,15,49,-1,49,15,13,-1,49,13,51,-1,51,13,11,-1,51,11,9,-1,
        ]
    }
}
Shape{
    appearance Appearance {
        material  Material {
            diffuseColor 0.6470588235294118 0.6196078431372549 0.5882352941176471
            specularColor 0.45098039215686275 0.43529411764705883 0.4117647058823529
            ambientIntensity 0.6242
            transparency 0.0
            shininess 0.5
        }
    }
    geometry IndexedFaceSet {
        ccw TRUE
        solid FALSE
        coord DEF co Coordinate {
            point [
                -1.0787 -3.8874 1.6339, -1.0787 -3.8874 1.4764, -0.9213 -3.8874 1.6339, -0.9213 -3.8874 1.4764, -1.1969 -3.2969 1.3583, -1.1969 -1.1315 1.3583, -0.8031 -3.2969 1.3583, -0.8031 -1.1315 1.3583, -0.8031 -3.2969 1.752, -0.8031 -1.1315 1.752, -1.1969 -3.2969 1.752, -1.1969 -1.1315 1.752, -0.8031 0.2071 -1.063, -0.9213 0.089 -1.6535, -1.1969 0.2071 -1.063, -1.0787 0.089 -1.6535, -0.8031 -0.1866 -1.063, -0.9213 -0.0685 -1.6535, -1.0787 -0.0685 -1.6535, -1.1969 -0.1866 -1.063
            ]
        }
        coordIndex [
            0,1,2,-1,2,1,3,-1,4,5,6,-1,6,5,7,-1,8,9,10,-1,10,9,11,-1,10,11,4,-1,4,11,5,-1,6,7,8,-1,8,7,9,-1,12,13,14,-1,14,13,15,-1,16,17,12,-1,12,17,13,-1,18,19,15,-1,15,19,14,-1,19,18,16,-1,16,18,17,-1,6,3,4,-1,4,3,1,-1,8,2,6,-1,6,2,3,-1,0,10,1,-1,1,10,4,-1,10,0,8,-1,8,0,2,-1,
        ]
    }
}
Shape{
    appearance Appearance {
        material  Material {
            diffuseColor 0.24705882352941178 0.49411764705882355 0.27450980392156865
            specularColor 0.01568627450980392 0.03529411764705882 0.0196078431372549
            ambientIntensity 0.5646
            transparency 0.0
            shininess 0.5
        }
    }
    geometry IndexedFaceSet {
        ccw TRUE
        solid FALSE
        coord DEF co Coordinate {
            point [
                -1.3296 -2.4764 -0.0354, -1.3296 -2.4764 -0.0394, -1.2452 -2.4583 -0.0354, -1.2452 -2.4583 -0.0394, -1.3726 -2.485 -0.0354, -1.3726 -2.485 -0.0394, -1.3862 -2.4883 -0.0354, -1.3862 -2.4883 -0.0394, -1.3785 -2.4864 -0.0394, -1.3749 -2.4963 -0.0354, -1.3749 -2.4963 -0.0394, -1.3785 -2.4959 -0.0394, -1.3827 -2.4955 -0.0354, -1.3827 -2.4955 -0.0394, -1.3887 -2.4947 -0.0394, -1.3887 -2.4947 -0.0354, -1.39 -2.4943 -0.0394, -1.39 -2.4943 -0.0354, -1.3908 -2.4939 -0.0394, -1.3908 -2.4939 -0.0354, -1.3912 -2.4935 -0.0394, -1.3912 -2.4935 -0.0354, -1.3915 -2.4931 -0.0394, -1.3915 -2.4931 -0.0354, -1.3916 -2.4928 -0.0394, -1.3916 -2.4928 -0.0354, -1.3917 -2.4923 -0.0394, -1.3917 -2.4923 -0.0354, -1.3916 -2.4919 -0.0394, -1.3916 -2.4919 -0.0354, -1.3915 -2.4915 -0.0394, -1.3915 -2.4915 -0.0354, -1.3912 -2.4911 -0.0394, -1.3912 -2.4911 -0.0354, -1.3906 -2.4906 -0.0394, -1.3906 -2.4906 -0.0354, -1.3896 -2.4898 -0.0394, -1.3896 -2.4898 -0.0354, -1.3882 -2.4891 -0.0394, -1.3882 -2.4891 -0.0354, -1.3511 -2.4991 -0.0354, -1.3511 -2.4991 -0.0394, -1.3296 -2.4974 -0.0354, -1.3296 -2.4974 -0.0394, -1.3318 -2.4985 -0.0394, -1.3318 -2.4985 -0.0354, -1.3349 -2.4996 -0.0394, -1.3349 -2.4996 -0.0354, -1.3401 -2.4998 -0.0394, -1.3401 -2.4998 -0.0354, -1.3245 -2.4945 -0.0354, -1.3245 -2.4945 -0.0394, -1.2746 -2.4809 -0.0354, -1.2746 -2.4809 -0.0394, -1.2997 -2.4871 -0.0394, -1.2997 -2.4871 -0.0354, -1.0102 -2.4238 -0.0394, -1.0046 -2.4226 -0.0354, -1.0069 -2.4231 -0.0394, -1.0046 -2.4226 -0.0394, -1.0046 -2.4147 -0.0354, -1.0046 -2.4147 -0.0394, -1.0069 -2.4142 -0.0394, -1.2475 -2.3598 -0.0354, -1.2475 -2.3598 -0.0394, -1.0102 -2.4135 -0.0394, -1.2758 -2.353 -0.0354, -1.2758 -2.353 -0.0394, -1.3024 -2.3462 -0.0354, -1.3024 -2.3462 -0.0394, -1.2892 -2.35 -0.0394, -1.2892 -2.35 -0.0354, -1.3131 -2.3423 -0.0354, -1.3131 -2.3423 -0.0394, -1.3466 -2.3343 -0.0354, -1.3466 -2.3343 -0.0394, -1.345 -2.3342 -0.0394, -1.345 -2.3342 -0.0354, -1.3367 -2.3337 -0.0394, -1.3367 -2.3337 -0.0354, -1.332 -2.3333 -0.0394, -1.332 -2.3333 -0.0354, -1.3309 -2.3334 -0.0394, -1.3309 -2.3334 -0.0354, -1.3301 -2.3337 -0.0394, -1.3301 -2.3337 -0.0354, -1.3292 -2.3343 -0.0394, -1.3292 -2.3343 -0.0354, -1.3268 -2.3363 -0.0394, -1.3268 -2.3363 -0.0354, -1.3233 -2.3386 -0.0394, -1.3233 -2.3386 -0.0354, -1.372 -2.3366 -0.0354, -1.372 -2.3366 -0.0394, -1.3785 -2.3373 -0.0394, -1.3817 -2.3377 -0.0354, -1.3817 -2.3377 -0.0394, -1.3868 -2.3439 -0.0354, -1.3868 -2.3439 -0.0394, -1.3872 -2.3438 -0.0394, -1.3872 -2.3438 -0.0354, -1.3891 -2.3431 -0.0394, -1.3891 -2.3431 -0.0354, -1.39 -2.3425 -0.0394, -1.39 -2.3425 -0.0354, -1.3904 -2.342 -0.0394, -1.3904 -2.342 -0.0354, -1.3907 -2.3416 -0.0394, -1.3907 -2.3416 -0.0354, -1.3908 -2.3411 -0.0394, -1.3908 -2.3411 -0.0354, -1.3908 -2.3407 -0.0394, -1.3908 -2.3407 -0.0354, -1.3908 -2.3404 -0.0394, -1.3908 -2.3404 -0.0354, -1.3906 -2.34 -0.0394, -1.3906 -2.34 -0.0354, -1.3903 -2.3396 -0.0394, -1.3903 -2.3396 -0.0354, -1.3898 -2.3391 -0.0394, -1.3898 -2.3391 -0.0354, -1.3892 -2.3388 -0.0394, -1.3892 -2.3388 -0.0354, -1.3883 -2.3385 -0.0394, -1.3883 -2.3385 -0.0354, -1.3868 -2.3383 -0.0394, -1.3868 -2.3383 -0.0354, -1.3847 -2.3379 -0.0394, -1.3847 -2.3379 -0.0354, -1.3641 -2.3479 -0.0354, -1.3641 -2.3479 -0.0394, -1.3785 -2.3454 -0.0394, -1.2266 -2.3813 -0.0354, -1.2266 -2.3813 -0.0394, -1.059 -2.4187 -0.0354, -1.2254 -2.4555 -0.0354, -1.218 -2.3824 -0.0354, -1.2033 -2.3977 -0.0354, -1.213 -2.4119 -0.0354, -1.2156 -2.4169 -0.0354, -1.2207 -2.4332 -0.0354, -1.2254 -2.4555 -0.0394, -1.059 -2.4187 -0.0394, -1.213 -2.4119 -0.0394, -1.2156 -2.4169 -0.0394, -1.2207 -2.4332 -0.0394, -1.2033 -2.3977 -0.0394, -1.218 -2.3824 -0.0394, -1.0402 -2.7037 -0.0354, -1.0402 -2.7037 -0.0394, -1.0487 -2.6935 -0.0354, -1.0487 -2.6935 -0.0394, -1.0277 -2.7065 -0.0354, -1.0277 -2.7065 -0.0394, -1.0288 -2.7077 -0.0394, -1.0288 -2.7077 -0.0354, -1.0296 -2.7083 -0.0394, -1.0296 -2.7083 -0.0354, -1.0308 -2.7088 -0.0394, -1.0308 -2.7088 -0.0354, -1.0321 -2.709 -0.0394, -1.0321 -2.709 -0.0354, -1.0336 -2.7089 -0.0394, -1.0336 -2.7089 -0.0354, -1.0349 -2.7085 -0.0394, -1.0349 -2.7085 -0.0354, -1.0366 -2.7076 -0.0394, -1.0366 -2.7076 -0.0354, -1.0383 -2.7061 -0.0394, -1.0383 -2.7061 -0.0354, -1.0295 -2.6963 -0.0354, -1.0295 -2.6963 -0.0394, -1.0295 -2.6845 -0.0354, -1.0295 -2.6845 -0.0394, -1.0277 -2.6748 -0.0354, -1.0277 -2.6748 -0.0394, -1.0286 -2.6796 -0.0394, -1.0286 -2.6796 -0.0354, -1.0267 -2.6629 -0.0354, -1.0267 -2.6629 -0.0394, -1.0204 -2.6414 -0.0354, -1.0204 -2.6414 -0.0394, -1.017 -2.6165 -0.0354, -1.017 -2.6165 -0.0394, -1.018 -2.6291 -0.0394, -1.018 -2.6291 -0.0354, -1.213 -2.5377 -0.0354, -1.213 -2.5377 -0.0394, -1.1293 -2.5406 -0.0394, -1.1293 -2.5406 -0.0354, -1.0677 -2.5496 -0.0394, -1.0677 -2.5496 -0.0354, -1.0469 -2.558 -0.0394, -1.0469 -2.558 -0.0354, -1.0345 -2.5668 -0.0394, -1.0345 -2.5668 -0.0354, -1.0265 -2.5759 -0.0394, -1.0265 -2.5759 -0.0354, -1.0212 -2.5862 -0.0394, -1.0212 -2.5862 -0.0354, -1.0181 -2.5989 -0.0394, -1.0181 -2.5989 -0.0354, -1.3687 -2.6386 -0.0354, -1.3687 -2.6386 -0.0394, -1.3635 -2.6026 -0.0394, -1.3635 -2.6026 -0.0354, -1.3601 -2.5909 -0.0394, -1.3601 -2.5909 -0.0354, -1.3573 -2.5855 -0.0394, -1.3573 -2.5855 -0.0354, -1.3496 -2.5755 -0.0394, -1.3496 -2.5755 -0.0354, -1.3376 -2.5657 -0.0394, -1.3376 -2.5657 -0.0354, -1.3172 -2.5543 -0.0394, -1.3172 -2.5543 -0.0354, -1.2808 -2.5437 -0.0394, -1.2808 -2.5437 -0.0354, -1.3715 -2.6635 -0.0354, -1.3715 -2.6635 -0.0394, -1.3788 -2.681 -0.0354, -1.3788 -2.681 -0.0394, -1.3787 -2.6805 -0.0394, -1.3787 -2.6805 -0.0354, -1.3785 -2.6802 -0.0394, -1.3776 -2.6787 -0.0354, -1.3776 -2.6787 -0.0394, -1.374 -2.6727 -0.0394, -1.374 -2.6727 -0.0354, -1.3787 -2.6826 -0.0354, -1.3652 -2.698 -0.0354, -1.3652 -2.698 -0.0394, -1.3681 -2.6955 -0.0394, -1.3681 -2.6955 -0.0354, -1.3756 -2.6873 -0.0394, -1.3756 -2.6873 -0.0354, -1.3783 -2.6836 -0.0394, -1.3783 -2.6836 -0.0354, -1.3785 -2.6831 -0.0394, -1.3787 -2.6826 -0.0394, -1.3579 -2.7048 -0.0354, -1.3579 -2.7048 -0.0394, -1.3494 -2.7031 -0.0354, -1.3494 -2.7031 -0.0394, -1.3492 -2.7053 -0.0394, -1.3492 -2.7053 -0.0354, -1.3493 -2.7065 -0.0394, -1.3493 -2.7065 -0.0354, -1.3494 -2.7066 -0.0394, -1.3494 -2.7066 -0.0354, -1.3495 -2.7071 -0.0394, -1.3495 -2.7071 -0.0354, -1.3497 -2.7074 -0.0394, -1.3497 -2.7074 -0.0354, -1.3501 -2.7076 -0.0394, -1.3501 -2.7076 -0.0354, -1.3511 -2.7082 -0.0394, -1.3511 -2.7082 -0.0354, -1.352 -2.7085 -0.0394, -1.352 -2.7085 -0.0354, -1.3524 -2.7085 -0.0394, -1.3524 -2.7085 -0.0354, -1.3529 -2.7085 -0.0394, -1.3529 -2.7085 -0.0354, -1.3535 -2.7082 -0.0394, -1.3535 -2.7082 -0.0354, -1.3543 -2.7078 -0.0394, -1.3543 -2.7078 -0.0354, -1.3553 -2.7072 -0.0394, -1.3553 -2.7072 -0.0354, -1.3564 -2.7062 -0.0394, -1.3564 -2.7062 -0.0354, -1.3494 -2.6952 -0.0354, -1.3494 -2.6952 -0.0394, -1.3494 -2.6861 -0.0354, -1.3494 -2.6861 -0.0394, -1.0527 -2.6861 -0.0354, -1.0527 -2.6861 -0.0394, -1.0509 -2.6899 -0.0394, -1.0509 -2.6899 -0.0354, -1.3483 -2.6527 -0.0354, -1.3486 -2.6615 -0.0354, -1.3483 -2.6703 -0.0354, -1.0487 -2.6703 -0.0354, -1.0442 -2.6595 -0.0354, -1.0386 -2.6354 -0.0354, -1.0368 -2.6108 -0.0354, -1.0397 -2.5959 -0.0354, -1.34 -2.5977 -0.0354, -1.3359 -2.5886 -0.0354, -1.3305 -2.5818 -0.0354, -1.3222 -2.5753 -0.0354, -1.2953 -2.5635 -0.0354, -1.3454 -2.6278 -0.0354, -1.3432 -2.6104 -0.0354, -1.044 -2.585 -0.0354, -1.0488 -2.5783 -0.0354, -1.057 -2.5715 -0.0354, -1.0691 -2.5652 -0.0354, -1.0862 -2.5602 -0.0354, -1.1631 -2.5536 -0.0354, -1.2381 -2.5543 -0.0354, -1.3454 -2.6278 -0.0394, -1.3483 -2.6527 -0.0394, -1.1631 -2.5536 -0.0394, -1.2381 -2.5543 -0.0394, -1.2953 -2.5635 -0.0394, -1.3222 -2.5753 -0.0394, -1.3305 -2.5818 -0.0394, -1.3359 -2.5886 -0.0394, -1.34 -2.5977 -0.0394, -1.3432 -2.6104 -0.0394, -1.0368 -2.6108 -0.0394, -1.0397 -2.5959 -0.0394, -1.044 -2.585 -0.0394, -1.0488 -2.5783 -0.0394, -1.057 -2.5715 -0.0394, -1.0691 -2.5652 -0.0394, -1.0862 -2.5602 -0.0394, -1.0442 -2.6595 -0.0394, -1.0386 -2.6354 -0.0394, -1.0487 -2.6703 -0.0394, -1.3483 -2.6703 -0.0394, -1.3486 -2.6615 -0.0394, -1.1699 -2.8261 -0.0354, -1.1699 -2.8261 -0.0394, -1.1761 -2.8737 -0.0354, -1.1761 -2.8737 -0.0394, -1.158 -2.7882 -0.0354, -1.158 -2.7882 -0.0394, -1.1615 -2.7939 -0.0394, -1.1615 -2.7939 -0.0354, -1.166 -2.8065 -0.0394, -1.166 -2.8065 -0.0354, -1.1552 -2.7831 -0.0354, -1.1552 -2.7831 -0.0394, -1.1716 -2.7667 -0.0354, -1.1716 -2.7667 -0.0394, -1.1813 -2.7695 -0.0354, -1.1813 -2.7695 -0.0394, -1.1812 -2.7682 -0.0394, -1.1812 -2.7682 -0.0354, -1.1809 -2.7672 -0.0394, -1.1809 -2.7672 -0.0354, -1.1804 -2.7663 -0.0394, -1.1804 -2.7663 -0.0354, -1.1795 -2.7652 -0.0394, -1.1795 -2.7652 -0.0354, -1.1787 -2.7646 -0.0394, -1.1787 -2.7646 -0.0354, -1.1778 -2.7643 -0.0394, -1.1778 -2.7643 -0.0354, -1.1768 -2.7641 -0.0394, -1.1768 -2.7641 -0.0354, -1.1758 -2.7643 -0.0394, -1.1758 -2.7643 -0.0354, -1.1745 -2.7647 -0.0394, -1.1745 -2.7647 -0.0354, -1.1732 -2.7655 -0.0394, -1.1732 -2.7655 -0.0354, -1.1959 -2.8737 -0.0354, -1.1959 -2.8737 -0.0394, -1.3494 -2.8737 -0.0354, -1.3494 -2.8737 -0.0394, -1.3376 -2.7893 -0.0354, -1.3376 -2.7893 -0.0394, -1.3318 -2.7735 -0.0354, -1.3318 -2.7735 -0.0394, -1.3354 -2.7811 -0.0394, -1.3354 -2.7811 -0.0354, -1.329 -2.7684 -0.0354, -1.329 -2.7684 -0.0394, -1.3466 -2.7526 -0.0354, -1.3466 -2.7526 -0.0394, -1.3557 -2.7559 -0.0354, -1.3557 -2.7559 -0.0394, -1.3557 -2.7555 -0.0394, -1.3557 -2.7555 -0.0354, -1.3554 -2.7533 -0.0394, -1.3554 -2.7533 -0.0354, -1.3551 -2.7524 -0.0394, -1.3551 -2.7524 -0.0354, -1.3548 -2.7518 -0.0394, -1.3548 -2.7518 -0.0354, -1.3543 -2.7513 -0.0394, -1.3543 -2.7513 -0.0354, -1.3532 -2.7507 -0.0394, -1.3532 -2.7507 -0.0354, -1.3521 -2.7503 -0.0394, -1.3521 -2.7503 -0.0354, -1.351 -2.7503 -0.0394, -1.351 -2.7503 -0.0354, -1.3498 -2.7505 -0.0394, -1.3498 -2.7505 -0.0354, -1.3486 -2.751 -0.0394, -1.3486 -2.751 -0.0354, -1.3562 -2.7644 -0.0354, -1.3562 -2.7644 -0.0394, -1.3681 -2.85 -0.0354, -1.3681 -2.85 -0.0394, -1.3614 -2.8073 -0.0394, -1.3614 -2.8073 -0.0354, -1.3726 -2.876 -0.0354, -1.3726 -2.876 -0.0394, -1.3647 -2.8953 -0.0354, -1.3647 -2.8953 -0.0394, -1.3691 -2.8956 -0.0394, -1.3691 -2.8956 -0.0354, -1.3713 -2.8952 -0.0394, -1.3713 -2.8952 -0.0354, -1.3729 -2.8944 -0.0394, -1.3729 -2.8944 -0.0354, -1.3742 -2.8934 -0.0394, -1.3742 -2.8934 -0.0354, -1.3752 -2.8921 -0.0394, -1.3752 -2.8921 -0.0354, -1.3758 -2.8907 -0.0394, -1.3758 -2.8907 -0.0354, -1.376 -2.8893 -0.0394, -1.376 -2.8893 -0.0354, -1.3759 -2.8864 -0.0394, -1.3759 -2.8864 -0.0354, -1.375 -2.8823 -0.0394, -1.375 -2.8823 -0.0354, -1.3358 -2.8902 -0.0354, -1.3358 -2.8902 -0.0394, -1.3505 -2.8916 -0.0394, -1.3505 -2.8916 -0.0354, -1.3251 -2.8902 -0.0354, -1.3251 -2.8902 -0.0394, -1.3109 -2.8896 -0.0354, -1.3109 -2.8896 -0.0394, -1.318 -2.8898 -0.0394, -1.318 -2.8898 -0.0354, -1.0516 -2.8902 -0.0354, -1.0516 -2.8902 -0.0394, -1.0267 -2.8992 -0.0354, -1.0267 -2.8992 -0.0394, -1.0265 -2.9001 -0.0394, -1.0265 -2.9001 -0.0354, -1.0264 -2.9016 -0.0394, -1.0264 -2.9016 -0.0354, -1.0266 -2.9026 -0.0394, -1.0266 -2.9026 -0.0354, -1.027 -2.9033 -0.0394, -1.027 -2.9033 -0.0354, -1.027 -2.9034 -0.0394, -1.027 -2.9034 -0.0354, -1.0274 -2.9038 -0.0394, -1.0274 -2.9038 -0.0354, -1.0277 -2.904 -0.0394, -1.0277 -2.904 -0.0354, -1.028 -2.9042 -0.0394, -1.028 -2.9042 -0.0354, -1.0284 -2.9042 -0.0394, -1.0284 -2.9042 -0.0354, -1.0296 -2.9042 -0.0394, -1.0296 -2.9042 -0.0354, -1.0307 -2.9041 -0.0394, -1.0307 -2.9041 -0.0354, -1.0322 -2.9041 -0.0394, -1.0322 -2.9041 -0.0354, -1.0344 -2.9035 -0.0394, -1.0344 -2.9035 -0.0354, -1.0369 -2.9022 -0.0394, -1.0369 -2.9022 -0.0354, -1.04 -2.8999 -0.0394, -1.04 -2.8999 -0.0354, -1.0445 -2.8961 -0.0394, -1.0445 -2.8961 -0.0354, -1.0283 -2.8885 -0.0354, -1.0283 -2.8885 -0.0394, -1.0295 -2.8692 -0.0354, -1.0295 -2.8692 -0.0394, -1.0295 -2.8789 -0.0394, -1.0295 -2.8789 -0.0354, -1.0295 -2.8675 -0.0354, -1.0295 -2.8675 -0.0394, -1.0277 -2.8454 -0.0354, -1.0277 -2.8454 -0.0394, -1.0292 -2.8564 -0.0394, -1.0292 -2.8564 -0.0354, -1.0238 -2.8233 -0.0354, -1.0238 -2.8233 -0.0394, -1.0125 -2.7854 -0.0354, -1.0125 -2.7854 -0.0394, -1.0142 -2.7883 -0.0394, -1.0142 -2.7883 -0.0354, -1.0199 -2.8038 -0.0394, -1.0199 -2.8038 -0.0354, -1.0102 -2.7819 -0.0394, -1.0091 -2.7803 -0.0354, -1.0091 -2.7803 -0.0394, -1.0102 -2.7792 -0.0394, -1.0261 -2.7639 -0.0354, -1.0261 -2.7639 -0.0394, -1.0351 -2.7667 -0.0354, -1.0351 -2.7667 -0.0394, -1.035 -2.7651 -0.0394, -1.035 -2.7651 -0.0354, -1.0347 -2.7641 -0.0394, -1.0347 -2.7641 -0.0354, -1.034 -2.7631 -0.0394, -1.034 -2.7631 -0.0354, -1.0332 -2.7623 -0.0394, -1.0332 -2.7623 -0.0354, -1.0326 -2.7619 -0.0394, -1.0326 -2.7619 -0.0354, -1.0319 -2.7617 -0.0394, -1.0319 -2.7617 -0.0354, -1.0312 -2.7616 -0.0394, -1.0312 -2.7616 -0.0354, -1.0303 -2.7618 -0.0394, -1.0303 -2.7618 -0.0354, -1.0293 -2.7621 -0.0394, -1.0293 -2.7621 -0.0354, -1.0279 -2.7628 -0.0394, -1.0279 -2.7628 -0.0354, -1.0363 -2.7757 -0.0354, -1.0363 -2.7757 -0.0394, -1.0397 -2.8024 -0.0354, -1.0397 -2.8024 -0.0394, -1.0381 -2.7891 -0.0394, -1.0381 -2.7891 -0.0354, -1.0516 -2.8737 -0.0354, -1.0516 -2.8737 -0.0394, -1.0176 -2.9599 -0.0354, -1.0176 -2.9599 -0.0394, -1.0176 -2.9684 -0.0354, -1.0176 -2.9684 -0.0394, -1.1688 -2.9599 -0.0354, -1.1688 -2.9599 -0.0394, -1.1688 -2.9707 -0.0354, -1.1688 -2.9707 -0.0394, -1.03 -3.0205 -0.0354, -1.03 -3.0205 -0.0394, -1.0311 -3.0148 -0.0394, -1.0311 -3.0148 -0.0354, -1.0343 -3.0061 -0.0394, -1.0343 -3.0061 -0.0354, -1.0406 -2.9971 -0.0394, -1.0406 -2.9971 -0.0354, -1.0487 -2.9901 -0.0394, -1.0487 -2.9901 -0.0354, -1.0632 -2.9826 -0.0394, -1.0632 -2.9826 -0.0354, -1.089 -2.9755 -0.0394, -1.089 -2.9755 -0.0354, -1.222 -3.0913 -0.0354, -1.222 -3.0913 -0.0394, -1.1243 -3.0882 -0.0394, -1.1243 -3.0882 -0.0354, -1.1049 -3.0848 -0.0394, -1.1049 -3.0848 -0.0354, -1.0654 -3.0714 -0.0394, -1.0654 -3.0714 -0.0354, -1.0492 -3.0612 -0.0394, -1.0492 -3.0612 -0.0354, -1.0401 -3.052 -0.0394, -1.0401 -3.052 -0.0354, -1.0341 -3.0424 -0.0394, -1.0341 -3.0424 -0.0354, -1.0307 -3.0323 -0.0394, -1.0307 -3.0323 -0.0354, -1.359 -3.025 -0.0354, -1.359 -3.025 -0.0394, -1.3581 -3.0339 -0.0394, -1.3581 -3.0339 -0.0354, -1.3556 -3.0412 -0.0394, -1.3556 -3.0412 -0.0354, -1.351 -3.0486 -0.0394, -1.351 -3.0486 -0.0354, -1.3432 -3.0568 -0.0394, -1.3432 -3.0568 -0.0354, -1.3266 -3.0684 -0.0394, -1.3266 -3.0684 -0.0354, -1.303 -3.0773 -0.0394, -1.303 -3.0773 -0.0354, -1.2678 -2.9634 -0.0354, -1.2678 -2.9634 -0.0394, -1.2851 -2.9659 -0.0394, -1.2851 -2.9659 -0.0354, -1.3227 -2.9742 -0.0394, -1.3227 -2.9742 -0.0354, -1.3373 -2.9818 -0.0394, -1.3373 -2.9818 -0.0354, -1.3466 -2.9901 -0.0394, -1.3466 -2.9901 -0.0354, -1.3535 -3.0001 -0.0394, -1.3535 -3.0001 -0.0354, -1.3581 -3.0124 -0.0394, -1.3581 -3.0124 -0.0354, -1.2379 -2.9605 -0.0354, -1.2379 -2.9605 -0.0394, -1.2384 -2.9515 -0.0354, -1.2384 -2.9515 -0.0394, -1.3777 -3.0172 -0.0354, -1.3777 -3.0172 -0.0394, -1.376 -3.0058 -0.0394, -1.376 -3.0058 -0.0354, -1.3705 -2.9926 -0.0394, -1.3705 -2.9926 -0.0354, -1.3624 -2.9814 -0.0394, -1.3624 -2.9814 -0.0354, -1.3506 -2.9718 -0.0394, -1.3506 -2.9718 -0.0354, -1.3319 -2.9624 -0.0394, -1.3319 -2.9624 -0.0354, -1.3055 -2.9558 -0.0394, -1.3055 -2.9558 -0.0354, -1.1342 -3.1043 -0.0354, -1.1342 -3.1043 -0.0394, -1.1665 -3.1074 -0.0394, -1.1665 -3.1074 -0.0354, -1.2736 -3.1007 -0.0394, -1.2736 -3.1007 -0.0354, -1.2784 -3.0998 -0.0394, -1.2784 -3.0998 -0.0354, -1.3293 -3.0843 -0.0394, -1.3293 -3.0843 -0.0354, -1.3531 -3.0708 -0.0394, -1.3531 -3.0708 -0.0354, -1.3639 -3.061 -0.0394, -1.3639 -3.061 -0.0354, -1.372 -3.048 -0.0394, -1.372 -3.048 -0.0354, -1.3769 -3.0333 -0.0394, -1.3769 -3.0333 -0.0354, -1.0114 -3.025 -0.0354, -1.0114 -3.025 -0.0394, -1.0116 -3.0346 -0.0394, -1.0116 -3.0346 -0.0354, -1.0133 -3.0419 -0.0394, -1.0133 -3.0419 -0.0354, -1.0178 -3.0505 -0.0394, -1.0178 -3.0505 -0.0354, -1.0283 -3.0645 -0.0394, -1.0283 -3.0645 -0.0354, -1.043 -3.0768 -0.0394, -1.043 -3.0768 -0.0354, -1.0724 -3.0906 -0.0394, -1.0724 -3.0906 -0.0354, -1.0419 -2.9775 -0.0354, -1.0419 -2.9775 -0.0394, -1.0336 -2.9837 -0.0394, -1.0336 -2.9837 -0.0354, -1.0227 -2.9957 -0.0394, -1.0227 -2.9957 -0.0354, -1.0156 -3.0086 -0.0394, -1.0156 -3.0086 -0.0354, -1.051 -2.9724 -0.0354, -1.051 -2.9724 -0.0394, -1.0069 -3.2654 -0.0394, -0.9966 -3.2736 -0.0394, -0.9966 -3.2736 -0.0354, -1.0102 -3.2628 -0.0394, -1.0277 -3.2487 -0.0354, -1.0277 -3.2487 -0.0394, -1.0635 -3.2572 -0.0354, -1.0635 -3.2572 -0.0394, -1.0565 -3.257 -0.0394, -1.0565 -3.257 -0.0354, -1.0404 -3.2547 -0.0394, -1.0404 -3.2547 -0.0354, -1.3522 -3.2572 -0.0354, -1.3522 -3.2572 -0.0394, -1.3353 -3.1729 -0.0354, -1.3353 -3.1729 -0.0394, -1.3364 -3.1754 -0.0394, -1.3364 -3.1754 -0.0354, -1.3389 -3.1782 -0.0394, -1.3389 -3.1782 -0.0354, -1.3419 -3.1818 -0.0394, -1.3419 -3.1818 -0.0354, -1.3438 -3.1859 -0.0394, -1.3438 -3.1859 -0.0354, -1.3454 -3.1928 -0.0394, -1.3454 -3.1928 -0.0354, -1.3486 -3.2136 -0.0394, -1.3486 -3.2136 -0.0354, -1.3607 -3.1496 -0.0354, -1.3607 -3.1496 -0.0394, -1.3585 -3.1499 -0.0394, -1.3585 -3.1499 -0.0354, -1.3561 -3.1507 -0.0394, -1.3561 -3.1507 -0.0354, -1.3546 -3.1515 -0.0394, -1.3546 -3.1515 -0.0354, -1.3527 -3.1535 -0.0394, -1.3527 -3.1535 -0.0354, -1.3469 -3.1597 -0.0394, -1.3469 -3.1597 -0.0354, -1.3709 -3.2289 -0.0354, -1.3709 -3.2289 -0.0394, -1.3701 -3.2186 -0.0394, -1.3701 -3.2186 -0.0354, -1.3659 -3.1783 -0.0394, -1.3659 -3.1783 -0.0354, -1.3641 -3.1653 -0.0394, -1.3641 -3.1653 -0.0354, -1.3638 -3.1549 -0.0394, -1.3638 -3.1549 -0.0354, -1.3635 -3.1528 -0.0394, -1.3635 -3.1528 -0.0354, -1.3631 -3.1516 -0.0394, -1.3631 -3.1516 -0.0354, -1.3625 -3.1508 -0.0394, -1.3625 -3.1508 -0.0354, -1.362 -3.1503 -0.0394, -1.362 -3.1503 -0.0354, -1.3732 -3.2526 -0.0354, -1.3732 -3.2526 -0.0394, -1.3743 -3.2657 -0.0354, -1.3743 -3.2657 -0.0394, -1.35 -3.273 -0.0354, -1.35 -3.273 -0.0394, -1.355 -3.2734 -0.0394, -1.355 -3.2734 -0.0354, -1.3677 -3.2749 -0.0394, -1.3677 -3.2749 -0.0354, -1.3705 -3.2749 -0.0394, -1.3705 -3.2749 -0.0354, -1.3719 -3.2746 -0.0394, -1.3719 -3.2746 -0.0354, -1.3734 -3.2737 -0.0394, -1.3734 -3.2737 -0.0354, -1.3743 -3.273 -0.0394, -1.3743 -3.273 -0.0354, -1.3748 -3.2723 -0.0394, -1.3748 -3.2723 -0.0354, -1.3751 -3.2715 -0.0394, -1.3751 -3.2715 -0.0354, -1.3753 -3.2704 -0.0394, -1.3753 -3.2704 -0.0354, -1.3752 -3.2687 -0.0394, -1.3752 -3.2687 -0.0354, -1.3166 -3.2719 -0.0354, -1.3166 -3.2719 -0.0394, -1.0617 -3.2719 -0.0354, -1.0617 -3.2719 -0.0394, -1.0341 -3.2723 -0.0354, -1.0069 -3.2765 -0.0354, -1.0069 -3.2765 -0.0394, -1.0102 -3.276 -0.0394, -1.0341 -3.2723 -0.0394, -1.0012 -3.2776 -0.0354, -1.0012 -3.2776 -0.0394, -3.7874 -0.7378 0.3543, -3.7874 -4.2811 0.3543, -3.5369 -0.7378 0.2459, -3.5369 -4.2811 0.2459, -3.2721 -0.7378 0.1797, -3.2721 -4.2811 0.1797, -3.0 -0.7378 0.1575, -3.0 -4.2811 0.1575, -2.7279 -0.7378 0.1797, -2.7279 -4.2811 0.1797, -2.4631 -0.7378 0.2459, -2.4631 -4.2811 0.2459, -2.2126 -0.7378 0.3543, -2.2126 -4.2811 0.3543, -4.0 -0.7378 0.3543, -4.0 -4.2811 0.3543, -3.2362 -0.2654 2.4409, -3.2362 -0.2654 2.7559, -3.2362 0.522 2.4409, -3.2362 0.522 2.7559, -4.315 -0.2654 2.7559, -4.315 0.522 2.7559, -3.8031 -0.2654 -0.0394, -3.8031 -0.2654 2.4409, -3.8031 0.522 -0.0394, -3.8031 0.522 2.4409, -4.315 -0.2654 -0.0394, -2.1969 -0.2654 2.4409, -2.1969 -0.2654 -0.0394, -2.1969 0.522 2.4409, -2.1969 0.522 -0.0394, -2.7638 -0.2654 2.7559, -2.7638 -0.2654 2.4409, -2.7638 0.522 2.7559, -2.7638 0.522 2.4409, -2.7638 -0.2654 2.126, -3.2362 -0.2654 2.126, -2.7638 0.522 2.126, -3.2362 0.522 2.126, -3.2362 -0.2654 -0.0394, -3.2362 0.522 -0.0394, -2.7638 -0.2654 -0.0394, -2.7638 0.522 -0.0394, -2.8031 -0.2654 1.3189, -2.8031 -0.2654 1.74, -3.1969 -0.2654 1.3189, -3.1969 -0.2654 1.74, -3.0069 -0.2654 -0.0394, -3.0102 -0.2654 -0.0394, -3.4921 -4.2811 2.7559, -3.4921 -3.6906 2.7559, -3.4921 -4.2811 3.0709, -3.4921 -3.6906 3.1693, -2.5079 -3.6906 2.7559, -2.5079 -4.2811 2.7559, -2.5079 -3.6906 3.1693, -2.5079 -4.2811 3.0709
            ]
        }
        coordIndex [
            0,1,2,-1,2,1,3,-1,4,5,0,-1,0,5,1,-1,6,7,4,-1,4,7,8,-1,4,8,5,-1,9,10,11,-1,9,11,12,-1,11,13,12,-1,12,13,14,-1,12,14,15,-1,15,14,16,-1,15,16,17,-1,17,16,18,-1,17,18,19,-1,19,18,20,-1,19,20,21,-1,21,20,22,-1,21,22,23,-1,23,22,24,-1,23,24,25,-1,25,24,26,-1,25,26,27,-1,27,26,28,-1,27,28,29,-1,29,28,30,-1,29,30,31,-1,31,30,32,-1,31,32,33,-1,33,32,34,-1,33,34,35,-1,35,34,36,-1,35,36,37,-1,37,36,38,-1,37,38,39,-1,39,38,7,-1,39,7,6,-1,40,41,9,-1,9,41,10,-1,42,43,44,-1,42,44,45,-1,45,44,46,-1,45,46,47,-1,47,46,48,-1,47,48,49,-1,49,48,41,-1,49,41,40,-1,50,51,42,-1,42,51,43,-1,52,53,54,-1,52,54,55,-1,55,54,51,-1,55,51,50,-1,53,52,56,-1,56,52,57,-1,56,57,58,-1,58,57,59,-1,60,61,57,-1,57,61,59,-1,62,61,60,-1,63,64,60,-1,60,64,65,-1,60,65,62,-1,66,67,63,-1,63,67,64,-1,68,69,70,-1,68,70,71,-1,71,70,67,-1,71,67,66,-1,72,73,68,-1,68,73,69,-1,74,75,76,-1,74,76,77,-1,77,76,78,-1,77,78,79,-1,79,78,80,-1,79,80,81,-1,81,80,82,-1,81,82,83,-1,83,82,84,-1,83,84,85,-1,85,84,86,-1,85,86,87,-1,87,86,88,-1,87,88,89,-1,89,88,90,-1,89,90,91,-1,91,90,73,-1,91,73,72,-1,92,93,74,-1,74,93,75,-1,93,92,94,-1,94,92,95,-1,94,95,96,-1,97,98,99,-1,97,99,100,-1,100,99,101,-1,100,101,102,-1,102,101,103,-1,102,103,104,-1,104,103,105,-1,104,105,106,-1,106,105,107,-1,106,107,108,-1,108,107,109,-1,108,109,110,-1,110,109,111,-1,110,111,112,-1,112,111,113,-1,112,113,114,-1,114,113,115,-1,114,115,116,-1,116,115,117,-1,116,117,118,-1,118,117,119,-1,118,119,120,-1,120,119,121,-1,120,121,122,-1,122,121,123,-1,122,123,124,-1,124,123,125,-1,124,125,126,-1,126,125,127,-1,126,127,128,-1,128,127,96,-1,128,96,95,-1,129,130,97,-1,97,130,131,-1,97,131,98,-1,132,133,129,-1,129,133,130,-1,132,2,133,-1,133,2,3,-1,134,57,135,-1,135,57,52,-1,132,136,137,-1,87,89,129,-1,129,89,91,-1,129,91,72,-1,137,138,132,-1,132,138,139,-1,132,139,2,-1,2,139,140,-1,55,0,52,-1,52,0,2,-1,52,2,135,-1,135,2,140,-1,124,126,100,-1,100,126,97,-1,72,68,129,-1,129,68,71,-1,129,71,132,-1,132,71,66,-1,132,66,136,-1,136,66,63,-1,136,63,134,-1,134,63,60,-1,134,60,57,-1,0,40,4,-1,4,40,9,-1,4,9,6,-1,6,9,12,-1,6,12,39,-1,39,12,15,-1,39,15,37,-1,74,77,129,-1,129,77,79,-1,129,79,81,-1,55,50,0,-1,0,50,42,-1,0,42,45,-1,126,128,97,-1,97,128,95,-1,97,95,129,-1,129,95,92,-1,129,92,74,-1,45,47,0,-1,0,47,49,-1,0,49,40,-1,110,112,100,-1,81,83,129,-1,129,83,85,-1,129,85,87,-1,110,100,108,-1,17,33,15,-1,15,33,35,-1,15,35,37,-1,112,114,100,-1,100,114,116,-1,100,116,118,-1,17,19,33,-1,33,19,21,-1,33,21,31,-1,31,21,29,-1,118,120,100,-1,100,120,122,-1,100,122,124,-1,102,104,100,-1,100,104,106,-1,100,106,108,-1,29,21,27,-1,27,21,23,-1,27,23,25,-1,135,141,134,-1,134,141,142,-1,138,143,144,-1,138,144,139,-1,139,144,145,-1,139,145,140,-1,140,145,141,-1,140,141,135,-1,137,146,138,-1,138,146,143,-1,136,147,137,-1,137,147,146,-1,142,147,134,-1,134,147,136,-1,148,149,150,-1,150,149,151,-1,152,153,154,-1,152,154,155,-1,155,154,156,-1,155,156,157,-1,157,156,158,-1,157,158,159,-1,159,158,160,-1,159,160,161,-1,161,160,162,-1,161,162,163,-1,163,162,164,-1,163,164,165,-1,165,164,166,-1,165,166,167,-1,167,166,168,-1,167,168,169,-1,169,168,149,-1,169,149,148,-1,170,171,152,-1,152,171,153,-1,172,173,170,-1,170,173,171,-1,174,175,176,-1,174,176,177,-1,177,176,173,-1,177,173,172,-1,178,179,174,-1,174,179,175,-1,180,181,178,-1,178,181,179,-1,182,183,184,-1,182,184,185,-1,185,184,181,-1,185,181,180,-1,186,187,188,-1,186,188,189,-1,189,188,190,-1,189,190,191,-1,191,190,192,-1,191,192,193,-1,193,192,194,-1,193,194,195,-1,195,194,196,-1,195,196,197,-1,197,196,198,-1,197,198,199,-1,199,198,200,-1,199,200,201,-1,201,200,183,-1,201,183,182,-1,202,203,204,-1,202,204,205,-1,205,204,206,-1,205,206,207,-1,207,206,208,-1,207,208,209,-1,209,208,210,-1,209,210,211,-1,211,210,212,-1,211,212,213,-1,213,212,214,-1,213,214,215,-1,215,214,216,-1,215,216,217,-1,217,216,187,-1,217,187,186,-1,218,219,202,-1,202,219,203,-1,220,221,222,-1,220,222,223,-1,223,222,224,-1,223,224,225,-1,224,226,225,-1,225,226,227,-1,225,227,228,-1,228,227,219,-1,228,219,218,-1,221,220,229,-1,230,231,232,-1,230,232,233,-1,233,232,234,-1,233,234,235,-1,235,234,236,-1,235,236,237,-1,237,236,238,-1,237,238,229,-1,229,238,239,-1,229,239,221,-1,240,241,230,-1,230,241,231,-1,242,243,244,-1,242,244,245,-1,245,244,246,-1,245,246,247,-1,247,246,248,-1,247,248,249,-1,249,248,250,-1,249,250,251,-1,251,250,252,-1,251,252,253,-1,253,252,254,-1,253,254,255,-1,255,254,256,-1,255,256,257,-1,257,256,258,-1,257,258,259,-1,259,258,260,-1,259,260,261,-1,261,260,262,-1,261,262,263,-1,263,262,264,-1,263,264,265,-1,265,264,266,-1,265,266,267,-1,267,266,268,-1,267,268,269,-1,269,268,270,-1,269,270,271,-1,271,270,241,-1,271,241,240,-1,272,273,242,-1,242,273,243,-1,274,275,272,-1,272,275,273,-1,276,277,274,-1,274,277,275,-1,150,151,278,-1,150,278,279,-1,279,278,277,-1,279,277,276,-1,280,281,218,-1,218,281,282,-1,225,228,274,-1,172,170,283,-1,225,274,223,-1,267,269,242,-1,228,218,274,-1,274,218,282,-1,274,282,276,-1,276,282,283,-1,276,283,279,-1,279,283,170,-1,279,170,150,-1,150,170,148,-1,284,285,180,-1,180,285,185,-1,185,285,286,-1,185,286,182,-1,269,271,242,-1,242,271,240,-1,242,240,272,-1,272,240,230,-1,272,230,274,-1,274,230,233,-1,274,233,235,-1,165,167,170,-1,170,167,169,-1,170,169,148,-1,180,178,284,-1,284,178,174,-1,284,174,283,-1,283,174,177,-1,283,177,172,-1,182,286,201,-1,201,286,287,-1,201,287,199,-1,261,263,242,-1,242,263,265,-1,242,265,267,-1,288,209,289,-1,289,209,211,-1,289,211,290,-1,290,211,213,-1,290,213,291,-1,291,213,292,-1,280,218,293,-1,293,218,202,-1,293,202,294,-1,294,202,205,-1,294,205,288,-1,288,205,207,-1,288,207,209,-1,245,247,257,-1,257,247,249,-1,257,249,255,-1,255,249,251,-1,255,251,253,-1,152,155,170,-1,170,155,157,-1,170,157,159,-1,159,161,170,-1,170,161,163,-1,170,163,165,-1,199,287,197,-1,197,287,295,-1,197,295,195,-1,195,295,296,-1,195,296,193,-1,193,296,297,-1,193,297,191,-1,220,223,229,-1,229,223,274,-1,229,274,237,-1,237,274,235,-1,245,257,242,-1,242,257,259,-1,242,259,261,-1,297,298,191,-1,191,298,299,-1,191,299,189,-1,189,299,300,-1,189,300,186,-1,186,300,301,-1,186,301,217,-1,217,301,292,-1,217,292,215,-1,215,292,213,-1,293,302,280,-1,280,302,303,-1,300,304,305,-1,300,305,301,-1,301,305,306,-1,301,306,292,-1,292,306,307,-1,292,307,291,-1,291,307,308,-1,291,308,290,-1,290,308,309,-1,290,309,289,-1,289,309,310,-1,289,310,288,-1,288,310,311,-1,288,311,294,-1,294,311,302,-1,294,302,293,-1,286,312,313,-1,286,313,287,-1,287,313,314,-1,287,314,295,-1,295,314,315,-1,295,315,296,-1,296,315,316,-1,296,316,297,-1,297,316,317,-1,297,317,298,-1,298,317,318,-1,298,318,299,-1,299,318,304,-1,299,304,300,-1,284,319,320,-1,284,320,285,-1,285,320,312,-1,285,312,286,-1,283,321,284,-1,284,321,319,-1,282,322,283,-1,283,322,321,-1,280,303,323,-1,280,323,281,-1,281,323,322,-1,281,322,282,-1,324,325,326,-1,326,325,327,-1,328,329,330,-1,328,330,331,-1,331,330,332,-1,331,332,333,-1,333,332,325,-1,333,325,324,-1,334,335,328,-1,328,335,329,-1,336,337,334,-1,334,337,335,-1,338,339,340,-1,338,340,341,-1,341,340,342,-1,341,342,343,-1,343,342,344,-1,343,344,345,-1,345,344,346,-1,345,346,347,-1,347,346,348,-1,347,348,349,-1,349,348,350,-1,349,350,351,-1,351,350,352,-1,351,352,353,-1,353,352,354,-1,353,354,355,-1,355,354,356,-1,355,356,357,-1,357,356,358,-1,357,358,359,-1,359,358,337,-1,359,337,336,-1,360,361,338,-1,338,361,339,-1,362,363,360,-1,360,363,361,-1,364,365,362,-1,362,365,363,-1,366,367,368,-1,366,368,369,-1,369,368,365,-1,369,365,364,-1,370,371,366,-1,366,371,367,-1,372,373,370,-1,370,373,371,-1,374,375,376,-1,374,376,377,-1,377,376,378,-1,377,378,379,-1,379,378,380,-1,379,380,381,-1,381,380,382,-1,381,382,383,-1,383,382,384,-1,383,384,385,-1,385,384,386,-1,385,386,387,-1,387,386,388,-1,387,388,389,-1,389,388,390,-1,389,390,391,-1,391,390,392,-1,391,392,393,-1,393,392,394,-1,393,394,395,-1,395,394,373,-1,395,373,372,-1,396,397,374,-1,374,397,375,-1,398,399,400,-1,398,400,401,-1,401,400,397,-1,401,397,396,-1,402,403,398,-1,398,403,399,-1,404,405,406,-1,404,406,407,-1,407,406,408,-1,407,408,409,-1,409,408,410,-1,409,410,411,-1,411,410,412,-1,411,412,413,-1,413,412,414,-1,413,414,415,-1,415,414,416,-1,415,416,417,-1,417,416,418,-1,417,418,419,-1,419,418,420,-1,419,420,421,-1,421,420,422,-1,421,422,423,-1,423,422,403,-1,423,403,402,-1,424,425,426,-1,424,426,427,-1,427,426,405,-1,427,405,404,-1,428,429,424,-1,424,429,425,-1,430,431,432,-1,430,432,433,-1,433,432,429,-1,433,429,428,-1,434,435,430,-1,430,435,431,-1,436,437,438,-1,436,438,439,-1,439,438,440,-1,439,440,441,-1,441,440,442,-1,441,442,443,-1,443,442,444,-1,443,444,445,-1,445,444,446,-1,445,446,447,-1,447,446,448,-1,447,448,449,-1,449,448,450,-1,449,450,451,-1,451,450,452,-1,451,452,453,-1,453,452,454,-1,453,454,455,-1,455,454,456,-1,455,456,457,-1,457,456,458,-1,457,458,459,-1,459,458,460,-1,459,460,461,-1,461,460,462,-1,461,462,463,-1,463,462,464,-1,463,464,465,-1,465,464,466,-1,465,466,467,-1,467,466,468,-1,467,468,469,-1,469,468,435,-1,469,435,434,-1,470,471,436,-1,436,471,437,-1,472,473,474,-1,472,474,475,-1,475,474,471,-1,475,471,470,-1,476,477,472,-1,472,477,473,-1,478,479,480,-1,478,480,481,-1,481,480,477,-1,481,477,476,-1,482,483,478,-1,478,483,479,-1,484,485,486,-1,484,486,487,-1,487,486,488,-1,487,488,489,-1,489,488,483,-1,489,483,482,-1,485,484,490,-1,490,484,491,-1,490,491,492,-1,492,491,493,-1,493,491,494,-1,493,494,495,-1,496,497,498,-1,496,498,499,-1,499,498,500,-1,499,500,501,-1,501,500,502,-1,501,502,503,-1,503,502,504,-1,503,504,505,-1,505,504,506,-1,505,506,507,-1,507,506,508,-1,507,508,509,-1,509,508,510,-1,509,510,511,-1,511,510,512,-1,511,512,513,-1,513,512,514,-1,513,514,515,-1,515,514,516,-1,515,516,517,-1,517,516,495,-1,517,495,494,-1,518,519,496,-1,496,519,497,-1,520,521,522,-1,520,522,523,-1,523,522,519,-1,523,519,518,-1,524,525,520,-1,520,525,521,-1,524,326,525,-1,525,326,327,-1,396,369,364,-1,328,331,338,-1,396,374,372,-1,372,374,377,-1,428,424,362,-1,362,424,427,-1,362,427,404,-1,524,434,326,-1,326,434,430,-1,369,396,366,-1,366,396,372,-1,366,372,370,-1,417,419,362,-1,362,419,421,-1,362,421,423,-1,455,457,524,-1,524,457,459,-1,423,402,362,-1,362,402,398,-1,362,398,364,-1,364,398,401,-1,364,401,396,-1,404,407,362,-1,362,407,409,-1,362,409,411,-1,331,333,338,-1,338,333,324,-1,338,324,360,-1,513,515,503,-1,496,517,494,-1,391,393,395,-1,324,326,360,-1,360,326,430,-1,360,430,362,-1,362,430,433,-1,362,433,428,-1,355,357,341,-1,341,357,338,-1,334,328,336,-1,336,328,338,-1,336,338,359,-1,359,338,357,-1,524,447,449,-1,465,467,524,-1,524,467,469,-1,524,469,434,-1,503,515,501,-1,524,481,476,-1,377,379,372,-1,372,379,381,-1,372,381,383,-1,411,413,362,-1,362,413,415,-1,362,415,417,-1,476,472,524,-1,524,472,475,-1,524,475,470,-1,383,385,372,-1,372,385,387,-1,372,387,395,-1,395,387,389,-1,395,389,391,-1,449,451,524,-1,524,451,453,-1,524,453,455,-1,517,496,515,-1,515,496,499,-1,515,499,501,-1,505,507,509,-1,494,491,496,-1,496,491,484,-1,496,484,518,-1,518,484,487,-1,518,487,523,-1,523,487,489,-1,523,489,520,-1,520,489,482,-1,520,482,524,-1,524,482,478,-1,524,478,481,-1,470,436,524,-1,524,436,439,-1,524,439,441,-1,341,343,355,-1,355,343,345,-1,355,345,347,-1,459,461,524,-1,524,461,463,-1,524,463,465,-1,505,509,503,-1,503,509,511,-1,503,511,513,-1,441,443,524,-1,524,443,445,-1,524,445,447,-1,349,351,347,-1,347,351,353,-1,347,353,355,-1,526,527,528,-1,528,527,529,-1,530,531,526,-1,526,531,527,-1,532,533,530,-1,530,533,531,-1,534,535,536,-1,534,536,537,-1,537,536,538,-1,537,538,539,-1,539,538,540,-1,539,540,541,-1,541,540,542,-1,541,542,543,-1,543,542,544,-1,543,544,545,-1,545,544,546,-1,545,546,547,-1,547,546,533,-1,547,533,532,-1,548,549,550,-1,548,550,551,-1,551,550,552,-1,551,552,553,-1,553,552,554,-1,553,554,555,-1,555,554,556,-1,555,556,557,-1,557,556,558,-1,557,558,559,-1,559,558,560,-1,559,560,561,-1,561,560,562,-1,561,562,563,-1,563,562,535,-1,563,535,534,-1,564,565,566,-1,564,566,567,-1,567,566,568,-1,567,568,569,-1,569,568,570,-1,569,570,571,-1,571,570,572,-1,571,572,573,-1,573,572,574,-1,573,574,575,-1,575,574,576,-1,575,576,577,-1,577,576,549,-1,577,549,548,-1,578,579,580,-1,578,580,581,-1,581,580,582,-1,581,582,583,-1,583,582,584,-1,583,584,585,-1,585,584,586,-1,585,586,587,-1,587,586,588,-1,587,588,589,-1,589,588,590,-1,589,590,591,-1,591,590,565,-1,591,565,564,-1,592,593,578,-1,578,593,579,-1,594,595,592,-1,592,595,593,-1,596,597,598,-1,596,598,599,-1,599,598,600,-1,599,600,601,-1,601,600,602,-1,601,602,603,-1,603,602,604,-1,603,604,605,-1,605,604,606,-1,605,606,607,-1,607,606,608,-1,607,608,609,-1,609,608,595,-1,609,595,594,-1,610,611,612,-1,610,612,613,-1,613,612,614,-1,613,614,615,-1,615,614,616,-1,615,616,617,-1,617,616,618,-1,617,618,619,-1,619,618,620,-1,619,620,621,-1,621,620,622,-1,621,622,623,-1,623,622,624,-1,623,624,625,-1,625,624,626,-1,625,626,627,-1,627,626,597,-1,627,597,596,-1,628,629,630,-1,628,630,631,-1,631,630,632,-1,631,632,633,-1,633,632,634,-1,633,634,635,-1,635,634,636,-1,635,636,637,-1,637,636,638,-1,637,638,639,-1,639,638,640,-1,639,640,641,-1,641,640,611,-1,641,611,610,-1,642,643,644,-1,642,644,645,-1,645,644,646,-1,645,646,647,-1,647,646,648,-1,647,648,649,-1,649,648,629,-1,649,629,628,-1,650,651,642,-1,642,651,643,-1,650,528,651,-1,651,528,529,-1,530,526,650,-1,650,526,528,-1,532,530,547,-1,547,530,650,-1,547,650,545,-1,545,650,543,-1,619,621,573,-1,642,539,650,-1,650,539,541,-1,650,541,543,-1,573,621,571,-1,571,621,623,-1,571,623,569,-1,569,623,625,-1,569,625,567,-1,567,625,627,-1,567,627,564,-1,564,627,596,-1,564,596,591,-1,591,596,599,-1,591,599,589,-1,589,599,601,-1,589,601,587,-1,587,601,603,-1,587,603,585,-1,585,603,605,-1,585,605,583,-1,583,605,607,-1,583,607,581,-1,581,607,609,-1,581,609,578,-1,578,609,594,-1,578,594,592,-1,577,548,615,-1,642,645,539,-1,539,645,647,-1,539,647,537,-1,537,647,649,-1,537,649,534,-1,534,649,628,-1,534,628,563,-1,573,575,619,-1,619,575,577,-1,619,577,617,-1,617,577,615,-1,628,631,563,-1,563,631,633,-1,563,633,561,-1,561,633,635,-1,561,635,559,-1,559,635,637,-1,559,637,557,-1,557,637,639,-1,557,639,555,-1,555,639,641,-1,555,641,553,-1,553,641,551,-1,551,641,610,-1,551,610,548,-1,548,610,613,-1,548,613,615,-1,652,653,654,-1,652,654,655,-1,655,654,656,-1,655,656,657,-1,658,659,660,-1,658,660,661,-1,661,660,662,-1,661,662,663,-1,663,662,657,-1,663,657,656,-1,664,665,658,-1,658,665,659,-1,666,667,668,-1,666,668,669,-1,669,668,670,-1,669,670,671,-1,671,670,672,-1,671,672,673,-1,673,672,674,-1,673,674,675,-1,675,674,676,-1,675,676,677,-1,677,676,678,-1,677,678,679,-1,679,678,665,-1,679,665,664,-1,680,681,682,-1,680,682,683,-1,683,682,684,-1,683,684,685,-1,685,684,686,-1,685,686,687,-1,687,686,688,-1,687,688,689,-1,689,688,690,-1,689,690,691,-1,691,690,667,-1,691,667,666,-1,692,693,694,-1,692,694,695,-1,695,694,696,-1,695,696,697,-1,697,696,698,-1,697,698,699,-1,699,698,700,-1,699,700,701,-1,701,700,702,-1,701,702,703,-1,703,702,704,-1,703,704,705,-1,705,704,706,-1,705,706,707,-1,707,706,708,-1,707,708,709,-1,709,708,681,-1,709,681,680,-1,710,711,692,-1,692,711,693,-1,712,713,710,-1,710,713,711,-1,714,715,716,-1,714,716,717,-1,717,716,718,-1,717,718,719,-1,719,718,720,-1,719,720,721,-1,721,720,722,-1,721,722,723,-1,723,722,724,-1,723,724,725,-1,725,724,726,-1,725,726,727,-1,727,726,728,-1,727,728,729,-1,729,728,730,-1,729,730,731,-1,731,730,732,-1,731,732,733,-1,733,732,734,-1,733,734,735,-1,735,734,713,-1,735,713,712,-1,736,737,714,-1,714,737,715,-1,738,739,736,-1,736,739,737,-1,739,738,740,-1,741,742,743,-1,741,743,740,-1,740,743,744,-1,740,744,739,-1,745,746,741,-1,741,746,742,-1,745,654,746,-1,746,654,653,-1,687,689,701,-1,701,689,691,-1,701,691,666,-1,666,669,701,-1,701,669,671,-1,701,671,699,-1,699,671,673,-1,699,673,697,-1,738,736,664,-1,664,736,714,-1,664,714,717,-1,673,675,697,-1,697,675,677,-1,697,677,695,-1,695,677,679,-1,654,745,656,-1,656,745,741,-1,656,741,663,-1,663,741,740,-1,663,740,661,-1,661,740,738,-1,661,738,658,-1,658,738,664,-1,717,719,664,-1,664,719,721,-1,664,721,723,-1,683,703,705,-1,703,683,701,-1,701,683,685,-1,701,685,687,-1,723,725,664,-1,664,725,727,-1,664,727,729,-1,729,731,664,-1,664,731,733,-1,664,733,735,-1,735,712,664,-1,664,712,710,-1,664,710,679,-1,679,710,692,-1,679,692,695,-1,705,707,683,-1,683,707,709,-1,683,709,680,-1,146,147,142,-1,142,141,145,-1,145,144,142,-1,142,144,143,-1,142,143,146,-1,320,319,304,-1,321,322,319,-1,319,322,323,-1,319,323,303,-1,320,304,312,-1,303,302,319,-1,319,302,311,-1,319,311,310,-1,312,304,313,-1,313,304,318,-1,313,318,317,-1,310,309,319,-1,319,309,308,-1,319,308,307,-1,317,316,313,-1,313,316,315,-1,313,315,314,-1,307,306,319,-1,319,306,305,-1,319,305,304,-1,747,748,749,-1,749,748,750,-1,749,750,751,-1,751,750,752,-1,751,752,753,-1,753,752,754,-1,753,754,755,-1,755,754,756,-1,755,756,757,-1,757,756,758,-1,757,758,759,-1,759,758,760,-1,747,761,748,-1,748,761,762,-1,763,764,765,-1,765,764,766,-1,764,767,766,-1,766,767,768,-1,769,770,771,-1,771,770,772,-1,770,763,772,-1,772,763,765,-1,769,773,770,-1,770,773,767,-1,770,767,763,-1,763,767,764,-1,774,775,776,-1,776,775,777,-1,778,779,780,-1,780,779,781,-1,779,774,781,-1,781,774,776,-1,782,783,784,-1,784,783,785,-1,783,786,785,-1,785,786,787,-1,788,782,789,-1,789,782,784,-1,790,791,782,-1,792,786,783,-1,782,791,783,-1,783,791,793,-1,783,793,792,-1,782,788,790,-1,790,788,794,-1,790,794,792,-1,792,794,795,-1,792,795,786,-1,796,797,798,-1,798,797,799,-1,800,801,802,-1,802,801,803,-1,797,800,799,-1,799,800,802,-1,
        ]
    }
}
Shape{
    appearance Appearance {
        material  Material {
            diffuseColor 0.6470588235294118 0.6196078431372549 0.5882352941176471
            specularColor 0.45098039215686275 0.43529411764705883 0.4117647058823529
            ambientIntensity 0.6242
            transparency 0.0
            shininess 0.5
        }
    }
    geometry IndexedFaceSet {
        ccw TRUE
        solid FALSE
        coord DEF co Coordinate {
            point [
                -2.8031 -0.1866 -1.063, -2.8031 -0.1866 1.1614, -3.1969 -0.1866 -1.063, -3.1969 -0.1866 1.1614, -3.0787 -0.0685 -1.6535, -3.0787 0.089 -1.6535, -2.9213 -0.0685 -1.6535, -2.9213 0.089 -1.6535, -3.1969 0.2071 -1.063, -3.1969 0.2071 1.1614, -2.8031 0.2071 -1.063, -2.8031 0.2071 1.1614, -2.8031 -0.1375 1.6983, -2.8031 -0.2654 1.74, -2.8031 -0.2654 1.3189, -2.8031 -0.1919 1.2066, -2.8031 0.1918 1.295, -2.8031 -0.2074 1.2495, -2.8031 0.1466 1.4217, -2.8031 -0.2323 1.2875, -2.8031 0.074 1.5349, -2.8031 -0.0224 1.6287, -3.1969 -0.2654 1.74, -3.1969 -0.1375 1.6983, -3.1969 -0.2654 1.3189, -3.1969 -0.0224 1.6287, -3.1969 -0.2323 1.2875, -3.1969 0.074 1.5349, -3.1969 -0.2074 1.2495, -3.1969 0.1466 1.4217, -3.1969 -0.1919 1.2066, -3.1969 0.1918 1.295
            ]
        }
        coordIndex [
            0,1,2,-1,2,1,3,-1,4,5,6,-1,6,5,7,-1,8,9,10,-1,10,9,11,-1,12,13,14,-1,0,10,1,-1,1,10,11,-1,1,11,15,-1,15,11,16,-1,15,16,17,-1,17,16,18,-1,17,18,19,-1,19,18,20,-1,19,20,14,-1,14,20,21,-1,14,21,12,-1,22,23,24,-1,24,23,25,-1,24,25,26,-1,26,25,27,-1,26,27,28,-1,28,27,29,-1,28,29,30,-1,30,29,31,-1,30,31,3,-1,3,31,9,-1,3,9,2,-1,2,9,8,-1,14,24,19,-1,19,24,26,-1,19,26,17,-1,17,26,28,-1,17,28,15,-1,15,28,30,-1,15,30,1,-1,1,30,3,-1,11,9,31,-1,11,31,16,-1,16,31,29,-1,16,29,18,-1,18,29,27,-1,18,27,20,-1,20,27,25,-1,20,25,21,-1,21,25,23,-1,21,23,12,-1,12,23,22,-1,12,22,13,-1,
        ]
    }
}
Shape{
    appearance Appearance {
        material  Material {
            diffuseColor 0.24705882352941178 0.49411764705882355 0.27450980392156865
            specularColor 0.01568627450980392 0.03529411764705882 0.0196078431372549
            ambientIntensity 0.5646
            transparency 0.0
            shininess 0.5
        }
    }
    geometry IndexedFaceSet {
        ccw TRUE
        solid FALSE
        coord DEF co Coordinate {
            point [
                -3.0 -0.7378 2.0472, -2.8726 -1.1315 2.0305, -2.8726 -0.7378 2.0305, -2.7539 -1.1315 1.9813, -2.7539 -0.7378 1.9813, -2.652 -1.1315 1.9031, -2.652 -0.7378 1.9031, -2.5738 -1.1315 1.8012, -2.5738 -0.7378 1.8012, -2.5246 -1.1315 1.6825, -2.5246 -0.7378 1.6825, -2.5079 -1.1315 1.5551, -2.5079 -0.7378 1.5551, -2.5246 -1.1315 1.4277, -2.5246 -0.7378 1.4277, -2.5738 -1.1315 1.3091, -2.5738 -0.7378 1.3091, -2.652 -1.1315 1.2071, -2.652 -0.7378 1.2071, -2.7539 -1.1315 1.1289, -2.7539 -0.7378 1.1289, -2.8726 -1.1315 1.0798, -2.8726 -0.7378 1.0798, -3.0 -1.1315 1.063, -3.0 -0.7378 1.063, -3.1274 -1.1315 1.0798, -3.1274 -0.7378 1.0798, -3.2461 -1.1315 1.1289, -3.2461 -0.7378 1.1289, -3.348 -1.1315 1.2071, -3.348 -0.7378 1.2071, -3.4262 -1.1315 1.3091, -3.4262 -0.7378 1.3091, -3.4754 -1.1315 1.4277, -3.4754 -0.7378 1.4277, -3.4921 -1.1315 1.5551, -3.4921 -0.7378 1.5551, -3.4754 -1.1315 1.6825, -3.4754 -0.7378 1.6825, -3.4262 -1.1315 1.8012, -3.4262 -0.7378 1.8012, -3.348 -1.1315 1.9031, -3.348 -0.7378 1.9031, -3.2461 -1.1315 1.9813, -3.2461 -0.7378 1.9813, -3.1274 -1.1315 2.0305, -3.1274 -0.7378 2.0305, -3.0 -1.1315 2.0472, -3.1969 -1.1315 1.3583, -2.8031 -1.1315 1.3583, -3.1969 -1.1315 1.752, -2.8031 -1.1315 1.752
            ]
        }
        coordIndex [
            0,1,2,-1,2,1,3,-1,2,3,4,-1,4,3,5,-1,4,5,6,-1,6,5,7,-1,6,7,8,-1,8,7,9,-1,8,9,10,-1,10,9,11,-1,10,11,12,-1,12,11,13,-1,12,13,14,-1,14,13,15,-1,14,15,16,-1,16,15,17,-1,16,17,18,-1,18,17,19,-1,18,19,20,-1,20,19,21,-1,20,21,22,-1,22,21,23,-1,22,23,24,-1,24,23,25,-1,24,25,26,-1,26,25,27,-1,26,27,28,-1,28,27,29,-1,28,29,30,-1,30,29,31,-1,30,31,32,-1,32,31,33,-1,32,33,34,-1,34,33,35,-1,34,35,36,-1,36,35,37,-1,36,37,38,-1,38,37,39,-1,38,39,40,-1,40,39,41,-1,40,41,42,-1,42,41,43,-1,42,43,44,-1,44,43,45,-1,44,45,46,-1,46,45,47,-1,46,47,0,-1,0,47,1,-1,31,29,48,-1,19,17,49,-1,43,41,50,-1,50,41,39,-1,19,49,21,-1,29,27,48,-1,48,27,25,-1,48,25,49,-1,49,25,23,-1,49,23,21,-1,9,7,51,-1,51,7,5,-1,51,5,3,-1,39,37,50,-1,50,37,35,-1,50,35,48,-1,48,35,33,-1,48,33,31,-1,3,1,51,-1,51,1,47,-1,51,47,50,-1,50,47,45,-1,50,45,43,-1,17,15,49,-1,49,15,13,-1,49,13,51,-1,51,13,11,-1,51,11,9,-1,
        ]
    }
}
Shape{
    appearance Appearance {
        material  Material {
            diffuseColor 0.6470588235294118 0.6196078431372549 0.5882352941176471
            specularColor 0.45098039215686275 0.43529411764705883 0.4117647058823529
            ambientIntensity 0.6242
            transparency 0.0
            shininess 0.5
        }
    }
    geometry IndexedFaceSet {
        ccw TRUE
        solid FALSE
        coord DEF co Coordinate {
            point [
                -3.0787 -3.8874 1.6339, -3.0787 -3.8874 1.4764, -2.9213 -3.8874 1.6339, -2.9213 -3.8874 1.4764, -3.1969 -3.2969 1.3583, -3.1969 -1.1315 1.3583, -2.8031 -3.2969 1.3583, -2.8031 -1.1315 1.3583, -2.8031 -3.2969 1.752, -2.8031 -1.1315 1.752, -3.1969 -3.2969 1.752, -3.1969 -1.1315 1.752, -2.8031 0.2071 -1.063, -2.9213 0.089 -1.6535, -3.1969 0.2071 -1.063, -3.0787 0.089 -1.6535, -2.8031 -0.1866 -1.063, -2.9213 -0.0685 -1.6535, -3.0787 -0.0685 -1.6535, -3.1969 -0.1866 -1.063
            ]
        }
        coordIndex [
            0,1,2,-1,2,1,3,-1,4,5,6,-1,6,5,7,-1,8,9,10,-1,10,9,11,-1,10,11,4,-1,4,11,5,-1,6,7,8,-1,8,7,9,-1,12,13,14,-1,14,13,15,-1,16,17,12,-1,12,17,13,-1,18,19,15,-1,15,19,14,-1,19,18,16,-1,16,18,17,-1,6,3,4,-1,4,3,1,-1,8,2,6,-1,6,2,3,-1,0,10,1,-1,1,10,4,-1,10,0,8,-1,8,0,2,-1,
        ]
    }
}
Shape{
    appearance Appearance {
        material  Material {
            diffuseColor 0.24705882352941178 0.49411764705882355 0.27450980392156865
            specularColor 0.01568627450980392 0.03529411764705882 0.0196078431372549
            ambientIntensity 0.5646
            transparency 0.0
            shininess 0.5
        }
    }
    geometry IndexedFaceSet {
        ccw TRUE
        solid FALSE
        coord DEF co Coordinate {
            point [
                -3.3296 -2.4764 -0.0354, -3.3296 -2.4764 -0.0394, -3.2452 -2.4583 -0.0354, -3.2452 -2.4583 -0.0394, -3.3726 -2.485 -0.0354, -3.3726 -2.485 -0.0394, -3.3862 -2.4883 -0.0354, -3.3862 -2.4883 -0.0394, -3.3785 -2.4864 -0.0394, -3.3749 -2.4963 -0.0354, -3.3749 -2.4963 -0.0394, -3.3785 -2.4959 -0.0394, -3.3827 -2.4955 -0.0354, -3.3827 -2.4955 -0.0394, -3.3887 -2.4947 -0.0394, -3.3887 -2.4947 -0.0354, -3.39 -2.4943 -0.0394, -3.39 -2.4943 -0.0354, -3.3908 -2.4939 -0.0394, -3.3908 -2.4939 -0.0354, -3.3912 -2.4935 -0.0394, -3.3912 -2.4935 -0.0354, -3.3915 -2.4931 -0.0394, -3.3915 -2.4931 -0.0354, -3.3916 -2.4928 -0.0394, -3.3916 -2.4928 -0.0354, -3.3917 -2.4923 -0.0394, -3.3917 -2.4923 -0.0354, -3.3916 -2.4919 -0.0394, -3.3916 -2.4919 -0.0354, -3.3915 -2.4915 -0.0394, -3.3915 -2.4915 -0.0354, -3.3912 -2.4911 -0.0394, -3.3912 -2.4911 -0.0354, -3.3906 -2.4906 -0.0394, -3.3906 -2.4906 -0.0354, -3.3896 -2.4898 -0.0394, -3.3896 -2.4898 -0.0354, -3.3882 -2.4891 -0.0394, -3.3882 -2.4891 -0.0354, -3.3511 -2.4991 -0.0354, -3.3511 -2.4991 -0.0394, -3.3296 -2.4974 -0.0354, -3.3296 -2.4974 -0.0394, -3.3318 -2.4985 -0.0394, -3.3318 -2.4985 -0.0354, -3.3349 -2.4996 -0.0394, -3.3349 -2.4996 -0.0354, -3.3401 -2.4998 -0.0394, -3.3401 -2.4998 -0.0354, -3.3245 -2.4945 -0.0354, -3.3245 -2.4945 -0.0394, -3.2746 -2.4809 -0.0354, -3.2746 -2.4809 -0.0394, -3.2997 -2.4871 -0.0394, -3.2997 -2.4871 -0.0354, -3.0102 -2.4238 -0.0394, -3.0046 -2.4226 -0.0354, -3.0069 -2.4231 -0.0394, -3.0046 -2.4226 -0.0394, -3.0046 -2.4147 -0.0354, -3.0046 -2.4147 -0.0394, -3.0069 -2.4142 -0.0394, -3.2475 -2.3598 -0.0354, -3.2475 -2.3598 -0.0394, -3.0102 -2.4135 -0.0394, -3.2758 -2.353 -0.0354, -3.2758 -2.353 -0.0394, -3.3024 -2.3462 -0.0354, -3.3024 -2.3462 -0.0394, -3.2892 -2.35 -0.0394, -3.2892 -2.35 -0.0354, -3.3131 -2.3423 -0.0354, -3.3131 -2.3423 -0.0394, -3.3466 -2.3343 -0.0354, -3.3466 -2.3343 -0.0394, -3.345 -2.3342 -0.0394, -3.345 -2.3342 -0.0354, -3.3367 -2.3337 -0.0394, -3.3367 -2.3337 -0.0354, -3.332 -2.3333 -0.0394, -3.332 -2.3333 -0.0354, -3.3309 -2.3334 -0.0394, -3.3309 -2.3334 -0.0354, -3.3301 -2.3337 -0.0394, -3.3301 -2.3337 -0.0354, -3.3292 -2.3343 -0.0394, -3.3292 -2.3343 -0.0354, -3.3268 -2.3363 -0.0394, -3.3268 -2.3363 -0.0354, -3.3233 -2.3386 -0.0394, -3.3233 -2.3386 -0.0354, -3.372 -2.3366 -0.0354, -3.372 -2.3366 -0.0394, -3.3785 -2.3373 -0.0394, -3.3817 -2.3377 -0.0354, -3.3817 -2.3377 -0.0394, -3.3868 -2.3439 -0.0354, -3.3868 -2.3439 -0.0394, -3.3872 -2.3438 -0.0394, -3.3872 -2.3438 -0.0354, -3.3891 -2.3431 -0.0394, -3.3891 -2.3431 -0.0354, -3.39 -2.3425 -0.0394, -3.39 -2.3425 -0.0354, -3.3904 -2.342 -0.0394, -3.3904 -2.342 -0.0354, -3.3907 -2.3416 -0.0394, -3.3907 -2.3416 -0.0354, -3.3908 -2.3411 -0.0394, -3.3908 -2.3411 -0.0354, -3.3908 -2.3407 -0.0394, -3.3908 -2.3407 -0.0354, -3.3908 -2.3404 -0.0394, -3.3908 -2.3404 -0.0354, -3.3906 -2.34 -0.0394, -3.3906 -2.34 -0.0354, -3.3903 -2.3396 -0.0394, -3.3903 -2.3396 -0.0354, -3.3898 -2.3391 -0.0394, -3.3898 -2.3391 -0.0354, -3.3892 -2.3388 -0.0394, -3.3892 -2.3388 -0.0354, -3.3883 -2.3385 -0.0394, -3.3883 -2.3385 -0.0354, -3.3868 -2.3383 -0.0394, -3.3868 -2.3383 -0.0354, -3.3847 -2.3379 -0.0394, -3.3847 -2.3379 -0.0354, -3.3641 -2.3479 -0.0354, -3.3641 -2.3479 -0.0394, -3.3785 -2.3454 -0.0394, -3.2266 -2.3813 -0.0354, -3.2266 -2.3813 -0.0394, -3.059 -2.4187 -0.0354, -3.2254 -2.4555 -0.0354, -3.218 -2.3824 -0.0354, -3.2033 -2.3977 -0.0354, -3.213 -2.4119 -0.0354, -3.2156 -2.4169 -0.0354, -3.2207 -2.4332 -0.0354, -3.2254 -2.4555 -0.0394, -3.059 -2.4187 -0.0394, -3.213 -2.4119 -0.0394, -3.2156 -2.4169 -0.0394, -3.2207 -2.4332 -0.0394, -3.2033 -2.3977 -0.0394, -3.218 -2.3824 -0.0394, -3.0402 -2.7037 -0.0354, -3.0402 -2.7037 -0.0394, -3.0487 -2.6935 -0.0354, -3.0487 -2.6935 -0.0394, -3.0277 -2.7065 -0.0354, -3.0277 -2.7065 -0.0394, -3.0288 -2.7077 -0.0394, -3.0288 -2.7077 -0.0354, -3.0296 -2.7083 -0.0394, -3.0296 -2.7083 -0.0354, -3.0308 -2.7088 -0.0394, -3.0308 -2.7088 -0.0354, -3.0321 -2.709 -0.0394, -3.0321 -2.709 -0.0354, -3.0336 -2.7089 -0.0394, -3.0336 -2.7089 -0.0354, -3.0349 -2.7085 -0.0394, -3.0349 -2.7085 -0.0354, -3.0366 -2.7076 -0.0394, -3.0366 -2.7076 -0.0354, -3.0383 -2.7061 -0.0394, -3.0383 -2.7061 -0.0354, -3.0295 -2.6963 -0.0354, -3.0295 -2.6963 -0.0394, -3.0295 -2.6845 -0.0354, -3.0295 -2.6845 -0.0394, -3.0277 -2.6748 -0.0354, -3.0277 -2.6748 -0.0394, -3.0286 -2.6796 -0.0394, -3.0286 -2.6796 -0.0354, -3.0267 -2.6629 -0.0354, -3.0267 -2.6629 -0.0394, -3.0204 -2.6414 -0.0354, -3.0204 -2.6414 -0.0394, -3.017 -2.6165 -0.0354, -3.017 -2.6165 -0.0394, -3.018 -2.6291 -0.0394, -3.018 -2.6291 -0.0354, -3.213 -2.5377 -0.0354, -3.213 -2.5377 -0.0394, -3.1293 -2.5406 -0.0394, -3.1293 -2.5406 -0.0354, -3.0677 -2.5496 -0.0394, -3.0677 -2.5496 -0.0354, -3.0469 -2.558 -0.0394, -3.0469 -2.558 -0.0354, -3.0345 -2.5668 -0.0394, -3.0345 -2.5668 -0.0354, -3.0265 -2.5759 -0.0394, -3.0265 -2.5759 -0.0354, -3.0212 -2.5862 -0.0394, -3.0212 -2.5862 -0.0354, -3.0181 -2.5989 -0.0394, -3.0181 -2.5989 -0.0354, -3.3687 -2.6386 -0.0354, -3.3687 -2.6386 -0.0394, -3.3635 -2.6026 -0.0394, -3.3635 -2.6026 -0.0354, -3.3601 -2.5909 -0.0394, -3.3601 -2.5909 -0.0354, -3.3573 -2.5855 -0.0394, -3.3573 -2.5855 -0.0354, -3.3496 -2.5755 -0.0394, -3.3496 -2.5755 -0.0354, -3.3376 -2.5657 -0.0394, -3.3376 -2.5657 -0.0354, -3.3172 -2.5543 -0.0394, -3.3172 -2.5543 -0.0354, -3.2808 -2.5437 -0.0394, -3.2808 -2.5437 -0.0354, -3.3715 -2.6635 -0.0354, -3.3715 -2.6635 -0.0394, -3.3788 -2.681 -0.0354, -3.3788 -2.681 -0.0394, -3.3787 -2.6805 -0.0394, -3.3787 -2.6805 -0.0354, -3.3785 -2.6802 -0.0394, -3.3776 -2.6787 -0.0354, -3.3776 -2.6787 -0.0394, -3.374 -2.6727 -0.0394, -3.374 -2.6727 -0.0354, -3.3787 -2.6826 -0.0354, -3.3652 -2.698 -0.0354, -3.3652 -2.698 -0.0394, -3.3681 -2.6955 -0.0394, -3.3681 -2.6955 -0.0354, -3.3756 -2.6873 -0.0394, -3.3756 -2.6873 -0.0354, -3.3783 -2.6836 -0.0394, -3.3783 -2.6836 -0.0354, -3.3785 -2.6831 -0.0394, -3.3787 -2.6826 -0.0394, -3.3579 -2.7048 -0.0354, -3.3579 -2.7048 -0.0394, -3.3494 -2.7031 -0.0354, -3.3494 -2.7031 -0.0394, -3.3492 -2.7053 -0.0394, -3.3492 -2.7053 -0.0354, -3.3493 -2.7065 -0.0394, -3.3493 -2.7065 -0.0354, -3.3494 -2.7066 -0.0394, -3.3494 -2.7066 -0.0354, -3.3495 -2.7071 -0.0394, -3.3495 -2.7071 -0.0354, -3.3497 -2.7074 -0.0394, -3.3497 -2.7074 -0.0354, -3.3501 -2.7076 -0.0394, -3.3501 -2.7076 -0.0354, -3.3511 -2.7082 -0.0394, -3.3511 -2.7082 -0.0354, -3.352 -2.7085 -0.0394, -3.352 -2.7085 -0.0354, -3.3524 -2.7085 -0.0394, -3.3524 -2.7085 -0.0354, -3.3529 -2.7085 -0.0394, -3.3529 -2.7085 -0.0354, -3.3535 -2.7082 -0.0394, -3.3535 -2.7082 -0.0354, -3.3543 -2.7078 -0.0394, -3.3543 -2.7078 -0.0354, -3.3553 -2.7072 -0.0394, -3.3553 -2.7072 -0.0354, -3.3564 -2.7062 -0.0394, -3.3564 -2.7062 -0.0354, -3.3494 -2.6952 -0.0354, -3.3494 -2.6952 -0.0394, -3.3494 -2.6861 -0.0354, -3.3494 -2.6861 -0.0394, -3.0527 -2.6861 -0.0354, -3.0527 -2.6861 -0.0394, -3.0509 -2.6899 -0.0394, -3.0509 -2.6899 -0.0354, -3.3483 -2.6527 -0.0354, -3.3486 -2.6615 -0.0354, -3.3483 -2.6703 -0.0354, -3.0487 -2.6703 -0.0354, -3.0442 -2.6595 -0.0354, -3.0386 -2.6354 -0.0354, -3.0368 -2.6108 -0.0354, -3.0397 -2.5959 -0.0354, -3.34 -2.5977 -0.0354, -3.3359 -2.5886 -0.0354, -3.3305 -2.5818 -0.0354, -3.3222 -2.5753 -0.0354, -3.2953 -2.5635 -0.0354, -3.3454 -2.6278 -0.0354, -3.3432 -2.6104 -0.0354, -3.044 -2.585 -0.0354, -3.0488 -2.5783 -0.0354, -3.057 -2.5715 -0.0354, -3.0691 -2.5652 -0.0354, -3.0862 -2.5602 -0.0354, -3.1631 -2.5536 -0.0354, -3.2381 -2.5543 -0.0354, -3.3454 -2.6278 -0.0394, -3.3483 -2.6527 -0.0394, -3.1631 -2.5536 -0.0394, -3.2381 -2.5543 -0.0394, -3.2953 -2.5635 -0.0394, -3.3222 -2.5753 -0.0394, -3.3305 -2.5818 -0.0394, -3.3359 -2.5886 -0.0394, -3.34 -2.5977 -0.0394, -3.3432 -2.6104 -0.0394, -3.0368 -2.6108 -0.0394, -3.0397 -2.5959 -0.0394, -3.044 -2.585 -0.0394, -3.0488 -2.5783 -0.0394, -3.057 -2.5715 -0.0394, -3.0691 -2.5652 -0.0394, -3.0862 -2.5602 -0.0394, -3.0442 -2.6595 -0.0394, -3.0386 -2.6354 -0.0394, -3.0487 -2.6703 -0.0394, -3.3483 -2.6703 -0.0394, -3.3486 -2.6615 -0.0394, -3.1699 -2.8261 -0.0354, -3.1699 -2.8261 -0.0394, -3.1761 -2.8737 -0.0354, -3.1761 -2.8737 -0.0394, -3.158 -2.7882 -0.0354, -3.158 -2.7882 -0.0394, -3.1615 -2.7939 -0.0394, -3.1615 -2.7939 -0.0354, -3.166 -2.8065 -0.0394, -3.166 -2.8065 -0.0354, -3.1552 -2.7831 -0.0354, -3.1552 -2.7831 -0.0394, -3.1716 -2.7667 -0.0354, -3.1716 -2.7667 -0.0394, -3.1813 -2.7695 -0.0354, -3.1813 -2.7695 -0.0394, -3.1812 -2.7682 -0.0394, -3.1812 -2.7682 -0.0354, -3.1809 -2.7672 -0.0394, -3.1809 -2.7672 -0.0354, -3.1804 -2.7663 -0.0394, -3.1804 -2.7663 -0.0354, -3.1795 -2.7652 -0.0394, -3.1795 -2.7652 -0.0354, -3.1787 -2.7646 -0.0394, -3.1787 -2.7646 -0.0354, -3.1778 -2.7643 -0.0394, -3.1778 -2.7643 -0.0354, -3.1768 -2.7641 -0.0394, -3.1768 -2.7641 -0.0354, -3.1758 -2.7643 -0.0394, -3.1758 -2.7643 -0.0354, -3.1745 -2.7647 -0.0394, -3.1745 -2.7647 -0.0354, -3.1732 -2.7655 -0.0394, -3.1732 -2.7655 -0.0354, -3.1959 -2.8737 -0.0354, -3.1959 -2.8737 -0.0394, -3.3494 -2.8737 -0.0354, -3.3494 -2.8737 -0.0394, -3.3376 -2.7893 -0.0354, -3.3376 -2.7893 -0.0394, -3.3318 -2.7735 -0.0354, -3.3318 -2.7735 -0.0394, -3.3354 -2.7811 -0.0394, -3.3354 -2.7811 -0.0354, -3.329 -2.7684 -0.0354, -3.329 -2.7684 -0.0394, -3.3466 -2.7526 -0.0354, -3.3466 -2.7526 -0.0394, -3.3557 -2.7559 -0.0354, -3.3557 -2.7559 -0.0394, -3.3557 -2.7555 -0.0394, -3.3557 -2.7555 -0.0354, -3.3554 -2.7533 -0.0394, -3.3554 -2.7533 -0.0354, -3.3551 -2.7524 -0.0394, -3.3551 -2.7524 -0.0354, -3.3548 -2.7518 -0.0394, -3.3548 -2.7518 -0.0354, -3.3543 -2.7513 -0.0394, -3.3543 -2.7513 -0.0354, -3.3532 -2.7507 -0.0394, -3.3532 -2.7507 -0.0354, -3.3521 -2.7503 -0.0394, -3.3521 -2.7503 -0.0354, -3.351 -2.7503 -0.0394, -3.351 -2.7503 -0.0354, -3.3498 -2.7505 -0.0394, -3.3498 -2.7505 -0.0354, -3.3486 -2.751 -0.0394, -3.3486 -2.751 -0.0354, -3.3562 -2.7644 -0.0354, -3.3562 -2.7644 -0.0394, -3.3681 -2.85 -0.0354, -3.3681 -2.85 -0.0394, -3.3614 -2.8073 -0.0394, -3.3614 -2.8073 -0.0354, -3.3726 -2.876 -0.0354, -3.3726 -2.876 -0.0394, -3.3647 -2.8953 -0.0354, -3.3647 -2.8953 -0.0394, -3.3691 -2.8956 -0.0394, -3.3691 -2.8956 -0.0354, -3.3713 -2.8952 -0.0394, -3.3713 -2.8952 -0.0354, -3.3729 -2.8944 -0.0394, -3.3729 -2.8944 -0.0354, -3.3742 -2.8934 -0.0394, -3.3742 -2.8934 -0.0354, -3.3752 -2.8921 -0.0394, -3.3752 -2.8921 -0.0354, -3.3758 -2.8907 -0.0394, -3.3758 -2.8907 -0.0354, -3.376 -2.8893 -0.0394, -3.376 -2.8893 -0.0354, -3.3759 -2.8864 -0.0394, -3.3759 -2.8864 -0.0354, -3.375 -2.8823 -0.0394, -3.375 -2.8823 -0.0354, -3.3358 -2.8902 -0.0354, -3.3358 -2.8902 -0.0394, -3.3505 -2.8916 -0.0394, -3.3505 -2.8916 -0.0354, -3.3251 -2.8902 -0.0354, -3.3251 -2.8902 -0.0394, -3.3109 -2.8896 -0.0354, -3.3109 -2.8896 -0.0394, -3.318 -2.8898 -0.0394, -3.318 -2.8898 -0.0354, -3.0516 -2.8902 -0.0354, -3.0516 -2.8902 -0.0394, -3.0267 -2.8992 -0.0354, -3.0267 -2.8992 -0.0394, -3.0265 -2.9001 -0.0394, -3.0265 -2.9001 -0.0354, -3.0264 -2.9016 -0.0394, -3.0264 -2.9016 -0.0354, -3.0266 -2.9026 -0.0394, -3.0266 -2.9026 -0.0354, -3.027 -2.9033 -0.0394, -3.027 -2.9033 -0.0354, -3.027 -2.9034 -0.0394, -3.027 -2.9034 -0.0354, -3.0274 -2.9038 -0.0394, -3.0274 -2.9038 -0.0354, -3.0277 -2.904 -0.0394, -3.0277 -2.904 -0.0354, -3.028 -2.9042 -0.0394, -3.028 -2.9042 -0.0354, -3.0284 -2.9042 -0.0394, -3.0284 -2.9042 -0.0354, -3.0296 -2.9042 -0.0394, -3.0296 -2.9042 -0.0354, -3.0307 -2.9041 -0.0394, -3.0307 -2.9041 -0.0354, -3.0322 -2.9041 -0.0394, -3.0322 -2.9041 -0.0354, -3.0344 -2.9035 -0.0394, -3.0344 -2.9035 -0.0354, -3.0369 -2.9022 -0.0394, -3.0369 -2.9022 -0.0354, -3.04 -2.8999 -0.0394, -3.04 -2.8999 -0.0354, -3.0445 -2.8961 -0.0394, -3.0445 -2.8961 -0.0354, -3.0283 -2.8885 -0.0354, -3.0283 -2.8885 -0.0394, -3.0295 -2.8692 -0.0354, -3.0295 -2.8692 -0.0394, -3.0295 -2.8789 -0.0394, -3.0295 -2.8789 -0.0354, -3.0295 -2.8675 -0.0354, -3.0295 -2.8675 -0.0394, -3.0277 -2.8454 -0.0354, -3.0277 -2.8454 -0.0394, -3.0292 -2.8564 -0.0394, -3.0292 -2.8564 -0.0354, -3.0238 -2.8233 -0.0354, -3.0238 -2.8233 -0.0394, -3.0125 -2.7854 -0.0354, -3.0125 -2.7854 -0.0394, -3.0142 -2.7883 -0.0394, -3.0142 -2.7883 -0.0354, -3.0199 -2.8038 -0.0394, -3.0199 -2.8038 -0.0354, -3.0102 -2.7819 -0.0394, -3.0091 -2.7803 -0.0354, -3.0091 -2.7803 -0.0394, -3.0102 -2.7792 -0.0394, -3.0261 -2.7639 -0.0354, -3.0261 -2.7639 -0.0394, -3.0351 -2.7667 -0.0354, -3.0351 -2.7667 -0.0394, -3.035 -2.7651 -0.0394, -3.035 -2.7651 -0.0354, -3.0347 -2.7641 -0.0394, -3.0347 -2.7641 -0.0354, -3.034 -2.7631 -0.0394, -3.034 -2.7631 -0.0354, -3.0332 -2.7623 -0.0394, -3.0332 -2.7623 -0.0354, -3.0326 -2.7619 -0.0394, -3.0326 -2.7619 -0.0354, -3.0319 -2.7617 -0.0394, -3.0319 -2.7617 -0.0354, -3.0312 -2.7616 -0.0394, -3.0312 -2.7616 -0.0354, -3.0303 -2.7618 -0.0394, -3.0303 -2.7618 -0.0354, -3.0293 -2.7621 -0.0394, -3.0293 -2.7621 -0.0354, -3.0279 -2.7628 -0.0394, -3.0279 -2.7628 -0.0354, -3.0363 -2.7757 -0.0354, -3.0363 -2.7757 -0.0394, -3.0397 -2.8024 -0.0354, -3.0397 -2.8024 -0.0394, -3.0381 -2.7891 -0.0394, -3.0381 -2.7891 -0.0354, -3.0516 -2.8737 -0.0354, -3.0516 -2.8737 -0.0394, -3.0176 -2.9599 -0.0354, -3.0176 -2.9599 -0.0394, -3.0176 -2.9684 -0.0354, -3.0176 -2.9684 -0.0394, -3.1688 -2.9599 -0.0354, -3.1688 -2.9599 -0.0394, -3.1688 -2.9707 -0.0354, -3.1688 -2.9707 -0.0394, -3.03 -3.0205 -0.0354, -3.03 -3.0205 -0.0394, -3.0311 -3.0148 -0.0394, -3.0311 -3.0148 -0.0354, -3.0343 -3.0061 -0.0394, -3.0343 -3.0061 -0.0354, -3.0406 -2.9971 -0.0394, -3.0406 -2.9971 -0.0354, -3.0487 -2.9901 -0.0394, -3.0487 -2.9901 -0.0354, -3.0632 -2.9826 -0.0394, -3.0632 -2.9826 -0.0354, -3.089 -2.9755 -0.0394, -3.089 -2.9755 -0.0354, -3.222 -3.0913 -0.0354, -3.222 -3.0913 -0.0394, -3.1243 -3.0882 -0.0394, -3.1243 -3.0882 -0.0354, -3.1049 -3.0848 -0.0394, -3.1049 -3.0848 -0.0354, -3.0654 -3.0714 -0.0394, -3.0654 -3.0714 -0.0354, -3.0492 -3.0612 -0.0394, -3.0492 -3.0612 -0.0354, -3.0401 -3.052 -0.0394, -3.0401 -3.052 -0.0354, -3.0341 -3.0424 -0.0394, -3.0341 -3.0424 -0.0354, -3.0307 -3.0323 -0.0394, -3.0307 -3.0323 -0.0354, -3.359 -3.025 -0.0354, -3.359 -3.025 -0.0394, -3.3581 -3.0339 -0.0394, -3.3581 -3.0339 -0.0354, -3.3556 -3.0412 -0.0394, -3.3556 -3.0412 -0.0354, -3.351 -3.0486 -0.0394, -3.351 -3.0486 -0.0354, -3.3432 -3.0568 -0.0394, -3.3432 -3.0568 -0.0354, -3.3266 -3.0684 -0.0394, -3.3266 -3.0684 -0.0354, -3.303 -3.0773 -0.0394, -3.303 -3.0773 -0.0354, -3.2678 -2.9634 -0.0354, -3.2678 -2.9634 -0.0394, -3.2851 -2.9659 -0.0394, -3.2851 -2.9659 -0.0354, -3.3227 -2.9742 -0.0394, -3.3227 -2.9742 -0.0354, -3.3373 -2.9818 -0.0394, -3.3373 -2.9818 -0.0354, -3.3466 -2.9901 -0.0394, -3.3466 -2.9901 -0.0354, -3.3535 -3.0001 -0.0394, -3.3535 -3.0001 -0.0354, -3.3581 -3.0124 -0.0394, -3.3581 -3.0124 -0.0354, -3.2379 -2.9605 -0.0354, -3.2379 -2.9605 -0.0394, -3.2384 -2.9515 -0.0354, -3.2384 -2.9515 -0.0394, -3.3777 -3.0172 -0.0354, -3.3777 -3.0172 -0.0394, -3.376 -3.0058 -0.0394, -3.376 -3.0058 -0.0354, -3.3705 -2.9926 -0.0394, -3.3705 -2.9926 -0.0354, -3.3624 -2.9814 -0.0394, -3.3624 -2.9814 -0.0354, -3.3506 -2.9718 -0.0394, -3.3506 -2.9718 -0.0354, -3.3319 -2.9624 -0.0394, -3.3319 -2.9624 -0.0354, -3.3055 -2.9558 -0.0394, -3.3055 -2.9558 -0.0354, -3.1342 -3.1043 -0.0354, -3.1342 -3.1043 -0.0394, -3.1665 -3.1074 -0.0394, -3.1665 -3.1074 -0.0354, -3.2736 -3.1007 -0.0394, -3.2736 -3.1007 -0.0354, -3.2784 -3.0998 -0.0394, -3.2784 -3.0998 -0.0354, -3.3293 -3.0843 -0.0394, -3.3293 -3.0843 -0.0354, -3.3531 -3.0708 -0.0394, -3.3531 -3.0708 -0.0354, -3.3639 -3.061 -0.0394, -3.3639 -3.061 -0.0354, -3.372 -3.048 -0.0394, -3.372 -3.048 -0.0354, -3.3769 -3.0333 -0.0394, -3.3769 -3.0333 -0.0354, -3.0114 -3.025 -0.0354, -3.0114 -3.025 -0.0394, -3.0116 -3.0346 -0.0394, -3.0116 -3.0346 -0.0354, -3.0133 -3.0419 -0.0394, -3.0133 -3.0419 -0.0354, -3.0178 -3.0505 -0.0394, -3.0178 -3.0505 -0.0354, -3.0283 -3.0645 -0.0394, -3.0283 -3.0645 -0.0354, -3.0429 -3.0768 -0.0394, -3.0429 -3.0768 -0.0354, -3.0724 -3.0906 -0.0394, -3.0724 -3.0906 -0.0354, -3.0419 -2.9775 -0.0354, -3.0419 -2.9775 -0.0394, -3.0336 -2.9837 -0.0394, -3.0336 -2.9837 -0.0354, -3.0227 -2.9957 -0.0394, -3.0227 -2.9957 -0.0354, -3.0156 -3.0086 -0.0394, -3.0156 -3.0086 -0.0354, -3.051 -2.9724 -0.0354, -3.051 -2.9724 -0.0394, -3.0069 -3.2654 -0.0394, -2.9966 -3.2736 -0.0394, -2.9966 -3.2736 -0.0354, -3.0102 -3.2628 -0.0394, -3.0277 -3.2487 -0.0354, -3.0277 -3.2487 -0.0394, -3.0635 -3.2572 -0.0354, -3.0635 -3.2572 -0.0394, -3.0565 -3.257 -0.0394, -3.0565 -3.257 -0.0354, -3.0404 -3.2547 -0.0394, -3.0404 -3.2547 -0.0354, -3.3522 -3.2572 -0.0354, -3.3522 -3.2572 -0.0394, -3.3353 -3.1729 -0.0354, -3.3353 -3.1729 -0.0394, -3.3364 -3.1754 -0.0394, -3.3364 -3.1754 -0.0354, -3.3389 -3.1782 -0.0394, -3.3389 -3.1782 -0.0354, -3.3419 -3.1818 -0.0394, -3.3419 -3.1818 -0.0354, -3.3438 -3.1859 -0.0394, -3.3438 -3.1859 -0.0354, -3.3454 -3.1928 -0.0394, -3.3454 -3.1928 -0.0354, -3.3486 -3.2136 -0.0394, -3.3486 -3.2136 -0.0354, -3.3607 -3.1496 -0.0354, -3.3607 -3.1496 -0.0394, -3.3585 -3.1499 -0.0394, -3.3585 -3.1499 -0.0354, -3.3561 -3.1507 -0.0394, -3.3561 -3.1507 -0.0354, -3.3546 -3.1515 -0.0394, -3.3546 -3.1515 -0.0354, -3.3527 -3.1535 -0.0394, -3.3527 -3.1535 -0.0354, -3.3469 -3.1597 -0.0394, -3.3469 -3.1597 -0.0354, -3.3709 -3.2289 -0.0354, -3.3709 -3.2289 -0.0394, -3.3701 -3.2186 -0.0394, -3.3701 -3.2186 -0.0354, -3.3659 -3.1783 -0.0394, -3.3659 -3.1783 -0.0354, -3.3641 -3.1653 -0.0394, -3.3641 -3.1653 -0.0354, -3.3638 -3.1549 -0.0394, -3.3638 -3.1549 -0.0354, -3.3635 -3.1528 -0.0394, -3.3635 -3.1528 -0.0354, -3.3631 -3.1516 -0.0394, -3.3631 -3.1516 -0.0354, -3.3625 -3.1508 -0.0394, -3.3625 -3.1508 -0.0354, -3.362 -3.1503 -0.0394, -3.362 -3.1503 -0.0354, -3.3732 -3.2526 -0.0354, -3.3732 -3.2526 -0.0394, -3.3743 -3.2657 -0.0354, -3.3743 -3.2657 -0.0394, -3.35 -3.273 -0.0354, -3.35 -3.273 -0.0394, -3.355 -3.2734 -0.0394, -3.355 -3.2734 -0.0354, -3.3677 -3.2749 -0.0394, -3.3677 -3.2749 -0.0354, -3.3705 -3.2749 -0.0394, -3.3705 -3.2749 -0.0354, -3.3719 -3.2746 -0.0394, -3.3719 -3.2746 -0.0354, -3.3734 -3.2737 -0.0394, -3.3734 -3.2737 -0.0354, -3.3743 -3.273 -0.0394, -3.3743 -3.273 -0.0354, -3.3748 -3.2723 -0.0394, -3.3748 -3.2723 -0.0354, -3.3751 -3.2715 -0.0394, -3.3751 -3.2715 -0.0354, -3.3753 -3.2704 -0.0394, -3.3753 -3.2704 -0.0354, -3.3752 -3.2687 -0.0394, -3.3752 -3.2687 -0.0354, -3.3166 -3.2719 -0.0354, -3.3166 -3.2719 -0.0394, -3.0617 -3.2719 -0.0354, -3.0617 -3.2719 -0.0394, -3.0341 -3.2723 -0.0354, -3.0069 -3.2765 -0.0354, -3.0069 -3.2765 -0.0394, -3.0102 -3.276 -0.0394, -3.0341 -3.2723 -0.0394, -3.0012 -3.2776 -0.0354, -3.0012 -3.2776 -0.0394, -4.0 -0.7378 2.7559, -4.0 -4.2811 2.7559, -4.0 -0.7378 0.3543, -4.0 -4.2811 0.3543, -4.315 0.522 3.0709, -4.315 0.522 2.7559, -4.315 -0.2654 2.7559, -4.315 -3.1 3.0709, -4.315 -0.2654 -0.0394, -4.315 -2.5188 -0.0394, -4.315 -2.7296 -0.0394, -4.315 -2.9277 -0.0394, -4.315 -3.1296 -0.0394, -4.315 -4.2811 3.0709, -4.315 -3.1 3.2677, -4.315 -4.2811 -0.0394, -4.315 -3.7793 -0.0394
            ]
        }
        coordIndex [
            0,1,2,-1,2,1,3,-1,4,5,0,-1,0,5,1,-1,6,7,4,-1,4,7,8,-1,4,8,5,-1,9,10,11,-1,9,11,12,-1,11,13,12,-1,12,13,14,-1,12,14,15,-1,15,14,16,-1,15,16,17,-1,17,16,18,-1,17,18,19,-1,19,18,20,-1,19,20,21,-1,21,20,22,-1,21,22,23,-1,23,22,24,-1,23,24,25,-1,25,24,26,-1,25,26,27,-1,27,26,28,-1,27,28,29,-1,29,28,30,-1,29,30,31,-1,31,30,32,-1,31,32,33,-1,33,32,34,-1,33,34,35,-1,35,34,36,-1,35,36,37,-1,37,36,38,-1,37,38,39,-1,39,38,7,-1,39,7,6,-1,40,41,9,-1,9,41,10,-1,42,43,44,-1,42,44,45,-1,45,44,46,-1,45,46,47,-1,47,46,48,-1,47,48,49,-1,49,48,41,-1,49,41,40,-1,50,51,42,-1,42,51,43,-1,52,53,54,-1,52,54,55,-1,55,54,51,-1,55,51,50,-1,53,52,56,-1,56,52,57,-1,56,57,58,-1,58,57,59,-1,60,61,57,-1,57,61,59,-1,62,61,60,-1,63,64,60,-1,60,64,65,-1,60,65,62,-1,66,67,63,-1,63,67,64,-1,68,69,70,-1,68,70,71,-1,71,70,67,-1,71,67,66,-1,72,73,68,-1,68,73,69,-1,74,75,76,-1,74,76,77,-1,77,76,78,-1,77,78,79,-1,79,78,80,-1,79,80,81,-1,81,80,82,-1,81,82,83,-1,83,82,84,-1,83,84,85,-1,85,84,86,-1,85,86,87,-1,87,86,88,-1,87,88,89,-1,89,88,90,-1,89,90,91,-1,91,90,73,-1,91,73,72,-1,92,93,74,-1,74,93,75,-1,93,92,94,-1,94,92,95,-1,94,95,96,-1,97,98,99,-1,97,99,100,-1,100,99,101,-1,100,101,102,-1,102,101,103,-1,102,103,104,-1,104,103,105,-1,104,105,106,-1,106,105,107,-1,106,107,108,-1,108,107,109,-1,108,109,110,-1,110,109,111,-1,110,111,112,-1,112,111,113,-1,112,113,114,-1,114,113,115,-1,114,115,116,-1,116,115,117,-1,116,117,118,-1,118,117,119,-1,118,119,120,-1,120,119,121,-1,120,121,122,-1,122,121,123,-1,122,123,124,-1,124,123,125,-1,124,125,126,-1,126,125,127,-1,126,127,128,-1,128,127,96,-1,128,96,95,-1,129,130,97,-1,97,130,131,-1,97,131,98,-1,132,133,129,-1,129,133,130,-1,132,2,133,-1,133,2,3,-1,134,57,135,-1,135,57,52,-1,132,136,137,-1,87,89,129,-1,129,89,91,-1,129,91,72,-1,137,138,132,-1,132,138,139,-1,132,139,2,-1,2,139,140,-1,55,0,52,-1,52,0,2,-1,52,2,135,-1,135,2,140,-1,124,126,100,-1,100,126,97,-1,72,68,129,-1,129,68,71,-1,129,71,132,-1,132,71,66,-1,132,66,136,-1,136,66,63,-1,136,63,134,-1,134,63,60,-1,134,60,57,-1,0,40,4,-1,4,40,9,-1,4,9,6,-1,6,9,12,-1,6,12,39,-1,39,12,15,-1,39,15,37,-1,74,77,129,-1,129,77,79,-1,129,79,81,-1,55,50,0,-1,0,50,42,-1,0,42,45,-1,126,128,97,-1,97,128,95,-1,97,95,129,-1,129,95,92,-1,129,92,74,-1,45,47,0,-1,0,47,49,-1,0,49,40,-1,110,112,100,-1,81,83,129,-1,129,83,85,-1,129,85,87,-1,110,100,108,-1,17,33,15,-1,15,33,35,-1,15,35,37,-1,112,114,100,-1,100,114,116,-1,100,116,118,-1,17,19,33,-1,33,19,21,-1,33,21,31,-1,31,21,29,-1,118,120,100,-1,100,120,122,-1,100,122,124,-1,102,104,100,-1,100,104,106,-1,100,106,108,-1,29,21,27,-1,27,21,23,-1,27,23,25,-1,135,141,134,-1,134,141,142,-1,138,143,144,-1,138,144,139,-1,139,144,145,-1,139,145,140,-1,140,145,141,-1,140,141,135,-1,137,146,138,-1,138,146,143,-1,136,147,137,-1,137,147,146,-1,142,147,134,-1,134,147,136,-1,148,149,150,-1,150,149,151,-1,152,153,154,-1,152,154,155,-1,155,154,156,-1,155,156,157,-1,157,156,158,-1,157,158,159,-1,159,158,160,-1,159,160,161,-1,161,160,162,-1,161,162,163,-1,163,162,164,-1,163,164,165,-1,165,164,166,-1,165,166,167,-1,167,166,168,-1,167,168,169,-1,169,168,149,-1,169,149,148,-1,170,171,152,-1,152,171,153,-1,172,173,170,-1,170,173,171,-1,174,175,176,-1,174,176,177,-1,177,176,173,-1,177,173,172,-1,178,179,174,-1,174,179,175,-1,180,181,178,-1,178,181,179,-1,182,183,184,-1,182,184,185,-1,185,184,181,-1,185,181,180,-1,186,187,188,-1,186,188,189,-1,189,188,190,-1,189,190,191,-1,191,190,192,-1,191,192,193,-1,193,192,194,-1,193,194,195,-1,195,194,196,-1,195,196,197,-1,197,196,198,-1,197,198,199,-1,199,198,200,-1,199,200,201,-1,201,200,183,-1,201,183,182,-1,202,203,204,-1,202,204,205,-1,205,204,206,-1,205,206,207,-1,207,206,208,-1,207,208,209,-1,209,208,210,-1,209,210,211,-1,211,210,212,-1,211,212,213,-1,213,212,214,-1,213,214,215,-1,215,214,216,-1,215,216,217,-1,217,216,187,-1,217,187,186,-1,218,219,202,-1,202,219,203,-1,220,221,222,-1,220,222,223,-1,223,222,224,-1,223,224,225,-1,224,226,225,-1,225,226,227,-1,225,227,228,-1,228,227,219,-1,228,219,218,-1,221,220,229,-1,230,231,232,-1,230,232,233,-1,233,232,234,-1,233,234,235,-1,235,234,236,-1,235,236,237,-1,237,236,238,-1,237,238,229,-1,229,238,239,-1,229,239,221,-1,240,241,230,-1,230,241,231,-1,242,243,244,-1,242,244,245,-1,245,244,246,-1,245,246,247,-1,247,246,248,-1,247,248,249,-1,249,248,250,-1,249,250,251,-1,251,250,252,-1,251,252,253,-1,253,252,254,-1,253,254,255,-1,255,254,256,-1,255,256,257,-1,257,256,258,-1,257,258,259,-1,259,258,260,-1,259,260,261,-1,261,260,262,-1,261,262,263,-1,263,262,264,-1,263,264,265,-1,265,264,266,-1,265,266,267,-1,267,266,268,-1,267,268,269,-1,269,268,270,-1,269,270,271,-1,271,270,241,-1,271,241,240,-1,272,273,242,-1,242,273,243,-1,274,275,272,-1,272,275,273,-1,276,277,274,-1,274,277,275,-1,150,151,278,-1,150,278,279,-1,279,278,277,-1,279,277,276,-1,280,281,218,-1,218,281,282,-1,225,228,274,-1,172,170,283,-1,225,274,223,-1,267,269,242,-1,228,218,274,-1,274,218,282,-1,274,282,276,-1,276,282,283,-1,276,283,279,-1,279,283,170,-1,279,170,150,-1,150,170,148,-1,284,285,180,-1,180,285,185,-1,185,285,286,-1,185,286,182,-1,269,271,242,-1,242,271,240,-1,242,240,272,-1,272,240,230,-1,272,230,274,-1,274,230,233,-1,274,233,235,-1,165,167,170,-1,170,167,169,-1,170,169,148,-1,180,178,284,-1,284,178,174,-1,284,174,283,-1,283,174,177,-1,283,177,172,-1,182,286,201,-1,201,286,287,-1,201,287,199,-1,261,263,242,-1,242,263,265,-1,242,265,267,-1,288,209,289,-1,289,209,211,-1,289,211,290,-1,290,211,213,-1,290,213,291,-1,291,213,292,-1,280,218,293,-1,293,218,202,-1,293,202,294,-1,294,202,205,-1,294,205,288,-1,288,205,207,-1,288,207,209,-1,245,247,257,-1,257,247,249,-1,257,249,255,-1,255,249,251,-1,255,251,253,-1,152,155,170,-1,170,155,157,-1,170,157,159,-1,159,161,170,-1,170,161,163,-1,170,163,165,-1,199,287,197,-1,197,287,295,-1,197,295,195,-1,195,295,296,-1,195,296,193,-1,193,296,297,-1,193,297,191,-1,220,223,229,-1,229,223,274,-1,229,274,237,-1,237,274,235,-1,245,257,242,-1,242,257,259,-1,242,259,261,-1,297,298,191,-1,191,298,299,-1,191,299,189,-1,189,299,300,-1,189,300,186,-1,186,300,301,-1,186,301,217,-1,217,301,292,-1,217,292,215,-1,215,292,213,-1,293,302,280,-1,280,302,303,-1,300,304,305,-1,300,305,301,-1,301,305,306,-1,301,306,292,-1,292,306,307,-1,292,307,291,-1,291,307,308,-1,291,308,290,-1,290,308,309,-1,290,309,289,-1,289,309,310,-1,289,310,288,-1,288,310,311,-1,288,311,294,-1,294,311,302,-1,294,302,293,-1,286,312,313,-1,286,313,287,-1,287,313,314,-1,287,314,295,-1,295,314,315,-1,295,315,296,-1,296,315,316,-1,296,316,297,-1,297,316,317,-1,297,317,298,-1,298,317,318,-1,298,318,299,-1,299,318,304,-1,299,304,300,-1,284,319,320,-1,284,320,285,-1,285,320,312,-1,285,312,286,-1,283,321,284,-1,284,321,319,-1,282,322,283,-1,283,322,321,-1,280,303,323,-1,280,323,281,-1,281,323,322,-1,281,322,282,-1,324,325,326,-1,326,325,327,-1,328,329,330,-1,328,330,331,-1,331,330,332,-1,331,332,333,-1,333,332,325,-1,333,325,324,-1,334,335,328,-1,328,335,329,-1,336,337,334,-1,334,337,335,-1,338,339,340,-1,338,340,341,-1,341,340,342,-1,341,342,343,-1,343,342,344,-1,343,344,345,-1,345,344,346,-1,345,346,347,-1,347,346,348,-1,347,348,349,-1,349,348,350,-1,349,350,351,-1,351,350,352,-1,351,352,353,-1,353,352,354,-1,353,354,355,-1,355,354,356,-1,355,356,357,-1,357,356,358,-1,357,358,359,-1,359,358,337,-1,359,337,336,-1,360,361,338,-1,338,361,339,-1,362,363,360,-1,360,363,361,-1,364,365,362,-1,362,365,363,-1,366,367,368,-1,366,368,369,-1,369,368,365,-1,369,365,364,-1,370,371,366,-1,366,371,367,-1,372,373,370,-1,370,373,371,-1,374,375,376,-1,374,376,377,-1,377,376,378,-1,377,378,379,-1,379,378,380,-1,379,380,381,-1,381,380,382,-1,381,382,383,-1,383,382,384,-1,383,384,385,-1,385,384,386,-1,385,386,387,-1,387,386,388,-1,387,388,389,-1,389,388,390,-1,389,390,391,-1,391,390,392,-1,391,392,393,-1,393,392,394,-1,393,394,395,-1,395,394,373,-1,395,373,372,-1,396,397,374,-1,374,397,375,-1,398,399,400,-1,398,400,401,-1,401,400,397,-1,401,397,396,-1,402,403,398,-1,398,403,399,-1,404,405,406,-1,404,406,407,-1,407,406,408,-1,407,408,409,-1,409,408,410,-1,409,410,411,-1,411,410,412,-1,411,412,413,-1,413,412,414,-1,413,414,415,-1,415,414,416,-1,415,416,417,-1,417,416,418,-1,417,418,419,-1,419,418,420,-1,419,420,421,-1,421,420,422,-1,421,422,423,-1,423,422,403,-1,423,403,402,-1,424,425,426,-1,424,426,427,-1,427,426,405,-1,427,405,404,-1,428,429,424,-1,424,429,425,-1,430,431,432,-1,430,432,433,-1,433,432,429,-1,433,429,428,-1,434,435,430,-1,430,435,431,-1,436,437,438,-1,436,438,439,-1,439,438,440,-1,439,440,441,-1,441,440,442,-1,441,442,443,-1,443,442,444,-1,443,444,445,-1,445,444,446,-1,445,446,447,-1,447,446,448,-1,447,448,449,-1,449,448,450,-1,449,450,451,-1,451,450,452,-1,451,452,453,-1,453,452,454,-1,453,454,455,-1,455,454,456,-1,455,456,457,-1,457,456,458,-1,457,458,459,-1,459,458,460,-1,459,460,461,-1,461,460,462,-1,461,462,463,-1,463,462,464,-1,463,464,465,-1,465,464,466,-1,465,466,467,-1,467,466,468,-1,467,468,469,-1,469,468,435,-1,469,435,434,-1,470,471,436,-1,436,471,437,-1,472,473,474,-1,472,474,475,-1,475,474,471,-1,475,471,470,-1,476,477,472,-1,472,477,473,-1,478,479,480,-1,478,480,481,-1,481,480,477,-1,481,477,476,-1,482,483,478,-1,478,483,479,-1,484,485,486,-1,484,486,487,-1,487,486,488,-1,487,488,489,-1,489,488,483,-1,489,483,482,-1,485,484,490,-1,490,484,491,-1,490,491,492,-1,492,491,493,-1,493,491,494,-1,493,494,495,-1,496,497,498,-1,496,498,499,-1,499,498,500,-1,499,500,501,-1,501,500,502,-1,501,502,503,-1,503,502,504,-1,503,504,505,-1,505,504,506,-1,505,506,507,-1,507,506,508,-1,507,508,509,-1,509,508,510,-1,509,510,511,-1,511,510,512,-1,511,512,513,-1,513,512,514,-1,513,514,515,-1,515,514,516,-1,515,516,517,-1,517,516,495,-1,517,495,494,-1,518,519,496,-1,496,519,497,-1,520,521,522,-1,520,522,523,-1,523,522,519,-1,523,519,518,-1,524,525,520,-1,520,525,521,-1,524,326,525,-1,525,326,327,-1,396,369,364,-1,328,331,338,-1,396,374,372,-1,372,374,377,-1,428,424,362,-1,362,424,427,-1,362,427,404,-1,524,434,326,-1,326,434,430,-1,369,396,366,-1,366,396,372,-1,366,372,370,-1,417,419,362,-1,362,419,421,-1,362,421,423,-1,455,457,524,-1,524,457,459,-1,423,402,362,-1,362,402,398,-1,362,398,364,-1,364,398,401,-1,364,401,396,-1,404,407,362,-1,362,407,409,-1,362,409,411,-1,331,333,338,-1,338,333,324,-1,338,324,360,-1,513,515,503,-1,496,517,494,-1,391,393,395,-1,324,326,360,-1,360,326,430,-1,360,430,362,-1,362,430,433,-1,362,433,428,-1,355,357,341,-1,341,357,338,-1,334,328,336,-1,336,328,338,-1,336,338,359,-1,359,338,357,-1,524,447,449,-1,465,467,524,-1,524,467,469,-1,524,469,434,-1,503,515,501,-1,524,481,476,-1,377,379,372,-1,372,379,381,-1,372,381,383,-1,411,413,362,-1,362,413,415,-1,362,415,417,-1,476,472,524,-1,524,472,475,-1,524,475,470,-1,383,385,372,-1,372,385,387,-1,372,387,395,-1,395,387,389,-1,395,389,391,-1,449,451,524,-1,524,451,453,-1,524,453,455,-1,517,496,515,-1,515,496,499,-1,515,499,501,-1,505,507,509,-1,494,491,496,-1,496,491,484,-1,496,484,518,-1,518,484,487,-1,518,487,523,-1,523,487,489,-1,523,489,520,-1,520,489,482,-1,520,482,524,-1,524,482,478,-1,524,478,481,-1,470,436,524,-1,524,436,439,-1,524,439,441,-1,341,343,355,-1,355,343,345,-1,355,345,347,-1,459,461,524,-1,524,461,463,-1,524,463,465,-1,505,509,503,-1,503,509,511,-1,503,511,513,-1,441,443,524,-1,524,443,445,-1,524,445,447,-1,349,351,347,-1,347,351,353,-1,347,353,355,-1,526,527,528,-1,528,527,529,-1,530,531,526,-1,526,531,527,-1,532,533,530,-1,530,533,531,-1,534,535,536,-1,534,536,537,-1,537,536,538,-1,537,538,539,-1,539,538,540,-1,539,540,541,-1,541,540,542,-1,541,542,543,-1,543,542,544,-1,543,544,545,-1,545,544,546,-1,545,546,547,-1,547,546,533,-1,547,533,532,-1,548,549,550,-1,548,550,551,-1,551,550,552,-1,551,552,553,-1,553,552,554,-1,553,554,555,-1,555,554,556,-1,555,556,557,-1,557,556,558,-1,557,558,559,-1,559,558,560,-1,559,560,561,-1,561,560,562,-1,561,562,563,-1,563,562,535,-1,563,535,534,-1,564,565,566,-1,564,566,567,-1,567,566,568,-1,567,568,569,-1,569,568,570,-1,569,570,571,-1,571,570,572,-1,571,572,573,-1,573,572,574,-1,573,574,575,-1,575,574,576,-1,575,576,577,-1,577,576,549,-1,577,549,548,-1,578,579,580,-1,578,580,581,-1,581,580,582,-1,581,582,583,-1,583,582,584,-1,583,584,585,-1,585,584,586,-1,585,586,587,-1,587,586,588,-1,587,588,589,-1,589,588,590,-1,589,590,591,-1,591,590,565,-1,591,565,564,-1,592,593,578,-1,578,593,579,-1,594,595,592,-1,592,595,593,-1,596,597,598,-1,596,598,599,-1,599,598,600,-1,599,600,601,-1,601,600,602,-1,601,602,603,-1,603,602,604,-1,603,604,605,-1,605,604,606,-1,605,606,607,-1,607,606,608,-1,607,608,609,-1,609,608,595,-1,609,595,594,-1,610,611,612,-1,610,612,613,-1,613,612,614,-1,613,614,615,-1,615,614,616,-1,615,616,617,-1,617,616,618,-1,617,618,619,-1,619,618,620,-1,619,620,621,-1,621,620,622,-1,621,622,623,-1,623,622,624,-1,623,624,625,-1,625,624,626,-1,625,626,627,-1,627,626,597,-1,627,597,596,-1,628,629,630,-1,628,630,631,-1,631,630,632,-1,631,632,633,-1,633,632,634,-1,633,634,635,-1,635,634,636,-1,635,636,637,-1,637,636,638,-1,637,638,639,-1,639,638,640,-1,639,640,641,-1,641,640,611,-1,641,611,610,-1,642,643,644,-1,642,644,645,-1,645,644,646,-1,645,646,647,-1,647,646,648,-1,647,648,649,-1,649,648,629,-1,649,629,628,-1,650,651,642,-1,642,651,643,-1,650,528,651,-1,651,528,529,-1,530,526,650,-1,650,526,528,-1,532,530,547,-1,547,530,650,-1,547,650,545,-1,545,650,543,-1,619,621,573,-1,642,539,650,-1,650,539,541,-1,650,541,543,-1,573,621,571,-1,571,621,623,-1,571,623,569,-1,569,623,625,-1,569,625,567,-1,567,625,627,-1,567,627,564,-1,564,627,596,-1,564,596,591,-1,591,596,599,-1,591,599,589,-1,589,599,601,-1,589,601,587,-1,587,601,603,-1,587,603,585,-1,585,603,605,-1,585,605,583,-1,583,605,607,-1,583,607,581,-1,581,607,609,-1,581,609,578,-1,578,609,594,-1,578,594,592,-1,577,548,615,-1,642,645,539,-1,539,645,647,-1,539,647,537,-1,537,647,649,-1,537,649,534,-1,534,649,628,-1,534,628,563,-1,573,575,619,-1,619,575,577,-1,619,577,617,-1,617,577,615,-1,628,631,563,-1,563,631,633,-1,563,633,561,-1,561,633,635,-1,561,635,559,-1,559,635,637,-1,559,637,557,-1,557,637,639,-1,557,639,555,-1,555,639,641,-1,555,641,553,-1,553,641,551,-1,551,641,610,-1,551,610,548,-1,548,610,613,-1,548,613,615,-1,652,653,654,-1,652,654,655,-1,655,654,656,-1,655,656,657,-1,658,659,660,-1,658,660,661,-1,661,660,662,-1,661,662,663,-1,663,662,657,-1,663,657,656,-1,664,665,658,-1,658,665,659,-1,666,667,668,-1,666,668,669,-1,669,668,670,-1,669,670,671,-1,671,670,672,-1,671,672,673,-1,673,672,674,-1,673,674,675,-1,675,674,676,-1,675,676,677,-1,677,676,678,-1,677,678,679,-1,679,678,665,-1,679,665,664,-1,680,681,682,-1,680,682,683,-1,683,682,684,-1,683,684,685,-1,685,684,686,-1,685,686,687,-1,687,686,688,-1,687,688,689,-1,689,688,690,-1,689,690,691,-1,691,690,667,-1,691,667,666,-1,692,693,694,-1,692,694,695,-1,695,694,696,-1,695,696,697,-1,697,696,698,-1,697,698,699,-1,699,698,700,-1,699,700,701,-1,701,700,702,-1,701,702,703,-1,703,702,704,-1,703,704,705,-1,705,704,706,-1,705,706,707,-1,707,706,708,-1,707,708,709,-1,709,708,681,-1,709,681,680,-1,710,711,692,-1,692,711,693,-1,712,713,710,-1,710,713,711,-1,714,715,716,-1,714,716,717,-1,717,716,718,-1,717,718,719,-1,719,718,720,-1,719,720,721,-1,721,720,722,-1,721,722,723,-1,723,722,724,-1,723,724,725,-1,725,724,726,-1,725,726,727,-1,727,726,728,-1,727,728,729,-1,729,728,730,-1,729,730,731,-1,731,730,732,-1,731,732,733,-1,733,732,734,-1,733,734,735,-1,735,734,713,-1,735,713,712,-1,736,737,714,-1,714,737,715,-1,738,739,736,-1,736,739,737,-1,739,738,740,-1,741,742,743,-1,741,743,740,-1,740,743,744,-1,740,744,739,-1,745,746,741,-1,741,746,742,-1,745,654,746,-1,746,654,653,-1,687,689,701,-1,701,689,691,-1,701,691,666,-1,666,669,701,-1,701,669,671,-1,701,671,699,-1,699,671,673,-1,699,673,697,-1,738,736,664,-1,664,736,714,-1,664,714,717,-1,673,675,697,-1,697,675,677,-1,697,677,695,-1,695,677,679,-1,654,745,656,-1,656,745,741,-1,656,741,663,-1,663,741,740,-1,663,740,661,-1,661,740,738,-1,661,738,658,-1,658,738,664,-1,717,719,664,-1,664,719,721,-1,664,721,723,-1,683,703,705,-1,703,683,701,-1,701,683,685,-1,701,685,687,-1,723,725,664,-1,664,725,727,-1,664,727,729,-1,729,731,664,-1,664,731,733,-1,664,733,735,-1,735,712,664,-1,664,712,710,-1,664,710,679,-1,679,710,692,-1,679,692,695,-1,705,707,683,-1,683,707,709,-1,683,709,680,-1,146,147,142,-1,142,141,145,-1,145,144,142,-1,142,144,143,-1,142,143,146,-1,320,319,304,-1,321,322,319,-1,319,322,323,-1,319,323,303,-1,320,304,312,-1,303,302,319,-1,319,302,311,-1,319,311,310,-1,312,304,313,-1,313,304,318,-1,313,318,317,-1,310,309,319,-1,319,309,308,-1,319,308,307,-1,317,316,313,-1,313,316,315,-1,313,315,314,-1,307,306,319,-1,319,306,305,-1,319,305,304,-1,747,748,749,-1,749,748,750,-1,751,752,753,-1,751,753,754,-1,754,753,755,-1,754,755,756,-1,756,757,754,-1,754,757,758,-1,754,758,759,-1,760,761,762,-1,762,761,754,-1,762,754,763,-1,763,754,759,-1,
        ]
    }
}